2026-09-28T16:34:05.057Z - [32minfo[39m: Website generation started at 12:33:57 am
2026-09-28T16:34:06.820Z - [32minfo[39m: Building assets...
2026-09-28T16:34:09.672Z - [32minfo[39m: Assets built
2026-09-28T16:34:09.673Z - [32minfo[39m: Generating pages...
2026-09-28T16:34:10.694Z - [36mverbose[39m: Rendering page: D:\Workspace\CS2113\AY2627-S1\ay2627s1-website\admin\acknowledgements.md
2026-09-28T16:34:10.716Z - [36mverbose[39m: Rendering page: D:\Workspace\CS2113\AY2627-S1\ay2627s1-website\admin\appendixA-principles.md
2026-09-28T16:34:10.925Z - [36mverbose[39m: Rendering page: D:\Workspace\CS2113\AY2627-S1\ay2627s1-website\admin\CP3108A-option.md
2026-09-28T16:34:10.937Z - [36mverbose[39m: Rendering page: D:\Workspace\CS2113\AY2627-S1\ay2627s1-website\admin\appendixB-policies.md
2026-09-28T16:34:21.133Z - [34mdebug[39m: 
2026-09-28T16:34:21.134Z - [34mdebug[39m: 
2026-09-28T16:34:21.134Z - [34mdebug[39m: 
2026-09-28T16:34:21.134Z - [34mdebug[39m: 
2026-09-28T16:34:21.134Z - [34mdebug[39m: 
2026-09-28T16:34:21.134Z - [34mdebug[39m: 
2026-09-28T16:34:21.135Z - [34mdebug[39m: 
2026-09-28T16:34:21.135Z - [34mdebug[39m: 
2026-09-28T16:34:21.135Z - [34mdebug[39m: 
2026-09-28T16:34:21.135Z - [34mdebug[39m: 
2026-09-28T16:34:21.135Z - [34mdebug[39m: 
2026-09-28T16:34:21.135Z - [34mdebug[39m: 
2026-09-28T16:34:21.136Z - [34mdebug[39m: 
2026-09-28T16:34:21.136Z - [34mdebug[39m: 
2026-09-28T16:34:21.136Z - [34mdebug[39m: 
2026-09-28T16:34:21.136Z - [34mdebug[39m: 
2026-09-28T16:34:21.136Z - [34mdebug[39m: 
2026-09-28T16:34:21.201Z - [36mverbose[39m: Rendering page: D:\Workspace\CS2113\AY2627-S1\ay2627s1-website\se-book-adapted\print.md
2026-09-28T16:34:21.356Z - [36mverbose[39m: Rendering page: D:\Workspace\CS2113\AY2627-S1\ay2627s1-website\index.md
2026-09-28T16:34:21.364Z - [36mverbose[39m: Rendering page: D:\Workspace\CS2113\AY2627-S1\ay2627s1-website\book\uml\stereotypes\what\index.md
2026-09-28T16:34:21.370Z - [36mverbose[39m: Rendering page: D:\Workspace\CS2113\AY2627-S1\ay2627s1-website\book\uml\stereotypes\index.md
2026-09-28T16:34:21.593Z - [36mverbose[39m: Rendering page: D:\Workspace\CS2113\AY2627-S1\ay2627s1-website\book\uml\sequenceDiagrams\parallelPaths\index.md
2026-09-28T16:34:21.601Z - [36mverbose[39m: Rendering page: D:\Workspace\CS2113\AY2627-S1\ay2627s1-website\book\uml\sequenceDiagrams\referenceFrames\index.md
2026-09-28T16:34:21.607Z - [36mverbose[39m: Rendering page: D:\Workspace\CS2113\AY2627-S1\ay2627s1-website\book\uml\sequenceDiagrams\selfInvocation\index.md
2026-09-28T16:34:21.613Z - [36mverbose[39m: Rendering page: D:\Workspace\CS2113\AY2627-S1\ay2627s1-website\book\uml\sequenceDiagrams\staticMethods\index.md
2026-09-28T16:34:21.817Z - [36mverbose[39m: Rendering page: D:\Workspace\CS2113\AY2627-S1\ay2627s1-website\book\uml\sequenceDiagrams\optionalPaths\index.md
2026-09-28T16:34:21.825Z - [36mverbose[39m: Rendering page: D:\Workspace\CS2113\AY2627-S1\ay2627s1-website\book\uml\sequenceDiagrams\objectDeletion\index.md
2026-09-28T16:34:21.831Z - [36mverbose[39m: Rendering page: D:\Workspace\CS2113\AY2627-S1\ay2627s1-website\book\uml\sequenceDiagrams\minimalNotation\index.md
2026-09-28T16:34:21.838Z - [36mverbose[39m: Rendering page: D:\Workspace\CS2113\AY2627-S1\ay2627s1-website\book\uml\sequenceDiagrams\objectCreation\index.md
2026-09-28T16:34:22.101Z - [36mverbose[39m: Rendering page: D:\Workspace\CS2113\AY2627-S1\ay2627s1-website\book\uml\sequenceDiagrams\loops\index.md
2026-09-28T16:34:22.109Z - [36mverbose[39m: Rendering page: D:\Workspace\CS2113\AY2627-S1\ay2627s1-website\book\uml\sequenceDiagrams\basic\index.md
2026-09-28T16:34:22.115Z - [36mverbose[39m: Rendering page: D:\Workspace\CS2113\AY2627-S1\ay2627s1-website\book\uml\sequenceDiagrams\index.md
2026-09-28T16:34:22.128Z - [36mverbose[39m: Rendering page: D:\Workspace\CS2113\AY2627-S1\ay2627s1-website\book\uml\sequenceDiagrams\introduction\index.md
2026-09-28T16:34:22.367Z - [36mverbose[39m: Rendering page: D:\Workspace\CS2113\AY2627-S1\ay2627s1-website\book\uml\objectDiagrams\introduction\index.md
2026-09-28T16:34:22.375Z - [36mverbose[39m: Rendering page: D:\Workspace\CS2113\AY2627-S1\ay2627s1-website\book\uml\objectDiagrams\index.md
2026-09-28T16:34:22.383Z - [36mverbose[39m: Rendering page: D:\Workspace\CS2113\AY2627-S1\ay2627s1-website\book\uml\sequenceDiagrams\alternativePaths\index.md
2026-09-28T16:34:22.390Z - [36mverbose[39m: Rendering page: D:\Workspace\CS2113\AY2627-S1\ay2627s1-website\book\uml\objectDiagrams\objects\index.md
2026-09-28T16:34:22.619Z - [36mverbose[39m: Rendering page: D:\Workspace\CS2113\AY2627-S1\ay2627s1-website\book\uml\notes\notes\index.md
2026-09-28T16:34:22.626Z - [36mverbose[39m: Rendering page: D:\Workspace\CS2113\AY2627-S1\ay2627s1-website\book\uml\notes\index.md
2026-09-28T16:34:22.632Z - [36mverbose[39m: Rendering page: D:\Workspace\CS2113\AY2627-S1\ay2627s1-website\book\uml\objectDiagrams\associations\index.md
2026-09-28T16:34:22.638Z - [36mverbose[39m: Rendering page: D:\Workspace\CS2113\AY2627-S1\ay2627s1-website\book\uml\notes\constraints\index.md
2026-09-28T16:34:24.742Z - [34mdebug[39m: 
2026-09-28T16:34:24.743Z - [34mdebug[39m: 
2026-09-28T16:34:24.743Z - [34mdebug[39m: 
2026-09-28T16:34:24.744Z - [34mdebug[39m: 
2026-09-28T16:34:24.749Z - [34mdebug[39m: 
2026-09-28T16:34:24.755Z - [34mdebug[39m: 
2026-09-28T16:34:25.165Z - [34mdebug[39m: 
2026-09-28T16:34:25.257Z - [36mverbose[39m: Rendering page: D:\Workspace\CS2113\AY2627-S1\ay2627s1-website\book\uml\miscellaneous\index.md
2026-09-28T16:34:25.265Z - [36mverbose[39m: Rendering page: D:\Workspace\CS2113\AY2627-S1\ay2627s1-website\book\uml\classDiagrams\introduction\what\index.md
2026-09-28T16:34:25.271Z - [36mverbose[39m: Rendering page: D:\Workspace\CS2113\AY2627-S1\ay2627s1-website\book\uml\miscellaneous\objectVsClassDiagrams\index.md
2026-09-28T16:34:25.278Z - [36mverbose[39m: Rendering page: D:\Workspace\CS2113\AY2627-S1\ay2627s1-website\book\uml\index.md
2026-09-28T16:34:25.720Z - [36mverbose[39m: Rendering page: D:\Workspace\CS2113\AY2627-S1\ay2627s1-website\book\uml\classDiagrams\introduction\index.md
2026-09-28T16:34:25.728Z - [36mverbose[39m: Rendering page: D:\Workspace\CS2113\AY2627-S1\ay2627s1-website\book\uml\classDiagrams\interfaces\index.md
2026-09-28T16:34:25.735Z - [36mverbose[39m: Rendering page: D:\Workspace\CS2113\AY2627-S1\ay2627s1-website\book\uml\classDiagrams\interfaces\what\index.md
2026-09-28T16:34:25.741Z - [36mverbose[39m: Rendering page: D:\Workspace\CS2113\AY2627-S1\ay2627s1-website\book\uml\classDiagrams\index.md
2026-09-28T16:34:25.957Z - [36mverbose[39m: Rendering page: D:\Workspace\CS2113\AY2627-S1\ay2627s1-website\book\uml\classDiagrams\enumerations\index.md
2026-09-28T16:34:25.965Z - [36mverbose[39m: Rendering page: D:\Workspace\CS2113\AY2627-S1\ay2627s1-website\book\uml\classDiagrams\dependencies\what\index.md
2026-09-28T16:34:25.971Z - [36mverbose[39m: Rendering page: D:\Workspace\CS2113\AY2627-S1\ay2627s1-website\book\uml\classDiagrams\enumerations\what\index.md
2026-09-28T16:34:25.977Z - [36mverbose[39m: Rendering page: D:\Workspace\CS2113\AY2627-S1\ay2627s1-website\book\uml\classDiagrams\dependencies\index.md
2026-09-28T16:34:26.170Z - [36mverbose[39m: Rendering page: D:\Workspace\CS2113\AY2627-S1\ay2627s1-website\book\uml\classDiagrams\composition\what\index.md
2026-09-28T16:34:26.189Z - [36mverbose[39m: Rendering page: D:\Workspace\CS2113\AY2627-S1\ay2627s1-website\book\uml\classDiagrams\composition\index.md
2026-09-28T16:34:26.196Z - [36mverbose[39m: Rendering page: D:\Workspace\CS2113\AY2627-S1\ay2627s1-website\book\uml\classDiagrams\combine\index.md
2026-09-28T16:34:26.204Z - [36mverbose[39m: Rendering page: D:\Workspace\CS2113\AY2627-S1\ay2627s1-website\book\uml\classDiagrams\combine\basic\index.md
2026-09-28T16:34:26.439Z - [36mverbose[39m: Rendering page: D:\Workspace\CS2113\AY2627-S1\ay2627s1-website\book\uml\classDiagrams\classLevelMembers\index.md
2026-09-28T16:34:26.448Z - [36mverbose[39m: Rendering page: D:\Workspace\CS2113\AY2627-S1\ay2627s1-website\book\uml\classDiagrams\classLevelMembers\what\index.md
2026-09-28T16:34:26.454Z - [36mverbose[39m: Rendering page: D:\Workspace\CS2113\AY2627-S1\ay2627s1-website\book\uml\classDiagrams\classes\what\index.md
2026-09-28T16:34:26.463Z - [36mverbose[39m: Rendering page: D:\Workspace\CS2113\AY2627-S1\ay2627s1-website\book\uml\classDiagrams\classes\index.md
2026-09-28T16:34:26.660Z - [36mverbose[39m: Rendering page: D:\Workspace\CS2113\AY2627-S1\ay2627s1-website\book\uml\classDiagrams\classInheritance\index.md
2026-09-28T16:34:26.668Z - [36mverbose[39m: Rendering page: D:\Workspace\CS2113\AY2627-S1\ay2627s1-website\book\uml\classDiagrams\classInheritance\what\index.md
2026-09-28T16:34:26.675Z - [36mverbose[39m: Rendering page: D:\Workspace\CS2113\AY2627-S1\ay2627s1-website\book\uml\classDiagrams\associationsAsAttributes\what\index.md
2026-09-28T16:34:26.681Z - [36mverbose[39m: Rendering page: D:\Workspace\CS2113\AY2627-S1\ay2627s1-website\book\uml\classDiagrams\associationsAsAttributes\index.md
2026-09-28T16:34:26.885Z - [36mverbose[39m: Rendering page: D:\Workspace\CS2113\AY2627-S1\ay2627s1-website\book\uml\classDiagrams\associations\roles\index.md
2026-09-28T16:34:26.893Z - [36mverbose[39m: Rendering page: D:\Workspace\CS2113\AY2627-S1\ay2627s1-website\book\uml\classDiagrams\associations\what\index.md
2026-09-28T16:34:26.899Z - [36mverbose[39m: Rendering page: D:\Workspace\CS2113\AY2627-S1\ay2627s1-website\book\uml\classDiagrams\associations\multiplicity\index.md
2026-09-28T16:34:26.905Z - [36mverbose[39m: Rendering page: D:\Workspace\CS2113\AY2627-S1\ay2627s1-website\book\uml\classDiagrams\associations\navigability\index.md
2026-09-28T16:34:27.153Z - [36mverbose[39m: Rendering page: D:\Workspace\CS2113\AY2627-S1\ay2627s1-website\book\uml\classDiagrams\associationClasses\index.md
2026-09-28T16:34:27.162Z - [36mverbose[39m: Rendering page: D:\Workspace\CS2113\AY2627-S1\ay2627s1-website\book\uml\classDiagrams\associationClasses\what\index.md
2026-09-28T16:34:27.169Z - [36mverbose[39m: Rendering page: D:\Workspace\CS2113\AY2627-S1\ay2627s1-website\book\uml\classDiagrams\associations\labels\index.md
2026-09-28T16:34:27.175Z - [36mverbose[39m: Rendering page: D:\Workspace\CS2113\AY2627-S1\ay2627s1-website\book\uml\classDiagrams\associations\index.md
2026-09-28T16:34:27.358Z - [36mverbose[39m: Rendering page: D:\Workspace\CS2113\AY2627-S1\ay2627s1-website\book\uml\classDiagrams\abstractClasses\index.md
2026-09-28T16:34:27.366Z - [36mverbose[39m: Rendering page: D:\Workspace\CS2113\AY2627-S1\ay2627s1-website\book\uml\classDiagrams\abstractClasses\what\index.md
2026-09-28T16:34:27.372Z - [36mverbose[39m: Rendering page: D:\Workspace\CS2113\AY2627-S1\ay2627s1-website\book\uml\classDiagrams\aggregation\what\index.md
2026-09-28T16:34:27.377Z - [36mverbose[39m: Rendering page: D:\Workspace\CS2113\AY2627-S1\ay2627s1-website\book\uml\classDiagrams\aggregation\index.md
2026-09-28T16:34:27.586Z - [36mverbose[39m: Rendering page: D:\Workspace\CS2113\AY2627-S1\ay2627s1-website\book\uml\activityDiagrams\introduction\index.md
2026-09-28T16:34:27.592Z - [36mverbose[39m: Rendering page: D:\Workspace\CS2113\AY2627-S1\ay2627s1-website\book\uml\activityDiagrams\introduction\what\index.md
2026-09-28T16:34:27.596Z - [36mverbose[39m: Rendering page: D:\Workspace\CS2113\AY2627-S1\ay2627s1-website\book\uml\activityDiagrams\index.md
2026-09-28T16:34:27.605Z - [36mverbose[39m: Rendering page: D:\Workspace\CS2113\AY2627-S1\ay2627s1-website\book\uml\activityDiagrams\basicNotations\swimlanes\index.md
2026-09-28T16:34:27.800Z - [36mverbose[39m: Rendering page: D:\Workspace\CS2113\AY2627-S1\ay2627s1-website\book\uml\activityDiagrams\basicNotations\parallelPaths\index.md
2026-09-28T16:34:27.808Z - [36mverbose[39m: Rendering page: D:\Workspace\CS2113\AY2627-S1\ay2627s1-website\book\uml\activityDiagrams\basicNotations\rakes\index.md
2026-09-28T16:34:27.814Z - [36mverbose[39m: Rendering page: D:\Workspace\CS2113\AY2627-S1\ay2627s1-website\book\uml\activityDiagrams\basicNotations\linearPaths\index.md
2026-09-28T16:34:27.820Z - [36mverbose[39m: Rendering page: D:\Workspace\CS2113\AY2627-S1\ay2627s1-website\book\uml\activityDiagrams\basicNotations\index.md
2026-09-28T16:34:28.124Z - [36mverbose[39m: Rendering page: D:\Workspace\CS2113\AY2627-S1\ay2627s1-website\book\uml\activityDiagrams\basicNotations\alternatePaths\index.md
2026-09-28T16:34:28.133Z - [36mverbose[39m: Rendering page: D:\Workspace\CS2113\AY2627-S1\ay2627s1-website\book\testing\testingTypes\unitTesting\stubs\index.md
2026-09-28T16:34:28.141Z - [36mverbose[39m: Rendering page: D:\Workspace\CS2113\AY2627-S1\ay2627s1-website\book\testing\testingTypes\unitTesting\what\index.md
2026-09-28T16:34:28.148Z - [36mverbose[39m: Rendering page: D:\Workspace\CS2113\AY2627-S1\ay2627s1-website\book\testing\testingTypes\unitTesting\index.md
2026-09-28T16:34:28.378Z - [36mverbose[39m: Rendering page: D:\Workspace\CS2113\AY2627-S1\ay2627s1-website\book\testing\testingTypes\regressionTesting\index.md
2026-09-28T16:34:28.387Z - [36mverbose[39m: Rendering page: D:\Workspace\CS2113\AY2627-S1\ay2627s1-website\book\testing\testingTypes\regressionTesting\what\index.md
2026-09-28T16:34:28.393Z - [36mverbose[39m: Rendering page: D:\Workspace\CS2113\AY2627-S1\ay2627s1-website\book\testing\testingTypes\systemTesting\index.md
2026-09-28T16:34:28.400Z - [36mverbose[39m: Rendering page: D:\Workspace\CS2113\AY2627-S1\ay2627s1-website\book\testing\testingTypes\systemTesting\what\index.md
2026-09-28T16:34:28.818Z - [36mverbose[39m: Rendering page: D:\Workspace\CS2113\AY2627-S1\ay2627s1-website\book\testing\testingTypes\integrationTesting\index.md
2026-09-28T16:34:28.826Z - [36mverbose[39m: Rendering page: D:\Workspace\CS2113\AY2627-S1\ay2627s1-website\book\testing\testingTypes\integrationTesting\what\index.md
2026-09-28T16:34:28.832Z - [36mverbose[39m: Rendering page: D:\Workspace\CS2113\AY2627-S1\ay2627s1-website\book\testing\testingTypes\integrationTesting\how\index.md
2026-09-28T16:34:28.838Z - [36mverbose[39m: Rendering page: D:\Workspace\CS2113\AY2627-S1\ay2627s1-website\book\testing\testingTypes\index.md
2026-09-28T16:34:29.072Z - [36mverbose[39m: Rendering page: D:\Workspace\CS2113\AY2627-S1\ay2627s1-website\book\testing\testingTypes\exploratoryVsScriptedTesting\when\index.md
2026-09-28T16:34:29.079Z - [36mverbose[39m: Rendering page: D:\Workspace\CS2113\AY2627-S1\ay2627s1-website\book\testing\testingTypes\dogfooding\what\index.md
2026-09-28T16:34:29.085Z - [36mverbose[39m: Rendering page: D:\Workspace\CS2113\AY2627-S1\ay2627s1-website\book\testing\testingTypes\exploratoryVsScriptedTesting\what\index.md
2026-09-28T16:34:29.091Z - [36mverbose[39m: Rendering page: D:\Workspace\CS2113\AY2627-S1\ay2627s1-website\book\testing\testingTypes\exploratoryVsScriptedTesting\index.md
2026-09-28T16:34:29.287Z - [36mverbose[39m: Rendering page: D:\Workspace\CS2113\AY2627-S1\ay2627s1-website\book\testing\testingTypes\developerTesting\why\index.md
2026-09-28T16:34:29.294Z - [36mverbose[39m: Rendering page: D:\Workspace\CS2113\AY2627-S1\ay2627s1-website\book\testing\testingTypes\developerTesting\index.md
2026-09-28T16:34:29.301Z - [36mverbose[39m: Rendering page: D:\Workspace\CS2113\AY2627-S1\ay2627s1-website\book\testing\testingTypes\dogfooding\index.md
2026-09-28T16:34:29.307Z - [36mverbose[39m: Rendering page: D:\Workspace\CS2113\AY2627-S1\ay2627s1-website\book\testing\testingTypes\developerTesting\what\index.md
2026-09-28T16:34:29.510Z - [36mverbose[39m: Rendering page: D:\Workspace\CS2113\AY2627-S1\ay2627s1-website\book\testing\testingTypes\alphaBetaTesting\what\index.md
2026-09-28T16:34:29.516Z - [36mverbose[39m: Rendering page: D:\Workspace\CS2113\AY2627-S1\ay2627s1-website\book\testing\testingTypes\alphaBetaTesting\index.md
2026-09-28T16:34:29.522Z - [36mverbose[39m: Rendering page: D:\Workspace\CS2113\AY2627-S1\ay2627s1-website\book\testing\testingTypes\acceptanceTesting\what\index.md
2026-09-28T16:34:29.527Z - [36mverbose[39m: Rendering page: D:\Workspace\CS2113\AY2627-S1\ay2627s1-website\book\testing\testingTypes\acceptanceTesting\index.md
2026-09-28T16:34:29.763Z - [36mverbose[39m: Rendering page: D:\Workspace\CS2113\AY2627-S1\ay2627s1-website\book\testing\testingTypes\acceptanceTesting\acceptanceVsSystemTesting\index.md
2026-09-28T16:34:29.770Z - [36mverbose[39m: Rendering page: D:\Workspace\CS2113\AY2627-S1\ay2627s1-website\book\testing\testCoverage\how\index.md
2026-09-28T16:34:29.776Z - [36mverbose[39m: Rendering page: D:\Workspace\CS2113\AY2627-S1\ay2627s1-website\book\testing\testCoverage\what\index.md
2026-09-28T16:34:29.784Z - [36mverbose[39m: Rendering page: D:\Workspace\CS2113\AY2627-S1\ay2627s1-website\book\testing\testCoverage\index.md
2026-09-28T16:34:30.009Z - [36mverbose[39m: Rendering page: D:\Workspace\CS2113\AY2627-S1\ay2627s1-website\book\testing\testAutomation\what\index.md
2026-09-28T16:34:30.016Z - [36mverbose[39m: Rendering page: D:\Workspace\CS2113\AY2627-S1\ay2627s1-website\book\testing\testAutomation\tools\index.md
2026-09-28T16:34:30.022Z - [36mverbose[39m: Rendering page: D:\Workspace\CS2113\AY2627-S1\ay2627s1-website\book\testing\testAutomation\usingTestDrivers\index.md
2026-09-28T16:34:30.028Z - [36mverbose[39m: Rendering page: D:\Workspace\CS2113\AY2627-S1\ay2627s1-website\book\testing\testAutomation\testingTextUis\index.md
2026-09-28T16:34:30.322Z - [36mverbose[39m: Rendering page: D:\Workspace\CS2113\AY2627-S1\ay2627s1-website\book\testing\testAutomation\testingGuis\index.md
2026-09-28T16:34:30.329Z - [36mverbose[39m: Rendering page: D:\Workspace\CS2113\AY2627-S1\ay2627s1-website\book\testing\tdd\index.md
2026-09-28T16:34:30.336Z - [36mverbose[39m: Rendering page: D:\Workspace\CS2113\AY2627-S1\ay2627s1-website\book\testing\tdd\what\index.md
2026-09-28T16:34:30.342Z - [36mverbose[39m: Rendering page: D:\Workspace\CS2113\AY2627-S1\ay2627s1-website\book\testing\testAutomation\index.md
2026-09-28T16:34:30.545Z - [36mverbose[39m: Rendering page: D:\Workspace\CS2113\AY2627-S1\ay2627s1-website\book\testing\introduction\testability\index.md
2026-09-28T16:34:30.552Z - [36mverbose[39m: Rendering page: D:\Workspace\CS2113\AY2627-S1\ay2627s1-website\book\testing\introduction\index.md
2026-09-28T16:34:30.559Z - [36mverbose[39m: Rendering page: D:\Workspace\CS2113\AY2627-S1\ay2627s1-website\book\testing\tdd\how\index.md
2026-09-28T16:34:30.567Z - [36mverbose[39m: Rendering page: D:\Workspace\CS2113\AY2627-S1\ay2627s1-website\book\testing\introduction\what\index.md
2026-09-28T16:34:32.666Z - [36mverbose[39m: Rendering page: D:\Workspace\CS2113\AY2627-S1\ay2627s1-website\book\testing\dependencyInjection\what\index.md
2026-09-28T16:34:32.681Z - [36mverbose[39m: Rendering page: D:\Workspace\CS2113\AY2627-S1\ay2627s1-website\book\testing\dependencyInjection\index.md
2026-09-28T16:34:32.703Z - [36mverbose[39m: Rendering page: D:\Workspace\CS2113\AY2627-S1\ay2627s1-website\book\testing\dependencyInjection\how\index.md
2026-09-28T16:34:32.718Z - [36mverbose[39m: Rendering page: D:\Workspace\CS2113\AY2627-S1\ay2627s1-website\book\testing\index.md
2026-09-28T16:34:33.212Z - [36mverbose[39m: Rendering page: D:\Workspace\CS2113\AY2627-S1\ay2627s1-website\book\testCaseDesign\summary\recap\index.md
2026-09-28T16:34:33.220Z - [36mverbose[39m: Rendering page: D:\Workspace\CS2113\AY2627-S1\ay2627s1-website\book\testCaseDesign\summary\index.md
2026-09-28T16:34:33.232Z - [36mverbose[39m: Rendering page: D:\Workspace\CS2113\AY2627-S1\ay2627s1-website\book\testCaseDesign\summary\exercises\index.md
2026-09-28T16:34:33.244Z - [36mverbose[39m: Rendering page: D:\Workspace\CS2113\AY2627-S1\ay2627s1-website\book\testCaseDesign\more\testingUseCases\index.md
2026-09-28T16:34:33.553Z - [36mverbose[39m: Rendering page: D:\Workspace\CS2113\AY2627-S1\ay2627s1-website\book\testCaseDesign\more\index.md
2026-09-28T16:34:33.562Z - [36mverbose[39m: Rendering page: D:\Workspace\CS2113\AY2627-S1\ay2627s1-website\book\testCaseDesign\introduction\positiveVsNegative\index.md
2026-09-28T16:34:33.569Z - [36mverbose[39m: Rendering page: D:\Workspace\CS2113\AY2627-S1\ay2627s1-website\book\testCaseDesign\introduction\index.md
2026-09-28T16:34:33.578Z - [36mverbose[39m: Rendering page: D:\Workspace\CS2113\AY2627-S1\ay2627s1-website\book\testCaseDesign\introduction\what\index.md
2026-09-28T16:34:34.086Z - [36mverbose[39m: Rendering page: D:\Workspace\CS2113\AY2627-S1\ay2627s1-website\book\testCaseDesign\introduction\blackVsGlass\index.md
2026-09-28T16:34:34.094Z - [36mverbose[39m: Rendering page: D:\Workspace\CS2113\AY2627-S1\ay2627s1-website\book\testCaseDesign\equivalencePartitions\what\index.md
2026-09-28T16:34:34.100Z - [36mverbose[39m: Rendering page: D:\Workspace\CS2113\AY2627-S1\ay2627s1-website\book\testCaseDesign\equivalencePartitions\intermediate\index.md
2026-09-28T16:34:34.106Z - [36mverbose[39m: Rendering page: D:\Workspace\CS2113\AY2627-S1\ay2627s1-website\book\testCaseDesign\index.md
2026-09-28T16:34:34.376Z - [36mverbose[39m: Rendering page: D:\Workspace\CS2113\AY2627-S1\ay2627s1-website\book\testCaseDesign\combiningTestInputs\why\index.md
2026-09-28T16:34:34.383Z - [36mverbose[39m: Rendering page: D:\Workspace\CS2113\AY2627-S1\ay2627s1-website\book\testCaseDesign\equivalencePartitions\basic\index.md
2026-09-28T16:34:34.390Z - [36mverbose[39m: Rendering page: D:\Workspace\CS2113\AY2627-S1\ay2627s1-website\book\testCaseDesign\combiningTestInputs\mix\index.md
2026-09-28T16:34:34.399Z - [36mverbose[39m: Rendering page: D:\Workspace\CS2113\AY2627-S1\ay2627s1-website\book\testCaseDesign\equivalencePartitions\index.md
2026-09-28T16:34:34.674Z - [36mverbose[39m: Rendering page: D:\Workspace\CS2113\AY2627-S1\ay2627s1-website\book\testCaseDesign\combiningTestInputs\heuristicInvalid\index.md
2026-09-28T16:34:34.682Z - [36mverbose[39m: Rendering page: D:\Workspace\CS2113\AY2627-S1\ay2627s1-website\book\testCaseDesign\combiningTestInputs\heuristicValid\index.md
2026-09-28T16:34:34.689Z - [36mverbose[39m: Rendering page: D:\Workspace\CS2113\AY2627-S1\ay2627s1-website\book\testCaseDesign\combiningTestInputs\combinationStrategies\index.md
2026-09-28T16:34:34.696Z - [36mverbose[39m: Rendering page: D:\Workspace\CS2113\AY2627-S1\ay2627s1-website\book\testCaseDesign\combiningTestInputs\index.md
2026-09-28T16:34:34.920Z - [36mverbose[39m: Rendering page: D:\Workspace\CS2113\AY2627-S1\ay2627s1-website\book\testCaseDesign\boundaryValueAnalysis\how\index.md
2026-09-28T16:34:34.927Z - [36mverbose[39m: Rendering page: D:\Workspace\CS2113\AY2627-S1\ay2627s1-website\book\testCaseDesign\boundaryValueAnalysis\index.md
2026-09-28T16:34:34.933Z - [36mverbose[39m: Rendering page: D:\Workspace\CS2113\AY2627-S1\ay2627s1-website\book\teamwork\teamStructures\index.md
2026-09-28T16:34:34.939Z - [36mverbose[39m: Rendering page: D:\Workspace\CS2113\AY2627-S1\ay2627s1-website\book\testCaseDesign\boundaryValueAnalysis\what\index.md
2026-09-28T16:34:35.288Z - [36mverbose[39m: Rendering page: D:\Workspace\CS2113\AY2627-S1\ay2627s1-website\book\teamwork\index.md
2026-09-28T16:34:35.296Z - [36mverbose[39m: Rendering page: D:\Workspace\CS2113\AY2627-S1\ay2627s1-website\book\specifyingRequirements\userStories\introduction\index.md
2026-09-28T16:34:35.304Z - [36mverbose[39m: Rendering page: D:\Workspace\CS2113\AY2627-S1\ay2627s1-website\book\specifyingRequirements\userStories\usage\index.md
2026-09-28T16:34:35.312Z - [36mverbose[39m: Rendering page: D:\Workspace\CS2113\AY2627-S1\ay2627s1-website\book\specifyingRequirements\userStories\index.md
2026-09-28T16:34:35.760Z - [36mverbose[39m: Rendering page: D:\Workspace\CS2113\AY2627-S1\ay2627s1-website\book\specifyingRequirements\useCases\introduction\index.md
2026-09-28T16:34:35.768Z - [36mverbose[39m: Rendering page: D:\Workspace\CS2113\AY2627-S1\ay2627s1-website\book\specifyingRequirements\userStories\details\index.md
2026-09-28T16:34:35.775Z - [36mverbose[39m: Rendering page: D:\Workspace\CS2113\AY2627-S1\ay2627s1-website\book\specifyingRequirements\useCases\usage\index.md
2026-09-28T16:34:35.781Z - [36mverbose[39m: Rendering page: D:\Workspace\CS2113\AY2627-S1\ay2627s1-website\book\specifyingRequirements\useCases\index.md
2026-09-28T16:34:36.021Z - [36mverbose[39m: Rendering page: D:\Workspace\CS2113\AY2627-S1\ay2627s1-website\book\specifyingRequirements\supplementaryRequirements\what\index.md
2026-09-28T16:34:36.028Z - [36mverbose[39m: Rendering page: D:\Workspace\CS2113\AY2627-S1\ay2627s1-website\book\specifyingRequirements\useCases\identifying\index.md
2026-09-28T16:34:36.035Z - [36mverbose[39m: Rendering page: D:\Workspace\CS2113\AY2627-S1\ay2627s1-website\book\specifyingRequirements\useCases\details\index.md
2026-09-28T16:34:36.044Z - [36mverbose[39m: Rendering page: D:\Workspace\CS2113\AY2627-S1\ay2627s1-website\book\specifyingRequirements\supplementaryRequirements\index.md
2026-09-28T16:34:36.249Z - [36mverbose[39m: Rendering page: D:\Workspace\CS2113\AY2627-S1\ay2627s1-website\book\specifyingRequirements\requirementsDocument\index.md
2026-09-28T16:34:36.256Z - [36mverbose[39m: Rendering page: D:\Workspace\CS2113\AY2627-S1\ay2627s1-website\book\specifyingRequirements\prose\what\index.md
2026-09-28T16:34:36.261Z - [36mverbose[39m: Rendering page: D:\Workspace\CS2113\AY2627-S1\ay2627s1-website\book\specifyingRequirements\requirementsDocument\what\index.md
2026-09-28T16:34:36.266Z - [36mverbose[39m: Rendering page: D:\Workspace\CS2113\AY2627-S1\ay2627s1-website\book\specifyingRequirements\prose\index.md
2026-09-28T16:34:36.685Z - [36mverbose[39m: Rendering page: D:\Workspace\CS2113\AY2627-S1\ay2627s1-website\book\specifyingRequirements\glossary\what\index.md
2026-09-28T16:34:36.692Z - [36mverbose[39m: Rendering page: D:\Workspace\CS2113\AY2627-S1\ay2627s1-website\book\specifyingRequirements\glossary\index.md
2026-09-28T16:34:36.698Z - [36mverbose[39m: Rendering page: D:\Workspace\CS2113\AY2627-S1\ay2627s1-website\book\specifyingRequirements\featureList\what\index.md
2026-09-28T16:34:36.704Z - [36mverbose[39m: Rendering page: D:\Workspace\CS2113\AY2627-S1\ay2627s1-website\book\specifyingRequirements\index.md
2026-09-28T16:34:36.951Z - [36mverbose[39m: Rendering page: D:\Workspace\CS2113\AY2627-S1\ay2627s1-website\book\softwareEngineering\introduction\index.md
2026-09-28T16:34:36.959Z - [36mverbose[39m: Rendering page: D:\Workspace\CS2113\AY2627-S1\ay2627s1-website\book\specifyingRequirements\featureList\index.md
2026-09-28T16:34:36.965Z - [36mverbose[39m: Rendering page: D:\Workspace\CS2113\AY2627-S1\ay2627s1-website\book\softwareEngineering\introduction\prosAndCons\index.md
2026-09-28T16:34:36.971Z - [36mverbose[39m: Rendering page: D:\Workspace\CS2113\AY2627-S1\ay2627s1-website\book\softwareEngineering\index.md
2026-09-28T16:34:37.198Z - [36mverbose[39m: Rendering page: D:\Workspace\CS2113\AY2627-S1\ay2627s1-website\book\security\why\index.md
2026-09-28T16:34:37.205Z - [36mverbose[39m: Rendering page: D:\Workspace\CS2113\AY2627-S1\ay2627s1-website\book\security\what\index.md
2026-09-28T16:34:37.212Z - [36mverbose[39m: Rendering page: D:\Workspace\CS2113\AY2627-S1\ay2627s1-website\book\security\wrapUp\index.md
2026-09-28T16:34:37.218Z - [36mverbose[39m: Rendering page: D:\Workspace\CS2113\AY2627-S1\ay2627s1-website\book\security\when\index.md
2026-09-28T16:34:37.599Z - [36mverbose[39m: Rendering page: D:\Workspace\CS2113\AY2627-S1\ay2627s1-website\book\security\ai\index.md
2026-09-28T16:34:37.607Z - [36mverbose[39m: Rendering page: D:\Workspace\CS2113\AY2627-S1\ay2627s1-website\book\reuse\platforms\what\index.md
2026-09-28T16:34:37.615Z - [36mverbose[39m: Rendering page: D:\Workspace\CS2113\AY2627-S1\ay2627s1-website\book\security\how\index.md
2026-09-28T16:34:37.628Z - [36mverbose[39m: Rendering page: D:\Workspace\CS2113\AY2627-S1\ay2627s1-website\book\security\index.md
2026-09-28T16:34:37.884Z - [36mverbose[39m: Rendering page: D:\Workspace\CS2113\AY2627-S1\ay2627s1-website\book\reuse\libraries\index.md
2026-09-28T16:34:37.891Z - [36mverbose[39m: Rendering page: D:\Workspace\CS2113\AY2627-S1\ay2627s1-website\book\reuse\libraries\what\index.md
2026-09-28T16:34:37.896Z - [36mverbose[39m: Rendering page: D:\Workspace\CS2113\AY2627-S1\ay2627s1-website\book\reuse\libraries\how\index.md
2026-09-28T16:34:37.901Z - [36mverbose[39m: Rendering page: D:\Workspace\CS2113\AY2627-S1\ay2627s1-website\book\reuse\platforms\index.md
2026-09-28T16:34:38.298Z - [36mverbose[39m: Rendering page: D:\Workspace\CS2113\AY2627-S1\ay2627s1-website\book\reuse\introduction\when\index.md
2026-09-28T16:34:38.304Z - [36mverbose[39m: Rendering page: D:\Workspace\CS2113\AY2627-S1\ay2627s1-website\book\reuse\introduction\what\index.md
2026-09-28T16:34:38.310Z - [36mverbose[39m: Rendering page: D:\Workspace\CS2113\AY2627-S1\ay2627s1-website\book\reuse\index.md
2026-09-28T16:34:38.323Z - [36mverbose[39m: Rendering page: D:\Workspace\CS2113\AY2627-S1\ay2627s1-website\book\reuse\introduction\index.md
2026-09-28T16:34:38.531Z - [36mverbose[39m: Rendering page: D:\Workspace\CS2113\AY2627-S1\ay2627s1-website\book\reuse\frameworks\frameworksVsLibraries\index.md
2026-09-28T16:34:38.537Z - [36mverbose[39m: Rendering page: D:\Workspace\CS2113\AY2627-S1\ay2627s1-website\book\reuse\frameworks\index.md
2026-09-28T16:34:38.544Z - [36mverbose[39m: Rendering page: D:\Workspace\CS2113\AY2627-S1\ay2627s1-website\book\reuse\frameworks\what\index.md
2026-09-28T16:34:38.550Z - [36mverbose[39m: Rendering page: D:\Workspace\CS2113\AY2627-S1\ay2627s1-website\book\reuse\cloudComputing\what\index.md
2026-09-28T16:34:38.761Z - [36mverbose[39m: Rendering page: D:\Workspace\CS2113\AY2627-S1\ay2627s1-website\book\reuse\cloudComputing\index.md
2026-09-28T16:34:38.768Z - [36mverbose[39m: Rendering page: D:\Workspace\CS2113\AY2627-S1\ay2627s1-website\book\reuse\cloudComputing\services\index.md
2026-09-28T16:34:38.774Z - [36mverbose[39m: Rendering page: D:\Workspace\CS2113\AY2627-S1\ay2627s1-website\book\reuse\apis\index.md
2026-09-28T16:34:38.781Z - [36mverbose[39m: Rendering page: D:\Workspace\CS2113\AY2627-S1\ay2627s1-website\book\reuse\apis\what\index.md
2026-09-28T16:34:38.977Z - [36mverbose[39m: Rendering page: D:\Workspace\CS2113\AY2627-S1\ay2627s1-website\book\reuse\apis\designingAPIs\index.md
2026-09-28T16:34:38.984Z - [36mverbose[39m: Rendering page: D:\Workspace\CS2113\AY2627-S1\ay2627s1-website\book\requirements\prioritizing\index.md
2026-09-28T16:34:38.989Z - [36mverbose[39m: Rendering page: D:\Workspace\CS2113\AY2627-S1\ay2627s1-website\book\requirements\quality\index.md
2026-09-28T16:34:38.995Z - [36mverbose[39m: Rendering page: D:\Workspace\CS2113\AY2627-S1\ay2627s1-website\book\requirements\nonFunctionalRequirements\index.md
2026-09-28T16:34:39.267Z - [36mverbose[39m: Rendering page: D:\Workspace\CS2113\AY2627-S1\ay2627s1-website\book\requirements\changing\index.md
2026-09-28T16:34:39.272Z - [36mverbose[39m: Rendering page: D:\Workspace\CS2113\AY2627-S1\ay2627s1-website\book\refactoring\when\index.md
2026-09-28T16:34:39.278Z - [36mverbose[39m: Rendering page: D:\Workspace\CS2113\AY2627-S1\ay2627s1-website\book\requirements\introduction\index.md
2026-09-28T16:34:39.284Z - [36mverbose[39m: Rendering page: D:\Workspace\CS2113\AY2627-S1\ay2627s1-website\book\requirements\index.md
2026-09-28T16:34:39.573Z - [36mverbose[39m: Rendering page: D:\Workspace\CS2113\AY2627-S1\ay2627s1-website\book\refactoring\what\index.md
2026-09-28T16:34:39.584Z - [36mverbose[39m: Rendering page: D:\Workspace\CS2113\AY2627-S1\ay2627s1-website\book\refactoring\how\index.md
2026-09-28T16:34:39.589Z - [36mverbose[39m: Rendering page: D:\Workspace\CS2113\AY2627-S1\ay2627s1-website\book\qualityAssurance\staticAnalysis\what\index.md
2026-09-28T16:34:39.595Z - [36mverbose[39m: Rendering page: D:\Workspace\CS2113\AY2627-S1\ay2627s1-website\book\refactoring\index.md
2026-09-28T16:34:39.818Z - [36mverbose[39m: Rendering page: D:\Workspace\CS2113\AY2627-S1\ay2627s1-website\book\qualityAssurance\introduction\index.md
2026-09-28T16:34:39.825Z - [36mverbose[39m: Rendering page: D:\Workspace\CS2113\AY2627-S1\ay2627s1-website\book\qualityAssurance\introduction\validationVsVerification\index.md
2026-09-28T16:34:39.830Z - [36mverbose[39m: Rendering page: D:\Workspace\CS2113\AY2627-S1\ay2627s1-website\book\qualityAssurance\introduction\what\index.md
2026-09-28T16:34:39.835Z - [36mverbose[39m: Rendering page: D:\Workspace\CS2113\AY2627-S1\ay2627s1-website\book\qualityAssurance\staticAnalysis\index.md
2026-09-28T16:34:40.090Z - [36mverbose[39m: Rendering page: D:\Workspace\CS2113\AY2627-S1\ay2627s1-website\book\qualityAssurance\codeReviews\what\index.md
2026-09-28T16:34:40.097Z - [36mverbose[39m: Rendering page: D:\Workspace\CS2113\AY2627-S1\ay2627s1-website\book\qualityAssurance\formalVerification\index.md
2026-09-28T16:34:40.103Z - [36mverbose[39m: Rendering page: D:\Workspace\CS2113\AY2627-S1\ay2627s1-website\book\qualityAssurance\formalVerification\what\index.md
2026-09-28T16:34:40.109Z - [36mverbose[39m: Rendering page: D:\Workspace\CS2113\AY2627-S1\ay2627s1-website\book\qualityAssurance\index.md
2026-09-28T16:34:40.329Z - [36mverbose[39m: Rendering page: D:\Workspace\CS2113\AY2627-S1\ay2627s1-website\book\projectPlanning\workBreakdownStructure\index.md
2026-09-28T16:34:40.336Z - [36mverbose[39m: Rendering page: D:\Workspace\CS2113\AY2627-S1\ay2627s1-website\book\projectPlanning\milestones\index.md
2026-09-28T16:34:40.341Z - [36mverbose[39m: Rendering page: D:\Workspace\CS2113\AY2627-S1\ay2627s1-website\book\projectPlanning\pertCharts\index.md
2026-09-28T16:34:40.346Z - [36mverbose[39m: Rendering page: D:\Workspace\CS2113\AY2627-S1\ay2627s1-website\book\qualityAssurance\codeReviews\index.md
2026-09-28T16:34:40.554Z - [36mverbose[39m: Rendering page: D:\Workspace\CS2113\AY2627-S1\ay2627s1-website\book\projectPlanning\issueTrackers\index.md
2026-09-28T16:34:40.561Z - [36mverbose[39m: Rendering page: D:\Workspace\CS2113\AY2627-S1\ay2627s1-website\book\projectPlanning\ganttCharts\index.md
2026-09-28T16:34:40.567Z - [36mverbose[39m: Rendering page: D:\Workspace\CS2113\AY2627-S1\ay2627s1-website\book\projectPlanning\index.md
2026-09-28T16:34:40.577Z - [36mverbose[39m: Rendering page: D:\Workspace\CS2113\AY2627-S1\ay2627s1-website\book\projectPlanning\buffers\index.md
2026-09-28T16:34:40.868Z - [36mverbose[39m: Rendering page: D:\Workspace\CS2113\AY2627-S1\ay2627s1-website\book\processModels\more\index.md
2026-09-28T16:34:40.875Z - [36mverbose[39m: Rendering page: D:\Workspace\CS2113\AY2627-S1\ay2627s1-website\book\processModels\summary\index.md
2026-09-28T16:34:40.882Z - [36mverbose[39m: Rendering page: D:\Workspace\CS2113\AY2627-S1\ay2627s1-website\book\processModels\more\continuousApproaches\index.md
2026-09-28T16:34:40.887Z - [36mverbose[39m: Rendering page: D:\Workspace\CS2113\AY2627-S1\ay2627s1-website\book\processModels\summary\recap\index.md
2026-09-28T16:34:41.063Z - [36mverbose[39m: Rendering page: D:\Workspace\CS2113\AY2627-S1\ay2627s1-website\book\processModels\introduction\what\index.md
2026-09-28T16:34:41.069Z - [36mverbose[39m: Rendering page: D:\Workspace\CS2113\AY2627-S1\ay2627s1-website\book\processModels\introduction\iterativeModels\index.md
2026-09-28T16:34:41.075Z - [36mverbose[39m: Rendering page: D:\Workspace\CS2113\AY2627-S1\ay2627s1-website\book\processModels\more\cmmi\index.md
2026-09-28T16:34:41.081Z - [36mverbose[39m: Rendering page: D:\Workspace\CS2113\AY2627-S1\ay2627s1-website\book\processModels\introduction\sequentialModels\index.md
2026-09-28T16:34:41.406Z - [36mverbose[39m: Rendering page: D:\Workspace\CS2113\AY2627-S1\ay2627s1-website\book\processModels\exampleProcessModels\xp\index.md
2026-09-28T16:34:41.412Z - [36mverbose[39m: Rendering page: D:\Workspace\CS2113\AY2627-S1\ay2627s1-website\book\processModels\introduction\index.md
2026-09-28T16:34:41.420Z - [36mverbose[39m: Rendering page: D:\Workspace\CS2113\AY2627-S1\ay2627s1-website\book\processModels\index.md
2026-09-28T16:34:41.435Z - [36mverbose[39m: Rendering page: D:\Workspace\CS2113\AY2627-S1\ay2627s1-website\book\processModels\introduction\agileModels\index.md
2026-09-28T16:34:41.638Z - [36mverbose[39m: Rendering page: D:\Workspace\CS2113\AY2627-S1\ay2627s1-website\book\processModels\exampleProcessModels\scrum\index.md
2026-09-28T16:34:41.645Z - [36mverbose[39m: Rendering page: D:\Workspace\CS2113\AY2627-S1\ay2627s1-website\book\processModels\exampleProcessModels\index.md
2026-09-28T16:34:41.653Z - [36mverbose[39m: Rendering page: D:\Workspace\CS2113\AY2627-S1\ay2627s1-website\book\processModels\exampleProcessModels\choosing\index.md
2026-09-28T16:34:41.658Z - [36mverbose[39m: Rendering page: D:\Workspace\CS2113\AY2627-S1\ay2627s1-website\book\processModels\exampleProcessModels\unifiedProcess\index.md
2026-09-28T16:34:42.034Z - [36mverbose[39m: Rendering page: D:\Workspace\CS2113\AY2627-S1\ay2627s1-website\book\principles\yagniPrinciple\index.md
2026-09-28T16:34:42.041Z - [36mverbose[39m: Rendering page: D:\Workspace\CS2113\AY2627-S1\ay2627s1-website\book\principles\singleResponsibilityPrinciple\index.md
2026-09-28T16:34:42.047Z - [36mverbose[39m: Rendering page: D:\Workspace\CS2113\AY2627-S1\ay2627s1-website\book\principles\separationOfConcernsPrinciple\index.md
2026-09-28T16:34:42.054Z - [36mverbose[39m: Rendering page: D:\Workspace\CS2113\AY2627-S1\ay2627s1-website\book\principles\solidPrinciples\index.md
2026-09-28T16:34:42.431Z - [36mverbose[39m: Rendering page: D:\Workspace\CS2113\AY2627-S1\ay2627s1-website\book\principles\openClosedPrinciple\index.md
2026-09-28T16:34:42.438Z - [36mverbose[39m: Rendering page: D:\Workspace\CS2113\AY2627-S1\ay2627s1-website\book\principles\liskovSubstitutionPrinciple\index.md
2026-09-28T16:34:42.445Z - [36mverbose[39m: Rendering page: D:\Workspace\CS2113\AY2627-S1\ay2627s1-website\book\principles\lawOfDemeter\index.md
2026-09-28T16:34:42.474Z - [36mverbose[39m: Rendering page: D:\Workspace\CS2113\AY2627-S1\ay2627s1-website\book\principles\review\index.md
2026-09-28T16:34:42.916Z - [36mverbose[39m: Rendering page: D:\Workspace\CS2113\AY2627-S1\ay2627s1-website\book\principles\interfaceSegregationPrinciple\index.md
2026-09-28T16:34:42.925Z - [36mverbose[39m: Rendering page: D:\Workspace\CS2113\AY2627-S1\ay2627s1-website\book\principles\dependencyInversionPrinciple\index.md
2026-09-28T16:34:42.933Z - [36mverbose[39m: Rendering page: D:\Workspace\CS2113\AY2627-S1\ay2627s1-website\book\principles\dryPrinciple\index.md
2026-09-28T16:34:42.939Z - [36mverbose[39m: Rendering page: D:\Workspace\CS2113\AY2627-S1\ay2627s1-website\book\principles\index.md
2026-09-28T16:34:43.177Z - [36mverbose[39m: Rendering page: D:\Workspace\CS2113\AY2627-S1\ay2627s1-website\book\principles\brooksLaw\index.md
2026-09-28T16:34:43.183Z - [36mverbose[39m: Rendering page: D:\Workspace\CS2113\AY2627-S1\ay2627s1-website\book\oop\polymorphism\what\index.md
2026-09-28T16:34:43.189Z - [36mverbose[39m: Rendering page: D:\Workspace\CS2113\AY2627-S1\ay2627s1-website\book\oop\polymorphism\how\index.md
2026-09-28T16:34:43.194Z - [36mverbose[39m: Rendering page: D:\Workspace\CS2113\AY2627-S1\ay2627s1-website\book\oop\polymorphism\index.md
2026-09-28T16:34:43.463Z - [36mverbose[39m: Rendering page: D:\Workspace\CS2113\AY2627-S1\ay2627s1-website\book\oop\objects\index.md
2026-09-28T16:34:43.473Z - [36mverbose[39m: Rendering page: D:\Workspace\CS2113\AY2627-S1\ay2627s1-website\book\oop\objects\abstraction\index.md
2026-09-28T16:34:43.478Z - [36mverbose[39m: Rendering page: D:\Workspace\CS2113\AY2627-S1\ay2627s1-website\book\oop\objects\what\index.md
2026-09-28T16:34:43.485Z - [36mverbose[39m: Rendering page: D:\Workspace\CS2113\AY2627-S1\ay2627s1-website\book\oop\objects\encapsulation\index.md
2026-09-28T16:34:43.729Z - [36mverbose[39m: Rendering page: D:\Workspace\CS2113\AY2627-S1\ay2627s1-website\book\oop\more\review\index.md
2026-09-28T16:34:43.736Z - [36mverbose[39m: Rendering page: D:\Workspace\CS2113\AY2627-S1\ay2627s1-website\book\oop\more\miscellaneous\index.md
2026-09-28T16:34:43.741Z - [36mverbose[39m: Rendering page: D:\Workspace\CS2113\AY2627-S1\ay2627s1-website\book\oop\introduction\what\index.md
2026-09-28T16:34:43.747Z - [36mverbose[39m: Rendering page: D:\Workspace\CS2113\AY2627-S1\ay2627s1-website\book\oop\more\index.md
2026-09-28T16:34:43.965Z - [36mverbose[39m: Rendering page: D:\Workspace\CS2113\AY2627-S1\ay2627s1-website\book\oop\introduction\index.md
2026-09-28T16:34:43.973Z - [36mverbose[39m: Rendering page: D:\Workspace\CS2113\AY2627-S1\ay2627s1-website\book\oop\inheritance\what\index.md
2026-09-28T16:34:43.980Z - [36mverbose[39m: Rendering page: D:\Workspace\CS2113\AY2627-S1\ay2627s1-website\book\oop\inheritance\substitutability\index.md
2026-09-28T16:34:43.986Z - [36mverbose[39m: Rendering page: D:\Workspace\CS2113\AY2627-S1\ay2627s1-website\book\oop\inheritance\overriding\index.md
2026-09-28T16:34:44.339Z - [36mverbose[39m: Rendering page: D:\Workspace\CS2113\AY2627-S1\ay2627s1-website\book\oop\inheritance\interfaces\index.md
2026-09-28T16:34:44.346Z - [36mverbose[39m: Rendering page: D:\Workspace\CS2113\AY2627-S1\ay2627s1-website\book\oop\inheritance\overloading\index.md
2026-09-28T16:34:44.352Z - [36mverbose[39m: Rendering page: D:\Workspace\CS2113\AY2627-S1\ay2627s1-website\book\oop\inheritance\index.md
2026-09-28T16:34:44.366Z - [36mverbose[39m: Rendering page: D:\Workspace\CS2113\AY2627-S1\ay2627s1-website\book\oop\inheritance\dynamicAndStaticBinding\index.md
2026-09-28T16:34:44.984Z - [36mverbose[39m: Rendering page: D:\Workspace\CS2113\AY2627-S1\ay2627s1-website\book\oop\inheritance\abstractClasses\index.md
2026-09-28T16:34:44.991Z - [36mverbose[39m: Rendering page: D:\Workspace\CS2113\AY2627-S1\ay2627s1-website\book\oop\classes\what\index.md
2026-09-28T16:34:44.998Z - [36mverbose[39m: Rendering page: D:\Workspace\CS2113\AY2627-S1\ay2627s1-website\book\oop\classes\index.md
2026-09-28T16:34:45.007Z - [36mverbose[39m: Rendering page: D:\Workspace\CS2113\AY2627-S1\ay2627s1-website\book\oop\index.md
2026-09-28T16:34:45.248Z - [36mverbose[39m: Rendering page: D:\Workspace\CS2113\AY2627-S1\ay2627s1-website\book\oop\associations\what\index.md
2026-09-28T16:34:45.255Z - [36mverbose[39m: Rendering page: D:\Workspace\CS2113\AY2627-S1\ay2627s1-website\book\oop\associations\navigability\index.md
2026-09-28T16:34:45.262Z - [36mverbose[39m: Rendering page: D:\Workspace\CS2113\AY2627-S1\ay2627s1-website\book\oop\classes\classLevelMembers\index.md
2026-09-28T16:34:45.269Z - [36mverbose[39m: Rendering page: D:\Workspace\CS2113\AY2627-S1\ay2627s1-website\book\oop\classes\enumerations\index.md
2026-09-28T16:34:45.544Z - [36mverbose[39m: Rendering page: D:\Workspace\CS2113\AY2627-S1\ay2627s1-website\book\oop\associations\dependencies\index.md
2026-09-28T16:34:45.552Z - [36mverbose[39m: Rendering page: D:\Workspace\CS2113\AY2627-S1\ay2627s1-website\book\oop\associations\composition\index.md
2026-09-28T16:34:45.559Z - [36mverbose[39m: Rendering page: D:\Workspace\CS2113\AY2627-S1\ay2627s1-website\book\oop\associations\multiplicity\index.md
2026-09-28T16:34:45.566Z - [36mverbose[39m: Rendering page: D:\Workspace\CS2113\AY2627-S1\ay2627s1-website\book\oop\associations\index.md
2026-09-28T16:34:45.818Z - [36mverbose[39m: Rendering page: D:\Workspace\CS2113\AY2627-S1\ay2627s1-website\book\oop\associations\aggregation\index.md
2026-09-28T16:34:45.825Z - [36mverbose[39m: Rendering page: D:\Workspace\CS2113\AY2627-S1\ay2627s1-website\book\modeling\modelingStructures\packageDiagrams\index.md
2026-09-28T16:34:45.837Z - [36mverbose[39m: Rendering page: D:\Workspace\CS2113\AY2627-S1\ay2627s1-website\book\oop\associations\associationClasses\index.md
2026-09-28T16:34:45.883Z - [36mverbose[39m: Rendering page: D:\Workspace\CS2113\AY2627-S1\ay2627s1-website\book\modeling\modelingStructures\ooStructures\index.md
2026-09-28T16:34:48.611Z - [34mdebug[39m: 
2026-09-28T16:34:48.698Z - [36mverbose[39m: Rendering page: D:\Workspace\CS2113\AY2627-S1\ay2627s1-website\book\modeling\modelingStructures\objectDiagrams\index.md
2026-09-28T16:34:48.706Z - [36mverbose[39m: Rendering page: D:\Workspace\CS2113\AY2627-S1\ay2627s1-website\book\modeling\modelingStructures\objectOrientedDomainModels\index.md
2026-09-28T16:34:48.712Z - [36mverbose[39m: Rendering page: D:\Workspace\CS2113\AY2627-S1\ay2627s1-website\book\modeling\modelingStructures\deploymentDiagrams\index.md
2026-09-28T16:34:48.722Z - [36mverbose[39m: Rendering page: D:\Workspace\CS2113\AY2627-S1\ay2627s1-website\book\modeling\modelingStructures\index.md
2026-09-28T16:34:48.981Z - [36mverbose[39m: Rendering page: D:\Workspace\CS2113\AY2627-S1\ay2627s1-website\book\modeling\modelingStructures\componentDiagrams\index.md
2026-09-28T16:34:48.988Z - [36mverbose[39m: Rendering page: D:\Workspace\CS2113\AY2627-S1\ay2627s1-website\book\modeling\modelingStructures\compositeStructureDiagrams\index.md
2026-09-28T16:34:48.994Z - [36mverbose[39m: Rendering page: D:\Workspace\CS2113\AY2627-S1\ay2627s1-website\book\modeling\modelingStructures\customisingUml\index.md
2026-09-28T16:34:49.000Z - [36mverbose[39m: Rendering page: D:\Workspace\CS2113\AY2627-S1\ay2627s1-website\book\modeling\modelingStructures\classDiagramsIntermediate\index.md
2026-09-28T16:34:50.478Z - [34mdebug[39m: 
2026-09-28T16:34:50.503Z - [36mverbose[39m: Rendering page: D:\Workspace\CS2113\AY2627-S1\ay2627s1-website\book\modeling\modelingBehaviors\useCaseDiagrams\index.md
2026-09-28T16:34:50.509Z - [36mverbose[39m: Rendering page: D:\Workspace\CS2113\AY2627-S1\ay2627s1-website\book\modeling\modelingStructures\addingMoreInfo\index.md
2026-09-28T16:34:50.515Z - [36mverbose[39m: Rendering page: D:\Workspace\CS2113\AY2627-S1\ay2627s1-website\book\modeling\modelingStructures\classDiagramsBasic\index.md
2026-09-28T16:34:50.528Z - [36mverbose[39m: Rendering page: D:\Workspace\CS2113\AY2627-S1\ay2627s1-website\book\modeling\modelingStructures\classDiagramsAdvanced\index.md
2026-09-28T16:34:50.831Z - [36mverbose[39m: Rendering page: D:\Workspace\CS2113\AY2627-S1\ay2627s1-website\book\modeling\modelingBehaviors\stateMachineDiagrams\index.md
2026-09-28T16:34:50.838Z - [36mverbose[39m: Rendering page: D:\Workspace\CS2113\AY2627-S1\ay2627s1-website\book\modeling\modelingBehaviors\sequenceDiagramsIntermediate\index.md
2026-09-28T16:34:50.846Z - [36mverbose[39m: Rendering page: D:\Workspace\CS2113\AY2627-S1\ay2627s1-website\book\modeling\modelingBehaviors\timingDiagrams\index.md
2026-09-28T16:34:50.851Z - [36mverbose[39m: Rendering page: D:\Workspace\CS2113\AY2627-S1\ay2627s1-website\book\modeling\modelingBehaviors\sequenceDiagramsBasic\index.md
2026-09-28T16:34:51.196Z - [36mverbose[39m: Rendering page: D:\Workspace\CS2113\AY2627-S1\ay2627s1-website\book\modeling\modelingBehaviors\interactionOverviewDiagrams\index.md
2026-09-28T16:34:51.267Z - [36mverbose[39m: Rendering page: D:\Workspace\CS2113\AY2627-S1\ay2627s1-website\book\modeling\modelingBehaviors\communicationDiagrams\index.md
2026-09-28T16:34:51.295Z - [36mverbose[39m: Rendering page: D:\Workspace\CS2113\AY2627-S1\ay2627s1-website\book\modeling\modelingBehaviors\sequenceDiagramsAdvanced\index.md
2026-09-28T16:34:51.302Z - [36mverbose[39m: Rendering page: D:\Workspace\CS2113\AY2627-S1\ay2627s1-website\book\modeling\modelingBehaviors\index.md
2026-09-28T16:34:51.518Z - [36mverbose[39m: Rendering page: D:\Workspace\CS2113\AY2627-S1\ay2627s1-website\book\modeling\modelingASolution\introduction\index.md
2026-09-28T16:34:51.524Z - [36mverbose[39m: Rendering page: D:\Workspace\CS2113\AY2627-S1\ay2627s1-website\book\modeling\modelingASolution\intermediate\index.md
2026-09-28T16:34:51.532Z - [36mverbose[39m: Rendering page: D:\Workspace\CS2113\AY2627-S1\ay2627s1-website\book\modeling\modelingBehaviors\activityDiagramsIntermediate\index.md
2026-09-28T16:34:51.538Z - [36mverbose[39m: Rendering page: D:\Workspace\CS2113\AY2627-S1\ay2627s1-website\book\modeling\modelingBehaviors\activityDiagrams\index.md
2026-09-28T16:34:51.785Z - [36mverbose[39m: Rendering page: D:\Workspace\CS2113\AY2627-S1\ay2627s1-website\book\modeling\introduction\umlModels\index.md
2026-09-28T16:34:51.793Z - [36mverbose[39m: Rendering page: D:\Workspace\CS2113\AY2627-S1\ay2627s1-website\book\modeling\modelingASolution\basic\index.md
2026-09-28T16:34:51.801Z - [36mverbose[39m: Rendering page: D:\Workspace\CS2113\AY2627-S1\ay2627s1-website\book\modeling\modelingASolution\index.md
2026-09-28T16:34:51.813Z - [36mverbose[39m: Rendering page: D:\Workspace\CS2113\AY2627-S1\ay2627s1-website\book\modeling\introduction\what\index.md
2026-09-28T16:34:52.481Z - [36mverbose[39m: Rendering page: D:\Workspace\CS2113\AY2627-S1\ay2627s1-website\book\modeling\introduction\how\index.md
2026-09-28T16:34:52.489Z - [36mverbose[39m: Rendering page: D:\Workspace\CS2113\AY2627-S1\ay2627s1-website\book\modeling\introduction\index.md
2026-09-28T16:34:52.500Z - [36mverbose[39m: Rendering page: D:\Workspace\CS2113\AY2627-S1\ay2627s1-website\book\modeling\index.md
2026-09-28T16:34:52.536Z - [36mverbose[39m: Rendering page: D:\Workspace\CS2113\AY2627-S1\ay2627s1-website\book\intellij\refactoring\index.md
2026-09-28T16:34:52.744Z - [36mverbose[39m: Rendering page: D:\Workspace\CS2113\AY2627-S1\ay2627s1-website\book\intellij\debuggingBasic\index.md
2026-09-28T16:34:52.749Z - [36mverbose[39m: Rendering page: D:\Workspace\CS2113\AY2627-S1\ay2627s1-website\book\intellij\index.md
2026-09-28T16:34:52.755Z - [36mverbose[39m: Rendering page: D:\Workspace\CS2113\AY2627-S1\ay2627s1-website\book\intellij\projectSetup\index.md
2026-09-28T16:34:52.759Z - [36mverbose[39m: Rendering page: D:\Workspace\CS2113\AY2627-S1\ay2627s1-website\book\intellij\productivityShortcuts\index.md
2026-09-28T16:34:53.074Z - [36mverbose[39m: Rendering page: D:\Workspace\CS2113\AY2627-S1\ay2627s1-website\book\intellij\codeNavigation\index.md
2026-09-28T16:34:53.104Z - [36mverbose[39m: Rendering page: D:\Workspace\CS2113\AY2627-S1\ay2627s1-website\book\integration\introduction\what\index.md
2026-09-28T16:34:53.111Z - [36mverbose[39m: Rendering page: D:\Workspace\CS2113\AY2627-S1\ay2627s1-website\book\integration\more\index.md
2026-09-28T16:34:53.118Z - [36mverbose[39m: Rendering page: D:\Workspace\CS2113\AY2627-S1\ay2627s1-website\book\integration\more\review\index.md
2026-09-28T16:34:53.351Z - [36mverbose[39m: Rendering page: D:\Workspace\CS2113\AY2627-S1\ay2627s1-website\book\integration\introduction\index.md
2026-09-28T16:34:53.389Z - [36mverbose[39m: Rendering page: D:\Workspace\CS2113\AY2627-S1\ay2627s1-website\book\integration\index.md
2026-09-28T16:34:53.401Z - [36mverbose[39m: Rendering page: D:\Workspace\CS2113\AY2627-S1\ay2627s1-website\book\integration\buildAutomation\what\index.md
2026-09-28T16:34:53.408Z - [36mverbose[39m: Rendering page: D:\Workspace\CS2113\AY2627-S1\ay2627s1-website\book\integration\buildAutomation\index.md
2026-09-28T16:34:53.471Z - [36mverbose[39m: Rendering page: D:\Workspace\CS2113\AY2627-S1\ay2627s1-website\book\integration\buildAutomation\continuousIntegrationDeployment\index.md
2026-09-28T16:34:53.606Z - [36mverbose[39m: Rendering page: D:\Workspace\CS2113\AY2627-S1\ay2627s1-website\book\integration\approaches\lateVsEarly\index.md
2026-09-28T16:34:53.612Z - [36mverbose[39m: Rendering page: D:\Workspace\CS2113\AY2627-S1\ay2627s1-website\book\integration\approaches\index.md
2026-09-28T16:34:53.621Z - [36mverbose[39m: Rendering page: D:\Workspace\CS2113\AY2627-S1\ay2627s1-website\book\integration\approaches\topDownVsBottomUp\index.md
2026-09-28T16:34:53.770Z - [36mverbose[39m: Rendering page: D:\Workspace\CS2113\AY2627-S1\ay2627s1-website\book\integration\approaches\bigBangVsIncremental\index.md
2026-09-28T16:34:53.809Z - [36mverbose[39m: Rendering page: D:\Workspace\CS2113\AY2627-S1\ay2627s1-website\book\index.md
2026-09-28T16:34:53.815Z - [36mverbose[39m: Rendering page: D:\Workspace\CS2113\AY2627-S1\ay2627s1-website\book\ides\introduction\index.md
2026-09-28T16:34:53.821Z - [36mverbose[39m: Rendering page: D:\Workspace\CS2113\AY2627-S1\ay2627s1-website\book\ides\introduction\what\index.md
2026-09-28T16:34:54.024Z - [36mverbose[39m: Rendering page: D:\Workspace\CS2113\AY2627-S1\ay2627s1-website\book\ides\debugging\index.md
2026-09-28T16:34:54.031Z - [36mverbose[39m: Rendering page: D:\Workspace\CS2113\AY2627-S1\ay2627s1-website\book\ides\index.md
2026-09-28T16:34:54.039Z - [36mverbose[39m: Rendering page: D:\Workspace\CS2113\AY2627-S1\ay2627s1-website\book\gitAndGithub\trail\workingWithRemotes\index.md
2026-09-28T16:34:54.044Z - [36mverbose[39m: Rendering page: D:\Workspace\CS2113\AY2627-S1\ay2627s1-website\book\ides\debugging\what\index.md
2026-09-28T16:34:54.245Z - [36mverbose[39m: Rendering page: D:\Workspace\CS2113\AY2627-S1\ay2627s1-website\book\gitAndGithub\trail\usingRevisionHistory\index.md
2026-09-28T16:34:54.252Z - [36mverbose[39m: Rendering page: D:\Workspace\CS2113\AY2627-S1\ay2627s1-website\book\gitAndGithub\trail\recordingFolderHistory\index.md
2026-09-28T16:34:54.257Z - [36mverbose[39m: Rendering page: D:\Workspace\CS2113\AY2627-S1\ay2627s1-website\book\gitAndGithub\trail\syncingBranches\index.md
2026-09-28T16:34:54.262Z - [36mverbose[39m: Rendering page: D:\Workspace\CS2113\AY2627-S1\ay2627s1-website\book\gitAndGithub\trail\remoteBranches\index.md
2026-09-28T16:34:54.530Z - [36mverbose[39m: Rendering page: D:\Workspace\CS2113\AY2627-S1\ay2627s1-website\book\gitAndGithub\trail\fineTuningHistory\index.md
2026-09-28T16:34:54.537Z - [36mverbose[39m: Rendering page: D:\Workspace\CS2113\AY2627-S1\ay2627s1-website\book\gitAndGithub\trail\branchingLocally\index.md
2026-09-28T16:34:54.543Z - [36mverbose[39m: Rendering page: D:\Workspace\CS2113\AY2627-S1\ay2627s1-website\book\gitAndGithub\trail\backingUpOnCloud\index.md
2026-09-28T16:34:54.550Z - [36mverbose[39m: Rendering page: D:\Workspace\CS2113\AY2627-S1\ay2627s1-website\book\gitAndGithub\trail\index.md
2026-09-28T16:34:54.825Z - [36mverbose[39m: Rendering page: D:\Workspace\CS2113\AY2627-S1\ay2627s1-website\book\gitAndGithub\index.md
2026-09-28T16:34:54.832Z - [36mverbose[39m: Rendering page: D:\Workspace\CS2113\AY2627-S1\ay2627s1-website\book\gitAndGithub\managePRs\index.md
2026-09-28T16:34:54.839Z - [36mverbose[39m: Rendering page: D:\Workspace\CS2113\AY2627-S1\ay2627s1-website\book\gitAndGithub\reviewPRs\index.md
2026-09-28T16:34:54.850Z - [36mverbose[39m: Rendering page: D:\Workspace\CS2113\AY2627-S1\ay2627s1-website\book\gitAndGithub\mergeConflicts\index.md
2026-09-28T16:34:55.068Z - [36mverbose[39m: Rendering page: D:\Workspace\CS2113\AY2627-S1\ay2627s1-website\book\gitAndGithub\forkingWorkflow\index.md
2026-09-28T16:34:55.074Z - [36mverbose[39m: Rendering page: D:\Workspace\CS2113\AY2627-S1\ay2627s1-website\book\gatheringRequirements\validation\index.md
2026-09-28T16:34:55.080Z - [36mverbose[39m: Rendering page: D:\Workspace\CS2113\AY2627-S1\ay2627s1-website\book\gitAndGithub\createPRs\index.md
2026-09-28T16:34:55.086Z - [36mverbose[39m: Rendering page: D:\Workspace\CS2113\AY2627-S1\ay2627s1-website\book\gatheringRequirements\userSurveys\index.md
2026-09-28T16:34:55.290Z - [36mverbose[39m: Rendering page: D:\Workspace\CS2113\AY2627-S1\ay2627s1-website\book\gatheringRequirements\observation\index.md
2026-09-28T16:34:55.297Z - [36mverbose[39m: Rendering page: D:\Workspace\CS2113\AY2627-S1\ay2627s1-website\book\gatheringRequirements\productSurveys\index.md
2026-09-28T16:34:55.303Z - [36mverbose[39m: Rendering page: D:\Workspace\CS2113\AY2627-S1\ay2627s1-website\book\gatheringRequirements\prototyping\index.md
2026-09-28T16:34:55.309Z - [36mverbose[39m: Rendering page: D:\Workspace\CS2113\AY2627-S1\ay2627s1-website\book\gatheringRequirements\interviews\index.md
2026-09-28T16:34:55.596Z - [36mverbose[39m: Rendering page: D:\Workspace\CS2113\AY2627-S1\ay2627s1-website\book\gatheringRequirements\focusGroups\index.md
2026-09-28T16:34:55.603Z - [36mverbose[39m: Rendering page: D:\Workspace\CS2113\AY2627-S1\ay2627s1-website\book\gatheringRequirements\index.md
2026-09-28T16:34:55.612Z - [36mverbose[39m: Rendering page: D:\Workspace\CS2113\AY2627-S1\ay2627s1-website\book\gatheringRequirements\brainstorming\index.md
2026-09-28T16:34:55.618Z - [36mverbose[39m: Rendering page: D:\Workspace\CS2113\AY2627-S1\ay2627s1-website\book\errorHandling\logging\what\index.md
2026-09-28T16:34:55.846Z - [36mverbose[39m: Rendering page: D:\Workspace\CS2113\AY2627-S1\ay2627s1-website\book\errorHandling\logging\how\index.md
2026-09-28T16:34:55.853Z - [36mverbose[39m: Rendering page: D:\Workspace\CS2113\AY2627-S1\ay2627s1-website\book\errorHandling\introduction\index.md
2026-09-28T16:34:55.859Z - [36mverbose[39m: Rendering page: D:\Workspace\CS2113\AY2627-S1\ay2627s1-website\book\errorHandling\logging\index.md
2026-09-28T16:34:55.867Z - [36mverbose[39m: Rendering page: D:\Workspace\CS2113\AY2627-S1\ay2627s1-website\book\errorHandling\introduction\what\index.md
2026-09-28T16:34:56.523Z - [36mverbose[39m: Rendering page: D:\Workspace\CS2113\AY2627-S1\ay2627s1-website\book\errorHandling\exceptions\when\index.md
2026-09-28T16:34:56.528Z - [36mverbose[39m: Rendering page: D:\Workspace\CS2113\AY2627-S1\ay2627s1-website\book\errorHandling\exceptions\what\index.md
2026-09-28T16:34:56.535Z - [36mverbose[39m: Rendering page: D:\Workspace\CS2113\AY2627-S1\ay2627s1-website\book\errorHandling\exceptions\index.md
2026-09-28T16:34:56.542Z - [36mverbose[39m: Rendering page: D:\Workspace\CS2113\AY2627-S1\ay2627s1-website\book\errorHandling\index.md
2026-09-28T16:34:56.758Z - [36mverbose[39m: Rendering page: D:\Workspace\CS2113\AY2627-S1\ay2627s1-website\book\errorHandling\designByContract\what\index.md
2026-09-28T16:34:56.765Z - [36mverbose[39m: Rendering page: D:\Workspace\CS2113\AY2627-S1\ay2627s1-website\book\errorHandling\exceptions\how\index.md
2026-09-28T16:34:56.771Z - [36mverbose[39m: Rendering page: D:\Workspace\CS2113\AY2627-S1\ay2627s1-website\book\errorHandling\designByContract\index.md
2026-09-28T16:34:56.777Z - [36mverbose[39m: Rendering page: D:\Workspace\CS2113\AY2627-S1\ay2627s1-website\book\errorHandling\defensiveProgramming\when\index.md
2026-09-28T16:34:57.153Z - [36mverbose[39m: Rendering page: D:\Workspace\CS2113\AY2627-S1\ay2627s1-website\book\errorHandling\defensiveProgramming\what\index.md
2026-09-28T16:34:57.160Z - [36mverbose[39m: Rendering page: D:\Workspace\CS2113\AY2627-S1\ay2627s1-website\book\errorHandling\defensiveProgramming\compulsoryAssociations\index.md
2026-09-28T16:34:57.169Z - [36mverbose[39m: Rendering page: D:\Workspace\CS2113\AY2627-S1\ay2627s1-website\book\errorHandling\defensiveProgramming\referentialIntegrity\index.md
2026-09-28T16:34:57.179Z - [36mverbose[39m: Rendering page: D:\Workspace\CS2113\AY2627-S1\ay2627s1-website\book\errorHandling\defensiveProgramming\index.md
2026-09-28T16:34:57.416Z - [36mverbose[39m: Rendering page: D:\Workspace\CS2113\AY2627-S1\ay2627s1-website\book\errorHandling\defensiveProgramming\1to1Associations\index.md
2026-09-28T16:34:57.422Z - [36mverbose[39m: Rendering page: D:\Workspace\CS2113\AY2627-S1\ay2627s1-website\book\errorHandling\assertions\what\index.md
2026-09-28T16:34:57.427Z - [36mverbose[39m: Rendering page: D:\Workspace\CS2113\AY2627-S1\ay2627s1-website\book\errorHandling\assertions\when\index.md
2026-09-28T16:34:57.432Z - [36mverbose[39m: Rendering page: D:\Workspace\CS2113\AY2627-S1\ay2627s1-website\book\errorHandling\assertions\index.md
2026-09-28T16:34:57.620Z - [36mverbose[39m: Rendering page: D:\Workspace\CS2113\AY2627-S1\ay2627s1-website\book\documentation\tools\markdown\index.md
2026-09-28T16:34:57.626Z - [36mverbose[39m: Rendering page: D:\Workspace\CS2113\AY2627-S1\ay2627s1-website\book\errorHandling\assertions\how\index.md
2026-09-28T16:34:57.631Z - [36mverbose[39m: Rendering page: D:\Workspace\CS2113\AY2627-S1\ay2627s1-website\book\documentation\tools\markdown\how\index.md
2026-09-28T16:34:57.635Z - [36mverbose[39m: Rendering page: D:\Workspace\CS2113\AY2627-S1\ay2627s1-website\book\documentation\tools\markdown\what\index.md
2026-09-28T16:34:57.859Z - [36mverbose[39m: Rendering page: D:\Workspace\CS2113\AY2627-S1\ay2627s1-website\book\documentation\tools\javaDoc\how\index.md
2026-09-28T16:34:57.865Z - [36mverbose[39m: Rendering page: D:\Workspace\CS2113\AY2627-S1\ay2627s1-website\book\documentation\tools\javaDoc\index.md
2026-09-28T16:34:57.873Z - [36mverbose[39m: Rendering page: D:\Workspace\CS2113\AY2627-S1\ay2627s1-website\book\documentation\tools\javaDoc\what\index.md
2026-09-28T16:34:57.885Z - [36mverbose[39m: Rendering page: D:\Workspace\CS2113\AY2627-S1\ay2627s1-website\book\documentation\tools\index.md
2026-09-28T16:34:58.099Z - [36mverbose[39m: Rendering page: D:\Workspace\CS2113\AY2627-S1\ay2627s1-website\book\documentation\tools\asciiDoc\what\index.md
2026-09-28T16:34:58.105Z - [36mverbose[39m: Rendering page: D:\Workspace\CS2113\AY2627-S1\ay2627s1-website\book\documentation\introduction\index.md
2026-09-28T16:34:58.112Z - [36mverbose[39m: Rendering page: D:\Workspace\CS2113\AY2627-S1\ay2627s1-website\book\documentation\introduction\what\index.md
2026-09-28T16:34:58.117Z - [36mverbose[39m: Rendering page: D:\Workspace\CS2113\AY2627-S1\ay2627s1-website\book\documentation\tools\asciiDoc\index.md
2026-09-28T16:34:58.539Z - [36mverbose[39m: Rendering page: D:\Workspace\CS2113\AY2627-S1\ay2627s1-website\book\documentation\guidelines\index.md
2026-09-28T16:34:58.550Z - [36mverbose[39m: Rendering page: D:\Workspace\CS2113\AY2627-S1\ay2627s1-website\book\documentation\guidelines\goTopDown\what\index.md
2026-09-28T16:34:58.555Z - [36mverbose[39m: Rendering page: D:\Workspace\CS2113\AY2627-S1\ay2627s1-website\book\documentation\index.md
2026-09-28T16:34:58.570Z - [36mverbose[39m: Rendering page: D:\Workspace\CS2113\AY2627-S1\ay2627s1-website\book\documentation\guidelines\goTopDown\why\index.md
2026-09-28T16:34:58.778Z - [36mverbose[39m: Rendering page: D:\Workspace\CS2113\AY2627-S1\ay2627s1-website\book\documentation\guidelines\goTopDown\how\index.md
2026-09-28T16:34:58.786Z - [36mverbose[39m: Rendering page: D:\Workspace\CS2113\AY2627-S1\ay2627s1-website\book\documentation\guidelines\goTopDown\index.md
2026-09-28T16:34:58.792Z - [36mverbose[39m: Rendering page: D:\Workspace\CS2113\AY2627-S1\ay2627s1-website\book\documentation\guidelines\documentMinimally\index.md
2026-09-28T16:34:58.799Z - [36mverbose[39m: Rendering page: D:\Workspace\CS2113\AY2627-S1\ay2627s1-website\book\documentation\guidelines\documentMinimally\what\index.md
2026-09-28T16:34:58.998Z - [36mverbose[39m: Rendering page: D:\Workspace\CS2113\AY2627-S1\ay2627s1-website\book\documentation\guidelines\documentMinimally\how\index.md
2026-09-28T16:34:59.005Z - [36mverbose[39m: Rendering page: D:\Workspace\CS2113\AY2627-S1\ay2627s1-website\book\documentation\guidelines\aimForComprehensibility\how\index.md
2026-09-28T16:34:59.010Z - [36mverbose[39m: Rendering page: D:\Workspace\CS2113\AY2627-S1\ay2627s1-website\book\documentation\guidelines\aimForComprehensibility\index.md
2026-09-28T16:34:59.017Z - [36mverbose[39m: Rendering page: D:\Workspace\CS2113\AY2627-S1\ay2627s1-website\book\documentation\guidelines\aimForComprehensibility\what\index.md
2026-09-28T16:34:59.267Z - [36mverbose[39m: Rendering page: D:\Workspace\CS2113\AY2627-S1\ay2627s1-website\book\designPatterns\singleton\what\index.md
2026-09-28T16:34:59.275Z - [36mverbose[39m: Rendering page: D:\Workspace\CS2113\AY2627-S1\ay2627s1-website\book\designPatterns\singleton\evaluation\index.md
2026-09-28T16:34:59.281Z - [36mverbose[39m: Rendering page: D:\Workspace\CS2113\AY2627-S1\ay2627s1-website\book\designPatterns\singleton\implementation\index.md
2026-09-28T16:34:59.287Z - [36mverbose[39m: Rendering page: D:\Workspace\CS2113\AY2627-S1\ay2627s1-website\book\designPatterns\singleton\index.md
2026-09-28T16:34:59.582Z - [36mverbose[39m: Rendering page: D:\Workspace\CS2113\AY2627-S1\ay2627s1-website\book\designPatterns\more\vsPrinciples\index.md
2026-09-28T16:34:59.590Z - [36mverbose[39m: Rendering page: D:\Workspace\CS2113\AY2627-S1\ay2627s1-website\book\designPatterns\more\usingDesignPatterns\index.md
2026-09-28T16:34:59.597Z - [36mverbose[39m: Rendering page: D:\Workspace\CS2113\AY2627-S1\ay2627s1-website\book\designPatterns\observer\index.md
2026-09-28T16:34:59.606Z - [36mverbose[39m: Rendering page: D:\Workspace\CS2113\AY2627-S1\ay2627s1-website\book\designPatterns\observer\what\index.md
2026-09-28T16:34:59.866Z - [36mverbose[39m: Rendering page: D:\Workspace\CS2113\AY2627-S1\ay2627s1-website\book\designPatterns\more\index.md
2026-09-28T16:34:59.875Z - [36mverbose[39m: Rendering page: D:\Workspace\CS2113\AY2627-S1\ay2627s1-website\book\designPatterns\more\otherTypesOfPatterns\index.md
2026-09-28T16:34:59.881Z - [36mverbose[39m: Rendering page: D:\Workspace\CS2113\AY2627-S1\ay2627s1-website\book\designPatterns\more\otherDesignPatterns\index.md
2026-09-28T16:34:59.886Z - [36mverbose[39m: Rendering page: D:\Workspace\CS2113\AY2627-S1\ay2627s1-website\book\designPatterns\more\combiningDesignPatterns\index.md
2026-09-28T16:35:00.163Z - [36mverbose[39m: Rendering page: D:\Workspace\CS2113\AY2627-S1\ay2627s1-website\book\designPatterns\modelViewController\index.md
2026-09-28T16:35:00.171Z - [36mverbose[39m: Rendering page: D:\Workspace\CS2113\AY2627-S1\ay2627s1-website\book\designPatterns\modelViewController\what\index.md
2026-09-28T16:35:00.177Z - [36mverbose[39m: Rendering page: D:\Workspace\CS2113\AY2627-S1\ay2627s1-website\book\designPatterns\introduction\what\index.md
2026-09-28T16:35:00.183Z - [36mverbose[39m: Rendering page: D:\Workspace\CS2113\AY2627-S1\ay2627s1-website\book\designPatterns\introduction\index.md
2026-09-28T16:35:00.674Z - [36mverbose[39m: Rendering page: D:\Workspace\CS2113\AY2627-S1\ay2627s1-website\book\designPatterns\facade\index.md
2026-09-28T16:35:00.685Z - [36mverbose[39m: Rendering page: D:\Workspace\CS2113\AY2627-S1\ay2627s1-website\book\designPatterns\facade\what\index.md
2026-09-28T16:35:00.694Z - [36mverbose[39m: Rendering page: D:\Workspace\CS2113\AY2627-S1\ay2627s1-website\book\designPatterns\introduction\format\index.md
2026-09-28T16:35:00.702Z - [36mverbose[39m: Rendering page: D:\Workspace\CS2113\AY2627-S1\ay2627s1-website\book\designPatterns\index.md
2026-09-28T16:35:01.480Z - [36mverbose[39m: Rendering page: D:\Workspace\CS2113\AY2627-S1\ay2627s1-website\book\designPatterns\abstractionOccurrence\what\index.md
2026-09-28T16:35:01.557Z - [36mverbose[39m: Rendering page: D:\Workspace\CS2113\AY2627-S1\ay2627s1-website\book\designPatterns\command\index.md
2026-09-28T16:35:01.639Z - [36mverbose[39m: Rendering page: D:\Workspace\CS2113\AY2627-S1\ay2627s1-website\book\designPatterns\abstractionOccurrence\index.md
2026-09-28T16:35:01.707Z - [36mverbose[39m: Rendering page: D:\Workspace\CS2113\AY2627-S1\ay2627s1-website\book\designPatterns\command\what\index.md
2026-09-28T16:35:02.282Z - [36mverbose[39m: Rendering page: D:\Workspace\CS2113\AY2627-S1\ay2627s1-website\book\designFundamentals\coupling\index.md
2026-09-28T16:35:02.296Z - [36mverbose[39m: Rendering page: D:\Workspace\CS2113\AY2627-S1\ay2627s1-website\book\designFundamentals\coupling\what\index.md
2026-09-28T16:35:02.306Z - [36mverbose[39m: Rendering page: D:\Workspace\CS2113\AY2627-S1\ay2627s1-website\book\designFundamentals\index.md
2026-09-28T16:35:02.321Z - [36mverbose[39m: Rendering page: D:\Workspace\CS2113\AY2627-S1\ay2627s1-website\book\designFundamentals\coupling\types\index.md
2026-09-28T16:35:02.599Z - [36mverbose[39m: Rendering page: D:\Workspace\CS2113\AY2627-S1\ay2627s1-website\book\designFundamentals\cohesion\what\index.md
2026-09-28T16:35:02.606Z - [36mverbose[39m: Rendering page: D:\Workspace\CS2113\AY2627-S1\ay2627s1-website\book\designFundamentals\cohesion\how\index.md
2026-09-28T16:35:02.614Z - [36mverbose[39m: Rendering page: D:\Workspace\CS2113\AY2627-S1\ay2627s1-website\book\designFundamentals\coupling\how\index.md
2026-09-28T16:35:02.622Z - [36mverbose[39m: Rendering page: D:\Workspace\CS2113\AY2627-S1\ay2627s1-website\book\designFundamentals\cohesion\index.md
2026-09-28T16:35:02.919Z - [36mverbose[39m: Rendering page: D:\Workspace\CS2113\AY2627-S1\ay2627s1-website\book\designApproaches\topDownBottomUp\index.md
2026-09-28T16:35:02.928Z - [36mverbose[39m: Rendering page: D:\Workspace\CS2113\AY2627-S1\ay2627s1-website\book\designFundamentals\abstraction\index.md
2026-09-28T16:35:02.937Z - [36mverbose[39m: Rendering page: D:\Workspace\CS2113\AY2627-S1\ay2627s1-website\book\designFundamentals\abstraction\what\index.md
2026-09-28T16:35:02.945Z - [36mverbose[39m: Rendering page: D:\Workspace\CS2113\AY2627-S1\ay2627s1-website\book\designApproaches\topDownBottomUp\what\index.md
2026-09-28T16:35:03.287Z - [36mverbose[39m: Rendering page: D:\Workspace\CS2113\AY2627-S1\ay2627s1-website\book\designApproaches\multilevelDesign\index.md
2026-09-28T16:35:03.296Z - [36mverbose[39m: Rendering page: D:\Workspace\CS2113\AY2627-S1\ay2627s1-website\book\designApproaches\agileDesign\what\index.md
2026-09-28T16:35:03.302Z - [36mverbose[39m: Rendering page: D:\Workspace\CS2113\AY2627-S1\ay2627s1-website\book\designApproaches\index.md
2026-09-28T16:35:03.313Z - [36mverbose[39m: Rendering page: D:\Workspace\CS2113\AY2627-S1\ay2627s1-website\book\designApproaches\multilevelDesign\what\index.md
2026-09-28T16:35:03.537Z - [36mverbose[39m: Rendering page: D:\Workspace\CS2113\AY2627-S1\ay2627s1-website\book\designApproaches\agileDesign\index.md
2026-09-28T16:35:03.544Z - [36mverbose[39m: Rendering page: D:\Workspace\CS2113\AY2627-S1\ay2627s1-website\book\design\index.md
2026-09-28T16:35:03.550Z - [36mverbose[39m: Rendering page: D:\Workspace\CS2113\AY2627-S1\ay2627s1-website\book\design\introduction\index.md
2026-09-28T16:35:03.556Z - [36mverbose[39m: Rendering page: D:\Workspace\CS2113\AY2627-S1\ay2627s1-website\book\design\introduction\what\index.md
2026-09-28T16:35:03.929Z - [36mverbose[39m: Rendering page: D:\Workspace\CS2113\AY2627-S1\ay2627s1-website\book\debugging\tools\index.md
2026-09-28T16:35:03.938Z - [36mverbose[39m: Rendering page: D:\Workspace\CS2113\AY2627-S1\ay2627s1-website\book\debugging\what\index.md
2026-09-28T16:35:03.944Z - [36mverbose[39m: Rendering page: D:\Workspace\CS2113\AY2627-S1\ay2627s1-website\book\debugging\how\index.md
2026-09-28T16:35:03.953Z - [36mverbose[39m: Rendering page: D:\Workspace\CS2113\AY2627-S1\ay2627s1-website\book\debugging\index.md
2026-09-28T16:35:04.272Z - [36mverbose[39m: Rendering page: D:\Workspace\CS2113\AY2627-S1\ay2627s1-website\book\debugging\advanced\index.md
2026-09-28T16:35:04.278Z - [36mverbose[39m: Rendering page: D:\Workspace\CS2113\AY2627-S1\ay2627s1-website\book\debugging\fixing\index.md
2026-09-28T16:35:04.284Z - [36mverbose[39m: Rendering page: D:\Workspace\CS2113\AY2627-S1\ay2627s1-website\book\cppToJava\usefulClasses\wrapperClasses\index.md
2026-09-28T16:35:04.293Z - [36mverbose[39m: Rendering page: D:\Workspace\CS2113\AY2627-S1\ay2627s1-website\book\cppToJava\usefulClasses\stringClass\index.md
2026-09-28T16:35:04.735Z - [36mverbose[39m: Rendering page: D:\Workspace\CS2113\AY2627-S1\ay2627s1-website\book\cppToJava\usefulClasses\scannerClass\index.md
2026-09-28T16:35:04.744Z - [36mverbose[39m: Rendering page: D:\Workspace\CS2113\AY2627-S1\ay2627s1-website\book\cppToJava\usefulClasses\arraysClass\index.md
2026-09-28T16:35:04.752Z - [36mverbose[39m: Rendering page: D:\Workspace\CS2113\AY2627-S1\ay2627s1-website\book\cppToJava\usefulClasses\index.md
2026-09-28T16:35:04.774Z - [36mverbose[39m: Rendering page: D:\Workspace\CS2113\AY2627-S1\ay2627s1-website\book\cppToJava\usefulClasses\api\index.md
2026-09-28T16:35:05.180Z - [36mverbose[39m: Rendering page: D:\Workspace\CS2113\AY2627-S1\ay2627s1-website\book\cppToJava\objects\usingObjects\index.md
2026-09-28T16:35:05.188Z - [36mverbose[39m: Rendering page: D:\Workspace\CS2113\AY2627-S1\ay2627s1-website\book\cppToJava\objects\instanceMembers\index.md
2026-09-28T16:35:05.196Z - [36mverbose[39m: Rendering page: D:\Workspace\CS2113\AY2627-S1\ay2627s1-website\book\cppToJava\objects\passingObjects\index.md
2026-09-28T16:35:05.206Z - [36mverbose[39m: Rendering page: D:\Workspace\CS2113\AY2627-S1\ay2627s1-website\book\cppToJava\objects\index.md
2026-09-28T16:35:05.441Z - [36mverbose[39m: Rendering page: D:\Workspace\CS2113\AY2627-S1\ay2627s1-website\book\cppToJava\misc\varargs\index.md
2026-09-28T16:35:05.448Z - [36mverbose[39m: Rendering page: D:\Workspace\CS2113\AY2627-S1\ay2627s1-website\book\cppToJava\misc\streams\index.md
2026-09-28T16:35:05.454Z - [36mverbose[39m: Rendering page: D:\Workspace\CS2113\AY2627-S1\ay2627s1-website\book\cppToJava\misc\packages\index.md
2026-09-28T16:35:05.461Z - [36mverbose[39m: Rendering page: D:\Workspace\CS2113\AY2627-S1\ay2627s1-website\book\cppToJava\objects\garbageCollection\index.md
2026-09-28T16:35:05.717Z - [36mverbose[39m: Rendering page: D:\Workspace\CS2113\AY2627-S1\ay2627s1-website\book\cppToJava\misc\javaFX\index.md
2026-09-28T16:35:05.723Z - [36mverbose[39m: Rendering page: D:\Workspace\CS2113\AY2627-S1\ay2627s1-website\book\cppToJava\misc\jar\index.md
2026-09-28T16:35:05.729Z - [36mverbose[39m: Rendering page: D:\Workspace\CS2113\AY2627-S1\ay2627s1-website\book\cppToJava\misc\javaFX\part01\index.md
2026-09-28T16:35:05.739Z - [36mverbose[39m: Rendering page: D:\Workspace\CS2113\AY2627-S1\ay2627s1-website\book\cppToJava\misc\javaFX\part02\index.md
2026-09-28T16:35:06.159Z - [36mverbose[39m: Rendering page: D:\Workspace\CS2113\AY2627-S1\ay2627s1-website\book\cppToJava\misc\constants\index.md
2026-09-28T16:35:06.166Z - [36mverbose[39m: Rendering page: D:\Workspace\CS2113\AY2627-S1\ay2627s1-website\book\cppToJava\misc\fileAccess\index.md
2026-09-28T16:35:06.174Z - [36mverbose[39m: Rendering page: D:\Workspace\CS2113\AY2627-S1\ay2627s1-website\book\cppToJava\misc\enums\index.md
2026-09-28T16:35:06.181Z - [36mverbose[39m: Rendering page: D:\Workspace\CS2113\AY2627-S1\ay2627s1-website\book\cppToJava\misc\index.md
2026-09-28T16:35:06.466Z - [36mverbose[39m: Rendering page: D:\Workspace\CS2113\AY2627-S1\ay2627s1-website\book\cppToJava\misc\accessModifiers\index.md
2026-09-28T16:35:06.474Z - [36mverbose[39m: Rendering page: D:\Workspace\CS2113\AY2627-S1\ay2627s1-website\book\cppToJava\misc\casting\index.md
2026-09-28T16:35:06.483Z - [36mverbose[39m: Rendering page: D:\Workspace\CS2113\AY2627-S1\ay2627s1-website\book\cppToJava\junit\intermediate\index.md
2026-09-28T16:35:06.490Z - [36mverbose[39m: Rendering page: D:\Workspace\CS2113\AY2627-S1\ay2627s1-website\book\cppToJava\junit\index.md
2026-09-28T16:35:06.752Z - [36mverbose[39m: Rendering page: D:\Workspace\CS2113\AY2627-S1\ay2627s1-website\book\cppToJava\javaWorld\what\index.md
2026-09-28T16:35:06.758Z - [36mverbose[39m: Rendering page: D:\Workspace\CS2113\AY2627-S1\ay2627s1-website\book\cppToJava\javaWorld\how\index.md
2026-09-28T16:35:06.764Z - [36mverbose[39m: Rendering page: D:\Workspace\CS2113\AY2627-S1\ay2627s1-website\book\cppToJava\javaWorld\index.md
2026-09-28T16:35:06.770Z - [36mverbose[39m: Rendering page: D:\Workspace\CS2113\AY2627-S1\ay2627s1-website\book\cppToJava\junit\basic\index.md
2026-09-28T16:35:07.165Z - [36mverbose[39m: Rendering page: D:\Workspace\CS2113\AY2627-S1\ay2627s1-website\book\cppToJava\javaWorld\editions\index.md
2026-09-28T16:35:07.173Z - [36mverbose[39m: Rendering page: D:\Workspace\CS2113\AY2627-S1\ay2627s1-website\book\cppToJava\inheritance\objectClass\index.md
2026-09-28T16:35:07.184Z - [36mverbose[39m: Rendering page: D:\Workspace\CS2113\AY2627-S1\ay2627s1-website\book\cppToJava\inheritance\polymorphism\index.md
2026-09-28T16:35:07.196Z - [36mverbose[39m: Rendering page: D:\Workspace\CS2113\AY2627-S1\ay2627s1-website\book\cppToJava\inheritance\interfaces\index.md
2026-09-28T16:35:10.274Z - [36mverbose[39m: Rendering page: D:\Workspace\CS2113\AY2627-S1\ay2627s1-website\book\cppToJava\inheritance\basic\index.md
2026-09-28T16:35:10.287Z - [36mverbose[39m: Rendering page: D:\Workspace\CS2113\AY2627-S1\ay2627s1-website\book\cppToJava\inheritance\abstractClassesAndMethods\index.md
2026-09-28T16:35:10.297Z - [36mverbose[39m: Rendering page: D:\Workspace\CS2113\AY2627-S1\ay2627s1-website\book\cppToJava\inheritance\index.md
2026-09-28T16:35:10.329Z - [36mverbose[39m: Rendering page: D:\Workspace\CS2113\AY2627-S1\ay2627s1-website\book\cppToJava\index.md
2026-09-28T16:35:10.727Z - [36mverbose[39m: Rendering page: D:\Workspace\CS2113\AY2627-S1\ay2627s1-website\book\cppToJava\gettingStarted\installation\index.md
2026-09-28T16:35:10.733Z - [36mverbose[39m: Rendering page: D:\Workspace\CS2113\AY2627-S1\ay2627s1-website\book\cppToJava\gettingStarted\helloWorld\index.md
2026-09-28T16:35:10.739Z - [36mverbose[39m: Rendering page: D:\Workspace\CS2113\AY2627-S1\ay2627s1-website\book\cppToJava\gettingStarted\running\index.md
2026-09-28T16:35:10.747Z - [36mverbose[39m: Rendering page: D:\Workspace\CS2113\AY2627-S1\ay2627s1-website\book\cppToJava\gettingStarted\index.md
2026-09-28T16:35:10.984Z - [36mverbose[39m: Rendering page: D:\Workspace\CS2113\AY2627-S1\ay2627s1-website\book\cppToJava\gettingStarted\compiling\index.md
2026-09-28T16:35:10.991Z - [36mverbose[39m: Rendering page: D:\Workspace\CS2113\AY2627-S1\ay2627s1-website\book\cppToJava\generics\what\index.md
2026-09-28T16:35:10.998Z - [36mverbose[39m: Rendering page: D:\Workspace\CS2113\AY2627-S1\ay2627s1-website\book\cppToJava\generics\how\index.md
2026-09-28T16:35:11.007Z - [36mverbose[39m: Rendering page: D:\Workspace\CS2113\AY2627-S1\ay2627s1-website\book\cppToJava\generics\index.md
2026-09-28T16:35:11.289Z - [36mverbose[39m: Rendering page: D:\Workspace\CS2113\AY2627-S1\ay2627s1-website\book\cppToJava\exceptions\what\index.md
2026-09-28T16:35:11.296Z - [36mverbose[39m: Rendering page: D:\Workspace\CS2113\AY2627-S1\ay2627s1-website\book\cppToJava\exceptions\how\index.md
2026-09-28T16:35:11.307Z - [36mverbose[39m: Rendering page: D:\Workspace\CS2113\AY2627-S1\ay2627s1-website\book\cppToJava\dataTypes\variables\index.md
2026-09-28T16:35:11.315Z - [36mverbose[39m: Rendering page: D:\Workspace\CS2113\AY2627-S1\ay2627s1-website\book\cppToJava\exceptions\index.md
2026-09-28T16:35:11.643Z - [36mverbose[39m: Rendering page: D:\Workspace\CS2113\AY2627-S1\ay2627s1-website\book\cppToJava\dataTypes\operators\index.md
2026-09-28T16:35:11.651Z - [36mverbose[39m: Rendering page: D:\Workspace\CS2113\AY2627-S1\ay2627s1-website\book\cppToJava\dataTypes\primitiveTypes\index.md
2026-09-28T16:35:11.658Z - [36mverbose[39m: Rendering page: D:\Workspace\CS2113\AY2627-S1\ay2627s1-website\book\cppToJava\dataTypes\arrays\index.md
2026-09-28T16:35:11.668Z - [36mverbose[39m: Rendering page: D:\Workspace\CS2113\AY2627-S1\ay2627s1-website\book\cppToJava\dataTypes\index.md
2026-09-28T16:35:12.082Z - [36mverbose[39m: Rendering page: D:\Workspace\CS2113\AY2627-S1\ay2627s1-website\book\cppToJava\controlFlow\methods\index.md
2026-09-28T16:35:12.091Z - [36mverbose[39m: Rendering page: D:\Workspace\CS2113\AY2627-S1\ay2627s1-website\book\cppToJava\controlFlow\loops\index.md
2026-09-28T16:35:12.101Z - [36mverbose[39m: Rendering page: D:\Workspace\CS2113\AY2627-S1\ay2627s1-website\book\cppToJava\controlFlow\branching\index.md
2026-09-28T16:35:12.111Z - [36mverbose[39m: Rendering page: D:\Workspace\CS2113\AY2627-S1\ay2627s1-website\book\cppToJava\controlFlow\index.md
2026-09-28T16:35:12.403Z - [36mverbose[39m: Rendering page: D:\Workspace\CS2113\AY2627-S1\ay2627s1-website\book\cppToJava\collections\what\index.md
2026-09-28T16:35:12.410Z - [36mverbose[39m: Rendering page: D:\Workspace\CS2113\AY2627-S1\ay2627s1-website\book\cppToJava\collections\hashMapClass\index.md
2026-09-28T16:35:12.417Z - [36mverbose[39m: Rendering page: D:\Workspace\CS2113\AY2627-S1\ay2627s1-website\book\cppToJava\collections\arrayListClass\index.md
2026-09-28T16:35:12.425Z - [36mverbose[39m: Rendering page: D:\Workspace\CS2113\AY2627-S1\ay2627s1-website\book\cppToJava\collections\index.md
2026-09-28T16:35:12.779Z - [36mverbose[39m: Rendering page: D:\Workspace\CS2113\AY2627-S1\ay2627s1-website\book\cppToJava\classes\gettersAndSetters\index.md
2026-09-28T16:35:12.789Z - [36mverbose[39m: Rendering page: D:\Workspace\CS2113\AY2627-S1\ay2627s1-website\book\cppToJava\classes\definingClasses\index.md
2026-09-28T16:35:12.799Z - [36mverbose[39m: Rendering page: D:\Workspace\CS2113\AY2627-S1\ay2627s1-website\book\cppToJava\classes\classLevelMembers\index.md
2026-09-28T16:35:12.808Z - [36mverbose[39m: Rendering page: D:\Workspace\CS2113\AY2627-S1\ay2627s1-website\book\cppToJava\classes\index.md
2026-09-28T16:35:13.012Z - [36mverbose[39m: Rendering page: D:\Workspace\CS2113\AY2627-S1\ay2627s1-website\book\cppToJava\about\index.md
2026-09-28T16:35:13.019Z - [36mverbose[39m: Rendering page: D:\Workspace\CS2113\AY2627-S1\ay2627s1-website\book\codeQuality\nameWell\intermediate\useNameExplain\index.md
2026-09-28T16:35:13.024Z - [36mverbose[39m: Rendering page: D:\Workspace\CS2113\AY2627-S1\ay2627s1-website\book\codeQuality\nameWell\introduction\index.md
2026-09-28T16:35:13.029Z - [36mverbose[39m: Rendering page: D:\Workspace\CS2113\AY2627-S1\ay2627s1-website\book\codeQuality\nameWell\intermediate\notTooLongNorShort\index.md
2026-09-28T16:35:13.276Z - [36mverbose[39m: Rendering page: D:\Workspace\CS2113\AY2627-S1\ay2627s1-website\book\codeQuality\nameWell\intermediate\index.md
2026-09-28T16:35:13.285Z - [36mverbose[39m: Rendering page: D:\Workspace\CS2113\AY2627-S1\ay2627s1-website\book\codeQuality\nameWell\intermediate\avoidMisleadingNames\index.md
2026-09-28T16:35:13.291Z - [36mverbose[39m: Rendering page: D:\Workspace\CS2113\AY2627-S1\ay2627s1-website\book\codeQuality\nameWell\basic\useStandardWords\index.md
2026-09-28T16:35:13.296Z - [36mverbose[39m: Rendering page: D:\Workspace\CS2113\AY2627-S1\ay2627s1-website\book\codeQuality\nameWell\index.md
2026-09-28T16:35:13.500Z - [36mverbose[39m: Rendering page: D:\Workspace\CS2113\AY2627-S1\ay2627s1-website\book\codeQuality\maximizeReadability\introduction\index.md
2026-09-28T16:35:13.506Z - [36mverbose[39m: Rendering page: D:\Workspace\CS2113\AY2627-S1\ay2627s1-website\book\codeQuality\nameWell\basic\nounsAndVerbsAsNames\index.md
2026-09-28T16:35:13.512Z - [36mverbose[39m: Rendering page: D:\Workspace\CS2113\AY2627-S1\ay2627s1-website\book\codeQuality\nameWell\basic\index.md
2026-09-28T16:35:13.519Z - [36mverbose[39m: Rendering page: D:\Workspace\CS2113\AY2627-S1\ay2627s1-website\book\codeQuality\maximizeReadability\intermediate\structureCodeLogically\index.md
2026-09-28T16:35:13.763Z - [36mverbose[39m: Rendering page: D:\Workspace\CS2113\AY2627-S1\ay2627s1-website\book\codeQuality\maximizeReadability\intermediate\dontTripReader\index.md
2026-09-28T16:35:13.769Z - [36mverbose[39m: Rendering page: D:\Workspace\CS2113\AY2627-S1\ay2627s1-website\book\codeQuality\maximizeReadability\intermediate\practiceKISSing\index.md
2026-09-28T16:35:13.774Z - [36mverbose[39m: Rendering page: D:\Workspace\CS2113\AY2627-S1\ay2627s1-website\book\codeQuality\maximizeReadability\intermediate\index.md
2026-09-28T16:35:13.784Z - [36mverbose[39m: Rendering page: D:\Workspace\CS2113\AY2627-S1\ay2627s1-website\book\codeQuality\maximizeReadability\intermediate\slapHard\index.md
2026-09-28T16:35:14.200Z - [36mverbose[39m: Rendering page: D:\Workspace\CS2113\AY2627-S1\ay2627s1-website\book\codeQuality\maximizeReadability\intermediate\avoidPrematureOptimizations\index.md
2026-09-28T16:35:14.206Z - [36mverbose[39m: Rendering page: D:\Workspace\CS2113\AY2627-S1\ay2627s1-website\book\codeQuality\maximizeReadability\basic\makeCodeObvious\index.md
2026-09-28T16:35:14.211Z - [36mverbose[39m: Rendering page: D:\Workspace\CS2113\AY2627-S1\ay2627s1-website\book\codeQuality\maximizeReadability\basic\index.md
2026-09-28T16:35:14.223Z - [36mverbose[39m: Rendering page: D:\Workspace\CS2113\AY2627-S1\ay2627s1-website\book\codeQuality\maximizeReadability\index.md
2026-09-28T16:35:14.456Z - [36mverbose[39m: Rendering page: D:\Workspace\CS2113\AY2627-S1\ay2627s1-website\book\codeQuality\maximizeReadability\basic\avoidLongMethods\index.md
2026-09-28T16:35:14.462Z - [36mverbose[39m: Rendering page: D:\Workspace\CS2113\AY2627-S1\ay2627s1-website\book\codeQuality\maximizeReadability\basic\avoidComplicatedExpressions\index.md
2026-09-28T16:35:14.468Z - [36mverbose[39m: Rendering page: D:\Workspace\CS2113\AY2627-S1\ay2627s1-website\book\codeQuality\maximizeReadability\basic\avoidDeepNesting\index.md
2026-09-28T16:35:14.475Z - [36mverbose[39m: Rendering page: D:\Workspace\CS2113\AY2627-S1\ay2627s1-website\book\codeQuality\maximizeReadability\basic\avoidMagicNumbers\index.md
2026-09-28T16:35:14.686Z - [36mverbose[39m: Rendering page: D:\Workspace\CS2113\AY2627-S1\ay2627s1-website\book\codeQuality\introduction\basic\index.md
2026-09-28T16:35:14.693Z - [36mverbose[39m: Rendering page: D:\Workspace\CS2113\AY2627-S1\ay2627s1-website\book\codeQuality\introduction\index.md
2026-09-28T16:35:14.699Z - [36mverbose[39m: Rendering page: D:\Workspace\CS2113\AY2627-S1\ay2627s1-website\book\codeQuality\maximizeReadability\advanced\index.md
2026-09-28T16:35:14.706Z - [36mverbose[39m: Rendering page: D:\Workspace\CS2113\AY2627-S1\ay2627s1-website\book\codeQuality\maximizeReadability\advanced\makeHappyPathProminent\index.md
2026-09-28T16:35:15.437Z - [36mverbose[39m: Rendering page: D:\Workspace\CS2113\AY2627-S1\ay2627s1-website\book\codeQuality\followStandard\introduction\index.md
2026-09-28T16:35:15.443Z - [36mverbose[39m: Rendering page: D:\Workspace\CS2113\AY2627-S1\ay2627s1-website\book\codeQuality\followStandard\intermediate\index.md
2026-09-28T16:35:15.450Z - [36mverbose[39m: Rendering page: D:\Workspace\CS2113\AY2627-S1\ay2627s1-website\book\codeQuality\followStandard\index.md
2026-09-28T16:35:15.458Z - [36mverbose[39m: Rendering page: D:\Workspace\CS2113\AY2627-S1\ay2627s1-website\book\codeQuality\index.md
2026-09-28T16:35:15.717Z - [36mverbose[39m: Rendering page: D:\Workspace\CS2113\AY2627-S1\ay2627s1-website\book\codeQuality\followStandard\basic\index.md
2026-09-28T16:35:15.723Z - [36mverbose[39m: Rendering page: D:\Workspace\CS2113\AY2627-S1\ay2627s1-website\book\codeQuality\commentMinimally\intermediate\index.md
2026-09-28T16:35:15.732Z - [36mverbose[39m: Rendering page: D:\Workspace\CS2113\AY2627-S1\ay2627s1-website\book\codeQuality\commentMinimally\introduction\index.md
2026-09-28T16:35:15.739Z - [36mverbose[39m: Rendering page: D:\Workspace\CS2113\AY2627-S1\ay2627s1-website\book\codeQuality\commentMinimally\intermediate\explainWhatWhyNotHow\index.md
2026-09-28T16:35:16.492Z - [36mverbose[39m: Rendering page: D:\Workspace\CS2113\AY2627-S1\ay2627s1-website\book\codeQuality\commentMinimally\index.md
2026-09-28T16:35:16.518Z - [36mverbose[39m: Rendering page: D:\Workspace\CS2113\AY2627-S1\ay2627s1-website\book\codeQuality\commentMinimally\basic\writeToReader\index.md
2026-09-28T16:35:16.573Z - [36mverbose[39m: Rendering page: D:\Workspace\CS2113\AY2627-S1\ay2627s1-website\book\codeQuality\commentMinimally\basic\index.md
2026-09-28T16:35:16.598Z - [36mverbose[39m: Rendering page: D:\Workspace\CS2113\AY2627-S1\ay2627s1-website\book\codeQuality\commentMinimally\basic\dontRepeatObvious\index.md
2026-09-28T16:35:17.257Z - [36mverbose[39m: Rendering page: D:\Workspace\CS2113\AY2627-S1\ay2627s1-website\book\codeQuality\avoidShortcuts\intermediate\minimiseVariableScope\index.md
2026-09-28T16:35:17.268Z - [36mverbose[39m: Rendering page: D:\Workspace\CS2113\AY2627-S1\ay2627s1-website\book\codeQuality\avoidShortcuts\intermediate\minimiseCodeDuplication\index.md
2026-09-28T16:35:17.277Z - [36mverbose[39m: Rendering page: D:\Workspace\CS2113\AY2627-S1\ay2627s1-website\book\codeQuality\avoidShortcuts\introduction\index.md
2026-09-28T16:35:17.285Z - [36mverbose[39m: Rendering page: D:\Workspace\CS2113\AY2627-S1\ay2627s1-website\book\codeQuality\avoidShortcuts\intermediate\index.md
2026-09-28T16:35:17.660Z - [36mverbose[39m: Rendering page: D:\Workspace\CS2113\AY2627-S1\ay2627s1-website\book\codeQuality\avoidShortcuts\basic\dontRecycleVarsOrParams\index.md
2026-09-28T16:35:17.670Z - [36mverbose[39m: Rendering page: D:\Workspace\CS2113\AY2627-S1\ay2627s1-website\book\codeQuality\avoidShortcuts\index.md
2026-09-28T16:35:17.683Z - [36mverbose[39m: Rendering page: D:\Workspace\CS2113\AY2627-S1\ay2627s1-website\book\codeQuality\avoidShortcuts\basic\useDefaultBranch\index.md
2026-09-28T16:35:17.692Z - [36mverbose[39m: Rendering page: D:\Workspace\CS2113\AY2627-S1\ay2627s1-website\book\codeQuality\avoidShortcuts\basic\index.md
2026-09-28T16:35:17.992Z - [36mverbose[39m: Rendering page: D:\Workspace\CS2113\AY2627-S1\ay2627s1-website\book\codeQuality\avoidShortcuts\basic\deleteDeadCode\index.md
2026-09-28T16:35:18.001Z - [36mverbose[39m: Rendering page: D:\Workspace\CS2113\AY2627-S1\ay2627s1-website\book\codeQuality\avoidShortcuts\basic\avoidEmptyCatchBlocks\index.md
2026-09-28T16:35:18.010Z - [36mverbose[39m: Rendering page: D:\Workspace\CS2113\AY2627-S1\ay2627s1-website\book\architecture\introduction\why\index.md
2026-09-28T16:35:18.017Z - [36mverbose[39m: Rendering page: D:\Workspace\CS2113\AY2627-S1\ay2627s1-website\book\architecture\introduction\what\index.md
2026-09-28T16:35:20.135Z - [34mdebug[39m: 
2026-09-28T16:35:20.298Z - [34mdebug[39m: 
2026-09-28T16:35:20.374Z - [34mdebug[39m: 
2026-09-28T16:35:20.420Z - [34mdebug[39m: 
2026-09-28T16:35:20.506Z - [34mdebug[39m: 
2026-09-28T16:35:20.528Z - [34mdebug[39m: 
2026-09-28T16:35:20.554Z - [36mverbose[39m: Rendering page: D:\Workspace\CS2113\AY2627-S1\ay2627s1-website\book\architecture\introduction\components\index.md
2026-09-28T16:35:20.560Z - [36mverbose[39m: Rendering page: D:\Workspace\CS2113\AY2627-S1\ay2627s1-website\book\architecture\introduction\index.md
2026-09-28T16:35:20.568Z - [36mverbose[39m: Rendering page: D:\Workspace\CS2113\AY2627-S1\ay2627s1-website\book\architecture\architectureDiagrams\views\index.md
2026-09-28T16:35:20.575Z - [36mverbose[39m: Rendering page: D:\Workspace\CS2113\AY2627-S1\ay2627s1-website\book\architecture\index.md
2026-09-28T16:35:20.820Z - [36mverbose[39m: Rendering page: D:\Workspace\CS2113\AY2627-S1\ay2627s1-website\book\architecture\architecturalStyles\serviceOriented\what\index.md
2026-09-28T16:35:20.826Z - [36mverbose[39m: Rendering page: D:\Workspace\CS2113\AY2627-S1\ay2627s1-website\book\architecture\architectureDiagrams\drawing\index.md
2026-09-28T16:35:20.831Z - [36mverbose[39m: Rendering page: D:\Workspace\CS2113\AY2627-S1\ay2627s1-website\book\architecture\architectureDiagrams\index.md
2026-09-28T16:35:20.837Z - [36mverbose[39m: Rendering page: D:\Workspace\CS2113\AY2627-S1\ay2627s1-website\book\architecture\architectureDiagrams\reading\index.md
2026-09-28T16:35:21.072Z - [36mverbose[39m: Rendering page: D:\Workspace\CS2113\AY2627-S1\ay2627s1-website\book\architecture\architecturalStyles\more\usingStyles\index.md
2026-09-28T16:35:21.079Z - [36mverbose[39m: Rendering page: D:\Workspace\CS2113\AY2627-S1\ay2627s1-website\book\architecture\architecturalStyles\more\moreStyles\index.md
2026-09-28T16:35:21.085Z - [36mverbose[39m: Rendering page: D:\Workspace\CS2113\AY2627-S1\ay2627s1-website\book\architecture\architecturalStyles\more\index.md
2026-09-28T16:35:21.092Z - [36mverbose[39m: Rendering page: D:\Workspace\CS2113\AY2627-S1\ay2627s1-website\book\architecture\architecturalStyles\serviceOriented\index.md
2026-09-28T16:35:21.318Z - [36mverbose[39m: Rendering page: D:\Workspace\CS2113\AY2627-S1\ay2627s1-website\book\architecture\architecturalStyles\layered\what\index.md
2026-09-28T16:35:21.325Z - [36mverbose[39m: Rendering page: D:\Workspace\CS2113\AY2627-S1\ay2627s1-website\book\architecture\architecturalStyles\layered\index.md
2026-09-28T16:35:21.331Z - [36mverbose[39m: Rendering page: D:\Workspace\CS2113\AY2627-S1\ay2627s1-website\book\architecture\architecturalStyles\monolith\what\index.md
2026-09-28T16:35:21.337Z - [36mverbose[39m: Rendering page: D:\Workspace\CS2113\AY2627-S1\ay2627s1-website\book\architecture\architecturalStyles\monolith\index.md
2026-09-28T16:35:21.640Z - [36mverbose[39m: Rendering page: D:\Workspace\CS2113\AY2627-S1\ay2627s1-website\book\architecture\architecturalStyles\eventDriven\what\index.md
2026-09-28T16:35:21.647Z - [36mverbose[39m: Rendering page: D:\Workspace\CS2113\AY2627-S1\ay2627s1-website\book\architecture\architecturalStyles\introduction\index.md
2026-09-28T16:35:21.654Z - [36mverbose[39m: Rendering page: D:\Workspace\CS2113\AY2627-S1\ay2627s1-website\book\architecture\architecturalStyles\index.md
2026-09-28T16:35:21.669Z - [36mverbose[39m: Rendering page: D:\Workspace\CS2113\AY2627-S1\ay2627s1-website\book\architecture\architecturalStyles\introduction\what\index.md
2026-09-28T16:35:22.058Z - [36mverbose[39m: Rendering page: D:\Workspace\CS2113\AY2627-S1\ay2627s1-website\book\architecture\architecturalStyles\clientServer\what\index.md
2026-09-28T16:35:22.065Z - [36mverbose[39m: Rendering page: D:\Workspace\CS2113\AY2627-S1\ay2627s1-website\book\architecture\architecturalStyles\clientServer\index.md
2026-09-28T16:35:22.073Z - [36mverbose[39m: Rendering page: D:\Workspace\CS2113\AY2627-S1\ay2627s1-website\book\architecture\architecturalStyles\eventDriven\index.md
2026-09-28T16:35:22.514Z - [36mverbose[39m: Rendering page: D:\Workspace\CS2113\AY2627-S1\ay2627s1-website\se-book-adapted\git-trail\index.md
2026-09-28T16:35:22.521Z - [36mverbose[39m: Rendering page: D:\Workspace\CS2113\AY2627-S1\ay2627s1-website\se-book-adapted\common\exercises.md
2026-09-28T16:35:22.531Z - [36mverbose[39m: Rendering page: D:\Workspace\CS2113\AY2627-S1\ay2627s1-website\book\combined\exercises.md
2026-09-28T16:35:23.232Z - [36mverbose[39m: Rendering page: D:\Workspace\CS2113\AY2627-S1\ay2627s1-website\se-book-adapted\common\definitions.md
2026-09-28T16:35:23.242Z - [36mverbose[39m: Rendering page: D:\Workspace\CS2113\AY2627-S1\ay2627s1-website\se-book-adapted\chapters-printable\testing-printable.md
2026-09-28T16:35:23.261Z - [36mverbose[39m: Rendering page: D:\Workspace\CS2113\AY2627-S1\ay2627s1-website\se-book-adapted\chapters-printable\uml-printable.md
2026-09-28T16:35:23.285Z - [36mverbose[39m: Rendering page: D:\Workspace\CS2113\AY2627-S1\ay2627s1-website\se-book-adapted\chapters-printable\testCaseDesign-printable.md
2026-09-28T16:35:23.631Z - [36mverbose[39m: Rendering page: D:\Workspace\CS2113\AY2627-S1\ay2627s1-website\se-book-adapted\chapters-printable\teamwork-printable.md
2026-09-28T16:35:23.637Z - [36mverbose[39m: Rendering page: D:\Workspace\CS2113\AY2627-S1\ay2627s1-website\se-book-adapted\chapters-printable\security-printable.md
2026-09-28T16:35:23.645Z - [36mverbose[39m: Rendering page: D:\Workspace\CS2113\AY2627-S1\ay2627s1-website\se-book-adapted\chapters-printable\softwareEngineering-printable.md
2026-09-28T16:35:23.652Z - [36mverbose[39m: Rendering page: D:\Workspace\CS2113\AY2627-S1\ay2627s1-website\se-book-adapted\chapters-printable\specifyingRequirements-printable.md
2026-09-28T16:35:23.933Z - [36mverbose[39m: Rendering page: D:\Workspace\CS2113\AY2627-S1\ay2627s1-website\se-book-adapted\chapters-printable\qualityAssurance-printable.md
2026-09-28T16:35:23.940Z - [36mverbose[39m: Rendering page: D:\Workspace\CS2113\AY2627-S1\ay2627s1-website\se-book-adapted\chapters-printable\reuse-printable.md
2026-09-28T16:35:23.946Z - [36mverbose[39m: Rendering page: D:\Workspace\CS2113\AY2627-S1\ay2627s1-website\se-book-adapted\chapters-printable\requirements-printable.md
2026-09-28T16:35:23.953Z - [36mverbose[39m: Rendering page: D:\Workspace\CS2113\AY2627-S1\ay2627s1-website\se-book-adapted\chapters-printable\refactoring-printable.md
2026-09-28T16:35:24.457Z - [36mverbose[39m: Rendering page: D:\Workspace\CS2113\AY2627-S1\ay2627s1-website\se-book-adapted\chapters-printable\processModels-printable.md
2026-09-28T16:35:24.466Z - [36mverbose[39m: Rendering page: D:\Workspace\CS2113\AY2627-S1\ay2627s1-website\se-book-adapted\chapters-printable\projectPlanning-printable.md
2026-09-28T16:35:24.474Z - [36mverbose[39m: Rendering page: D:\Workspace\CS2113\AY2627-S1\ay2627s1-website\se-book-adapted\chapters-printable\principles-printable.md
2026-09-28T16:35:24.484Z - [36mverbose[39m: Rendering page: D:\Workspace\CS2113\AY2627-S1\ay2627s1-website\se-book-adapted\chapters-printable\oop-printable.md
2026-09-28T16:35:24.890Z - [36mverbose[39m: Rendering page: D:\Workspace\CS2113\AY2627-S1\ay2627s1-website\se-book-adapted\chapters-printable\integration-printable.md
2026-09-28T16:35:24.898Z - [36mverbose[39m: Rendering page: D:\Workspace\CS2113\AY2627-S1\ay2627s1-website\se-book-adapted\chapters-printable\intellij-printable.md
2026-09-28T16:35:24.904Z - [36mverbose[39m: Rendering page: D:\Workspace\CS2113\AY2627-S1\ay2627s1-website\se-book-adapted\chapters-printable\ides-printable.md
2026-09-28T16:35:24.909Z - [36mverbose[39m: Rendering page: D:\Workspace\CS2113\AY2627-S1\ay2627s1-website\se-book-adapted\chapters-printable\modeling-printable.md
2026-09-28T16:35:25.246Z - [36mverbose[39m: Rendering page: D:\Workspace\CS2113\AY2627-S1\ay2627s1-website\se-book-adapted\chapters-printable\errorHandling-printable.md
2026-09-28T16:35:25.256Z - [36mverbose[39m: Rendering page: D:\Workspace\CS2113\AY2627-S1\ay2627s1-website\se-book-adapted\chapters-printable\gatheringRequirements-printable.md
2026-09-28T16:35:25.264Z - [36mverbose[39m: Rendering page: D:\Workspace\CS2113\AY2627-S1\ay2627s1-website\se-book-adapted\chapters-printable\designPatterns-printable.md
2026-09-28T16:35:25.272Z - [36mverbose[39m: Rendering page: D:\Workspace\CS2113\AY2627-S1\ay2627s1-website\se-book-adapted\chapters-printable\documentation-printable.md
2026-09-28T16:35:25.524Z - [36mverbose[39m: Rendering page: D:\Workspace\CS2113\AY2627-S1\ay2627s1-website\se-book-adapted\chapters-printable\designApproaches-printable.md
2026-09-28T16:35:25.532Z - [36mverbose[39m: Rendering page: D:\Workspace\CS2113\AY2627-S1\ay2627s1-website\se-book-adapted\chapters-printable\design-printable.md
2026-09-28T16:35:25.538Z - [36mverbose[39m: Rendering page: D:\Workspace\CS2113\AY2627-S1\ay2627s1-website\se-book-adapted\chapters-printable\debugging-printable.md
2026-09-28T16:35:25.544Z - [36mverbose[39m: Rendering page: D:\Workspace\CS2113\AY2627-S1\ay2627s1-website\se-book-adapted\chapters-printable\designFundamentals-printable.md
2026-09-28T16:35:27.092Z - [36mverbose[39m: Rendering page: D:\Workspace\CS2113\AY2627-S1\ay2627s1-website\se-book-adapted\chapters-printable\architecture-printable.md
2026-09-28T16:35:27.103Z - [36mverbose[39m: Rendering page: D:\Workspace\CS2113\AY2627-S1\ay2627s1-website\se-book-adapted\chapters-printable\codeQuality-printable.md
2026-09-28T16:35:27.129Z - [36mverbose[39m: Rendering page: D:\Workspace\CS2113\AY2627-S1\ay2627s1-website\se-book-adapted\chapters\uml.md
2026-09-28T16:35:27.179Z - [36mverbose[39m: Rendering page: D:\Workspace\CS2113\AY2627-S1\ay2627s1-website\se-book-adapted\chapters-printable\cppToJava-printable.md
2026-09-28T16:35:28.083Z - [36mverbose[39m: Rendering page: D:\Workspace\CS2113\AY2627-S1\ay2627s1-website\se-book-adapted\chapters\test.md
2026-09-28T16:35:28.090Z - [36mverbose[39m: Rendering page: D:\Workspace\CS2113\AY2627-S1\ay2627s1-website\se-book-adapted\chapters\teamwork.md
2026-09-28T16:35:28.098Z - [36mverbose[39m: Rendering page: D:\Workspace\CS2113\AY2627-S1\ay2627s1-website\se-book-adapted\chapters\testCaseDesign.md
2026-09-28T16:35:28.122Z - [36mverbose[39m: Rendering page: D:\Workspace\CS2113\AY2627-S1\ay2627s1-website\se-book-adapted\chapters\testing.md
2026-09-28T16:35:28.817Z - [36mverbose[39m: Rendering page: D:\Workspace\CS2113\AY2627-S1\ay2627s1-website\se-book-adapted\chapters\softwareEngineering.md
2026-09-28T16:35:28.827Z - [36mverbose[39m: Rendering page: D:\Workspace\CS2113\AY2627-S1\ay2627s1-website\se-book-adapted\chapters\reuse.md
2026-09-28T16:35:28.840Z - [36mverbose[39m: Rendering page: D:\Workspace\CS2113\AY2627-S1\ay2627s1-website\se-book-adapted\chapters\specifyingRequirements.md
2026-09-28T16:35:28.872Z - [36mverbose[39m: Rendering page: D:\Workspace\CS2113\AY2627-S1\ay2627s1-website\se-book-adapted\chapters\security.md
2026-09-28T16:35:29.271Z - [36mverbose[39m: Rendering page: D:\Workspace\CS2113\AY2627-S1\ay2627s1-website\se-book-adapted\chapters\requirements.md
2026-09-28T16:35:29.283Z - [36mverbose[39m: Rendering page: D:\Workspace\CS2113\AY2627-S1\ay2627s1-website\se-book-adapted\chapters\projectPlanning.md
2026-09-28T16:35:29.294Z - [36mverbose[39m: Rendering page: D:\Workspace\CS2113\AY2627-S1\ay2627s1-website\se-book-adapted\chapters\qualityAssurance.md
2026-09-28T16:35:29.305Z - [36mverbose[39m: Rendering page: D:\Workspace\CS2113\AY2627-S1\ay2627s1-website\se-book-adapted\chapters\refactoring.md
2026-09-28T16:35:30.470Z - [36mverbose[39m: Rendering page: D:\Workspace\CS2113\AY2627-S1\ay2627s1-website\se-book-adapted\chapters\processModels.md
2026-09-28T16:35:30.485Z - [36mverbose[39m: Rendering page: D:\Workspace\CS2113\AY2627-S1\ay2627s1-website\se-book-adapted\chapters\principles.md
2026-09-28T16:35:30.499Z - [36mverbose[39m: Rendering page: D:\Workspace\CS2113\AY2627-S1\ay2627s1-website\se-book-adapted\chapters\modeling.md
2026-09-28T16:35:30.547Z - [36mverbose[39m: Rendering page: D:\Workspace\CS2113\AY2627-S1\ay2627s1-website\se-book-adapted\chapters\oop.md
2026-09-28T16:35:31.025Z - [36mverbose[39m: Rendering page: D:\Workspace\CS2113\AY2627-S1\ay2627s1-website\se-book-adapted\chapters\gatheringRequirements.md
2026-09-28T16:35:31.049Z - [36mverbose[39m: Rendering page: D:\Workspace\CS2113\AY2627-S1\ay2627s1-website\se-book-adapted\chapters\integration.md
2026-09-28T16:35:31.136Z - [36mverbose[39m: Rendering page: D:\Workspace\CS2113\AY2627-S1\ay2627s1-website\se-book-adapted\chapters\intellij.md
2026-09-28T16:35:31.182Z - [36mverbose[39m: Rendering page: D:\Workspace\CS2113\AY2627-S1\ay2627s1-website\se-book-adapted\chapters\ides.md
2026-09-28T16:35:32.260Z - [36mverbose[39m: Rendering page: D:\Workspace\CS2113\AY2627-S1\ay2627s1-website\se-book-adapted\chapters\designPatterns.md
2026-09-28T16:35:32.279Z - [36mverbose[39m: Rendering page: D:\Workspace\CS2113\AY2627-S1\ay2627s1-website\se-book-adapted\chapters\errorHandling.md
2026-09-28T16:35:32.300Z - [36mverbose[39m: Rendering page: D:\Workspace\CS2113\AY2627-S1\ay2627s1-website\se-book-adapted\chapters\designFundamentals.md
2026-09-28T16:35:32.316Z - [36mverbose[39m: Rendering page: D:\Workspace\CS2113\AY2627-S1\ay2627s1-website\se-book-adapted\chapters\documentation.md
2026-09-28T16:35:34.538Z - [36mverbose[39m: Rendering page: D:\Workspace\CS2113\AY2627-S1\ay2627s1-website\se-book-adapted\chapters\design.md
2026-09-28T16:35:34.547Z - [36mverbose[39m: Rendering page: D:\Workspace\CS2113\AY2627-S1\ay2627s1-website\se-book-adapted\chapters\debugging.md
2026-09-28T16:35:34.562Z - [36mverbose[39m: Rendering page: D:\Workspace\CS2113\AY2627-S1\ay2627s1-website\se-book-adapted\chapters\designApproaches.md
2026-09-28T16:35:34.574Z - [36mverbose[39m: Rendering page: D:\Workspace\CS2113\AY2627-S1\ay2627s1-website\se-book-adapted\chapters\cppToJava.md
2026-09-28T16:35:35.381Z - [36mverbose[39m: Rendering page: D:\Workspace\CS2113\AY2627-S1\ay2627s1-website\book\about\acknowledgements.md
2026-09-28T16:35:35.389Z - [36mverbose[39m: Rendering page: D:\Workspace\CS2113\AY2627-S1\ay2627s1-website\se-book-adapted\index.md
2026-09-28T16:35:35.397Z - [36mverbose[39m: Rendering page: D:\Workspace\CS2113\AY2627-S1\ay2627s1-website\se-book-adapted\chapters\architecture.md
2026-09-28T16:35:35.419Z - [36mverbose[39m: Rendering page: D:\Workspace\CS2113\AY2627-S1\ay2627s1-website\se-book-adapted\chapters\codeQuality.md
2026-09-28T16:35:35.983Z - [36mverbose[39m: Rendering page: D:\Workspace\CS2113\AY2627-S1\ay2627s1-website\schedule\week6\tutorial.md
2026-09-28T16:35:35.997Z - [36mverbose[39m: Rendering page: D:\Workspace\CS2113\AY2627-S1\ay2627s1-website\schedule\week8\tutorial.md
2026-09-28T16:35:36.007Z - [36mverbose[39m: Rendering page: D:\Workspace\CS2113\AY2627-S1\ay2627s1-website\schedule\week9\tutorial.md
2026-09-28T16:35:36.019Z - [36mverbose[39m: Rendering page: D:\Workspace\CS2113\AY2627-S1\ay2627s1-website\schedule\week7\tutorial.md
2026-09-28T16:35:37.105Z - [36mverbose[39m: Rendering page: D:\Workspace\CS2113\AY2627-S1\ay2627s1-website\schedule\week2\tutorial.md
2026-09-28T16:35:37.113Z - [36mverbose[39m: Rendering page: D:\Workspace\CS2113\AY2627-S1\ay2627s1-website\schedule\week5\tutorial.md
2026-09-28T16:35:37.122Z - [36mverbose[39m: Rendering page: D:\Workspace\CS2113\AY2627-S1\ay2627s1-website\schedule\week3\tutorial.md
2026-09-28T16:35:37.134Z - [36mverbose[39m: Rendering page: D:\Workspace\CS2113\AY2627-S1\ay2627s1-website\schedule\week4\tutorial.md
2026-09-28T16:35:37.658Z - [36mverbose[39m: Rendering page: D:\Workspace\CS2113\AY2627-S1\ay2627s1-website\schedule\week13\tutorial.md
2026-09-28T16:35:37.665Z - [36mverbose[39m: Rendering page: D:\Workspace\CS2113\AY2627-S1\ay2627s1-website\schedule\week11\tutorial.md
2026-09-28T16:35:37.675Z - [36mverbose[39m: Rendering page: D:\Workspace\CS2113\AY2627-S1\ay2627s1-website\schedule\week10\tutorial.md
2026-09-28T16:35:37.683Z - [36mverbose[39m: Rendering page: D:\Workspace\CS2113\AY2627-S1\ay2627s1-website\schedule\week12\tutorial.md
2026-09-28T16:35:39.396Z - [36mverbose[39m: Rendering page: D:\Workspace\CS2113\AY2627-S1\ay2627s1-website\schedule\week1\tutorial.md
2026-09-28T16:35:39.404Z - [36mverbose[39m: Rendering page: D:\Workspace\CS2113\AY2627-S1\ay2627s1-website\schedule\week7\topics.md
2026-09-28T16:35:39.426Z - [36mverbose[39m: Rendering page: D:\Workspace\CS2113\AY2627-S1\ay2627s1-website\schedule\week8\topics.md
2026-09-28T16:35:39.469Z - [36mverbose[39m: Rendering page: D:\Workspace\CS2113\AY2627-S1\ay2627s1-website\schedule\week9\topics.md
2026-09-28T16:35:43.154Z - [36mverbose[39m: Rendering page: D:\Workspace\CS2113\AY2627-S1\ay2627s1-website\schedule\week5\topics.md
2026-09-28T16:35:43.204Z - [36mverbose[39m: Rendering page: D:\Workspace\CS2113\AY2627-S1\ay2627s1-website\schedule\week6\topics.md
2026-09-28T16:35:43.274Z - [36mverbose[39m: Rendering page: D:\Workspace\CS2113\AY2627-S1\ay2627s1-website\schedule\week3\topics.md
2026-09-28T16:35:43.339Z - [36mverbose[39m: Rendering page: D:\Workspace\CS2113\AY2627-S1\ay2627s1-website\schedule\week4\topics.md
2026-09-28T16:35:45.484Z - [36mverbose[39m: Rendering page: D:\Workspace\CS2113\AY2627-S1\ay2627s1-website\schedule\week13\topics.md
2026-09-28T16:35:45.492Z - [36mverbose[39m: Rendering page: D:\Workspace\CS2113\AY2627-S1\ay2627s1-website\schedule\week2\topics.md
2026-09-28T16:35:45.546Z - [36mverbose[39m: Rendering page: D:\Workspace\CS2113\AY2627-S1\ay2627s1-website\schedule\week11\topics.md
2026-09-28T16:35:45.592Z - [36mverbose[39m: Rendering page: D:\Workspace\CS2113\AY2627-S1\ay2627s1-website\schedule\week12\topics.md
2026-09-28T16:35:48.214Z - [36mverbose[39m: Rendering page: D:\Workspace\CS2113\AY2627-S1\ay2627s1-website\schedule\week1\topics.md
2026-09-28T16:35:48.220Z - [36mverbose[39m: Rendering page: D:\Workspace\CS2113\AY2627-S1\ay2627s1-website\schedule\week8\project.md
2026-09-28T16:35:48.231Z - [36mverbose[39m: Rendering page: D:\Workspace\CS2113\AY2627-S1\ay2627s1-website\schedule\week9\project.md
2026-09-28T16:35:48.241Z - [36mverbose[39m: Rendering page: D:\Workspace\CS2113\AY2627-S1\ay2627s1-website\schedule\week10\topics.md
2026-09-28T16:35:52.867Z - [36mverbose[39m: Rendering page: D:\Workspace\CS2113\AY2627-S1\ay2627s1-website\schedule\week6\project.md
2026-09-28T16:35:52.884Z - [36mverbose[39m: Rendering page: D:\Workspace\CS2113\AY2627-S1\ay2627s1-website\schedule\week5\project.md
2026-09-28T16:35:52.901Z - [36mverbose[39m: Rendering page: D:\Workspace\CS2113\AY2627-S1\ay2627s1-website\schedule\week7\project.md
2026-09-28T16:35:52.918Z - [36mverbose[39m: Rendering page: D:\Workspace\CS2113\AY2627-S1\ay2627s1-website\schedule\week4\project.md
2026-09-28T16:35:56.622Z - [34mdebug[39m: 
2026-09-28T16:35:56.641Z - [34mdebug[39m: 
2026-09-28T16:35:56.717Z - [36mverbose[39m: Rendering page: D:\Workspace\CS2113\AY2627-S1\ay2627s1-website\schedule\week13\project.md
2026-09-28T16:35:56.724Z - [36mverbose[39m: Rendering page: D:\Workspace\CS2113\AY2627-S1\ay2627s1-website\schedule\week3\project.md
2026-09-28T16:35:56.736Z - [36mverbose[39m: Rendering page: D:\Workspace\CS2113\AY2627-S1\ay2627s1-website\schedule\week2\project.md
2026-09-28T16:35:56.750Z - [36mverbose[39m: Rendering page: D:\Workspace\CS2113\AY2627-S1\ay2627s1-website\schedule\week12\project.md
2026-09-28T16:35:58.504Z - [36mverbose[39m: Rendering page: D:\Workspace\CS2113\AY2627-S1\ay2627s1-website\schedule\week1\project.md
2026-09-28T16:35:58.512Z - [36mverbose[39m: Rendering page: D:\Workspace\CS2113\AY2627-S1\ay2627s1-website\schedule\week9\index.md
2026-09-28T16:35:58.522Z - [36mverbose[39m: Rendering page: D:\Workspace\CS2113\AY2627-S1\ay2627s1-website\schedule\week10\project.md
2026-09-28T16:35:58.533Z - [36mverbose[39m: Rendering page: D:\Workspace\CS2113\AY2627-S1\ay2627s1-website\schedule\week11\project.md
2026-09-28T16:35:59.476Z - [36mverbose[39m: Rendering page: D:\Workspace\CS2113\AY2627-S1\ay2627s1-website\schedule\week8\index.md
2026-09-28T16:35:59.484Z - [36mverbose[39m: Rendering page: D:\Workspace\CS2113\AY2627-S1\ay2627s1-website\schedule\week7\index.md
2026-09-28T16:35:59.492Z - [36mverbose[39m: Rendering page: D:\Workspace\CS2113\AY2627-S1\ay2627s1-website\schedule\week6\index.md
2026-09-28T16:35:59.501Z - [36mverbose[39m: Rendering page: D:\Workspace\CS2113\AY2627-S1\ay2627s1-website\schedule\week5\index.md
2026-09-28T16:36:00.419Z - [36mverbose[39m: Rendering page: D:\Workspace\CS2113\AY2627-S1\ay2627s1-website\schedule\week13\index.md
2026-09-28T16:36:00.427Z - [36mverbose[39m: Rendering page: D:\Workspace\CS2113\AY2627-S1\ay2627s1-website\schedule\week2\index.md
2026-09-28T16:36:00.435Z - [36mverbose[39m: Rendering page: D:\Workspace\CS2113\AY2627-S1\ay2627s1-website\schedule\week4\index.md
2026-09-28T16:36:00.447Z - [36mverbose[39m: Rendering page: D:\Workspace\CS2113\AY2627-S1\ay2627s1-website\schedule\week3\index.md
2026-09-28T16:36:01.546Z - [36mverbose[39m: Rendering page: D:\Workspace\CS2113\AY2627-S1\ay2627s1-website\schedule\week10\index.md
2026-09-28T16:36:01.556Z - [36mverbose[39m: Rendering page: D:\Workspace\CS2113\AY2627-S1\ay2627s1-website\schedule\week1\index.md
2026-09-28T16:36:01.566Z - [36mverbose[39m: Rendering page: D:\Workspace\CS2113\AY2627-S1\ay2627s1-website\schedule\week11\index.md
2026-09-28T16:36:01.577Z - [36mverbose[39m: Rendering page: D:\Workspace\CS2113\AY2627-S1\ay2627s1-website\schedule\week12\index.md
2026-09-28T16:36:02.332Z - [36mverbose[39m: Rendering page: D:\Workspace\CS2113\AY2627-S1\ay2627s1-website\schedule\week7\admin.md
2026-09-28T16:36:02.341Z - [36mverbose[39m: Rendering page: D:\Workspace\CS2113\AY2627-S1\ay2627s1-website\schedule\week9\admin.md
2026-09-28T16:36:02.355Z - [36mverbose[39m: Rendering page: D:\Workspace\CS2113\AY2627-S1\ay2627s1-website\schedule\week8\admin.md
2026-09-28T16:36:02.364Z - [36mverbose[39m: Rendering page: D:\Workspace\CS2113\AY2627-S1\ay2627s1-website\schedule\week6\admin.md
2026-09-28T16:36:03.946Z - [36mverbose[39m: Rendering page: D:\Workspace\CS2113\AY2627-S1\ay2627s1-website\schedule\week4\admin.md
2026-09-28T16:36:03.957Z - [36mverbose[39m: Rendering page: D:\Workspace\CS2113\AY2627-S1\ay2627s1-website\schedule\week2\admin.md
2026-09-28T16:36:03.972Z - [36mverbose[39m: Rendering page: D:\Workspace\CS2113\AY2627-S1\ay2627s1-website\schedule\week5\admin.md
2026-09-28T16:36:03.990Z - [36mverbose[39m: Rendering page: D:\Workspace\CS2113\AY2627-S1\ay2627s1-website\schedule\week3\admin.md
2026-09-28T16:36:04.325Z - [36mverbose[39m: Rendering page: D:\Workspace\CS2113\AY2627-S1\ay2627s1-website\schedule\week13\admin.md
2026-09-28T16:36:04.332Z - [36mverbose[39m: Rendering page: D:\Workspace\CS2113\AY2627-S1\ay2627s1-website\schedule\week11\admin.md
2026-09-28T16:36:04.338Z - [36mverbose[39m: Rendering page: D:\Workspace\CS2113\AY2627-S1\ay2627s1-website\schedule\week10\admin.md
2026-09-28T16:36:04.345Z - [36mverbose[39m: Rendering page: D:\Workspace\CS2113\AY2627-S1\ay2627s1-website\schedule\week12\admin.md
2026-09-28T16:36:08.580Z - [34mdebug[39m: 
2026-09-28T16:36:08.665Z - [36mverbose[39m: Rendering page: D:\Workspace\CS2113\AY2627-S1\ay2627s1-website\schedule\index.md
2026-09-28T16:36:08.674Z - [36mverbose[39m: Rendering page: D:\Workspace\CS2113\AY2627-S1\ay2627s1-website\schedule\timeline.md
2026-09-28T16:36:08.706Z - [36mverbose[39m: Rendering page: D:\Workspace\CS2113\AY2627-S1\ay2627s1-website\schedule\week1\admin.md
2026-09-28T16:36:08.723Z - [36mverbose[39m: Rendering page: D:\Workspace\CS2113\AY2627-S1\ay2627s1-website\projectDuke\text.md
2026-09-28T16:36:09.424Z - [36mverbose[39m: Rendering page: D:\Workspace\CS2113\AY2627-S1\ay2627s1-website\projectDuke\print.md
2026-09-28T16:36:09.430Z - [36mverbose[39m: Rendering page: D:\Workspace\CS2113\AY2627-S1\ay2627s1-website\projectDuke\path.md
2026-09-28T16:36:09.438Z - [36mverbose[39m: Rendering page: D:\Workspace\CS2113\AY2627-S1\ay2627s1-website\projectDuke\cs3227.md
2026-09-28T16:36:09.470Z - [36mverbose[39m: Rendering page: D:\Workspace\CS2113\AY2627-S1\ay2627s1-website\projectDuke\index.md
2026-09-28T16:36:09.785Z - [36mverbose[39m: Rendering page: D:\Workspace\CS2113\AY2627-S1\ay2627s1-website\admin\weeklySchedule.md
2026-09-28T16:36:09.795Z - [36mverbose[39m: Rendering page: D:\Workspace\CS2113\AY2627-S1\ay2627s1-website\admin\tutors-info.md
2026-09-28T16:36:09.802Z - [36mverbose[39m: Rendering page: D:\Workspace\CS2113\AY2627-S1\ay2627s1-website\admin\uml-reference-sheet.md
2026-09-28T16:36:09.808Z - [36mverbose[39m: Rendering page: D:\Workspace\CS2113\AY2627-S1\ay2627s1-website\admin\usingThisWebsite.md
2026-09-28T16:36:12.133Z - [36mverbose[39m: Rendering page: D:\Workspace\CS2113\AY2627-S1\ay2627s1-website\admin\tutorials.md
2026-09-28T16:36:12.150Z - [36mverbose[39m: Rendering page: D:\Workspace\CS2113\AY2627-S1\ay2627s1-website\admin\tp-w9.md
2026-09-28T16:36:12.163Z - [36mverbose[39m: Rendering page: D:\Workspace\CS2113\AY2627-S1\ay2627s1-website\admin\tp-w7.md
2026-09-28T16:36:12.178Z - [36mverbose[39m: Rendering page: D:\Workspace\CS2113\AY2627-S1\ay2627s1-website\admin\tp-w8.md
2026-09-28T16:36:14.299Z - [36mverbose[39m: Rendering page: D:\Workspace\CS2113\AY2627-S1\ay2627s1-website\admin\tp-w3.md
2026-09-28T16:36:14.309Z - [36mverbose[39m: Rendering page: D:\Workspace\CS2113\AY2627-S1\ay2627s1-website\admin\tp-w5.md
2026-09-28T16:36:14.324Z - [36mverbose[39m: Rendering page: D:\Workspace\CS2113\AY2627-S1\ay2627s1-website\admin\tp-w4.md
2026-09-28T16:36:14.340Z - [36mverbose[39m: Rendering page: D:\Workspace\CS2113\AY2627-S1\ay2627s1-website\admin\tp-w6.md
2026-09-28T16:36:17.590Z - [36mverbose[39m: Rendering page: D:\Workspace\CS2113\AY2627-S1\ay2627s1-website\admin\tp-w2.md
2026-09-28T16:36:17.595Z - [36mverbose[39m: Rendering page: D:\Workspace\CS2113\AY2627-S1\ay2627s1-website\admin\tp-w13.md
2026-09-28T16:36:17.604Z - [36mverbose[39m: Rendering page: D:\Workspace\CS2113\AY2627-S1\ay2627s1-website\admin\tp-w11.md
2026-09-28T16:36:17.624Z - [36mverbose[39m: Rendering page: D:\Workspace\CS2113\AY2627-S1\ay2627s1-website\admin\tp-w12.md
2026-09-28T16:36:19.383Z - [34mdebug[39m: 
2026-09-28T16:36:19.403Z - [34mdebug[39m: 
2026-09-28T16:36:19.451Z - [36mverbose[39m: Rendering page: D:\Workspace\CS2113\AY2627-S1\ay2627s1-website\admin\tp-teams.md
2026-09-28T16:36:19.460Z - [36mverbose[39m: Rendering page: D:\Workspace\CS2113\AY2627-S1\ay2627s1-website\admin\tp-supervision.md
2026-09-28T16:36:19.468Z - [36mverbose[39m: Rendering page: D:\Workspace\CS2113\AY2627-S1\ay2627s1-website\admin\tp-timeline.md
2026-09-28T16:36:19.476Z - [36mverbose[39m: Rendering page: D:\Workspace\CS2113\AY2627-S1\ay2627s1-website\admin\tp-w10.md
2026-09-28T16:36:21.778Z - [36mverbose[39m: Rendering page: D:\Workspace\CS2113\AY2627-S1\ay2627s1-website\admin\tp-overview.md
2026-09-28T16:36:21.790Z - [36mverbose[39m: Rendering page: D:\Workspace\CS2113\AY2627-S1\ay2627s1-website\admin\tp-grading.md
2026-09-28T16:36:21.805Z - [36mverbose[39m: Rendering page: D:\Workspace\CS2113\AY2627-S1\ay2627s1-website\admin\tp-ped.md
2026-09-28T16:36:21.840Z - [36mverbose[39m: Rendering page: D:\Workspace\CS2113\AY2627-S1\ay2627s1-website\admin\tp-pe.md
2026-09-28T16:36:22.435Z - [36mverbose[39m: Rendering page: D:\Workspace\CS2113\AY2627-S1\ay2627s1-website\admin\tp-common-fragments.md
2026-09-28T16:36:22.442Z - [36mverbose[39m: Rendering page: D:\Workspace\CS2113\AY2627-S1\ay2627s1-website\admin\tp-expectations.md
2026-09-28T16:36:22.453Z - [36mverbose[39m: Rendering page: D:\Workspace\CS2113\AY2627-S1\ay2627s1-website\admin\tp-deliverables.md
2026-09-28T16:36:22.467Z - [36mverbose[39m: Rendering page: D:\Workspace\CS2113\AY2627-S1\ay2627s1-website\admin\tp-constraints.md
2026-09-28T16:36:22.870Z - [36mverbose[39m: Rendering page: D:\Workspace\CS2113\AY2627-S1\ay2627s1-website\admin\syllabus.md
2026-09-28T16:36:22.880Z - [36mverbose[39m: Rendering page: D:\Workspace\CS2113\AY2627-S1\ay2627s1-website\admin\textbooks.md
2026-09-28T16:36:22.889Z - [36mverbose[39m: Rendering page: D:\Workspace\CS2113\AY2627-S1\ay2627s1-website\admin\tools.md
2026-09-28T16:36:22.904Z - [36mverbose[39m: Rendering page: D:\Workspace\CS2113\AY2627-S1\ay2627s1-website\admin\teamList.md
2026-09-28T16:36:23.202Z - [36mverbose[39m: Rendering page: D:\Workspace\CS2113\AY2627-S1\ay2627s1-website\admin\reposenseAuthorAnnotation.md
2026-09-28T16:36:23.210Z - [36mverbose[39m: Rendering page: D:\Workspace\CS2113\AY2627-S1\ay2627s1-website\admin\programmingLanguages.md
2026-09-28T16:36:23.219Z - [36mverbose[39m: Rendering page: D:\Workspace\CS2113\AY2627-S1\ay2627s1-website\admin\standardsAndConventions.md
2026-09-28T16:36:23.228Z - [36mverbose[39m: Rendering page: D:\Workspace\CS2113\AY2627-S1\ay2627s1-website\admin\peerEvaluations.md
2026-09-28T16:36:23.510Z - [36mverbose[39m: Rendering page: D:\Workspace\CS2113\AY2627-S1\ay2627s1-website\admin\mid-semester-survey-results.md
2026-09-28T16:36:23.517Z - [36mverbose[39m: Rendering page: D:\Workspace\CS2113\AY2627-S1\ay2627s1-website\admin\overview-for-teachers.md
2026-09-28T16:36:23.528Z - [36mverbose[39m: Rendering page: D:\Workspace\CS2113\AY2627-S1\ay2627s1-website\admin\lectures.md
2026-09-28T16:36:23.537Z - [36mverbose[39m: Rendering page: D:\Workspace\CS2113\AY2627-S1\ay2627s1-website\admin\participation.md
2026-09-28T16:36:24.610Z - [36mverbose[39m: Rendering page: D:\Workspace\CS2113\AY2627-S1\ay2627s1-website\admin\ip-w8.md
2026-09-28T16:36:24.621Z - [36mverbose[39m: Rendering page: D:\Workspace\CS2113\AY2627-S1\ay2627s1-website\admin\ip-w6.md
2026-09-28T16:36:24.633Z - [36mverbose[39m: Rendering page: D:\Workspace\CS2113\AY2627-S1\ay2627s1-website\admin\ip-w5.md
2026-09-28T16:36:24.649Z - [36mverbose[39m: Rendering page: D:\Workspace\CS2113\AY2627-S1\ay2627s1-website\admin\ip-w7.md
2026-09-28T16:36:25.979Z - [36mverbose[39m: Rendering page: D:\Workspace\CS2113\AY2627-S1\ay2627s1-website\admin\ip-w3.md
2026-09-28T16:36:25.990Z - [36mverbose[39m: Rendering page: D:\Workspace\CS2113\AY2627-S1\ay2627s1-website\admin\ip-w2.md
2026-09-28T16:36:26.004Z - [36mverbose[39m: Rendering page: D:\Workspace\CS2113\AY2627-S1\ay2627s1-website\admin\ip-w4.md
2026-09-28T16:36:26.019Z - [36mverbose[39m: Rendering page: D:\Workspace\CS2113\AY2627-S1\ay2627s1-website\admin\ip-showcase.md
2026-09-28T16:36:26.245Z - [36mverbose[39m: Rendering page: D:\Workspace\CS2113\AY2627-S1\ay2627s1-website\admin\instructors.md
2026-09-28T16:36:26.253Z - [36mverbose[39m: Rendering page: D:\Workspace\CS2113\AY2627-S1\ay2627s1-website\admin\ip-grading.md
2026-09-28T16:36:26.262Z - [36mverbose[39m: Rendering page: D:\Workspace\CS2113\AY2627-S1\ay2627s1-website\admin\index.md
2026-09-28T16:36:26.270Z - [36mverbose[39m: Rendering page: D:\Workspace\CS2113\AY2627-S1\ay2627s1-website\admin\ip-overview.md
2026-09-28T16:36:27.046Z - [36mverbose[39m: Rendering page: D:\Workspace\CS2113\AY2627-S1\ay2627s1-website\admin\exam-reference-sheet.md
2026-09-28T16:36:27.053Z - [36mverbose[39m: Rendering page: D:\Workspace\CS2113\AY2627-S1\ay2627s1-website\admin\exams-f2f.md
2026-09-28T16:36:27.060Z - [36mverbose[39m: Rendering page: D:\Workspace\CS2113\AY2627-S1\ay2627s1-website\admin\exams.md
2026-09-28T16:36:27.069Z - [36mverbose[39m: Rendering page: D:\Workspace\CS2113\AY2627-S1\ay2627s1-website\admin\gradeBreakdown.md
2026-09-28T16:36:27.314Z - [36mverbose[39m: Rendering page: D:\Workspace\CS2113\AY2627-S1\ay2627s1-website\admin\exam-pen-and-paper.md
2026-09-28T16:36:27.322Z - [36mverbose[39m: Rendering page: D:\Workspace\CS2113\AY2627-S1\ay2627s1-website\admin\courseExpectations.md
2026-09-28T16:36:27.332Z - [36mverbose[39m: Rendering page: D:\Workspace\CS2113\AY2627-S1\ay2627s1-website\admin\courseBriefings.md
2026-09-28T16:36:27.343Z - [36mverbose[39m: Rendering page: D:\Workspace\CS2113\AY2627-S1\ay2627s1-website\admin\courseOverview.md
2026-09-28T16:36:27.569Z - [36mverbose[39m: Rendering page: D:\Workspace\CS2113\AY2627-S1\ay2627s1-website\admin\appendixH-tipsFromStudents.md
2026-09-28T16:36:27.581Z - [36mverbose[39m: Rendering page: D:\Workspace\CS2113\AY2627-S1\ay2627s1-website\admin\appendixG-troubleshooting.md
2026-09-28T16:36:27.587Z - [36mverbose[39m: Rendering page: D:\Workspace\CS2113\AY2627-S1\ay2627s1-website\admin\appendixG-CS2103R.md
2026-09-28T16:36:27.593Z - [36mverbose[39m: Rendering page: D:\Workspace\CS2113\AY2627-S1\ay2627s1-website\admin\appendixF-teamworkIssues.md
2026-09-28T16:36:29.932Z - [36mverbose[39m: Rendering page: D:\Workspace\CS2113\AY2627-S1\ay2627s1-website\admin\appendixE-gitHub.md
2026-09-28T16:36:29.948Z - [36mverbose[39m: Rendering page: D:\Workspace\CS2113\AY2627-S1\ay2627s1-website\admin\appendixD-help.md
2026-09-28T16:36:29.959Z - [36mverbose[39m: Rendering page: D:\Workspace\CS2113\AY2627-S1\ay2627s1-website\admin\appendixC-faq.md
2026-09-28T16:36:30.092Z - [32minfo[39m: Pages built
2026-09-28T16:36:33.320Z - [32minfo[39m: Site data built
2026-09-28T16:36:33.321Z - [32minfo[39m: Website generation complete! Total build time: 155.332s
2026-09-28T16:36:33.321Z - [32minfo[39m: Build success!
