2026-08-30T13:28:01.931Z - [32minfo[39m: Website generation started at 9:27:56 pm
2026-08-30T13:28:03.640Z - [32minfo[39m: Building assets...
2026-08-30T13:28:05.945Z - [32minfo[39m: Assets built
2026-08-30T13:28:05.946Z - [32minfo[39m: Generating pages...
2026-08-30T13:28:06.752Z - [36mverbose[39m: Rendering page: D:\Workspace\CS2113\AY2627-S1\ay2627s1-website\admin\acknowledgements.md
2026-08-30T13:28:06.771Z - [36mverbose[39m: Rendering page: D:\Workspace\CS2113\AY2627-S1\ay2627s1-website\admin\CP3108A-option.md
2026-08-30T13:28:06.782Z - [36mverbose[39m: Rendering page: D:\Workspace\CS2113\AY2627-S1\ay2627s1-website\admin\appendixB-policies.md
2026-08-30T13:28:06.828Z - [36mverbose[39m: Rendering page: D:\Workspace\CS2113\AY2627-S1\ay2627s1-website\admin\appendixA-principles.md
2026-08-30T13:28:12.843Z - [34mdebug[39m: 
2026-08-30T13:28:12.876Z - [34mdebug[39m: 
2026-08-30T13:28:12.888Z - [34mdebug[39m: 
2026-08-30T13:28:12.889Z - [34mdebug[39m: 
2026-08-30T13:28:12.911Z - [34mdebug[39m: 
2026-08-30T13:28:12.913Z - [34mdebug[39m: 
2026-08-30T13:28:12.925Z - [34mdebug[39m: 
2026-08-30T13:28:12.959Z - [34mdebug[39m: 
2026-08-30T13:28:12.964Z - [34mdebug[39m: 
2026-08-30T13:28:12.980Z - [34mdebug[39m: 
2026-08-30T13:28:12.987Z - [34mdebug[39m: 
2026-08-30T13:28:12.994Z - [34mdebug[39m: 
2026-08-30T13:28:12.994Z - [34mdebug[39m: 
2026-08-30T13:28:13.002Z - [34mdebug[39m: 
2026-08-30T13:28:13.022Z - [34mdebug[39m: 
2026-08-30T13:28:13.024Z - [34mdebug[39m: 
2026-08-30T13:28:13.154Z - [34mdebug[39m: 
2026-08-30T13:28:13.200Z - [36mverbose[39m: Rendering page: D:\Workspace\CS2113\AY2627-S1\ay2627s1-website\index.md
2026-08-30T13:28:13.212Z - [36mverbose[39m: Rendering page: D:\Workspace\CS2113\AY2627-S1\ay2627s1-website\book\uml\stereotypes\index.md
2026-08-30T13:28:13.218Z - [36mverbose[39m: Rendering page: D:\Workspace\CS2113\AY2627-S1\ay2627s1-website\book\uml\stereotypes\what\index.md
2026-08-30T13:28:13.223Z - [36mverbose[39m: Rendering page: D:\Workspace\CS2113\AY2627-S1\ay2627s1-website\se-book-adapted\print.md
2026-08-30T13:28:13.471Z - [36mverbose[39m: Rendering page: D:\Workspace\CS2113\AY2627-S1\ay2627s1-website\book\uml\sequenceDiagrams\staticMethods\index.md
2026-08-30T13:28:13.477Z - [36mverbose[39m: Rendering page: D:\Workspace\CS2113\AY2627-S1\ay2627s1-website\book\uml\sequenceDiagrams\parallelPaths\index.md
2026-08-30T13:28:13.482Z - [36mverbose[39m: Rendering page: D:\Workspace\CS2113\AY2627-S1\ay2627s1-website\book\uml\sequenceDiagrams\referenceFrames\index.md
2026-08-30T13:28:13.487Z - [36mverbose[39m: Rendering page: D:\Workspace\CS2113\AY2627-S1\ay2627s1-website\book\uml\sequenceDiagrams\selfInvocation\index.md
2026-08-30T13:28:13.593Z - [36mverbose[39m: Rendering page: D:\Workspace\CS2113\AY2627-S1\ay2627s1-website\book\uml\sequenceDiagrams\minimalNotation\index.md
2026-08-30T13:28:13.600Z - [36mverbose[39m: Rendering page: D:\Workspace\CS2113\AY2627-S1\ay2627s1-website\book\uml\sequenceDiagrams\objectDeletion\index.md
2026-08-30T13:28:13.607Z - [36mverbose[39m: Rendering page: D:\Workspace\CS2113\AY2627-S1\ay2627s1-website\book\uml\sequenceDiagrams\optionalPaths\index.md
2026-08-30T13:28:13.614Z - [36mverbose[39m: Rendering page: D:\Workspace\CS2113\AY2627-S1\ay2627s1-website\book\uml\sequenceDiagrams\objectCreation\index.md
2026-08-30T13:28:13.796Z - [36mverbose[39m: Rendering page: D:\Workspace\CS2113\AY2627-S1\ay2627s1-website\book\uml\sequenceDiagrams\introduction\index.md
2026-08-30T13:28:13.803Z - [36mverbose[39m: Rendering page: D:\Workspace\CS2113\AY2627-S1\ay2627s1-website\book\uml\sequenceDiagrams\loops\index.md
2026-08-30T13:28:13.809Z - [36mverbose[39m: Rendering page: D:\Workspace\CS2113\AY2627-S1\ay2627s1-website\book\uml\sequenceDiagrams\basic\index.md
2026-08-30T13:28:13.816Z - [36mverbose[39m: Rendering page: D:\Workspace\CS2113\AY2627-S1\ay2627s1-website\book\uml\sequenceDiagrams\index.md
2026-08-30T13:28:13.960Z - [36mverbose[39m: Rendering page: D:\Workspace\CS2113\AY2627-S1\ay2627s1-website\book\uml\objectDiagrams\objects\index.md
2026-08-30T13:28:13.968Z - [36mverbose[39m: Rendering page: D:\Workspace\CS2113\AY2627-S1\ay2627s1-website\book\uml\objectDiagrams\index.md
2026-08-30T13:28:13.976Z - [36mverbose[39m: Rendering page: D:\Workspace\CS2113\AY2627-S1\ay2627s1-website\book\uml\sequenceDiagrams\alternativePaths\index.md
2026-08-30T13:28:13.982Z - [36mverbose[39m: Rendering page: D:\Workspace\CS2113\AY2627-S1\ay2627s1-website\book\uml\objectDiagrams\introduction\index.md
2026-08-30T13:28:14.090Z - [36mverbose[39m: Rendering page: D:\Workspace\CS2113\AY2627-S1\ay2627s1-website\book\uml\notes\notes\index.md
2026-08-30T13:28:14.097Z - [36mverbose[39m: Rendering page: D:\Workspace\CS2113\AY2627-S1\ay2627s1-website\book\uml\notes\constraints\index.md
2026-08-30T13:28:14.103Z - [36mverbose[39m: Rendering page: D:\Workspace\CS2113\AY2627-S1\ay2627s1-website\book\uml\notes\index.md
2026-08-30T13:28:14.109Z - [36mverbose[39m: Rendering page: D:\Workspace\CS2113\AY2627-S1\ay2627s1-website\book\uml\objectDiagrams\associations\index.md
2026-08-30T13:28:16.093Z - [34mdebug[39m: 
2026-08-30T13:28:16.094Z - [34mdebug[39m: 
2026-08-30T13:28:16.094Z - [34mdebug[39m: 
2026-08-30T13:28:16.100Z - [34mdebug[39m: 
2026-08-30T13:28:16.101Z - [34mdebug[39m: 
2026-08-30T13:28:16.108Z - [34mdebug[39m: 
2026-08-30T13:28:16.407Z - [34mdebug[39m: 
2026-08-30T13:28:16.474Z - [36mverbose[39m: Rendering page: D:\Workspace\CS2113\AY2627-S1\ay2627s1-website\book\uml\miscellaneous\index.md
2026-08-30T13:28:16.483Z - [36mverbose[39m: Rendering page: D:\Workspace\CS2113\AY2627-S1\ay2627s1-website\book\uml\miscellaneous\objectVsClassDiagrams\index.md
2026-08-30T13:28:16.489Z - [36mverbose[39m: Rendering page: D:\Workspace\CS2113\AY2627-S1\ay2627s1-website\book\uml\classDiagrams\introduction\what\index.md
2026-08-30T13:28:16.495Z - [36mverbose[39m: Rendering page: D:\Workspace\CS2113\AY2627-S1\ay2627s1-website\book\uml\index.md
2026-08-30T13:28:16.847Z - [36mverbose[39m: Rendering page: D:\Workspace\CS2113\AY2627-S1\ay2627s1-website\book\uml\classDiagrams\interfaces\index.md
2026-08-30T13:28:16.854Z - [36mverbose[39m: Rendering page: D:\Workspace\CS2113\AY2627-S1\ay2627s1-website\book\uml\classDiagrams\interfaces\what\index.md
2026-08-30T13:28:16.861Z - [36mverbose[39m: Rendering page: D:\Workspace\CS2113\AY2627-S1\ay2627s1-website\book\uml\classDiagrams\introduction\index.md
2026-08-30T13:28:16.868Z - [36mverbose[39m: Rendering page: D:\Workspace\CS2113\AY2627-S1\ay2627s1-website\book\uml\classDiagrams\index.md
2026-08-30T13:28:17.012Z - [36mverbose[39m: Rendering page: D:\Workspace\CS2113\AY2627-S1\ay2627s1-website\book\uml\classDiagrams\dependencies\index.md
2026-08-30T13:28:17.020Z - [36mverbose[39m: Rendering page: D:\Workspace\CS2113\AY2627-S1\ay2627s1-website\book\uml\classDiagrams\enumerations\what\index.md
2026-08-30T13:28:17.026Z - [36mverbose[39m: Rendering page: D:\Workspace\CS2113\AY2627-S1\ay2627s1-website\book\uml\classDiagrams\enumerations\index.md
2026-08-30T13:28:17.032Z - [36mverbose[39m: Rendering page: D:\Workspace\CS2113\AY2627-S1\ay2627s1-website\book\uml\classDiagrams\dependencies\what\index.md
2026-08-30T13:28:17.180Z - [36mverbose[39m: Rendering page: D:\Workspace\CS2113\AY2627-S1\ay2627s1-website\book\uml\classDiagrams\composition\what\index.md
2026-08-30T13:28:17.187Z - [36mverbose[39m: Rendering page: D:\Workspace\CS2113\AY2627-S1\ay2627s1-website\book\uml\classDiagrams\composition\index.md
2026-08-30T13:28:17.193Z - [36mverbose[39m: Rendering page: D:\Workspace\CS2113\AY2627-S1\ay2627s1-website\book\uml\classDiagrams\combine\index.md
2026-08-30T13:28:17.202Z - [36mverbose[39m: Rendering page: D:\Workspace\CS2113\AY2627-S1\ay2627s1-website\book\uml\classDiagrams\combine\basic\index.md
2026-08-30T13:28:17.370Z - [36mverbose[39m: Rendering page: D:\Workspace\CS2113\AY2627-S1\ay2627s1-website\book\uml\classDiagrams\classLevelMembers\index.md
2026-08-30T13:28:17.378Z - [36mverbose[39m: Rendering page: D:\Workspace\CS2113\AY2627-S1\ay2627s1-website\book\uml\classDiagrams\classLevelMembers\what\index.md
2026-08-30T13:28:17.384Z - [36mverbose[39m: Rendering page: D:\Workspace\CS2113\AY2627-S1\ay2627s1-website\book\uml\classDiagrams\classes\what\index.md
2026-08-30T13:28:17.393Z - [36mverbose[39m: Rendering page: D:\Workspace\CS2113\AY2627-S1\ay2627s1-website\book\uml\classDiagrams\classes\index.md
2026-08-30T13:28:17.523Z - [36mverbose[39m: Rendering page: D:\Workspace\CS2113\AY2627-S1\ay2627s1-website\book\uml\classDiagrams\classInheritance\what\index.md
2026-08-30T13:28:17.530Z - [36mverbose[39m: Rendering page: D:\Workspace\CS2113\AY2627-S1\ay2627s1-website\book\uml\classDiagrams\associationsAsAttributes\what\index.md
2026-08-30T13:28:17.536Z - [36mverbose[39m: Rendering page: D:\Workspace\CS2113\AY2627-S1\ay2627s1-website\book\uml\classDiagrams\associationsAsAttributes\index.md
2026-08-30T13:28:17.544Z - [36mverbose[39m: Rendering page: D:\Workspace\CS2113\AY2627-S1\ay2627s1-website\book\uml\classDiagrams\classInheritance\index.md
2026-08-30T13:28:17.703Z - [36mverbose[39m: Rendering page: D:\Workspace\CS2113\AY2627-S1\ay2627s1-website\book\uml\classDiagrams\associations\multiplicity\index.md
2026-08-30T13:28:17.710Z - [36mverbose[39m: Rendering page: D:\Workspace\CS2113\AY2627-S1\ay2627s1-website\book\uml\classDiagrams\associations\what\index.md
2026-08-30T13:28:17.716Z - [36mverbose[39m: Rendering page: D:\Workspace\CS2113\AY2627-S1\ay2627s1-website\book\uml\classDiagrams\associations\navigability\index.md
2026-08-30T13:28:17.724Z - [36mverbose[39m: Rendering page: D:\Workspace\CS2113\AY2627-S1\ay2627s1-website\book\uml\classDiagrams\associations\roles\index.md
2026-08-30T13:28:17.872Z - [36mverbose[39m: Rendering page: D:\Workspace\CS2113\AY2627-S1\ay2627s1-website\book\uml\classDiagrams\associations\labels\index.md
2026-08-30T13:28:17.878Z - [36mverbose[39m: Rendering page: D:\Workspace\CS2113\AY2627-S1\ay2627s1-website\book\uml\classDiagrams\associationClasses\index.md
2026-08-30T13:28:17.885Z - [36mverbose[39m: Rendering page: D:\Workspace\CS2113\AY2627-S1\ay2627s1-website\book\uml\classDiagrams\associationClasses\what\index.md
2026-08-30T13:28:17.891Z - [36mverbose[39m: Rendering page: D:\Workspace\CS2113\AY2627-S1\ay2627s1-website\book\uml\classDiagrams\associations\index.md
2026-08-30T13:28:18.033Z - [36mverbose[39m: Rendering page: D:\Workspace\CS2113\AY2627-S1\ay2627s1-website\book\uml\classDiagrams\abstractClasses\what\index.md
2026-08-30T13:28:18.040Z - [36mverbose[39m: Rendering page: D:\Workspace\CS2113\AY2627-S1\ay2627s1-website\book\uml\classDiagrams\abstractClasses\index.md
2026-08-30T13:28:18.046Z - [36mverbose[39m: Rendering page: D:\Workspace\CS2113\AY2627-S1\ay2627s1-website\book\uml\classDiagrams\aggregation\index.md
2026-08-30T13:28:18.052Z - [36mverbose[39m: Rendering page: D:\Workspace\CS2113\AY2627-S1\ay2627s1-website\book\uml\classDiagrams\aggregation\what\index.md
2026-08-30T13:28:18.217Z - [36mverbose[39m: Rendering page: D:\Workspace\CS2113\AY2627-S1\ay2627s1-website\book\uml\activityDiagrams\introduction\index.md
2026-08-30T13:28:18.224Z - [36mverbose[39m: Rendering page: D:\Workspace\CS2113\AY2627-S1\ay2627s1-website\book\uml\activityDiagrams\basicNotations\swimlanes\index.md
2026-08-30T13:28:18.230Z - [36mverbose[39m: Rendering page: D:\Workspace\CS2113\AY2627-S1\ay2627s1-website\book\uml\activityDiagrams\introduction\what\index.md
2026-08-30T13:28:18.235Z - [36mverbose[39m: Rendering page: D:\Workspace\CS2113\AY2627-S1\ay2627s1-website\book\uml\activityDiagrams\index.md
2026-08-30T13:28:18.381Z - [36mverbose[39m: Rendering page: D:\Workspace\CS2113\AY2627-S1\ay2627s1-website\book\uml\activityDiagrams\basicNotations\parallelPaths\index.md
2026-08-30T13:28:18.388Z - [36mverbose[39m: Rendering page: D:\Workspace\CS2113\AY2627-S1\ay2627s1-website\book\uml\activityDiagrams\basicNotations\rakes\index.md
2026-08-30T13:28:18.394Z - [36mverbose[39m: Rendering page: D:\Workspace\CS2113\AY2627-S1\ay2627s1-website\book\uml\activityDiagrams\basicNotations\linearPaths\index.md
2026-08-30T13:28:18.400Z - [36mverbose[39m: Rendering page: D:\Workspace\CS2113\AY2627-S1\ay2627s1-website\book\uml\activityDiagrams\basicNotations\index.md
2026-08-30T13:28:18.604Z - [36mverbose[39m: Rendering page: D:\Workspace\CS2113\AY2627-S1\ay2627s1-website\book\uml\activityDiagrams\basicNotations\alternatePaths\index.md
2026-08-30T13:28:18.612Z - [36mverbose[39m: Rendering page: D:\Workspace\CS2113\AY2627-S1\ay2627s1-website\book\testing\testingTypes\unitTesting\what\index.md
2026-08-30T13:28:18.618Z - [36mverbose[39m: Rendering page: D:\Workspace\CS2113\AY2627-S1\ay2627s1-website\book\testing\testingTypes\unitTesting\index.md
2026-08-30T13:28:18.627Z - [36mverbose[39m: Rendering page: D:\Workspace\CS2113\AY2627-S1\ay2627s1-website\book\testing\testingTypes\unitTesting\stubs\index.md
2026-08-30T13:28:18.768Z - [36mverbose[39m: Rendering page: D:\Workspace\CS2113\AY2627-S1\ay2627s1-website\book\testing\testingTypes\regressionTesting\index.md
2026-08-30T13:28:18.777Z - [36mverbose[39m: Rendering page: D:\Workspace\CS2113\AY2627-S1\ay2627s1-website\book\testing\testingTypes\systemTesting\index.md
2026-08-30T13:28:18.785Z - [36mverbose[39m: Rendering page: D:\Workspace\CS2113\AY2627-S1\ay2627s1-website\book\testing\testingTypes\systemTesting\what\index.md
2026-08-30T13:28:18.791Z - [36mverbose[39m: Rendering page: D:\Workspace\CS2113\AY2627-S1\ay2627s1-website\book\testing\testingTypes\regressionTesting\what\index.md
2026-08-30T13:28:19.217Z - [36mverbose[39m: Rendering page: D:\Workspace\CS2113\AY2627-S1\ay2627s1-website\book\testing\testingTypes\integrationTesting\how\index.md
2026-08-30T13:28:19.233Z - [36mverbose[39m: Rendering page: D:\Workspace\CS2113\AY2627-S1\ay2627s1-website\book\testing\testingTypes\integrationTesting\index.md
2026-08-30T13:28:19.260Z - [36mverbose[39m: Rendering page: D:\Workspace\CS2113\AY2627-S1\ay2627s1-website\book\testing\testingTypes\index.md
2026-08-30T13:28:19.313Z - [36mverbose[39m: Rendering page: D:\Workspace\CS2113\AY2627-S1\ay2627s1-website\book\testing\testingTypes\integrationTesting\what\index.md
2026-08-30T13:28:19.524Z - [36mverbose[39m: Rendering page: D:\Workspace\CS2113\AY2627-S1\ay2627s1-website\book\testing\testingTypes\exploratoryVsScriptedTesting\what\index.md
2026-08-30T13:28:19.532Z - [36mverbose[39m: Rendering page: D:\Workspace\CS2113\AY2627-S1\ay2627s1-website\book\testing\testingTypes\exploratoryVsScriptedTesting\when\index.md
2026-08-30T13:28:19.539Z - [36mverbose[39m: Rendering page: D:\Workspace\CS2113\AY2627-S1\ay2627s1-website\book\testing\testingTypes\dogfooding\what\index.md
2026-08-30T13:28:19.548Z - [36mverbose[39m: Rendering page: D:\Workspace\CS2113\AY2627-S1\ay2627s1-website\book\testing\testingTypes\exploratoryVsScriptedTesting\index.md
2026-08-30T13:28:19.705Z - [36mverbose[39m: Rendering page: D:\Workspace\CS2113\AY2627-S1\ay2627s1-website\book\testing\testingTypes\developerTesting\why\index.md
2026-08-30T13:28:19.713Z - [36mverbose[39m: Rendering page: D:\Workspace\CS2113\AY2627-S1\ay2627s1-website\book\testing\testingTypes\dogfooding\index.md
2026-08-30T13:28:19.722Z - [36mverbose[39m: Rendering page: D:\Workspace\CS2113\AY2627-S1\ay2627s1-website\book\testing\testingTypes\developerTesting\index.md
2026-08-30T13:28:19.730Z - [36mverbose[39m: Rendering page: D:\Workspace\CS2113\AY2627-S1\ay2627s1-website\book\testing\testingTypes\developerTesting\what\index.md
2026-08-30T13:28:19.881Z - [36mverbose[39m: Rendering page: D:\Workspace\CS2113\AY2627-S1\ay2627s1-website\book\testing\testingTypes\alphaBetaTesting\index.md
2026-08-30T13:28:19.888Z - [36mverbose[39m: Rendering page: D:\Workspace\CS2113\AY2627-S1\ay2627s1-website\book\testing\testingTypes\alphaBetaTesting\what\index.md
2026-08-30T13:28:19.894Z - [36mverbose[39m: Rendering page: D:\Workspace\CS2113\AY2627-S1\ay2627s1-website\book\testing\testingTypes\acceptanceTesting\what\index.md
2026-08-30T13:28:19.901Z - [36mverbose[39m: Rendering page: D:\Workspace\CS2113\AY2627-S1\ay2627s1-website\book\testing\testingTypes\acceptanceTesting\index.md
2026-08-30T13:28:20.121Z - [36mverbose[39m: Rendering page: D:\Workspace\CS2113\AY2627-S1\ay2627s1-website\book\testing\testingTypes\acceptanceTesting\acceptanceVsSystemTesting\index.md
2026-08-30T13:28:20.138Z - [36mverbose[39m: Rendering page: D:\Workspace\CS2113\AY2627-S1\ay2627s1-website\book\testing\testCoverage\how\index.md
2026-08-30T13:28:20.151Z - [36mverbose[39m: Rendering page: D:\Workspace\CS2113\AY2627-S1\ay2627s1-website\book\testing\testCoverage\index.md
2026-08-30T13:28:20.163Z - [36mverbose[39m: Rendering page: D:\Workspace\CS2113\AY2627-S1\ay2627s1-website\book\testing\testCoverage\what\index.md
2026-08-30T13:28:20.517Z - [36mverbose[39m: Rendering page: D:\Workspace\CS2113\AY2627-S1\ay2627s1-website\book\testing\testAutomation\what\index.md
2026-08-30T13:28:20.525Z - [36mverbose[39m: Rendering page: D:\Workspace\CS2113\AY2627-S1\ay2627s1-website\book\testing\testAutomation\tools\index.md
2026-08-30T13:28:20.533Z - [36mverbose[39m: Rendering page: D:\Workspace\CS2113\AY2627-S1\ay2627s1-website\book\testing\testAutomation\usingTestDrivers\index.md
2026-08-30T13:28:20.542Z - [36mverbose[39m: Rendering page: D:\Workspace\CS2113\AY2627-S1\ay2627s1-website\book\testing\testAutomation\testingTextUis\index.md
2026-08-30T13:28:20.794Z - [36mverbose[39m: Rendering page: D:\Workspace\CS2113\AY2627-S1\ay2627s1-website\book\testing\testAutomation\testingGuis\index.md
2026-08-30T13:28:20.802Z - [36mverbose[39m: Rendering page: D:\Workspace\CS2113\AY2627-S1\ay2627s1-website\book\testing\testAutomation\index.md
2026-08-30T13:28:20.814Z - [36mverbose[39m: Rendering page: D:\Workspace\CS2113\AY2627-S1\ay2627s1-website\book\testing\tdd\index.md
2026-08-30T13:28:20.827Z - [36mverbose[39m: Rendering page: D:\Workspace\CS2113\AY2627-S1\ay2627s1-website\book\testing\tdd\what\index.md
2026-08-30T13:28:20.991Z - [36mverbose[39m: Rendering page: D:\Workspace\CS2113\AY2627-S1\ay2627s1-website\book\testing\introduction\index.md
2026-08-30T13:28:21.000Z - [36mverbose[39m: Rendering page: D:\Workspace\CS2113\AY2627-S1\ay2627s1-website\book\testing\introduction\what\index.md
2026-08-30T13:28:21.008Z - [36mverbose[39m: Rendering page: D:\Workspace\CS2113\AY2627-S1\ay2627s1-website\book\testing\tdd\how\index.md
2026-08-30T13:28:21.014Z - [36mverbose[39m: Rendering page: D:\Workspace\CS2113\AY2627-S1\ay2627s1-website\book\testing\introduction\testability\index.md
2026-08-30T13:28:21.795Z - [36mverbose[39m: Rendering page: D:\Workspace\CS2113\AY2627-S1\ay2627s1-website\book\testing\dependencyInjection\index.md
2026-08-30T13:28:21.817Z - [36mverbose[39m: Rendering page: D:\Workspace\CS2113\AY2627-S1\ay2627s1-website\book\testing\dependencyInjection\how\index.md
2026-08-30T13:28:21.829Z - [36mverbose[39m: Rendering page: D:\Workspace\CS2113\AY2627-S1\ay2627s1-website\book\testing\index.md
2026-08-30T13:28:21.892Z - [36mverbose[39m: Rendering page: D:\Workspace\CS2113\AY2627-S1\ay2627s1-website\book\testing\dependencyInjection\what\index.md
2026-08-30T13:28:22.164Z - [36mverbose[39m: Rendering page: D:\Workspace\CS2113\AY2627-S1\ay2627s1-website\book\testCaseDesign\summary\recap\index.md
2026-08-30T13:28:22.172Z - [36mverbose[39m: Rendering page: D:\Workspace\CS2113\AY2627-S1\ay2627s1-website\book\testCaseDesign\summary\exercises\index.md
2026-08-30T13:28:22.182Z - [36mverbose[39m: Rendering page: D:\Workspace\CS2113\AY2627-S1\ay2627s1-website\book\testCaseDesign\summary\index.md
2026-08-30T13:28:22.192Z - [36mverbose[39m: Rendering page: D:\Workspace\CS2113\AY2627-S1\ay2627s1-website\book\testCaseDesign\more\testingUseCases\index.md
2026-08-30T13:28:22.378Z - [36mverbose[39m: Rendering page: D:\Workspace\CS2113\AY2627-S1\ay2627s1-website\book\testCaseDesign\more\index.md
2026-08-30T13:28:22.386Z - [36mverbose[39m: Rendering page: D:\Workspace\CS2113\AY2627-S1\ay2627s1-website\book\testCaseDesign\introduction\index.md
2026-08-30T13:28:22.396Z - [36mverbose[39m: Rendering page: D:\Workspace\CS2113\AY2627-S1\ay2627s1-website\book\testCaseDesign\introduction\positiveVsNegative\index.md
2026-08-30T13:28:22.402Z - [36mverbose[39m: Rendering page: D:\Workspace\CS2113\AY2627-S1\ay2627s1-website\book\testCaseDesign\introduction\what\index.md
2026-08-30T13:28:22.734Z - [36mverbose[39m: Rendering page: D:\Workspace\CS2113\AY2627-S1\ay2627s1-website\book\testCaseDesign\introduction\blackVsGlass\index.md
2026-08-30T13:28:22.741Z - [36mverbose[39m: Rendering page: D:\Workspace\CS2113\AY2627-S1\ay2627s1-website\book\testCaseDesign\equivalencePartitions\what\index.md
2026-08-30T13:28:22.746Z - [36mverbose[39m: Rendering page: D:\Workspace\CS2113\AY2627-S1\ay2627s1-website\book\testCaseDesign\equivalencePartitions\intermediate\index.md
2026-08-30T13:28:22.751Z - [36mverbose[39m: Rendering page: D:\Workspace\CS2113\AY2627-S1\ay2627s1-website\book\testCaseDesign\index.md
2026-08-30T13:28:22.912Z - [36mverbose[39m: Rendering page: D:\Workspace\CS2113\AY2627-S1\ay2627s1-website\book\testCaseDesign\equivalencePartitions\index.md
2026-08-30T13:28:22.920Z - [36mverbose[39m: Rendering page: D:\Workspace\CS2113\AY2627-S1\ay2627s1-website\book\testCaseDesign\equivalencePartitions\basic\index.md
2026-08-30T13:28:22.926Z - [36mverbose[39m: Rendering page: D:\Workspace\CS2113\AY2627-S1\ay2627s1-website\book\testCaseDesign\combiningTestInputs\why\index.md
2026-08-30T13:28:22.931Z - [36mverbose[39m: Rendering page: D:\Workspace\CS2113\AY2627-S1\ay2627s1-website\book\testCaseDesign\combiningTestInputs\mix\index.md
2026-08-30T13:28:23.134Z - [36mverbose[39m: Rendering page: D:\Workspace\CS2113\AY2627-S1\ay2627s1-website\book\testCaseDesign\combiningTestInputs\index.md
2026-08-30T13:28:23.149Z - [36mverbose[39m: Rendering page: D:\Workspace\CS2113\AY2627-S1\ay2627s1-website\book\testCaseDesign\combiningTestInputs\heuristicInvalid\index.md
2026-08-30T13:28:23.156Z - [36mverbose[39m: Rendering page: D:\Workspace\CS2113\AY2627-S1\ay2627s1-website\book\testCaseDesign\combiningTestInputs\heuristicValid\index.md
2026-08-30T13:28:23.162Z - [36mverbose[39m: Rendering page: D:\Workspace\CS2113\AY2627-S1\ay2627s1-website\book\testCaseDesign\combiningTestInputs\combinationStrategies\index.md
2026-08-30T13:28:23.302Z - [36mverbose[39m: Rendering page: D:\Workspace\CS2113\AY2627-S1\ay2627s1-website\book\teamwork\teamStructures\index.md
2026-08-30T13:28:23.309Z - [36mverbose[39m: Rendering page: D:\Workspace\CS2113\AY2627-S1\ay2627s1-website\book\testCaseDesign\boundaryValueAnalysis\how\index.md
2026-08-30T13:28:23.315Z - [36mverbose[39m: Rendering page: D:\Workspace\CS2113\AY2627-S1\ay2627s1-website\book\testCaseDesign\boundaryValueAnalysis\index.md
2026-08-30T13:28:23.321Z - [36mverbose[39m: Rendering page: D:\Workspace\CS2113\AY2627-S1\ay2627s1-website\book\testCaseDesign\boundaryValueAnalysis\what\index.md
2026-08-30T13:28:23.589Z - [36mverbose[39m: Rendering page: D:\Workspace\CS2113\AY2627-S1\ay2627s1-website\book\specifyingRequirements\userStories\introduction\index.md
2026-08-30T13:28:23.598Z - [36mverbose[39m: Rendering page: D:\Workspace\CS2113\AY2627-S1\ay2627s1-website\book\teamwork\index.md
2026-08-30T13:28:23.608Z - [36mverbose[39m: Rendering page: D:\Workspace\CS2113\AY2627-S1\ay2627s1-website\book\specifyingRequirements\userStories\usage\index.md
2026-08-30T13:28:23.617Z - [36mverbose[39m: Rendering page: D:\Workspace\CS2113\AY2627-S1\ay2627s1-website\book\specifyingRequirements\userStories\index.md
2026-08-30T13:28:23.881Z - [36mverbose[39m: Rendering page: D:\Workspace\CS2113\AY2627-S1\ay2627s1-website\book\specifyingRequirements\useCases\introduction\index.md
2026-08-30T13:28:23.889Z - [36mverbose[39m: Rendering page: D:\Workspace\CS2113\AY2627-S1\ay2627s1-website\book\specifyingRequirements\userStories\details\index.md
2026-08-30T13:28:23.895Z - [36mverbose[39m: Rendering page: D:\Workspace\CS2113\AY2627-S1\ay2627s1-website\book\specifyingRequirements\useCases\usage\index.md
2026-08-30T13:28:23.901Z - [36mverbose[39m: Rendering page: D:\Workspace\CS2113\AY2627-S1\ay2627s1-website\book\specifyingRequirements\useCases\index.md
2026-08-30T13:28:24.069Z - [36mverbose[39m: Rendering page: D:\Workspace\CS2113\AY2627-S1\ay2627s1-website\book\specifyingRequirements\useCases\identifying\index.md
2026-08-30T13:28:24.077Z - [36mverbose[39m: Rendering page: D:\Workspace\CS2113\AY2627-S1\ay2627s1-website\book\specifyingRequirements\useCases\details\index.md
2026-08-30T13:28:24.085Z - [36mverbose[39m: Rendering page: D:\Workspace\CS2113\AY2627-S1\ay2627s1-website\book\specifyingRequirements\supplementaryRequirements\what\index.md
2026-08-30T13:28:24.091Z - [36mverbose[39m: Rendering page: D:\Workspace\CS2113\AY2627-S1\ay2627s1-website\book\specifyingRequirements\supplementaryRequirements\index.md
2026-08-30T13:28:24.221Z - [36mverbose[39m: Rendering page: D:\Workspace\CS2113\AY2627-S1\ay2627s1-website\book\specifyingRequirements\prose\index.md
2026-08-30T13:28:24.228Z - [36mverbose[39m: Rendering page: D:\Workspace\CS2113\AY2627-S1\ay2627s1-website\book\specifyingRequirements\requirementsDocument\index.md
2026-08-30T13:28:24.234Z - [36mverbose[39m: Rendering page: D:\Workspace\CS2113\AY2627-S1\ay2627s1-website\book\specifyingRequirements\requirementsDocument\what\index.md
2026-08-30T13:28:24.239Z - [36mverbose[39m: Rendering page: D:\Workspace\CS2113\AY2627-S1\ay2627s1-website\book\specifyingRequirements\prose\what\index.md
2026-08-30T13:28:24.580Z - [36mverbose[39m: Rendering page: D:\Workspace\CS2113\AY2627-S1\ay2627s1-website\book\specifyingRequirements\featureList\what\index.md
2026-08-30T13:28:24.587Z - [36mverbose[39m: Rendering page: D:\Workspace\CS2113\AY2627-S1\ay2627s1-website\book\specifyingRequirements\glossary\index.md
2026-08-30T13:28:24.594Z - [36mverbose[39m: Rendering page: D:\Workspace\CS2113\AY2627-S1\ay2627s1-website\book\specifyingRequirements\glossary\what\index.md
2026-08-30T13:28:24.600Z - [36mverbose[39m: Rendering page: D:\Workspace\CS2113\AY2627-S1\ay2627s1-website\book\specifyingRequirements\index.md
2026-08-30T13:28:24.767Z - [36mverbose[39m: Rendering page: D:\Workspace\CS2113\AY2627-S1\ay2627s1-website\book\specifyingRequirements\featureList\index.md
2026-08-30T13:28:24.774Z - [36mverbose[39m: Rendering page: D:\Workspace\CS2113\AY2627-S1\ay2627s1-website\book\softwareEngineering\introduction\prosAndCons\index.md
2026-08-30T13:28:24.781Z - [36mverbose[39m: Rendering page: D:\Workspace\CS2113\AY2627-S1\ay2627s1-website\book\softwareEngineering\introduction\index.md
2026-08-30T13:28:24.790Z - [36mverbose[39m: Rendering page: D:\Workspace\CS2113\AY2627-S1\ay2627s1-website\book\softwareEngineering\index.md
2026-08-30T13:28:24.932Z - [36mverbose[39m: Rendering page: D:\Workspace\CS2113\AY2627-S1\ay2627s1-website\book\security\wrapUp\index.md
2026-08-30T13:28:24.938Z - [36mverbose[39m: Rendering page: D:\Workspace\CS2113\AY2627-S1\ay2627s1-website\book\security\why\index.md
2026-08-30T13:28:24.945Z - [36mverbose[39m: Rendering page: D:\Workspace\CS2113\AY2627-S1\ay2627s1-website\book\security\what\index.md
2026-08-30T13:28:24.952Z - [36mverbose[39m: Rendering page: D:\Workspace\CS2113\AY2627-S1\ay2627s1-website\book\security\when\index.md
2026-08-30T13:28:25.273Z - [36mverbose[39m: Rendering page: D:\Workspace\CS2113\AY2627-S1\ay2627s1-website\book\security\how\index.md
2026-08-30T13:28:25.292Z - [36mverbose[39m: Rendering page: D:\Workspace\CS2113\AY2627-S1\ay2627s1-website\book\security\ai\index.md
2026-08-30T13:28:25.299Z - [36mverbose[39m: Rendering page: D:\Workspace\CS2113\AY2627-S1\ay2627s1-website\book\reuse\platforms\what\index.md
2026-08-30T13:28:25.305Z - [36mverbose[39m: Rendering page: D:\Workspace\CS2113\AY2627-S1\ay2627s1-website\book\security\index.md
2026-08-30T13:28:25.461Z - [36mverbose[39m: Rendering page: D:\Workspace\CS2113\AY2627-S1\ay2627s1-website\book\reuse\platforms\index.md
2026-08-30T13:28:25.469Z - [36mverbose[39m: Rendering page: D:\Workspace\CS2113\AY2627-S1\ay2627s1-website\book\reuse\libraries\how\index.md
2026-08-30T13:28:25.475Z - [36mverbose[39m: Rendering page: D:\Workspace\CS2113\AY2627-S1\ay2627s1-website\book\reuse\libraries\what\index.md
2026-08-30T13:28:25.481Z - [36mverbose[39m: Rendering page: D:\Workspace\CS2113\AY2627-S1\ay2627s1-website\book\reuse\libraries\index.md
2026-08-30T13:28:25.728Z - [36mverbose[39m: Rendering page: D:\Workspace\CS2113\AY2627-S1\ay2627s1-website\book\reuse\index.md
2026-08-30T13:28:25.741Z - [36mverbose[39m: Rendering page: D:\Workspace\CS2113\AY2627-S1\ay2627s1-website\book\reuse\introduction\what\index.md
2026-08-30T13:28:25.746Z - [36mverbose[39m: Rendering page: D:\Workspace\CS2113\AY2627-S1\ay2627s1-website\book\reuse\introduction\index.md
2026-08-30T13:28:25.752Z - [36mverbose[39m: Rendering page: D:\Workspace\CS2113\AY2627-S1\ay2627s1-website\book\reuse\introduction\when\index.md
2026-08-30T13:28:25.882Z - [36mverbose[39m: Rendering page: D:\Workspace\CS2113\AY2627-S1\ay2627s1-website\book\reuse\frameworks\index.md
2026-08-30T13:28:25.892Z - [36mverbose[39m: Rendering page: D:\Workspace\CS2113\AY2627-S1\ay2627s1-website\book\reuse\frameworks\frameworksVsLibraries\index.md
2026-08-30T13:28:25.898Z - [36mverbose[39m: Rendering page: D:\Workspace\CS2113\AY2627-S1\ay2627s1-website\book\reuse\cloudComputing\what\index.md
2026-08-30T13:28:25.904Z - [36mverbose[39m: Rendering page: D:\Workspace\CS2113\AY2627-S1\ay2627s1-website\book\reuse\frameworks\what\index.md
2026-08-30T13:28:26.042Z - [36mverbose[39m: Rendering page: D:\Workspace\CS2113\AY2627-S1\ay2627s1-website\book\reuse\cloudComputing\index.md
2026-08-30T13:28:26.051Z - [36mverbose[39m: Rendering page: D:\Workspace\CS2113\AY2627-S1\ay2627s1-website\book\reuse\apis\index.md
2026-08-30T13:28:26.058Z - [36mverbose[39m: Rendering page: D:\Workspace\CS2113\AY2627-S1\ay2627s1-website\book\reuse\cloudComputing\services\index.md
2026-08-30T13:28:26.065Z - [36mverbose[39m: Rendering page: D:\Workspace\CS2113\AY2627-S1\ay2627s1-website\book\reuse\apis\what\index.md
2026-08-30T13:28:26.199Z - [36mverbose[39m: Rendering page: D:\Workspace\CS2113\AY2627-S1\ay2627s1-website\book\reuse\apis\designingAPIs\index.md
2026-08-30T13:28:26.207Z - [36mverbose[39m: Rendering page: D:\Workspace\CS2113\AY2627-S1\ay2627s1-website\book\requirements\prioritizing\index.md
2026-08-30T13:28:26.213Z - [36mverbose[39m: Rendering page: D:\Workspace\CS2113\AY2627-S1\ay2627s1-website\book\requirements\nonFunctionalRequirements\index.md
2026-08-30T13:28:26.220Z - [36mverbose[39m: Rendering page: D:\Workspace\CS2113\AY2627-S1\ay2627s1-website\book\requirements\quality\index.md
2026-08-30T13:28:26.403Z - [36mverbose[39m: Rendering page: D:\Workspace\CS2113\AY2627-S1\ay2627s1-website\book\requirements\introduction\index.md
2026-08-30T13:28:26.410Z - [36mverbose[39m: Rendering page: D:\Workspace\CS2113\AY2627-S1\ay2627s1-website\book\requirements\index.md
2026-08-30T13:28:26.421Z - [36mverbose[39m: Rendering page: D:\Workspace\CS2113\AY2627-S1\ay2627s1-website\book\requirements\changing\index.md
2026-08-30T13:28:26.426Z - [36mverbose[39m: Rendering page: D:\Workspace\CS2113\AY2627-S1\ay2627s1-website\book\refactoring\when\index.md
2026-08-30T13:28:26.620Z - [36mverbose[39m: Rendering page: D:\Workspace\CS2113\AY2627-S1\ay2627s1-website\book\refactoring\how\index.md
2026-08-30T13:28:26.626Z - [36mverbose[39m: Rendering page: D:\Workspace\CS2113\AY2627-S1\ay2627s1-website\book\refactoring\index.md
2026-08-30T13:28:26.638Z - [36mverbose[39m: Rendering page: D:\Workspace\CS2113\AY2627-S1\ay2627s1-website\book\refactoring\what\index.md
2026-08-30T13:28:26.648Z - [36mverbose[39m: Rendering page: D:\Workspace\CS2113\AY2627-S1\ay2627s1-website\book\qualityAssurance\staticAnalysis\what\index.md
2026-08-30T13:28:26.776Z - [36mverbose[39m: Rendering page: D:\Workspace\CS2113\AY2627-S1\ay2627s1-website\book\qualityAssurance\staticAnalysis\index.md
2026-08-30T13:28:26.783Z - [36mverbose[39m: Rendering page: D:\Workspace\CS2113\AY2627-S1\ay2627s1-website\book\qualityAssurance\introduction\index.md
2026-08-30T13:28:26.790Z - [36mverbose[39m: Rendering page: D:\Workspace\CS2113\AY2627-S1\ay2627s1-website\book\qualityAssurance\introduction\validationVsVerification\index.md
2026-08-30T13:28:26.796Z - [36mverbose[39m: Rendering page: D:\Workspace\CS2113\AY2627-S1\ay2627s1-website\book\qualityAssurance\introduction\what\index.md
2026-08-30T13:28:26.980Z - [36mverbose[39m: Rendering page: D:\Workspace\CS2113\AY2627-S1\ay2627s1-website\book\qualityAssurance\index.md
2026-08-30T13:28:26.990Z - [36mverbose[39m: Rendering page: D:\Workspace\CS2113\AY2627-S1\ay2627s1-website\book\qualityAssurance\formalVerification\index.md
2026-08-30T13:28:26.997Z - [36mverbose[39m: Rendering page: D:\Workspace\CS2113\AY2627-S1\ay2627s1-website\book\qualityAssurance\codeReviews\what\index.md
2026-08-30T13:28:27.002Z - [36mverbose[39m: Rendering page: D:\Workspace\CS2113\AY2627-S1\ay2627s1-website\book\qualityAssurance\formalVerification\what\index.md
2026-08-30T13:28:27.140Z - [36mverbose[39m: Rendering page: D:\Workspace\CS2113\AY2627-S1\ay2627s1-website\book\projectPlanning\pertCharts\index.md
2026-08-30T13:28:27.147Z - [36mverbose[39m: Rendering page: D:\Workspace\CS2113\AY2627-S1\ay2627s1-website\book\projectPlanning\milestones\index.md
2026-08-30T13:28:27.152Z - [36mverbose[39m: Rendering page: D:\Workspace\CS2113\AY2627-S1\ay2627s1-website\book\qualityAssurance\codeReviews\index.md
2026-08-30T13:28:27.158Z - [36mverbose[39m: Rendering page: D:\Workspace\CS2113\AY2627-S1\ay2627s1-website\book\projectPlanning\workBreakdownStructure\index.md
2026-08-30T13:28:27.301Z - [36mverbose[39m: Rendering page: D:\Workspace\CS2113\AY2627-S1\ay2627s1-website\book\projectPlanning\ganttCharts\index.md
2026-08-30T13:28:27.307Z - [36mverbose[39m: Rendering page: D:\Workspace\CS2113\AY2627-S1\ay2627s1-website\book\projectPlanning\index.md
2026-08-30T13:28:27.316Z - [36mverbose[39m: Rendering page: D:\Workspace\CS2113\AY2627-S1\ay2627s1-website\book\projectPlanning\buffers\index.md
2026-08-30T13:28:27.321Z - [36mverbose[39m: Rendering page: D:\Workspace\CS2113\AY2627-S1\ay2627s1-website\book\projectPlanning\issueTrackers\index.md
2026-08-30T13:28:27.489Z - [36mverbose[39m: Rendering page: D:\Workspace\CS2113\AY2627-S1\ay2627s1-website\book\processModels\more\index.md
2026-08-30T13:28:27.496Z - [36mverbose[39m: Rendering page: D:\Workspace\CS2113\AY2627-S1\ay2627s1-website\book\processModels\more\continuousApproaches\index.md
2026-08-30T13:28:27.502Z - [36mverbose[39m: Rendering page: D:\Workspace\CS2113\AY2627-S1\ay2627s1-website\book\processModels\summary\index.md
2026-08-30T13:28:27.510Z - [36mverbose[39m: Rendering page: D:\Workspace\CS2113\AY2627-S1\ay2627s1-website\book\processModels\summary\recap\index.md
2026-08-30T13:28:27.624Z - [36mverbose[39m: Rendering page: D:\Workspace\CS2113\AY2627-S1\ay2627s1-website\book\processModels\introduction\what\index.md
2026-08-30T13:28:27.630Z - [36mverbose[39m: Rendering page: D:\Workspace\CS2113\AY2627-S1\ay2627s1-website\book\processModels\introduction\sequentialModels\index.md
2026-08-30T13:28:27.635Z - [36mverbose[39m: Rendering page: D:\Workspace\CS2113\AY2627-S1\ay2627s1-website\book\processModels\more\cmmi\index.md
2026-08-30T13:28:27.641Z - [36mverbose[39m: Rendering page: D:\Workspace\CS2113\AY2627-S1\ay2627s1-website\book\processModels\introduction\iterativeModels\index.md
2026-08-30T13:28:27.900Z - [36mverbose[39m: Rendering page: D:\Workspace\CS2113\AY2627-S1\ay2627s1-website\book\processModels\exampleProcessModels\xp\index.md
2026-08-30T13:28:27.906Z - [36mverbose[39m: Rendering page: D:\Workspace\CS2113\AY2627-S1\ay2627s1-website\book\processModels\introduction\agileModels\index.md
2026-08-30T13:28:27.912Z - [36mverbose[39m: Rendering page: D:\Workspace\CS2113\AY2627-S1\ay2627s1-website\book\processModels\introduction\index.md
2026-08-30T13:28:27.919Z - [36mverbose[39m: Rendering page: D:\Workspace\CS2113\AY2627-S1\ay2627s1-website\book\processModels\index.md
2026-08-30T13:28:28.073Z - [36mverbose[39m: Rendering page: D:\Workspace\CS2113\AY2627-S1\ay2627s1-website\book\processModels\exampleProcessModels\choosing\index.md
2026-08-30T13:28:28.080Z - [36mverbose[39m: Rendering page: D:\Workspace\CS2113\AY2627-S1\ay2627s1-website\book\processModels\exampleProcessModels\scrum\index.md
2026-08-30T13:28:28.085Z - [36mverbose[39m: Rendering page: D:\Workspace\CS2113\AY2627-S1\ay2627s1-website\book\processModels\exampleProcessModels\unifiedProcess\index.md
2026-08-30T13:28:28.096Z - [36mverbose[39m: Rendering page: D:\Workspace\CS2113\AY2627-S1\ay2627s1-website\book\processModels\exampleProcessModels\index.md
2026-08-30T13:28:28.353Z - [36mverbose[39m: Rendering page: D:\Workspace\CS2113\AY2627-S1\ay2627s1-website\book\principles\yagniPrinciple\index.md
2026-08-30T13:28:28.360Z - [36mverbose[39m: Rendering page: D:\Workspace\CS2113\AY2627-S1\ay2627s1-website\book\principles\singleResponsibilityPrinciple\index.md
2026-08-30T13:28:28.365Z - [36mverbose[39m: Rendering page: D:\Workspace\CS2113\AY2627-S1\ay2627s1-website\book\principles\solidPrinciples\index.md
2026-08-30T13:28:28.374Z - [36mverbose[39m: Rendering page: D:\Workspace\CS2113\AY2627-S1\ay2627s1-website\book\principles\separationOfConcernsPrinciple\index.md
2026-08-30T13:28:28.644Z - [36mverbose[39m: Rendering page: D:\Workspace\CS2113\AY2627-S1\ay2627s1-website\book\principles\openClosedPrinciple\index.md
2026-08-30T13:28:28.651Z - [36mverbose[39m: Rendering page: D:\Workspace\CS2113\AY2627-S1\ay2627s1-website\book\principles\liskovSubstitutionPrinciple\index.md
2026-08-30T13:28:28.659Z - [36mverbose[39m: Rendering page: D:\Workspace\CS2113\AY2627-S1\ay2627s1-website\book\principles\lawOfDemeter\index.md
2026-08-30T13:28:28.675Z - [36mverbose[39m: Rendering page: D:\Workspace\CS2113\AY2627-S1\ay2627s1-website\book\principles\review\index.md
2026-08-30T13:28:29.058Z - [36mverbose[39m: Rendering page: D:\Workspace\CS2113\AY2627-S1\ay2627s1-website\book\principles\interfaceSegregationPrinciple\index.md
2026-08-30T13:28:29.080Z - [36mverbose[39m: Rendering page: D:\Workspace\CS2113\AY2627-S1\ay2627s1-website\book\principles\dryPrinciple\index.md
2026-08-30T13:28:29.087Z - [36mverbose[39m: Rendering page: D:\Workspace\CS2113\AY2627-S1\ay2627s1-website\book\principles\index.md
2026-08-30T13:28:29.121Z - [36mverbose[39m: Rendering page: D:\Workspace\CS2113\AY2627-S1\ay2627s1-website\book\principles\dependencyInversionPrinciple\index.md
2026-08-30T13:28:29.253Z - [36mverbose[39m: Rendering page: D:\Workspace\CS2113\AY2627-S1\ay2627s1-website\book\principles\brooksLaw\index.md
2026-08-30T13:28:29.260Z - [36mverbose[39m: Rendering page: D:\Workspace\CS2113\AY2627-S1\ay2627s1-website\book\oop\polymorphism\what\index.md
2026-08-30T13:28:29.267Z - [36mverbose[39m: Rendering page: D:\Workspace\CS2113\AY2627-S1\ay2627s1-website\book\oop\polymorphism\index.md
2026-08-30T13:28:29.391Z - [36mverbose[39m: Rendering page: D:\Workspace\CS2113\AY2627-S1\ay2627s1-website\book\oop\polymorphism\how\index.md
2026-08-30T13:28:29.461Z - [36mverbose[39m: Rendering page: D:\Workspace\CS2113\AY2627-S1\ay2627s1-website\book\oop\objects\encapsulation\index.md
2026-08-30T13:28:29.468Z - [36mverbose[39m: Rendering page: D:\Workspace\CS2113\AY2627-S1\ay2627s1-website\book\oop\objects\index.md
2026-08-30T13:28:29.477Z - [36mverbose[39m: Rendering page: D:\Workspace\CS2113\AY2627-S1\ay2627s1-website\book\oop\objects\what\index.md
2026-08-30T13:28:29.497Z - [36mverbose[39m: Rendering page: D:\Workspace\CS2113\AY2627-S1\ay2627s1-website\book\oop\objects\abstraction\index.md
2026-08-30T13:28:29.621Z - [36mverbose[39m: Rendering page: D:\Workspace\CS2113\AY2627-S1\ay2627s1-website\book\oop\more\index.md
2026-08-30T13:28:29.628Z - [36mverbose[39m: Rendering page: D:\Workspace\CS2113\AY2627-S1\ay2627s1-website\book\oop\more\review\index.md
2026-08-30T13:28:29.639Z - [36mverbose[39m: Rendering page: D:\Workspace\CS2113\AY2627-S1\ay2627s1-website\book\oop\more\miscellaneous\index.md
2026-08-30T13:28:29.722Z - [36mverbose[39m: Rendering page: D:\Workspace\CS2113\AY2627-S1\ay2627s1-website\book\oop\introduction\what\index.md
2026-08-30T13:28:29.753Z - [36mverbose[39m: Rendering page: D:\Workspace\CS2113\AY2627-S1\ay2627s1-website\book\oop\inheritance\what\index.md
2026-08-30T13:28:29.761Z - [36mverbose[39m: Rendering page: D:\Workspace\CS2113\AY2627-S1\ay2627s1-website\book\oop\introduction\index.md
2026-08-30T13:28:29.800Z - [36mverbose[39m: Rendering page: D:\Workspace\CS2113\AY2627-S1\ay2627s1-website\book\oop\inheritance\substitutability\index.md
2026-08-30T13:28:29.857Z - [36mverbose[39m: Rendering page: D:\Workspace\CS2113\AY2627-S1\ay2627s1-website\book\oop\inheritance\overriding\index.md
2026-08-30T13:28:30.011Z - [36mverbose[39m: Rendering page: D:\Workspace\CS2113\AY2627-S1\ay2627s1-website\book\oop\inheritance\overloading\index.md
2026-08-30T13:28:30.070Z - [36mverbose[39m: Rendering page: D:\Workspace\CS2113\AY2627-S1\ay2627s1-website\book\oop\inheritance\interfaces\index.md
2026-08-30T13:28:30.076Z - [36mverbose[39m: Rendering page: D:\Workspace\CS2113\AY2627-S1\ay2627s1-website\book\oop\inheritance\index.md
2026-08-30T13:28:30.520Z - [36mverbose[39m: Rendering page: D:\Workspace\CS2113\AY2627-S1\ay2627s1-website\book\oop\inheritance\dynamicAndStaticBinding\index.md
2026-08-30T13:28:30.573Z - [36mverbose[39m: Rendering page: D:\Workspace\CS2113\AY2627-S1\ay2627s1-website\book\oop\inheritance\abstractClasses\index.md
2026-08-30T13:28:30.627Z - [36mverbose[39m: Rendering page: D:\Workspace\CS2113\AY2627-S1\ay2627s1-website\book\oop\classes\what\index.md
2026-08-30T13:28:30.634Z - [36mverbose[39m: Rendering page: D:\Workspace\CS2113\AY2627-S1\ay2627s1-website\book\oop\index.md
2026-08-30T13:28:30.698Z - [36mverbose[39m: Rendering page: D:\Workspace\CS2113\AY2627-S1\ay2627s1-website\book\oop\classes\index.md
2026-08-30T13:28:30.770Z - [36mverbose[39m: Rendering page: D:\Workspace\CS2113\AY2627-S1\ay2627s1-website\book\oop\classes\enumerations\index.md
2026-08-30T13:28:30.800Z - [36mverbose[39m: Rendering page: D:\Workspace\CS2113\AY2627-S1\ay2627s1-website\book\oop\associations\what\index.md
2026-08-30T13:28:30.805Z - [36mverbose[39m: Rendering page: D:\Workspace\CS2113\AY2627-S1\ay2627s1-website\book\oop\classes\classLevelMembers\index.md
2026-08-30T13:28:30.852Z - [36mverbose[39m: Rendering page: D:\Workspace\CS2113\AY2627-S1\ay2627s1-website\book\oop\associations\navigability\index.md
2026-08-30T13:28:30.999Z - [36mverbose[39m: Rendering page: D:\Workspace\CS2113\AY2627-S1\ay2627s1-website\book\oop\associations\dependencies\index.md
2026-08-30T13:28:31.027Z - [36mverbose[39m: Rendering page: D:\Workspace\CS2113\AY2627-S1\ay2627s1-website\book\oop\associations\multiplicity\index.md
2026-08-30T13:28:31.035Z - [36mverbose[39m: Rendering page: D:\Workspace\CS2113\AY2627-S1\ay2627s1-website\book\oop\associations\index.md
2026-08-30T13:28:31.061Z - [36mverbose[39m: Rendering page: D:\Workspace\CS2113\AY2627-S1\ay2627s1-website\book\oop\associations\composition\index.md
2026-08-30T13:28:31.152Z - [36mverbose[39m: Rendering page: D:\Workspace\CS2113\AY2627-S1\ay2627s1-website\book\oop\associations\associationClasses\index.md
2026-08-30T13:28:31.159Z - [36mverbose[39m: Rendering page: D:\Workspace\CS2113\AY2627-S1\ay2627s1-website\book\oop\associations\aggregation\index.md
2026-08-30T13:28:31.165Z - [36mverbose[39m: Rendering page: D:\Workspace\CS2113\AY2627-S1\ay2627s1-website\book\modeling\modelingStructures\packageDiagrams\index.md
2026-08-30T13:28:31.205Z - [36mverbose[39m: Rendering page: D:\Workspace\CS2113\AY2627-S1\ay2627s1-website\book\modeling\modelingStructures\ooStructures\index.md
2026-08-30T13:28:32.429Z - [34mdebug[39m: 
2026-08-30T13:28:32.488Z - [36mverbose[39m: Rendering page: D:\Workspace\CS2113\AY2627-S1\ay2627s1-website\book\modeling\modelingStructures\objectOrientedDomainModels\index.md
2026-08-30T13:28:32.496Z - [36mverbose[39m: Rendering page: D:\Workspace\CS2113\AY2627-S1\ay2627s1-website\book\modeling\modelingStructures\objectDiagrams\index.md
2026-08-30T13:28:32.503Z - [36mverbose[39m: Rendering page: D:\Workspace\CS2113\AY2627-S1\ay2627s1-website\book\modeling\modelingStructures\index.md
2026-08-30T13:28:32.531Z - [36mverbose[39m: Rendering page: D:\Workspace\CS2113\AY2627-S1\ay2627s1-website\book\modeling\modelingStructures\deploymentDiagrams\index.md
2026-08-30T13:28:32.688Z - [36mverbose[39m: Rendering page: D:\Workspace\CS2113\AY2627-S1\ay2627s1-website\book\modeling\modelingStructures\compositeStructureDiagrams\index.md
2026-08-30T13:28:32.694Z - [36mverbose[39m: Rendering page: D:\Workspace\CS2113\AY2627-S1\ay2627s1-website\book\modeling\modelingStructures\customisingUml\index.md
2026-08-30T13:28:32.700Z - [36mverbose[39m: Rendering page: D:\Workspace\CS2113\AY2627-S1\ay2627s1-website\book\modeling\modelingStructures\componentDiagrams\index.md
2026-08-30T13:28:32.706Z - [36mverbose[39m: Rendering page: D:\Workspace\CS2113\AY2627-S1\ay2627s1-website\book\modeling\modelingStructures\classDiagramsIntermediate\index.md
2026-08-30T13:28:33.907Z - [34mdebug[39m: 
2026-08-30T13:28:33.998Z - [36mverbose[39m: Rendering page: D:\Workspace\CS2113\AY2627-S1\ay2627s1-website\book\modeling\modelingStructures\classDiagramsAdvanced\index.md
2026-08-30T13:28:34.007Z - [36mverbose[39m: Rendering page: D:\Workspace\CS2113\AY2627-S1\ay2627s1-website\book\modeling\modelingStructures\classDiagramsBasic\index.md
2026-08-30T13:28:34.019Z - [36mverbose[39m: Rendering page: D:\Workspace\CS2113\AY2627-S1\ay2627s1-website\book\modeling\modelingStructures\addingMoreInfo\index.md
2026-08-30T13:28:34.026Z - [36mverbose[39m: Rendering page: D:\Workspace\CS2113\AY2627-S1\ay2627s1-website\book\modeling\modelingBehaviors\useCaseDiagrams\index.md
2026-08-30T13:28:34.312Z - [36mverbose[39m: Rendering page: D:\Workspace\CS2113\AY2627-S1\ay2627s1-website\book\modeling\modelingBehaviors\stateMachineDiagrams\index.md
2026-08-30T13:28:34.319Z - [36mverbose[39m: Rendering page: D:\Workspace\CS2113\AY2627-S1\ay2627s1-website\book\modeling\modelingBehaviors\timingDiagrams\index.md
2026-08-30T13:28:34.327Z - [36mverbose[39m: Rendering page: D:\Workspace\CS2113\AY2627-S1\ay2627s1-website\book\modeling\modelingBehaviors\sequenceDiagramsIntermediate\index.md
2026-08-30T13:28:34.339Z - [36mverbose[39m: Rendering page: D:\Workspace\CS2113\AY2627-S1\ay2627s1-website\book\modeling\modelingBehaviors\sequenceDiagramsBasic\index.md
2026-08-30T13:28:34.697Z - [36mverbose[39m: Rendering page: D:\Workspace\CS2113\AY2627-S1\ay2627s1-website\book\modeling\modelingBehaviors\interactionOverviewDiagrams\index.md
2026-08-30T13:28:34.883Z - [36mverbose[39m: Rendering page: D:\Workspace\CS2113\AY2627-S1\ay2627s1-website\book\modeling\modelingBehaviors\communicationDiagrams\index.md
2026-08-30T13:28:34.954Z - [36mverbose[39m: Rendering page: D:\Workspace\CS2113\AY2627-S1\ay2627s1-website\book\modeling\modelingBehaviors\sequenceDiagramsAdvanced\index.md
2026-08-30T13:28:35.054Z - [36mverbose[39m: Rendering page: D:\Workspace\CS2113\AY2627-S1\ay2627s1-website\book\modeling\modelingBehaviors\index.md
2026-08-30T13:28:35.155Z - [36mverbose[39m: Rendering page: D:\Workspace\CS2113\AY2627-S1\ay2627s1-website\book\modeling\modelingBehaviors\activityDiagrams\index.md
2026-08-30T13:28:35.172Z - [36mverbose[39m: Rendering page: D:\Workspace\CS2113\AY2627-S1\ay2627s1-website\book\modeling\modelingBehaviors\activityDiagramsIntermediate\index.md
2026-08-30T13:28:35.285Z - [36mverbose[39m: Rendering page: D:\Workspace\CS2113\AY2627-S1\ay2627s1-website\book\modeling\modelingASolution\introduction\index.md
2026-08-30T13:28:35.381Z - [36mverbose[39m: Rendering page: D:\Workspace\CS2113\AY2627-S1\ay2627s1-website\book\modeling\modelingASolution\intermediate\index.md
2026-08-30T13:28:35.518Z - [36mverbose[39m: Rendering page: D:\Workspace\CS2113\AY2627-S1\ay2627s1-website\book\modeling\modelingASolution\index.md
2026-08-30T13:28:35.705Z - [36mverbose[39m: Rendering page: D:\Workspace\CS2113\AY2627-S1\ay2627s1-website\book\modeling\modelingASolution\basic\index.md
2026-08-30T13:28:35.748Z - [36mverbose[39m: Rendering page: D:\Workspace\CS2113\AY2627-S1\ay2627s1-website\book\modeling\introduction\umlModels\index.md
2026-08-30T13:28:35.944Z - [36mverbose[39m: Rendering page: D:\Workspace\CS2113\AY2627-S1\ay2627s1-website\book\modeling\introduction\what\index.md
2026-08-30T13:28:35.978Z - [36mverbose[39m: Rendering page: D:\Workspace\CS2113\AY2627-S1\ay2627s1-website\book\modeling\introduction\index.md
2026-08-30T13:28:36.933Z - [36mverbose[39m: Rendering page: D:\Workspace\CS2113\AY2627-S1\ay2627s1-website\book\modeling\introduction\how\index.md
2026-08-30T13:28:37.052Z - [36mverbose[39m: Rendering page: D:\Workspace\CS2113\AY2627-S1\ay2627s1-website\book\intellij\refactoring\index.md
2026-08-30T13:28:37.059Z - [36mverbose[39m: Rendering page: D:\Workspace\CS2113\AY2627-S1\ay2627s1-website\book\modeling\index.md
2026-08-30T13:28:37.174Z - [36mverbose[39m: Rendering page: D:\Workspace\CS2113\AY2627-S1\ay2627s1-website\book\intellij\productivityShortcuts\index.md
2026-08-30T13:28:37.185Z - [36mverbose[39m: Rendering page: D:\Workspace\CS2113\AY2627-S1\ay2627s1-website\book\intellij\projectSetup\index.md
2026-08-30T13:28:37.230Z - [36mverbose[39m: Rendering page: D:\Workspace\CS2113\AY2627-S1\ay2627s1-website\book\intellij\index.md
2026-08-30T13:28:37.370Z - [36mverbose[39m: Rendering page: D:\Workspace\CS2113\AY2627-S1\ay2627s1-website\book\intellij\debuggingBasic\index.md
2026-08-30T13:28:37.458Z - [36mverbose[39m: Rendering page: D:\Workspace\CS2113\AY2627-S1\ay2627s1-website\book\intellij\codeNavigation\index.md
2026-08-30T13:28:37.554Z - [36mverbose[39m: Rendering page: D:\Workspace\CS2113\AY2627-S1\ay2627s1-website\book\integration\more\index.md
2026-08-30T13:28:37.562Z - [36mverbose[39m: Rendering page: D:\Workspace\CS2113\AY2627-S1\ay2627s1-website\book\integration\more\review\index.md
2026-08-30T13:28:37.568Z - [36mverbose[39m: Rendering page: D:\Workspace\CS2113\AY2627-S1\ay2627s1-website\book\integration\introduction\what\index.md
2026-08-30T13:28:37.691Z - [36mverbose[39m: Rendering page: D:\Workspace\CS2113\AY2627-S1\ay2627s1-website\book\integration\introduction\index.md
2026-08-30T13:28:37.792Z - [36mverbose[39m: Rendering page: D:\Workspace\CS2113\AY2627-S1\ay2627s1-website\book\integration\buildAutomation\index.md
2026-08-30T13:28:37.799Z - [36mverbose[39m: Rendering page: D:\Workspace\CS2113\AY2627-S1\ay2627s1-website\book\integration\index.md
2026-08-30T13:28:37.810Z - [36mverbose[39m: Rendering page: D:\Workspace\CS2113\AY2627-S1\ay2627s1-website\book\integration\buildAutomation\what\index.md
2026-08-30T13:28:37.920Z - [36mverbose[39m: Rendering page: D:\Workspace\CS2113\AY2627-S1\ay2627s1-website\book\integration\buildAutomation\continuousIntegrationDeployment\index.md
2026-08-30T13:28:37.973Z - [36mverbose[39m: Rendering page: D:\Workspace\CS2113\AY2627-S1\ay2627s1-website\book\integration\approaches\lateVsEarly\index.md
2026-08-30T13:28:37.979Z - [36mverbose[39m: Rendering page: D:\Workspace\CS2113\AY2627-S1\ay2627s1-website\book\integration\approaches\topDownVsBottomUp\index.md
2026-08-30T13:28:37.985Z - [36mverbose[39m: Rendering page: D:\Workspace\CS2113\AY2627-S1\ay2627s1-website\book\integration\approaches\index.md
2026-08-30T13:28:38.004Z - [36mverbose[39m: Rendering page: D:\Workspace\CS2113\AY2627-S1\ay2627s1-website\book\integration\approaches\bigBangVsIncremental\index.md
2026-08-30T13:28:38.107Z - [36mverbose[39m: Rendering page: D:\Workspace\CS2113\AY2627-S1\ay2627s1-website\book\index.md
2026-08-30T13:28:38.149Z - [36mverbose[39m: Rendering page: D:\Workspace\CS2113\AY2627-S1\ay2627s1-website\book\ides\introduction\index.md
2026-08-30T13:28:38.156Z - [36mverbose[39m: Rendering page: D:\Workspace\CS2113\AY2627-S1\ay2627s1-website\book\ides\introduction\what\index.md
2026-08-30T13:28:38.180Z - [36mverbose[39m: Rendering page: D:\Workspace\CS2113\AY2627-S1\ay2627s1-website\book\ides\index.md
2026-08-30T13:28:38.264Z - [36mverbose[39m: Rendering page: D:\Workspace\CS2113\AY2627-S1\ay2627s1-website\book\ides\debugging\index.md
2026-08-30T13:28:38.288Z - [36mverbose[39m: Rendering page: D:\Workspace\CS2113\AY2627-S1\ay2627s1-website\book\gitAndGithub\trail\workingWithRemotes\index.md
2026-08-30T13:28:38.293Z - [36mverbose[39m: Rendering page: D:\Workspace\CS2113\AY2627-S1\ay2627s1-website\book\ides\debugging\what\index.md
2026-08-30T13:28:38.348Z - [36mverbose[39m: Rendering page: D:\Workspace\CS2113\AY2627-S1\ay2627s1-website\book\gitAndGithub\trail\usingRevisionHistory\index.md
2026-08-30T13:28:38.389Z - [36mverbose[39m: Rendering page: D:\Workspace\CS2113\AY2627-S1\ay2627s1-website\book\gitAndGithub\trail\syncingBranches\index.md
2026-08-30T13:28:38.395Z - [36mverbose[39m: Rendering page: D:\Workspace\CS2113\AY2627-S1\ay2627s1-website\book\gitAndGithub\trail\remoteBranches\index.md
2026-08-30T13:28:38.417Z - [36mverbose[39m: Rendering page: D:\Workspace\CS2113\AY2627-S1\ay2627s1-website\book\gitAndGithub\trail\recordingFolderHistory\index.md
2026-08-30T13:28:38.438Z - [36mverbose[39m: Rendering page: D:\Workspace\CS2113\AY2627-S1\ay2627s1-website\book\gitAndGithub\trail\index.md
2026-08-30T13:28:38.530Z - [36mverbose[39m: Rendering page: D:\Workspace\CS2113\AY2627-S1\ay2627s1-website\book\gitAndGithub\trail\fineTuningHistory\index.md
2026-08-30T13:28:38.536Z - [36mverbose[39m: Rendering page: D:\Workspace\CS2113\AY2627-S1\ay2627s1-website\book\gitAndGithub\trail\branchingLocally\index.md
2026-08-30T13:28:38.543Z - [36mverbose[39m: Rendering page: D:\Workspace\CS2113\AY2627-S1\ay2627s1-website\book\gitAndGithub\trail\backingUpOnCloud\index.md
2026-08-30T13:28:38.600Z - [36mverbose[39m: Rendering page: D:\Workspace\CS2113\AY2627-S1\ay2627s1-website\book\gitAndGithub\reviewPRs\index.md
2026-08-30T13:28:38.641Z - [36mverbose[39m: Rendering page: D:\Workspace\CS2113\AY2627-S1\ay2627s1-website\book\gitAndGithub\index.md
2026-08-30T13:28:38.665Z - [36mverbose[39m: Rendering page: D:\Workspace\CS2113\AY2627-S1\ay2627s1-website\book\gitAndGithub\managePRs\index.md
2026-08-30T13:28:38.670Z - [36mverbose[39m: Rendering page: D:\Workspace\CS2113\AY2627-S1\ay2627s1-website\book\gitAndGithub\mergeConflicts\index.md
2026-08-30T13:28:38.737Z - [36mverbose[39m: Rendering page: D:\Workspace\CS2113\AY2627-S1\ay2627s1-website\book\gitAndGithub\forkingWorkflow\index.md
2026-08-30T13:28:38.784Z - [36mverbose[39m: Rendering page: D:\Workspace\CS2113\AY2627-S1\ay2627s1-website\book\gatheringRequirements\userSurveys\index.md
2026-08-30T13:28:38.794Z - [36mverbose[39m: Rendering page: D:\Workspace\CS2113\AY2627-S1\ay2627s1-website\book\gatheringRequirements\validation\index.md
2026-08-30T13:28:38.799Z - [36mverbose[39m: Rendering page: D:\Workspace\CS2113\AY2627-S1\ay2627s1-website\book\gitAndGithub\createPRs\index.md
2026-08-30T13:28:38.816Z - [36mverbose[39m: Rendering page: D:\Workspace\CS2113\AY2627-S1\ay2627s1-website\book\gatheringRequirements\prototyping\index.md
2026-08-30T13:28:38.968Z - [36mverbose[39m: Rendering page: D:\Workspace\CS2113\AY2627-S1\ay2627s1-website\book\gatheringRequirements\productSurveys\index.md
2026-08-30T13:28:38.978Z - [36mverbose[39m: Rendering page: D:\Workspace\CS2113\AY2627-S1\ay2627s1-website\book\gatheringRequirements\interviews\index.md
2026-08-30T13:28:38.984Z - [36mverbose[39m: Rendering page: D:\Workspace\CS2113\AY2627-S1\ay2627s1-website\book\gatheringRequirements\observation\index.md
2026-08-30T13:28:39.001Z - [36mverbose[39m: Rendering page: D:\Workspace\CS2113\AY2627-S1\ay2627s1-website\book\gatheringRequirements\index.md
2026-08-30T13:28:39.103Z - [36mverbose[39m: Rendering page: D:\Workspace\CS2113\AY2627-S1\ay2627s1-website\book\gatheringRequirements\focusGroups\index.md
2026-08-30T13:28:39.110Z - [36mverbose[39m: Rendering page: D:\Workspace\CS2113\AY2627-S1\ay2627s1-website\book\gatheringRequirements\brainstorming\index.md
2026-08-30T13:28:39.155Z - [36mverbose[39m: Rendering page: D:\Workspace\CS2113\AY2627-S1\ay2627s1-website\book\errorHandling\logging\what\index.md
2026-08-30T13:28:39.194Z - [36mverbose[39m: Rendering page: D:\Workspace\CS2113\AY2627-S1\ay2627s1-website\book\errorHandling\logging\index.md
2026-08-30T13:28:39.260Z - [36mverbose[39m: Rendering page: D:\Workspace\CS2113\AY2627-S1\ay2627s1-website\book\errorHandling\logging\how\index.md
2026-08-30T13:28:39.583Z - [36mverbose[39m: Rendering page: D:\Workspace\CS2113\AY2627-S1\ay2627s1-website\book\errorHandling\introduction\what\index.md
2026-08-30T13:28:39.588Z - [36mverbose[39m: Rendering page: D:\Workspace\CS2113\AY2627-S1\ay2627s1-website\book\errorHandling\introduction\index.md
2026-08-30T13:28:39.685Z - [36mverbose[39m: Rendering page: D:\Workspace\CS2113\AY2627-S1\ay2627s1-website\book\errorHandling\index.md
2026-08-30T13:28:39.730Z - [36mverbose[39m: Rendering page: D:\Workspace\CS2113\AY2627-S1\ay2627s1-website\book\errorHandling\exceptions\index.md
2026-08-30T13:28:39.739Z - [36mverbose[39m: Rendering page: D:\Workspace\CS2113\AY2627-S1\ay2627s1-website\book\errorHandling\exceptions\when\index.md
2026-08-30T13:28:39.745Z - [36mverbose[39m: Rendering page: D:\Workspace\CS2113\AY2627-S1\ay2627s1-website\book\errorHandling\exceptions\what\index.md
2026-08-30T13:28:39.830Z - [36mverbose[39m: Rendering page: D:\Workspace\CS2113\AY2627-S1\ay2627s1-website\book\errorHandling\exceptions\how\index.md
2026-08-30T13:28:39.903Z - [36mverbose[39m: Rendering page: D:\Workspace\CS2113\AY2627-S1\ay2627s1-website\book\errorHandling\defensiveProgramming\when\index.md
2026-08-30T13:28:39.909Z - [36mverbose[39m: Rendering page: D:\Workspace\CS2113\AY2627-S1\ay2627s1-website\book\errorHandling\designByContract\index.md
2026-08-30T13:28:39.915Z - [36mverbose[39m: Rendering page: D:\Workspace\CS2113\AY2627-S1\ay2627s1-website\book\errorHandling\designByContract\what\index.md
2026-08-30T13:28:40.000Z - [36mverbose[39m: Rendering page: D:\Workspace\CS2113\AY2627-S1\ay2627s1-website\book\errorHandling\defensiveProgramming\what\index.md
2026-08-30T13:28:40.224Z - [36mverbose[39m: Rendering page: D:\Workspace\CS2113\AY2627-S1\ay2627s1-website\book\errorHandling\defensiveProgramming\compulsoryAssociations\index.md
2026-08-30T13:28:40.237Z - [36mverbose[39m: Rendering page: D:\Workspace\CS2113\AY2627-S1\ay2627s1-website\book\errorHandling\defensiveProgramming\referentialIntegrity\index.md
2026-08-30T13:28:40.247Z - [36mverbose[39m: Rendering page: D:\Workspace\CS2113\AY2627-S1\ay2627s1-website\book\errorHandling\defensiveProgramming\index.md
2026-08-30T13:28:40.275Z - [36mverbose[39m: Rendering page: D:\Workspace\CS2113\AY2627-S1\ay2627s1-website\book\errorHandling\defensiveProgramming\1to1Associations\index.md
2026-08-30T13:28:40.415Z - [36mverbose[39m: Rendering page: D:\Workspace\CS2113\AY2627-S1\ay2627s1-website\book\errorHandling\assertions\when\index.md
2026-08-30T13:28:40.422Z - [36mverbose[39m: Rendering page: D:\Workspace\CS2113\AY2627-S1\ay2627s1-website\book\errorHandling\assertions\what\index.md
2026-08-30T13:28:40.428Z - [36mverbose[39m: Rendering page: D:\Workspace\CS2113\AY2627-S1\ay2627s1-website\book\errorHandling\assertions\index.md
2026-08-30T13:28:40.493Z - [36mverbose[39m: Rendering page: D:\Workspace\CS2113\AY2627-S1\ay2627s1-website\book\errorHandling\assertions\how\index.md
2026-08-30T13:28:40.552Z - [36mverbose[39m: Rendering page: D:\Workspace\CS2113\AY2627-S1\ay2627s1-website\book\documentation\tools\markdown\how\index.md
2026-08-30T13:28:40.562Z - [36mverbose[39m: Rendering page: D:\Workspace\CS2113\AY2627-S1\ay2627s1-website\book\documentation\tools\markdown\index.md
2026-08-30T13:28:40.568Z - [36mverbose[39m: Rendering page: D:\Workspace\CS2113\AY2627-S1\ay2627s1-website\book\documentation\tools\markdown\what\index.md
2026-08-30T13:28:40.586Z - [36mverbose[39m: Rendering page: D:\Workspace\CS2113\AY2627-S1\ay2627s1-website\book\documentation\tools\javaDoc\what\index.md
2026-08-30T13:28:40.730Z - [36mverbose[39m: Rendering page: D:\Workspace\CS2113\AY2627-S1\ay2627s1-website\book\documentation\tools\javaDoc\how\index.md
2026-08-30T13:28:40.753Z - [36mverbose[39m: Rendering page: D:\Workspace\CS2113\AY2627-S1\ay2627s1-website\book\documentation\tools\javaDoc\index.md
2026-08-30T13:28:40.761Z - [36mverbose[39m: Rendering page: D:\Workspace\CS2113\AY2627-S1\ay2627s1-website\book\documentation\tools\index.md
2026-08-30T13:28:40.862Z - [36mverbose[39m: Rendering page: D:\Workspace\CS2113\AY2627-S1\ay2627s1-website\book\documentation\tools\asciiDoc\what\index.md
2026-08-30T13:28:40.892Z - [36mverbose[39m: Rendering page: D:\Workspace\CS2113\AY2627-S1\ay2627s1-website\book\documentation\tools\asciiDoc\index.md
2026-08-30T13:28:41.055Z - [36mverbose[39m: Rendering page: D:\Workspace\CS2113\AY2627-S1\ay2627s1-website\book\documentation\introduction\index.md
2026-08-30T13:28:41.062Z - [36mverbose[39m: Rendering page: D:\Workspace\CS2113\AY2627-S1\ay2627s1-website\book\documentation\introduction\what\index.md
2026-08-30T13:28:41.080Z - [36mverbose[39m: Rendering page: D:\Workspace\CS2113\AY2627-S1\ay2627s1-website\book\documentation\index.md
2026-08-30T13:28:41.178Z - [36mverbose[39m: Rendering page: D:\Workspace\CS2113\AY2627-S1\ay2627s1-website\book\documentation\guidelines\index.md
2026-08-30T13:28:41.186Z - [36mverbose[39m: Rendering page: D:\Workspace\CS2113\AY2627-S1\ay2627s1-website\book\documentation\guidelines\goTopDown\why\index.md
2026-08-30T13:28:41.192Z - [36mverbose[39m: Rendering page: D:\Workspace\CS2113\AY2627-S1\ay2627s1-website\book\documentation\guidelines\goTopDown\what\index.md
2026-08-30T13:28:41.232Z - [36mverbose[39m: Rendering page: D:\Workspace\CS2113\AY2627-S1\ay2627s1-website\book\documentation\guidelines\goTopDown\index.md
2026-08-30T13:28:41.315Z - [36mverbose[39m: Rendering page: D:\Workspace\CS2113\AY2627-S1\ay2627s1-website\book\documentation\guidelines\documentMinimally\index.md
2026-08-30T13:28:41.320Z - [36mverbose[39m: Rendering page: D:\Workspace\CS2113\AY2627-S1\ay2627s1-website\book\documentation\guidelines\documentMinimally\what\index.md
2026-08-30T13:28:41.325Z - [36mverbose[39m: Rendering page: D:\Workspace\CS2113\AY2627-S1\ay2627s1-website\book\documentation\guidelines\goTopDown\how\index.md
2026-08-30T13:28:41.340Z - [36mverbose[39m: Rendering page: D:\Workspace\CS2113\AY2627-S1\ay2627s1-website\book\documentation\guidelines\documentMinimally\how\index.md
2026-08-30T13:28:41.434Z - [36mverbose[39m: Rendering page: D:\Workspace\CS2113\AY2627-S1\ay2627s1-website\book\documentation\guidelines\aimForComprehensibility\what\index.md
2026-08-30T13:28:41.439Z - [36mverbose[39m: Rendering page: D:\Workspace\CS2113\AY2627-S1\ay2627s1-website\book\documentation\guidelines\aimForComprehensibility\how\index.md
2026-08-30T13:28:41.444Z - [36mverbose[39m: Rendering page: D:\Workspace\CS2113\AY2627-S1\ay2627s1-website\book\documentation\guidelines\aimForComprehensibility\index.md
2026-08-30T13:28:41.510Z - [36mverbose[39m: Rendering page: D:\Workspace\CS2113\AY2627-S1\ay2627s1-website\book\designPatterns\singleton\what\index.md
2026-08-30T13:28:41.595Z - [36mverbose[39m: Rendering page: D:\Workspace\CS2113\AY2627-S1\ay2627s1-website\book\designPatterns\singleton\implementation\index.md
2026-08-30T13:28:41.602Z - [36mverbose[39m: Rendering page: D:\Workspace\CS2113\AY2627-S1\ay2627s1-website\book\designPatterns\singleton\evaluation\index.md
2026-08-30T13:28:41.607Z - [36mverbose[39m: Rendering page: D:\Workspace\CS2113\AY2627-S1\ay2627s1-website\book\designPatterns\singleton\index.md
2026-08-30T13:28:41.668Z - [36mverbose[39m: Rendering page: D:\Workspace\CS2113\AY2627-S1\ay2627s1-website\book\designPatterns\observer\what\index.md
2026-08-30T13:28:41.753Z - [36mverbose[39m: Rendering page: D:\Workspace\CS2113\AY2627-S1\ay2627s1-website\book\designPatterns\observer\index.md
2026-08-30T13:28:41.766Z - [36mverbose[39m: Rendering page: D:\Workspace\CS2113\AY2627-S1\ay2627s1-website\book\designPatterns\more\vsPrinciples\index.md
2026-08-30T13:28:41.799Z - [36mverbose[39m: Rendering page: D:\Workspace\CS2113\AY2627-S1\ay2627s1-website\book\designPatterns\more\usingDesignPatterns\index.md
2026-08-30T13:28:41.817Z - [36mverbose[39m: Rendering page: D:\Workspace\CS2113\AY2627-S1\ay2627s1-website\book\designPatterns\more\otherTypesOfPatterns\index.md
2026-08-30T13:28:41.937Z - [36mverbose[39m: Rendering page: D:\Workspace\CS2113\AY2627-S1\ay2627s1-website\book\designPatterns\more\combiningDesignPatterns\index.md
2026-08-30T13:28:41.968Z - [36mverbose[39m: Rendering page: D:\Workspace\CS2113\AY2627-S1\ay2627s1-website\book\designPatterns\more\otherDesignPatterns\index.md
2026-08-30T13:28:41.974Z - [36mverbose[39m: Rendering page: D:\Workspace\CS2113\AY2627-S1\ay2627s1-website\book\designPatterns\more\index.md
2026-08-30T13:28:41.998Z - [36mverbose[39m: Rendering page: D:\Workspace\CS2113\AY2627-S1\ay2627s1-website\book\designPatterns\modelViewController\what\index.md
2026-08-30T13:28:42.120Z - [36mverbose[39m: Rendering page: D:\Workspace\CS2113\AY2627-S1\ay2627s1-website\book\designPatterns\modelViewController\index.md
2026-08-30T13:28:42.145Z - [36mverbose[39m: Rendering page: D:\Workspace\CS2113\AY2627-S1\ay2627s1-website\book\designPatterns\introduction\index.md
2026-08-30T13:28:42.153Z - [36mverbose[39m: Rendering page: D:\Workspace\CS2113\AY2627-S1\ay2627s1-website\book\designPatterns\introduction\what\index.md
2026-08-30T13:28:42.435Z - [36mverbose[39m: Rendering page: D:\Workspace\CS2113\AY2627-S1\ay2627s1-website\book\designPatterns\introduction\format\index.md
2026-08-30T13:28:42.458Z - [36mverbose[39m: Rendering page: D:\Workspace\CS2113\AY2627-S1\ay2627s1-website\book\designPatterns\facade\index.md
2026-08-30T13:28:42.464Z - [36mverbose[39m: Rendering page: D:\Workspace\CS2113\AY2627-S1\ay2627s1-website\book\designPatterns\facade\what\index.md
2026-08-30T13:28:42.495Z - [36mverbose[39m: Rendering page: D:\Workspace\CS2113\AY2627-S1\ay2627s1-website\book\designPatterns\index.md
2026-08-30T13:28:42.536Z - [36mverbose[39m: Rendering page: D:\Workspace\CS2113\AY2627-S1\ay2627s1-website\book\designPatterns\command\what\index.md
2026-08-30T13:28:42.762Z - [36mverbose[39m: Rendering page: D:\Workspace\CS2113\AY2627-S1\ay2627s1-website\book\designPatterns\abstractionOccurrence\index.md
2026-08-30T13:28:42.771Z - [36mverbose[39m: Rendering page: D:\Workspace\CS2113\AY2627-S1\ay2627s1-website\book\designPatterns\abstractionOccurrence\what\index.md
2026-08-30T13:28:42.778Z - [36mverbose[39m: Rendering page: D:\Workspace\CS2113\AY2627-S1\ay2627s1-website\book\designPatterns\command\index.md
2026-08-30T13:28:42.850Z - [36mverbose[39m: Rendering page: D:\Workspace\CS2113\AY2627-S1\ay2627s1-website\book\designFundamentals\index.md
2026-08-30T13:28:42.940Z - [36mverbose[39m: Rendering page: D:\Workspace\CS2113\AY2627-S1\ay2627s1-website\book\designFundamentals\coupling\types\index.md
2026-08-30T13:28:42.946Z - [36mverbose[39m: Rendering page: D:\Workspace\CS2113\AY2627-S1\ay2627s1-website\book\designFundamentals\coupling\what\index.md
2026-08-30T13:28:42.952Z - [36mverbose[39m: Rendering page: D:\Workspace\CS2113\AY2627-S1\ay2627s1-website\book\designFundamentals\coupling\index.md
2026-08-30T13:28:43.080Z - [36mverbose[39m: Rendering page: D:\Workspace\CS2113\AY2627-S1\ay2627s1-website\book\designFundamentals\coupling\how\index.md
2026-08-30T13:28:43.106Z - [36mverbose[39m: Rendering page: D:\Workspace\CS2113\AY2627-S1\ay2627s1-website\book\designFundamentals\cohesion\index.md
2026-08-30T13:28:43.134Z - [36mverbose[39m: Rendering page: D:\Workspace\CS2113\AY2627-S1\ay2627s1-website\book\designFundamentals\cohesion\how\index.md
2026-08-30T13:28:43.141Z - [36mverbose[39m: Rendering page: D:\Workspace\CS2113\AY2627-S1\ay2627s1-website\book\designFundamentals\cohesion\what\index.md
2026-08-30T13:28:43.241Z - [36mverbose[39m: Rendering page: D:\Workspace\CS2113\AY2627-S1\ay2627s1-website\book\designFundamentals\abstraction\what\index.md
2026-08-30T13:28:43.270Z - [36mverbose[39m: Rendering page: D:\Workspace\CS2113\AY2627-S1\ay2627s1-website\book\designFundamentals\abstraction\index.md
2026-08-30T13:28:43.303Z - [36mverbose[39m: Rendering page: D:\Workspace\CS2113\AY2627-S1\ay2627s1-website\book\designApproaches\topDownBottomUp\index.md
2026-08-30T13:28:43.310Z - [36mverbose[39m: Rendering page: D:\Workspace\CS2113\AY2627-S1\ay2627s1-website\book\designApproaches\topDownBottomUp\what\index.md
2026-08-30T13:28:43.431Z - [36mverbose[39m: Rendering page: D:\Workspace\CS2113\AY2627-S1\ay2627s1-website\book\designApproaches\multilevelDesign\what\index.md
2026-08-30T13:28:43.478Z - [36mverbose[39m: Rendering page: D:\Workspace\CS2113\AY2627-S1\ay2627s1-website\book\designApproaches\multilevelDesign\index.md
2026-08-30T13:28:43.485Z - [36mverbose[39m: Rendering page: D:\Workspace\CS2113\AY2627-S1\ay2627s1-website\book\designApproaches\index.md
2026-08-30T13:28:43.494Z - [36mverbose[39m: Rendering page: D:\Workspace\CS2113\AY2627-S1\ay2627s1-website\book\designApproaches\agileDesign\what\index.md
2026-08-30T13:28:43.515Z - [36mverbose[39m: Rendering page: D:\Workspace\CS2113\AY2627-S1\ay2627s1-website\book\designApproaches\agileDesign\index.md
2026-08-30T13:28:43.628Z - [36mverbose[39m: Rendering page: D:\Workspace\CS2113\AY2627-S1\ay2627s1-website\book\design\index.md
2026-08-30T13:28:43.635Z - [36mverbose[39m: Rendering page: D:\Workspace\CS2113\AY2627-S1\ay2627s1-website\book\design\introduction\index.md
2026-08-30T13:28:43.641Z - [36mverbose[39m: Rendering page: D:\Workspace\CS2113\AY2627-S1\ay2627s1-website\book\design\introduction\what\index.md
2026-08-30T13:28:43.782Z - [36mverbose[39m: Rendering page: D:\Workspace\CS2113\AY2627-S1\ay2627s1-website\book\debugging\what\index.md
2026-08-30T13:28:43.858Z - [36mverbose[39m: Rendering page: D:\Workspace\CS2113\AY2627-S1\ay2627s1-website\book\debugging\index.md
2026-08-30T13:28:43.871Z - [36mverbose[39m: Rendering page: D:\Workspace\CS2113\AY2627-S1\ay2627s1-website\book\debugging\how\index.md
2026-08-30T13:28:43.881Z - [36mverbose[39m: Rendering page: D:\Workspace\CS2113\AY2627-S1\ay2627s1-website\book\debugging\tools\index.md
2026-08-30T13:28:43.898Z - [36mverbose[39m: Rendering page: D:\Workspace\CS2113\AY2627-S1\ay2627s1-website\book\debugging\fixing\index.md
2026-08-30T13:28:44.100Z - [36mverbose[39m: Rendering page: D:\Workspace\CS2113\AY2627-S1\ay2627s1-website\book\debugging\advanced\index.md
2026-08-30T13:28:44.106Z - [36mverbose[39m: Rendering page: D:\Workspace\CS2113\AY2627-S1\ay2627s1-website\book\cppToJava\usefulClasses\wrapperClasses\index.md
2026-08-30T13:28:44.114Z - [36mverbose[39m: Rendering page: D:\Workspace\CS2113\AY2627-S1\ay2627s1-website\book\cppToJava\usefulClasses\stringClass\index.md
2026-08-30T13:28:44.302Z - [36mverbose[39m: Rendering page: D:\Workspace\CS2113\AY2627-S1\ay2627s1-website\book\cppToJava\usefulClasses\scannerClass\index.md
2026-08-30T13:28:44.383Z - [36mverbose[39m: Rendering page: D:\Workspace\CS2113\AY2627-S1\ay2627s1-website\book\cppToJava\usefulClasses\api\index.md
2026-08-30T13:28:44.425Z - [36mverbose[39m: Rendering page: D:\Workspace\CS2113\AY2627-S1\ay2627s1-website\book\cppToJava\usefulClasses\arraysClass\index.md
2026-08-30T13:28:44.433Z - [36mverbose[39m: Rendering page: D:\Workspace\CS2113\AY2627-S1\ay2627s1-website\book\cppToJava\usefulClasses\index.md
2026-08-30T13:28:44.566Z - [36mverbose[39m: Rendering page: D:\Workspace\CS2113\AY2627-S1\ay2627s1-website\book\cppToJava\objects\usingObjects\index.md
2026-08-30T13:28:44.718Z - [36mverbose[39m: Rendering page: D:\Workspace\CS2113\AY2627-S1\ay2627s1-website\book\cppToJava\objects\instanceMembers\index.md
2026-08-30T13:28:44.726Z - [36mverbose[39m: Rendering page: D:\Workspace\CS2113\AY2627-S1\ay2627s1-website\book\cppToJava\objects\passingObjects\index.md
2026-08-30T13:28:44.736Z - [36mverbose[39m: Rendering page: D:\Workspace\CS2113\AY2627-S1\ay2627s1-website\book\cppToJava\objects\index.md
2026-08-30T13:28:44.772Z - [36mverbose[39m: Rendering page: D:\Workspace\CS2113\AY2627-S1\ay2627s1-website\book\cppToJava\objects\garbageCollection\index.md
2026-08-30T13:28:44.877Z - [36mverbose[39m: Rendering page: D:\Workspace\CS2113\AY2627-S1\ay2627s1-website\book\cppToJava\misc\varargs\index.md
2026-08-30T13:28:44.925Z - [36mverbose[39m: Rendering page: D:\Workspace\CS2113\AY2627-S1\ay2627s1-website\book\cppToJava\misc\streams\index.md
2026-08-30T13:28:44.932Z - [36mverbose[39m: Rendering page: D:\Workspace\CS2113\AY2627-S1\ay2627s1-website\book\cppToJava\misc\packages\index.md
2026-08-30T13:28:45.005Z - [36mverbose[39m: Rendering page: D:\Workspace\CS2113\AY2627-S1\ay2627s1-website\book\cppToJava\misc\javaFX\part02\index.md
2026-08-30T13:28:45.066Z - [36mverbose[39m: Rendering page: D:\Workspace\CS2113\AY2627-S1\ay2627s1-website\book\cppToJava\misc\javaFX\index.md
2026-08-30T13:28:45.073Z - [36mverbose[39m: Rendering page: D:\Workspace\CS2113\AY2627-S1\ay2627s1-website\book\cppToJava\misc\javaFX\part01\index.md
2026-08-30T13:28:45.083Z - [36mverbose[39m: Rendering page: D:\Workspace\CS2113\AY2627-S1\ay2627s1-website\book\cppToJava\misc\jar\index.md
2026-08-30T13:28:45.350Z - [36mverbose[39m: Rendering page: D:\Workspace\CS2113\AY2627-S1\ay2627s1-website\book\cppToJava\misc\index.md
2026-08-30T13:28:45.393Z - [36mverbose[39m: Rendering page: D:\Workspace\CS2113\AY2627-S1\ay2627s1-website\book\cppToJava\misc\constants\index.md
2026-08-30T13:28:45.400Z - [36mverbose[39m: Rendering page: D:\Workspace\CS2113\AY2627-S1\ay2627s1-website\book\cppToJava\misc\enums\index.md
2026-08-30T13:28:45.407Z - [36mverbose[39m: Rendering page: D:\Workspace\CS2113\AY2627-S1\ay2627s1-website\book\cppToJava\misc\fileAccess\index.md
2026-08-30T13:28:45.508Z - [36mverbose[39m: Rendering page: D:\Workspace\CS2113\AY2627-S1\ay2627s1-website\book\cppToJava\misc\casting\index.md
2026-08-30T13:28:45.582Z - [36mverbose[39m: Rendering page: D:\Workspace\CS2113\AY2627-S1\ay2627s1-website\book\cppToJava\misc\accessModifiers\index.md
2026-08-30T13:28:45.590Z - [36mverbose[39m: Rendering page: D:\Workspace\CS2113\AY2627-S1\ay2627s1-website\book\cppToJava\junit\intermediate\index.md
2026-08-30T13:28:45.619Z - [36mverbose[39m: Rendering page: D:\Workspace\CS2113\AY2627-S1\ay2627s1-website\book\cppToJava\junit\index.md
2026-08-30T13:28:45.660Z - [36mverbose[39m: Rendering page: D:\Workspace\CS2113\AY2627-S1\ay2627s1-website\book\cppToJava\junit\basic\index.md
2026-08-30T13:28:45.754Z - [36mverbose[39m: Rendering page: D:\Workspace\CS2113\AY2627-S1\ay2627s1-website\book\cppToJava\javaWorld\what\index.md
2026-08-30T13:28:45.761Z - [36mverbose[39m: Rendering page: D:\Workspace\CS2113\AY2627-S1\ay2627s1-website\book\cppToJava\javaWorld\index.md
2026-08-30T13:28:45.768Z - [36mverbose[39m: Rendering page: D:\Workspace\CS2113\AY2627-S1\ay2627s1-website\book\cppToJava\javaWorld\how\index.md
2026-08-30T13:28:45.785Z - [36mverbose[39m: Rendering page: D:\Workspace\CS2113\AY2627-S1\ay2627s1-website\book\cppToJava\javaWorld\editions\index.md
2026-08-30T13:28:46.284Z - [36mverbose[39m: Rendering page: D:\Workspace\CS2113\AY2627-S1\ay2627s1-website\book\cppToJava\inheritance\interfaces\index.md
2026-08-30T13:28:46.301Z - [36mverbose[39m: Rendering page: D:\Workspace\CS2113\AY2627-S1\ay2627s1-website\book\cppToJava\inheritance\objectClass\index.md
2026-08-30T13:28:46.312Z - [36mverbose[39m: Rendering page: D:\Workspace\CS2113\AY2627-S1\ay2627s1-website\book\cppToJava\inheritance\polymorphism\index.md
2026-08-30T13:28:46.341Z - [36mverbose[39m: Rendering page: D:\Workspace\CS2113\AY2627-S1\ay2627s1-website\book\cppToJava\inheritance\index.md
2026-08-30T13:28:48.547Z - [36mverbose[39m: Rendering page: D:\Workspace\CS2113\AY2627-S1\ay2627s1-website\book\cppToJava\inheritance\basic\index.md
2026-08-30T13:28:48.556Z - [36mverbose[39m: Rendering page: D:\Workspace\CS2113\AY2627-S1\ay2627s1-website\book\cppToJava\inheritance\abstractClassesAndMethods\index.md
2026-08-30T13:28:48.567Z - [36mverbose[39m: Rendering page: D:\Workspace\CS2113\AY2627-S1\ay2627s1-website\book\cppToJava\index.md
2026-08-30T13:28:48.825Z - [36mverbose[39m: Rendering page: D:\Workspace\CS2113\AY2627-S1\ay2627s1-website\book\cppToJava\gettingStarted\running\index.md
2026-08-30T13:28:48.884Z - [36mverbose[39m: Rendering page: D:\Workspace\CS2113\AY2627-S1\ay2627s1-website\book\cppToJava\gettingStarted\installation\index.md
2026-08-30T13:28:48.891Z - [36mverbose[39m: Rendering page: D:\Workspace\CS2113\AY2627-S1\ay2627s1-website\book\cppToJava\gettingStarted\helloWorld\index.md
2026-08-30T13:28:48.916Z - [36mverbose[39m: Rendering page: D:\Workspace\CS2113\AY2627-S1\ay2627s1-website\book\cppToJava\gettingStarted\index.md
2026-08-30T13:28:49.019Z - [36mverbose[39m: Rendering page: D:\Workspace\CS2113\AY2627-S1\ay2627s1-website\book\cppToJava\gettingStarted\compiling\index.md
2026-08-30T13:28:49.117Z - [36mverbose[39m: Rendering page: D:\Workspace\CS2113\AY2627-S1\ay2627s1-website\book\cppToJava\generics\what\index.md
2026-08-30T13:28:49.125Z - [36mverbose[39m: Rendering page: D:\Workspace\CS2113\AY2627-S1\ay2627s1-website\book\cppToJava\generics\index.md
2026-08-30T13:28:49.139Z - [36mverbose[39m: Rendering page: D:\Workspace\CS2113\AY2627-S1\ay2627s1-website\book\cppToJava\generics\how\index.md
2026-08-30T13:28:49.326Z - [36mverbose[39m: Rendering page: D:\Workspace\CS2113\AY2627-S1\ay2627s1-website\book\cppToJava\exceptions\what\index.md
2026-08-30T13:28:49.428Z - [36mverbose[39m: Rendering page: D:\Workspace\CS2113\AY2627-S1\ay2627s1-website\book\cppToJava\exceptions\index.md
2026-08-30T13:28:49.447Z - [36mverbose[39m: Rendering page: D:\Workspace\CS2113\AY2627-S1\ay2627s1-website\book\cppToJava\dataTypes\variables\index.md
2026-08-30T13:28:49.458Z - [36mverbose[39m: Rendering page: D:\Workspace\CS2113\AY2627-S1\ay2627s1-website\book\cppToJava\exceptions\how\index.md
2026-08-30T13:28:49.495Z - [36mverbose[39m: Rendering page: D:\Workspace\CS2113\AY2627-S1\ay2627s1-website\book\cppToJava\dataTypes\primitiveTypes\index.md
2026-08-30T13:28:49.816Z - [36mverbose[39m: Rendering page: D:\Workspace\CS2113\AY2627-S1\ay2627s1-website\book\cppToJava\dataTypes\operators\index.md
2026-08-30T13:28:49.886Z - [36mverbose[39m: Rendering page: D:\Workspace\CS2113\AY2627-S1\ay2627s1-website\book\cppToJava\dataTypes\index.md
2026-08-30T13:28:49.900Z - [36mverbose[39m: Rendering page: D:\Workspace\CS2113\AY2627-S1\ay2627s1-website\book\cppToJava\dataTypes\arrays\index.md
2026-08-30T13:28:50.260Z - [36mverbose[39m: Rendering page: D:\Workspace\CS2113\AY2627-S1\ay2627s1-website\book\cppToJava\controlFlow\methods\index.md
2026-08-30T13:28:50.306Z - [36mverbose[39m: Rendering page: D:\Workspace\CS2113\AY2627-S1\ay2627s1-website\book\cppToJava\controlFlow\loops\index.md
2026-08-30T13:28:50.350Z - [36mverbose[39m: Rendering page: D:\Workspace\CS2113\AY2627-S1\ay2627s1-website\book\cppToJava\controlFlow\branching\index.md
2026-08-30T13:28:50.368Z - [36mverbose[39m: Rendering page: D:\Workspace\CS2113\AY2627-S1\ay2627s1-website\book\cppToJava\controlFlow\index.md
2026-08-30T13:28:50.597Z - [36mverbose[39m: Rendering page: D:\Workspace\CS2113\AY2627-S1\ay2627s1-website\book\cppToJava\collections\what\index.md
2026-08-30T13:28:50.896Z - [36mverbose[39m: Rendering page: D:\Workspace\CS2113\AY2627-S1\ay2627s1-website\book\cppToJava\collections\arrayListClass\index.md
2026-08-30T13:28:50.909Z - [36mverbose[39m: Rendering page: D:\Workspace\CS2113\AY2627-S1\ay2627s1-website\book\cppToJava\collections\hashMapClass\index.md
2026-08-30T13:28:50.926Z - [36mverbose[39m: Rendering page: D:\Workspace\CS2113\AY2627-S1\ay2627s1-website\book\cppToJava\collections\index.md
2026-08-30T13:28:51.094Z - [36mverbose[39m: Rendering page: D:\Workspace\CS2113\AY2627-S1\ay2627s1-website\book\cppToJava\classes\index.md
2026-08-30T13:28:51.181Z - [36mverbose[39m: Rendering page: D:\Workspace\CS2113\AY2627-S1\ay2627s1-website\book\cppToJava\classes\gettersAndSetters\index.md
2026-08-30T13:28:51.191Z - [36mverbose[39m: Rendering page: D:\Workspace\CS2113\AY2627-S1\ay2627s1-website\book\cppToJava\classes\definingClasses\index.md
2026-08-30T13:28:51.235Z - [36mverbose[39m: Rendering page: D:\Workspace\CS2113\AY2627-S1\ay2627s1-website\book\cppToJava\classes\classLevelMembers\index.md
2026-08-30T13:28:51.294Z - [36mverbose[39m: Rendering page: D:\Workspace\CS2113\AY2627-S1\ay2627s1-website\book\cppToJava\about\index.md
2026-08-30T13:28:51.443Z - [36mverbose[39m: Rendering page: D:\Workspace\CS2113\AY2627-S1\ay2627s1-website\book\codeQuality\nameWell\intermediate\useNameExplain\index.md
2026-08-30T13:28:51.454Z - [36mverbose[39m: Rendering page: D:\Workspace\CS2113\AY2627-S1\ay2627s1-website\book\codeQuality\nameWell\introduction\index.md
2026-08-30T13:28:51.461Z - [36mverbose[39m: Rendering page: D:\Workspace\CS2113\AY2627-S1\ay2627s1-website\book\codeQuality\nameWell\intermediate\notTooLongNorShort\index.md
2026-08-30T13:28:51.654Z - [36mverbose[39m: Rendering page: D:\Workspace\CS2113\AY2627-S1\ay2627s1-website\book\codeQuality\nameWell\intermediate\index.md
2026-08-30T13:28:51.736Z - [36mverbose[39m: Rendering page: D:\Workspace\CS2113\AY2627-S1\ay2627s1-website\book\codeQuality\nameWell\index.md
2026-08-30T13:28:51.755Z - [36mverbose[39m: Rendering page: D:\Workspace\CS2113\AY2627-S1\ay2627s1-website\book\codeQuality\nameWell\intermediate\avoidMisleadingNames\index.md
2026-08-30T13:28:51.805Z - [36mverbose[39m: Rendering page: D:\Workspace\CS2113\AY2627-S1\ay2627s1-website\book\codeQuality\nameWell\basic\useStandardWords\index.md
2026-08-30T13:28:51.878Z - [36mverbose[39m: Rendering page: D:\Workspace\CS2113\AY2627-S1\ay2627s1-website\book\codeQuality\nameWell\basic\nounsAndVerbsAsNames\index.md
2026-08-30T13:28:51.987Z - [36mverbose[39m: Rendering page: D:\Workspace\CS2113\AY2627-S1\ay2627s1-website\book\codeQuality\nameWell\basic\index.md
2026-08-30T13:28:52.046Z - [36mverbose[39m: Rendering page: D:\Workspace\CS2113\AY2627-S1\ay2627s1-website\book\codeQuality\maximizeReadability\introduction\index.md
2026-08-30T13:28:52.054Z - [36mverbose[39m: Rendering page: D:\Workspace\CS2113\AY2627-S1\ay2627s1-website\book\codeQuality\maximizeReadability\intermediate\structureCodeLogically\index.md
2026-08-30T13:28:52.193Z - [36mverbose[39m: Rendering page: D:\Workspace\CS2113\AY2627-S1\ay2627s1-website\book\codeQuality\maximizeReadability\intermediate\slapHard\index.md
2026-08-30T13:28:52.231Z - [36mverbose[39m: Rendering page: D:\Workspace\CS2113\AY2627-S1\ay2627s1-website\book\codeQuality\maximizeReadability\intermediate\dontTripReader\index.md
2026-08-30T13:28:52.237Z - [36mverbose[39m: Rendering page: D:\Workspace\CS2113\AY2627-S1\ay2627s1-website\book\codeQuality\maximizeReadability\intermediate\practiceKISSing\index.md
2026-08-30T13:28:52.244Z - [36mverbose[39m: Rendering page: D:\Workspace\CS2113\AY2627-S1\ay2627s1-website\book\codeQuality\maximizeReadability\intermediate\index.md
2026-08-30T13:28:52.474Z - [36mverbose[39m: Rendering page: D:\Workspace\CS2113\AY2627-S1\ay2627s1-website\book\codeQuality\maximizeReadability\intermediate\avoidPrematureOptimizations\index.md
2026-08-30T13:28:52.610Z - [36mverbose[39m: Rendering page: D:\Workspace\CS2113\AY2627-S1\ay2627s1-website\book\codeQuality\maximizeReadability\basic\makeCodeObvious\index.md
2026-08-30T13:28:52.617Z - [36mverbose[39m: Rendering page: D:\Workspace\CS2113\AY2627-S1\ay2627s1-website\book\codeQuality\maximizeReadability\basic\index.md
2026-08-30T13:28:52.630Z - [36mverbose[39m: Rendering page: D:\Workspace\CS2113\AY2627-S1\ay2627s1-website\book\codeQuality\maximizeReadability\index.md
2026-08-30T13:28:52.689Z - [36mverbose[39m: Rendering page: D:\Workspace\CS2113\AY2627-S1\ay2627s1-website\book\codeQuality\maximizeReadability\basic\avoidMagicNumbers\index.md
2026-08-30T13:28:52.818Z - [36mverbose[39m: Rendering page: D:\Workspace\CS2113\AY2627-S1\ay2627s1-website\book\codeQuality\maximizeReadability\basic\avoidDeepNesting\index.md
2026-08-30T13:28:52.825Z - [36mverbose[39m: Rendering page: D:\Workspace\CS2113\AY2627-S1\ay2627s1-website\book\codeQuality\maximizeReadability\basic\avoidLongMethods\index.md
2026-08-30T13:28:52.832Z - [36mverbose[39m: Rendering page: D:\Workspace\CS2113\AY2627-S1\ay2627s1-website\book\codeQuality\maximizeReadability\basic\avoidComplicatedExpressions\index.md
2026-08-30T13:28:52.907Z - [36mverbose[39m: Rendering page: D:\Workspace\CS2113\AY2627-S1\ay2627s1-website\book\codeQuality\maximizeReadability\advanced\makeHappyPathProminent\index.md
2026-08-30T13:28:52.959Z - [36mverbose[39m: Rendering page: D:\Workspace\CS2113\AY2627-S1\ay2627s1-website\book\codeQuality\maximizeReadability\advanced\index.md
2026-08-30T13:28:52.967Z - [36mverbose[39m: Rendering page: D:\Workspace\CS2113\AY2627-S1\ay2627s1-website\book\codeQuality\introduction\basic\index.md
2026-08-30T13:28:52.972Z - [36mverbose[39m: Rendering page: D:\Workspace\CS2113\AY2627-S1\ay2627s1-website\book\codeQuality\introduction\index.md
2026-08-30T13:28:53.525Z - [36mverbose[39m: Rendering page: D:\Workspace\CS2113\AY2627-S1\ay2627s1-website\book\codeQuality\index.md
2026-08-30T13:28:53.582Z - [36mverbose[39m: Rendering page: D:\Workspace\CS2113\AY2627-S1\ay2627s1-website\book\codeQuality\followStandard\introduction\index.md
2026-08-30T13:28:53.589Z - [36mverbose[39m: Rendering page: D:\Workspace\CS2113\AY2627-S1\ay2627s1-website\book\codeQuality\followStandard\index.md
2026-08-30T13:28:53.597Z - [36mverbose[39m: Rendering page: D:\Workspace\CS2113\AY2627-S1\ay2627s1-website\book\codeQuality\followStandard\intermediate\index.md
2026-08-30T13:28:53.739Z - [36mverbose[39m: Rendering page: D:\Workspace\CS2113\AY2627-S1\ay2627s1-website\book\codeQuality\followStandard\basic\index.md
2026-08-30T13:28:53.816Z - [36mverbose[39m: Rendering page: D:\Workspace\CS2113\AY2627-S1\ay2627s1-website\book\codeQuality\commentMinimally\intermediate\index.md
2026-08-30T13:28:53.824Z - [36mverbose[39m: Rendering page: D:\Workspace\CS2113\AY2627-S1\ay2627s1-website\book\codeQuality\commentMinimally\introduction\index.md
2026-08-30T13:28:53.833Z - [36mverbose[39m: Rendering page: D:\Workspace\CS2113\AY2627-S1\ay2627s1-website\book\codeQuality\commentMinimally\intermediate\explainWhatWhyNotHow\index.md
2026-08-30T13:28:53.853Z - [36mverbose[39m: Rendering page: D:\Workspace\CS2113\AY2627-S1\ay2627s1-website\book\codeQuality\commentMinimally\index.md
2026-08-30T13:28:53.972Z - [36mverbose[39m: Rendering page: D:\Workspace\CS2113\AY2627-S1\ay2627s1-website\book\codeQuality\commentMinimally\basic\writeToReader\index.md
2026-08-30T13:28:53.980Z - [36mverbose[39m: Rendering page: D:\Workspace\CS2113\AY2627-S1\ay2627s1-website\book\codeQuality\commentMinimally\basic\dontRepeatObvious\index.md
2026-08-30T13:28:54.004Z - [36mverbose[39m: Rendering page: D:\Workspace\CS2113\AY2627-S1\ay2627s1-website\book\codeQuality\commentMinimally\basic\index.md
2026-08-30T13:28:54.079Z - [36mverbose[39m: Rendering page: D:\Workspace\CS2113\AY2627-S1\ay2627s1-website\book\codeQuality\avoidShortcuts\introduction\index.md
2026-08-30T13:28:54.215Z - [36mverbose[39m: Rendering page: D:\Workspace\CS2113\AY2627-S1\ay2627s1-website\book\codeQuality\avoidShortcuts\intermediate\index.md
2026-08-30T13:28:54.222Z - [36mverbose[39m: Rendering page: D:\Workspace\CS2113\AY2627-S1\ay2627s1-website\book\codeQuality\avoidShortcuts\intermediate\minimiseCodeDuplication\index.md
2026-08-30T13:28:54.227Z - [36mverbose[39m: Rendering page: D:\Workspace\CS2113\AY2627-S1\ay2627s1-website\book\codeQuality\avoidShortcuts\intermediate\minimiseVariableScope\index.md
2026-08-30T13:28:54.263Z - [36mverbose[39m: Rendering page: D:\Workspace\CS2113\AY2627-S1\ay2627s1-website\book\codeQuality\avoidShortcuts\index.md
2026-08-30T13:28:54.397Z - [36mverbose[39m: Rendering page: D:\Workspace\CS2113\AY2627-S1\ay2627s1-website\book\codeQuality\avoidShortcuts\basic\useDefaultBranch\index.md
2026-08-30T13:28:54.420Z - [36mverbose[39m: Rendering page: D:\Workspace\CS2113\AY2627-S1\ay2627s1-website\book\codeQuality\avoidShortcuts\basic\dontRecycleVarsOrParams\index.md
2026-08-30T13:28:54.426Z - [36mverbose[39m: Rendering page: D:\Workspace\CS2113\AY2627-S1\ay2627s1-website\book\codeQuality\avoidShortcuts\basic\index.md
2026-08-30T13:28:54.464Z - [36mverbose[39m: Rendering page: D:\Workspace\CS2113\AY2627-S1\ay2627s1-website\book\codeQuality\avoidShortcuts\basic\deleteDeadCode\index.md
2026-08-30T13:28:54.553Z - [36mverbose[39m: Rendering page: D:\Workspace\CS2113\AY2627-S1\ay2627s1-website\book\architecture\introduction\what\index.md
2026-08-30T13:28:54.632Z - [36mverbose[39m: Rendering page: D:\Workspace\CS2113\AY2627-S1\ay2627s1-website\book\architecture\introduction\why\index.md
2026-08-30T13:28:54.638Z - [36mverbose[39m: Rendering page: D:\Workspace\CS2113\AY2627-S1\ay2627s1-website\book\codeQuality\avoidShortcuts\basic\avoidEmptyCatchBlocks\index.md
2026-08-30T13:28:54.687Z - [36mverbose[39m: Rendering page: D:\Workspace\CS2113\AY2627-S1\ay2627s1-website\book\architecture\introduction\index.md
2026-08-30T13:28:56.447Z - [34mdebug[39m: 
2026-08-30T13:28:56.570Z - [34mdebug[39m: 
2026-08-30T13:28:56.618Z - [34mdebug[39m: 
2026-08-30T13:28:56.653Z - [34mdebug[39m: 
2026-08-30T13:28:56.659Z - [34mdebug[39m: 
2026-08-30T13:28:56.854Z - [34mdebug[39m: 
2026-08-30T13:28:56.934Z - [36mverbose[39m: Rendering page: D:\Workspace\CS2113\AY2627-S1\ay2627s1-website\book\architecture\index.md
2026-08-30T13:28:56.957Z - [36mverbose[39m: Rendering page: D:\Workspace\CS2113\AY2627-S1\ay2627s1-website\book\architecture\architectureDiagrams\views\index.md
2026-08-30T13:28:56.961Z - [36mverbose[39m: Rendering page: D:\Workspace\CS2113\AY2627-S1\ay2627s1-website\book\architecture\introduction\components\index.md
2026-08-30T13:28:56.972Z - [36mverbose[39m: Rendering page: D:\Workspace\CS2113\AY2627-S1\ay2627s1-website\book\architecture\architectureDiagrams\reading\index.md
2026-08-30T13:28:57.146Z - [36mverbose[39m: Rendering page: D:\Workspace\CS2113\AY2627-S1\ay2627s1-website\book\architecture\architecturalStyles\serviceOriented\index.md
2026-08-30T13:28:57.153Z - [36mverbose[39m: Rendering page: D:\Workspace\CS2113\AY2627-S1\ay2627s1-website\book\architecture\architecturalStyles\serviceOriented\what\index.md
2026-08-30T13:28:57.160Z - [36mverbose[39m: Rendering page: D:\Workspace\CS2113\AY2627-S1\ay2627s1-website\book\architecture\architectureDiagrams\index.md
2026-08-30T13:28:57.168Z - [36mverbose[39m: Rendering page: D:\Workspace\CS2113\AY2627-S1\ay2627s1-website\book\architecture\architectureDiagrams\drawing\index.md
2026-08-30T13:28:57.325Z - [36mverbose[39m: Rendering page: D:\Workspace\CS2113\AY2627-S1\ay2627s1-website\book\architecture\architecturalStyles\more\usingStyles\index.md
2026-08-30T13:28:57.333Z - [36mverbose[39m: Rendering page: D:\Workspace\CS2113\AY2627-S1\ay2627s1-website\book\architecture\architecturalStyles\more\moreStyles\index.md
2026-08-30T13:28:57.338Z - [36mverbose[39m: Rendering page: D:\Workspace\CS2113\AY2627-S1\ay2627s1-website\book\architecture\architecturalStyles\monolith\what\index.md
2026-08-30T13:28:57.345Z - [36mverbose[39m: Rendering page: D:\Workspace\CS2113\AY2627-S1\ay2627s1-website\book\architecture\architecturalStyles\more\index.md
2026-08-30T13:28:57.481Z - [36mverbose[39m: Rendering page: D:\Workspace\CS2113\AY2627-S1\ay2627s1-website\book\architecture\architecturalStyles\monolith\index.md
2026-08-30T13:28:57.488Z - [36mverbose[39m: Rendering page: D:\Workspace\CS2113\AY2627-S1\ay2627s1-website\book\architecture\architecturalStyles\layered\what\index.md
2026-08-30T13:28:57.494Z - [36mverbose[39m: Rendering page: D:\Workspace\CS2113\AY2627-S1\ay2627s1-website\book\architecture\architecturalStyles\layered\index.md
2026-08-30T13:28:57.500Z - [36mverbose[39m: Rendering page: D:\Workspace\CS2113\AY2627-S1\ay2627s1-website\book\architecture\architecturalStyles\introduction\what\index.md
2026-08-30T13:28:57.735Z - [36mverbose[39m: Rendering page: D:\Workspace\CS2113\AY2627-S1\ay2627s1-website\book\architecture\architecturalStyles\introduction\index.md
2026-08-30T13:28:57.742Z - [36mverbose[39m: Rendering page: D:\Workspace\CS2113\AY2627-S1\ay2627s1-website\book\architecture\architecturalStyles\eventDriven\what\index.md
2026-08-30T13:28:57.748Z - [36mverbose[39m: Rendering page: D:\Workspace\CS2113\AY2627-S1\ay2627s1-website\book\architecture\architecturalStyles\eventDriven\index.md
2026-08-30T13:28:57.755Z - [36mverbose[39m: Rendering page: D:\Workspace\CS2113\AY2627-S1\ay2627s1-website\book\architecture\architecturalStyles\index.md
2026-08-30T13:28:58.073Z - [36mverbose[39m: Rendering page: D:\Workspace\CS2113\AY2627-S1\ay2627s1-website\book\architecture\architecturalStyles\clientServer\what\index.md
2026-08-30T13:28:58.082Z - [36mverbose[39m: Rendering page: D:\Workspace\CS2113\AY2627-S1\ay2627s1-website\book\architecture\architecturalStyles\clientServer\index.md
2026-08-30T13:28:58.252Z - [36mverbose[39m: Rendering page: D:\Workspace\CS2113\AY2627-S1\ay2627s1-website\se-book-adapted\git-trail\index.md
2026-08-30T13:28:58.623Z - [36mverbose[39m: Rendering page: D:\Workspace\CS2113\AY2627-S1\ay2627s1-website\book\combined\exercises.md
2026-08-30T13:28:58.989Z - [36mverbose[39m: Rendering page: D:\Workspace\CS2113\AY2627-S1\ay2627s1-website\se-book-adapted\common\exercises.md
2026-08-30T13:28:59.000Z - [36mverbose[39m: Rendering page: D:\Workspace\CS2113\AY2627-S1\ay2627s1-website\se-book-adapted\common\definitions.md
2026-08-30T13:28:59.008Z - [36mverbose[39m: Rendering page: D:\Workspace\CS2113\AY2627-S1\ay2627s1-website\se-book-adapted\chapters-printable\uml-printable.md
2026-08-30T13:28:59.201Z - [36mverbose[39m: Rendering page: D:\Workspace\CS2113\AY2627-S1\ay2627s1-website\se-book-adapted\chapters-printable\testing-printable.md
2026-08-30T13:28:59.367Z - [36mverbose[39m: Rendering page: D:\Workspace\CS2113\AY2627-S1\ay2627s1-website\se-book-adapted\chapters-printable\teamwork-printable.md
2026-08-30T13:28:59.375Z - [36mverbose[39m: Rendering page: D:\Workspace\CS2113\AY2627-S1\ay2627s1-website\se-book-adapted\chapters-printable\specifyingRequirements-printable.md
2026-08-30T13:28:59.389Z - [36mverbose[39m: Rendering page: D:\Workspace\CS2113\AY2627-S1\ay2627s1-website\se-book-adapted\chapters-printable\testCaseDesign-printable.md
2026-08-30T13:28:59.453Z - [36mverbose[39m: Rendering page: D:\Workspace\CS2113\AY2627-S1\ay2627s1-website\se-book-adapted\chapters-printable\softwareEngineering-printable.md
2026-08-30T13:28:59.645Z - [36mverbose[39m: Rendering page: D:\Workspace\CS2113\AY2627-S1\ay2627s1-website\se-book-adapted\chapters-printable\reuse-printable.md
2026-08-30T13:28:59.656Z - [36mverbose[39m: Rendering page: D:\Workspace\CS2113\AY2627-S1\ay2627s1-website\se-book-adapted\chapters-printable\security-printable.md
2026-08-30T13:28:59.664Z - [36mverbose[39m: Rendering page: D:\Workspace\CS2113\AY2627-S1\ay2627s1-website\se-book-adapted\chapters-printable\requirements-printable.md
2026-08-30T13:28:59.734Z - [36mverbose[39m: Rendering page: D:\Workspace\CS2113\AY2627-S1\ay2627s1-website\se-book-adapted\chapters-printable\refactoring-printable.md
2026-08-30T13:28:59.854Z - [36mverbose[39m: Rendering page: D:\Workspace\CS2113\AY2627-S1\ay2627s1-website\se-book-adapted\chapters-printable\qualityAssurance-printable.md
2026-08-30T13:28:59.862Z - [36mverbose[39m: Rendering page: D:\Workspace\CS2113\AY2627-S1\ay2627s1-website\se-book-adapted\chapters-printable\projectPlanning-printable.md
2026-08-30T13:28:59.958Z - [36mverbose[39m: Rendering page: D:\Workspace\CS2113\AY2627-S1\ay2627s1-website\se-book-adapted\chapters-printable\processModels-printable.md
2026-08-30T13:28:59.983Z - [36mverbose[39m: Rendering page: D:\Workspace\CS2113\AY2627-S1\ay2627s1-website\se-book-adapted\chapters-printable\principles-printable.md
2026-08-30T13:29:00.393Z - [36mverbose[39m: Rendering page: D:\Workspace\CS2113\AY2627-S1\ay2627s1-website\se-book-adapted\chapters-printable\intellij-printable.md
2026-08-30T13:29:00.399Z - [36mverbose[39m: Rendering page: D:\Workspace\CS2113\AY2627-S1\ay2627s1-website\se-book-adapted\chapters-printable\modeling-printable.md
2026-08-30T13:29:00.446Z - [36mverbose[39m: Rendering page: D:\Workspace\CS2113\AY2627-S1\ay2627s1-website\se-book-adapted\chapters-printable\oop-printable.md
2026-08-30T13:29:00.504Z - [36mverbose[39m: Rendering page: D:\Workspace\CS2113\AY2627-S1\ay2627s1-website\se-book-adapted\chapters-printable\integration-printable.md
2026-08-30T13:29:00.669Z - [36mverbose[39m: Rendering page: D:\Workspace\CS2113\AY2627-S1\ay2627s1-website\se-book-adapted\chapters-printable\ides-printable.md
2026-08-30T13:29:00.675Z - [36mverbose[39m: Rendering page: D:\Workspace\CS2113\AY2627-S1\ay2627s1-website\se-book-adapted\chapters-printable\gatheringRequirements-printable.md
2026-08-30T13:29:00.683Z - [36mverbose[39m: Rendering page: D:\Workspace\CS2113\AY2627-S1\ay2627s1-website\se-book-adapted\chapters-printable\errorHandling-printable.md
2026-08-30T13:29:00.758Z - [36mverbose[39m: Rendering page: D:\Workspace\CS2113\AY2627-S1\ay2627s1-website\se-book-adapted\chapters-printable\documentation-printable.md
2026-08-30T13:29:00.865Z - [36mverbose[39m: Rendering page: D:\Workspace\CS2113\AY2627-S1\ay2627s1-website\se-book-adapted\chapters-printable\designApproaches-printable.md
2026-08-30T13:29:00.898Z - [36mverbose[39m: Rendering page: D:\Workspace\CS2113\AY2627-S1\ay2627s1-website\se-book-adapted\chapters-printable\designFundamentals-printable.md
2026-08-30T13:29:00.906Z - [36mverbose[39m: Rendering page: D:\Workspace\CS2113\AY2627-S1\ay2627s1-website\se-book-adapted\chapters-printable\designPatterns-printable.md
2026-08-30T13:29:00.925Z - [36mverbose[39m: Rendering page: D:\Workspace\CS2113\AY2627-S1\ay2627s1-website\se-book-adapted\chapters-printable\design-printable.md
2026-08-30T13:29:02.010Z - [36mverbose[39m: Rendering page: D:\Workspace\CS2113\AY2627-S1\ay2627s1-website\se-book-adapted\chapters-printable\debugging-printable.md
2026-08-30T13:29:02.022Z - [36mverbose[39m: Rendering page: D:\Workspace\CS2113\AY2627-S1\ay2627s1-website\se-book-adapted\chapters-printable\codeQuality-printable.md
2026-08-30T13:29:02.048Z - [36mverbose[39m: Rendering page: D:\Workspace\CS2113\AY2627-S1\ay2627s1-website\se-book-adapted\chapters-printable\cppToJava-printable.md
2026-08-30T13:29:02.147Z - [36mverbose[39m: Rendering page: D:\Workspace\CS2113\AY2627-S1\ay2627s1-website\se-book-adapted\chapters-printable\architecture-printable.md
2026-08-30T13:29:03.310Z - [36mverbose[39m: Rendering page: D:\Workspace\CS2113\AY2627-S1\ay2627s1-website\se-book-adapted\chapters\testCaseDesign.md
2026-08-30T13:29:03.335Z - [36mverbose[39m: Rendering page: D:\Workspace\CS2113\AY2627-S1\ay2627s1-website\se-book-adapted\chapters\uml.md
2026-08-30T13:29:03.386Z - [36mverbose[39m: Rendering page: D:\Workspace\CS2113\AY2627-S1\ay2627s1-website\se-book-adapted\chapters\testing.md
2026-08-30T13:29:03.448Z - [36mverbose[39m: Rendering page: D:\Workspace\CS2113\AY2627-S1\ay2627s1-website\se-book-adapted\chapters\test.md
2026-08-30T13:29:03.969Z - [36mverbose[39m: Rendering page: D:\Workspace\CS2113\AY2627-S1\ay2627s1-website\se-book-adapted\chapters\softwareEngineering.md
2026-08-30T13:29:03.977Z - [36mverbose[39m: Rendering page: D:\Workspace\CS2113\AY2627-S1\ay2627s1-website\se-book-adapted\chapters\teamwork.md
2026-08-30T13:29:03.984Z - [36mverbose[39m: Rendering page: D:\Workspace\CS2113\AY2627-S1\ay2627s1-website\se-book-adapted\chapters\security.md
2026-08-30T13:29:04.003Z - [36mverbose[39m: Rendering page: D:\Workspace\CS2113\AY2627-S1\ay2627s1-website\se-book-adapted\chapters\specifyingRequirements.md
2026-08-30T13:29:04.596Z - [36mverbose[39m: Rendering page: D:\Workspace\CS2113\AY2627-S1\ay2627s1-website\se-book-adapted\chapters\qualityAssurance.md
2026-08-30T13:29:04.616Z - [36mverbose[39m: Rendering page: D:\Workspace\CS2113\AY2627-S1\ay2627s1-website\se-book-adapted\chapters\requirements.md
2026-08-30T13:29:04.635Z - [36mverbose[39m: Rendering page: D:\Workspace\CS2113\AY2627-S1\ay2627s1-website\se-book-adapted\chapters\refactoring.md
2026-08-30T13:29:04.660Z - [36mverbose[39m: Rendering page: D:\Workspace\CS2113\AY2627-S1\ay2627s1-website\se-book-adapted\chapters\reuse.md
2026-08-30T13:29:05.733Z - [36mverbose[39m: Rendering page: D:\Workspace\CS2113\AY2627-S1\ay2627s1-website\se-book-adapted\chapters\projectPlanning.md
2026-08-30T13:29:05.761Z - [36mverbose[39m: Rendering page: D:\Workspace\CS2113\AY2627-S1\ay2627s1-website\se-book-adapted\chapters\principles.md
2026-08-30T13:29:05.785Z - [36mverbose[39m: Rendering page: D:\Workspace\CS2113\AY2627-S1\ay2627s1-website\se-book-adapted\chapters\processModels.md
2026-08-30T13:29:05.803Z - [36mverbose[39m: Rendering page: D:\Workspace\CS2113\AY2627-S1\ay2627s1-website\se-book-adapted\chapters\oop.md
2026-08-30T13:29:06.795Z - [36mverbose[39m: Rendering page: D:\Workspace\CS2113\AY2627-S1\ay2627s1-website\se-book-adapted\chapters\integration.md
2026-08-30T13:29:06.805Z - [36mverbose[39m: Rendering page: D:\Workspace\CS2113\AY2627-S1\ay2627s1-website\se-book-adapted\chapters\ides.md
2026-08-30T13:29:06.814Z - [36mverbose[39m: Rendering page: D:\Workspace\CS2113\AY2627-S1\ay2627s1-website\se-book-adapted\chapters\intellij.md
2026-08-30T13:29:06.824Z - [36mverbose[39m: Rendering page: D:\Workspace\CS2113\AY2627-S1\ay2627s1-website\se-book-adapted\chapters\modeling.md
2026-08-30T13:29:07.345Z - [36mverbose[39m: Rendering page: D:\Workspace\CS2113\AY2627-S1\ay2627s1-website\se-book-adapted\chapters\designPatterns.md
2026-08-30T13:29:07.361Z - [36mverbose[39m: Rendering page: D:\Workspace\CS2113\AY2627-S1\ay2627s1-website\se-book-adapted\chapters\gatheringRequirements.md
2026-08-30T13:29:07.374Z - [36mverbose[39m: Rendering page: D:\Workspace\CS2113\AY2627-S1\ay2627s1-website\se-book-adapted\chapters\documentation.md
2026-08-30T13:29:07.385Z - [36mverbose[39m: Rendering page: D:\Workspace\CS2113\AY2627-S1\ay2627s1-website\se-book-adapted\chapters\errorHandling.md
2026-08-30T13:29:07.714Z - [36mverbose[39m: Rendering page: D:\Workspace\CS2113\AY2627-S1\ay2627s1-website\se-book-adapted\chapters\design.md
2026-08-30T13:29:07.722Z - [36mverbose[39m: Rendering page: D:\Workspace\CS2113\AY2627-S1\ay2627s1-website\se-book-adapted\chapters\designApproaches.md
2026-08-30T13:29:07.730Z - [36mverbose[39m: Rendering page: D:\Workspace\CS2113\AY2627-S1\ay2627s1-website\se-book-adapted\chapters\debugging.md
2026-08-30T13:29:07.745Z - [36mverbose[39m: Rendering page: D:\Workspace\CS2113\AY2627-S1\ay2627s1-website\se-book-adapted\chapters\designFundamentals.md
2026-08-30T13:29:10.201Z - [36mverbose[39m: Rendering page: D:\Workspace\CS2113\AY2627-S1\ay2627s1-website\se-book-adapted\index.md
2026-08-30T13:29:10.209Z - [36mverbose[39m: Rendering page: D:\Workspace\CS2113\AY2627-S1\ay2627s1-website\se-book-adapted\chapters\architecture.md
2026-08-30T13:29:10.230Z - [36mverbose[39m: Rendering page: D:\Workspace\CS2113\AY2627-S1\ay2627s1-website\se-book-adapted\chapters\codeQuality.md
2026-08-30T13:29:10.269Z - [36mverbose[39m: Rendering page: D:\Workspace\CS2113\AY2627-S1\ay2627s1-website\se-book-adapted\chapters\cppToJava.md
2026-08-30T13:29:10.658Z - [36mverbose[39m: Rendering page: D:\Workspace\CS2113\AY2627-S1\ay2627s1-website\book\about\acknowledgements.md
2026-08-30T13:29:10.703Z - [36mverbose[39m: Rendering page: D:\Workspace\CS2113\AY2627-S1\ay2627s1-website\schedule\week7\tutorial.md
2026-08-30T13:29:10.711Z - [36mverbose[39m: Rendering page: D:\Workspace\CS2113\AY2627-S1\ay2627s1-website\schedule\week8\tutorial.md
2026-08-30T13:29:10.718Z - [36mverbose[39m: Rendering page: D:\Workspace\CS2113\AY2627-S1\ay2627s1-website\schedule\week9\tutorial.md
2026-08-30T13:29:10.740Z - [36mverbose[39m: Rendering page: D:\Workspace\CS2113\AY2627-S1\ay2627s1-website\schedule\week6\tutorial.md
2026-08-30T13:29:11.375Z - [36mverbose[39m: Rendering page: D:\Workspace\CS2113\AY2627-S1\ay2627s1-website\schedule\week5\tutorial.md
2026-08-30T13:29:11.399Z - [36mverbose[39m: Rendering page: D:\Workspace\CS2113\AY2627-S1\ay2627s1-website\schedule\week4\tutorial.md
2026-08-30T13:29:11.407Z - [36mverbose[39m: Rendering page: D:\Workspace\CS2113\AY2627-S1\ay2627s1-website\schedule\week3\tutorial.md
2026-08-30T13:29:11.523Z - [36mverbose[39m: Rendering page: D:\Workspace\CS2113\AY2627-S1\ay2627s1-website\schedule\week2\tutorial.md
2026-08-30T13:29:11.763Z - [36mverbose[39m: Rendering page: D:\Workspace\CS2113\AY2627-S1\ay2627s1-website\schedule\week13\tutorial.md
2026-08-30T13:29:11.770Z - [36mverbose[39m: Rendering page: D:\Workspace\CS2113\AY2627-S1\ay2627s1-website\schedule\week12\tutorial.md
2026-08-30T13:29:11.777Z - [36mverbose[39m: Rendering page: D:\Workspace\CS2113\AY2627-S1\ay2627s1-website\schedule\week11\tutorial.md
2026-08-30T13:29:12.348Z - [36mverbose[39m: Rendering page: D:\Workspace\CS2113\AY2627-S1\ay2627s1-website\schedule\week10\tutorial.md
2026-08-30T13:29:13.271Z - [36mverbose[39m: Rendering page: D:\Workspace\CS2113\AY2627-S1\ay2627s1-website\schedule\week1\tutorial.md
2026-08-30T13:29:13.279Z - [36mverbose[39m: Rendering page: D:\Workspace\CS2113\AY2627-S1\ay2627s1-website\schedule\week9\topics.md
2026-08-30T13:29:13.315Z - [36mverbose[39m: Rendering page: D:\Workspace\CS2113\AY2627-S1\ay2627s1-website\schedule\week8\topics.md
2026-08-30T13:29:14.384Z - [36mverbose[39m: Rendering page: D:\Workspace\CS2113\AY2627-S1\ay2627s1-website\schedule\week7\topics.md
2026-08-30T13:29:16.013Z - [36mverbose[39m: Rendering page: D:\Workspace\CS2113\AY2627-S1\ay2627s1-website\schedule\week5\topics.md
2026-08-30T13:29:16.899Z - [36mverbose[39m: Rendering page: D:\Workspace\CS2113\AY2627-S1\ay2627s1-website\schedule\week6\topics.md
2026-08-30T13:29:16.964Z - [36mverbose[39m: Rendering page: D:\Workspace\CS2113\AY2627-S1\ay2627s1-website\schedule\week4\topics.md
2026-08-30T13:29:17.053Z - [36mverbose[39m: Rendering page: D:\Workspace\CS2113\AY2627-S1\ay2627s1-website\schedule\week3\topics.md
2026-08-30T13:29:18.332Z - [36mverbose[39m: Rendering page: D:\Workspace\CS2113\AY2627-S1\ay2627s1-website\schedule\week13\topics.md
2026-08-30T13:29:18.338Z - [36mverbose[39m: Rendering page: D:\Workspace\CS2113\AY2627-S1\ay2627s1-website\schedule\week12\topics.md
2026-08-30T13:29:18.367Z - [36mverbose[39m: Rendering page: D:\Workspace\CS2113\AY2627-S1\ay2627s1-website\schedule\week2\topics.md
2026-08-30T13:29:19.548Z - [36mverbose[39m: Rendering page: D:\Workspace\CS2113\AY2627-S1\ay2627s1-website\schedule\week11\topics.md
2026-08-30T13:29:20.625Z - [36mverbose[39m: Rendering page: D:\Workspace\CS2113\AY2627-S1\ay2627s1-website\schedule\week1\topics.md
2026-08-30T13:29:20.635Z - [36mverbose[39m: Rendering page: D:\Workspace\CS2113\AY2627-S1\ay2627s1-website\schedule\week9\project.md
2026-08-30T13:29:20.646Z - [36mverbose[39m: Rendering page: D:\Workspace\CS2113\AY2627-S1\ay2627s1-website\schedule\week10\topics.md
2026-08-30T13:29:22.819Z - [36mverbose[39m: Rendering page: D:\Workspace\CS2113\AY2627-S1\ay2627s1-website\schedule\week8\project.md
2026-08-30T13:29:24.464Z - [36mverbose[39m: Rendering page: D:\Workspace\CS2113\AY2627-S1\ay2627s1-website\schedule\week6\project.md
2026-08-30T13:29:24.480Z - [36mverbose[39m: Rendering page: D:\Workspace\CS2113\AY2627-S1\ay2627s1-website\schedule\week5\project.md
2026-08-30T13:29:24.498Z - [36mverbose[39m: Rendering page: D:\Workspace\CS2113\AY2627-S1\ay2627s1-website\schedule\week7\project.md
2026-08-30T13:29:25.465Z - [36mverbose[39m: Rendering page: D:\Workspace\CS2113\AY2627-S1\ay2627s1-website\schedule\week4\project.md
2026-08-30T13:29:25.663Z - [36mverbose[39m: Rendering page: D:\Workspace\CS2113\AY2627-S1\ay2627s1-website\schedule\week13\project.md
2026-08-30T13:29:25.670Z - [36mverbose[39m: Rendering page: D:\Workspace\CS2113\AY2627-S1\ay2627s1-website\schedule\week3\project.md
2026-08-30T13:29:25.683Z - [36mverbose[39m: Rendering page: D:\Workspace\CS2113\AY2627-S1\ay2627s1-website\schedule\week2\project.md
2026-08-30T13:29:28.768Z - [34mdebug[39m: 
2026-08-30T13:29:28.768Z - [34mdebug[39m: 
2026-08-30T13:29:28.792Z - [36mverbose[39m: Rendering page: D:\Workspace\CS2113\AY2627-S1\ay2627s1-website\schedule\week1\project.md
2026-08-30T13:29:28.800Z - [36mverbose[39m: Rendering page: D:\Workspace\CS2113\AY2627-S1\ay2627s1-website\schedule\week10\project.md
2026-08-30T13:29:28.812Z - [36mverbose[39m: Rendering page: D:\Workspace\CS2113\AY2627-S1\ay2627s1-website\schedule\week11\project.md
2026-08-30T13:29:29.039Z - [36mverbose[39m: Rendering page: D:\Workspace\CS2113\AY2627-S1\ay2627s1-website\schedule\week12\project.md
2026-08-30T13:29:29.473Z - [36mverbose[39m: Rendering page: D:\Workspace\CS2113\AY2627-S1\ay2627s1-website\schedule\week7\index.md
2026-08-30T13:29:29.480Z - [36mverbose[39m: Rendering page: D:\Workspace\CS2113\AY2627-S1\ay2627s1-website\schedule\week8\index.md
2026-08-30T13:29:29.486Z - [36mverbose[39m: Rendering page: D:\Workspace\CS2113\AY2627-S1\ay2627s1-website\schedule\week9\index.md
2026-08-30T13:29:29.777Z - [36mverbose[39m: Rendering page: D:\Workspace\CS2113\AY2627-S1\ay2627s1-website\schedule\week6\index.md
2026-08-30T13:29:30.584Z - [36mverbose[39m: Rendering page: D:\Workspace\CS2113\AY2627-S1\ay2627s1-website\schedule\week5\index.md
2026-08-30T13:29:30.592Z - [36mverbose[39m: Rendering page: D:\Workspace\CS2113\AY2627-S1\ay2627s1-website\schedule\week3\index.md
2026-08-30T13:29:30.599Z - [36mverbose[39m: Rendering page: D:\Workspace\CS2113\AY2627-S1\ay2627s1-website\schedule\week4\index.md
2026-08-30T13:29:31.111Z - [36mverbose[39m: Rendering page: D:\Workspace\CS2113\AY2627-S1\ay2627s1-website\schedule\week2\index.md
2026-08-30T13:29:31.297Z - [36mverbose[39m: Rendering page: D:\Workspace\CS2113\AY2627-S1\ay2627s1-website\schedule\week13\index.md
2026-08-30T13:29:31.303Z - [36mverbose[39m: Rendering page: D:\Workspace\CS2113\AY2627-S1\ay2627s1-website\schedule\week11\index.md
2026-08-30T13:29:31.310Z - [36mverbose[39m: Rendering page: D:\Workspace\CS2113\AY2627-S1\ay2627s1-website\schedule\week12\index.md
2026-08-30T13:29:31.329Z - [36mverbose[39m: Rendering page: D:\Workspace\CS2113\AY2627-S1\ay2627s1-website\schedule\week10\index.md
2026-08-30T13:29:31.599Z - [36mverbose[39m: Rendering page: D:\Workspace\CS2113\AY2627-S1\ay2627s1-website\schedule\week8\admin.md
2026-08-30T13:29:31.605Z - [36mverbose[39m: Rendering page: D:\Workspace\CS2113\AY2627-S1\ay2627s1-website\schedule\week1\index.md
2026-08-30T13:29:31.611Z - [36mverbose[39m: Rendering page: D:\Workspace\CS2113\AY2627-S1\ay2627s1-website\schedule\week9\admin.md
2026-08-30T13:29:31.631Z - [36mverbose[39m: Rendering page: D:\Workspace\CS2113\AY2627-S1\ay2627s1-website\schedule\week7\admin.md
2026-08-30T13:29:32.840Z - [36mverbose[39m: Rendering page: D:\Workspace\CS2113\AY2627-S1\ay2627s1-website\schedule\week4\admin.md
2026-08-30T13:29:32.848Z - [36mverbose[39m: Rendering page: D:\Workspace\CS2113\AY2627-S1\ay2627s1-website\schedule\week6\admin.md
2026-08-30T13:29:32.856Z - [36mverbose[39m: Rendering page: D:\Workspace\CS2113\AY2627-S1\ay2627s1-website\schedule\week5\admin.md
2026-08-30T13:29:33.241Z - [36mverbose[39m: Rendering page: D:\Workspace\CS2113\AY2627-S1\ay2627s1-website\schedule\week3\admin.md
2026-08-30T13:29:33.273Z - [36mverbose[39m: Rendering page: D:\Workspace\CS2113\AY2627-S1\ay2627s1-website\schedule\week13\admin.md
2026-08-30T13:29:33.321Z - [36mverbose[39m: Rendering page: D:\Workspace\CS2113\AY2627-S1\ay2627s1-website\schedule\week12\admin.md
2026-08-30T13:29:33.330Z - [36mverbose[39m: Rendering page: D:\Workspace\CS2113\AY2627-S1\ay2627s1-website\schedule\week2\admin.md
2026-08-30T13:29:33.354Z - [36mverbose[39m: Rendering page: D:\Workspace\CS2113\AY2627-S1\ay2627s1-website\schedule\week11\admin.md
2026-08-30T13:29:37.252Z - [34mdebug[39m: 
2026-08-30T13:29:37.267Z - [36mverbose[39m: Rendering page: D:\Workspace\CS2113\AY2627-S1\ay2627s1-website\schedule\index.md
2026-08-30T13:29:37.584Z - [36mverbose[39m: Rendering page: D:\Workspace\CS2113\AY2627-S1\ay2627s1-website\schedule\week10\admin.md
2026-08-30T13:29:37.591Z - [36mverbose[39m: Rendering page: D:\Workspace\CS2113\AY2627-S1\ay2627s1-website\schedule\timeline.md
2026-08-30T13:29:37.625Z - [36mverbose[39m: Rendering page: D:\Workspace\CS2113\AY2627-S1\ay2627s1-website\schedule\week1\admin.md
2026-08-30T13:29:37.982Z - [36mverbose[39m: Rendering page: D:\Workspace\CS2113\AY2627-S1\ay2627s1-website\projectDuke\text.md
2026-08-30T13:29:38.081Z - [36mverbose[39m: Rendering page: D:\Workspace\CS2113\AY2627-S1\ay2627s1-website\projectDuke\print.md
2026-08-30T13:29:38.088Z - [36mverbose[39m: Rendering page: D:\Workspace\CS2113\AY2627-S1\ay2627s1-website\projectDuke\path.md
2026-08-30T13:29:38.094Z - [36mverbose[39m: Rendering page: D:\Workspace\CS2113\AY2627-S1\ay2627s1-website\projectDuke\index.md
2026-08-30T13:29:38.496Z - [36mverbose[39m: Rendering page: D:\Workspace\CS2113\AY2627-S1\ay2627s1-website\projectDuke\cs3227.md
2026-08-30T13:29:38.564Z - [36mverbose[39m: Rendering page: D:\Workspace\CS2113\AY2627-S1\ay2627s1-website\admin\uml-reference-sheet.md
2026-08-30T13:29:38.570Z - [36mverbose[39m: Rendering page: D:\Workspace\CS2113\AY2627-S1\ay2627s1-website\admin\weeklySchedule.md
2026-08-30T13:29:38.578Z - [36mverbose[39m: Rendering page: D:\Workspace\CS2113\AY2627-S1\ay2627s1-website\admin\usingThisWebsite.md
2026-08-30T13:29:38.891Z - [36mverbose[39m: Rendering page: D:\Workspace\CS2113\AY2627-S1\ay2627s1-website\admin\tutors-info.md
2026-08-30T13:29:40.719Z - [36mverbose[39m: Rendering page: D:\Workspace\CS2113\AY2627-S1\ay2627s1-website\admin\tp-w8.md
2026-08-30T13:29:40.731Z - [36mverbose[39m: Rendering page: D:\Workspace\CS2113\AY2627-S1\ay2627s1-website\admin\tp-w9.md
2026-08-30T13:29:40.742Z - [36mverbose[39m: Rendering page: D:\Workspace\CS2113\AY2627-S1\ay2627s1-website\admin\tutorials.md
2026-08-30T13:29:40.776Z - [36mverbose[39m: Rendering page: D:\Workspace\CS2113\AY2627-S1\ay2627s1-website\admin\tp-w7.md
2026-08-30T13:29:42.515Z - [36mverbose[39m: Rendering page: D:\Workspace\CS2113\AY2627-S1\ay2627s1-website\admin\tp-w5.md
2026-08-30T13:29:42.528Z - [36mverbose[39m: Rendering page: D:\Workspace\CS2113\AY2627-S1\ay2627s1-website\admin\tp-w6.md
2026-08-30T13:29:42.542Z - [36mverbose[39m: Rendering page: D:\Workspace\CS2113\AY2627-S1\ay2627s1-website\admin\tp-w4.md
2026-08-30T13:29:42.568Z - [36mverbose[39m: Rendering page: D:\Workspace\CS2113\AY2627-S1\ay2627s1-website\admin\tp-w3.md
2026-08-30T13:29:44.321Z - [36mverbose[39m: Rendering page: D:\Workspace\CS2113\AY2627-S1\ay2627s1-website\admin\tp-w2.md
2026-08-30T13:29:44.327Z - [36mverbose[39m: Rendering page: D:\Workspace\CS2113\AY2627-S1\ay2627s1-website\admin\tp-w13.md
2026-08-30T13:29:45.103Z - [36mverbose[39m: Rendering page: D:\Workspace\CS2113\AY2627-S1\ay2627s1-website\admin\tp-w12.md
2026-08-30T13:29:46.713Z - [34mdebug[39m: 
2026-08-30T13:29:46.722Z - [34mdebug[39m: 
2026-08-30T13:29:46.738Z - [36mverbose[39m: Rendering page: D:\Workspace\CS2113\AY2627-S1\ay2627s1-website\admin\tp-teams.md
2026-08-30T13:29:46.748Z - [36mverbose[39m: Rendering page: D:\Workspace\CS2113\AY2627-S1\ay2627s1-website\admin\tp-timeline.md
2026-08-30T13:29:46.756Z - [36mverbose[39m: Rendering page: D:\Workspace\CS2113\AY2627-S1\ay2627s1-website\admin\tp-w10.md
2026-08-30T13:29:47.766Z - [36mverbose[39m: Rendering page: D:\Workspace\CS2113\AY2627-S1\ay2627s1-website\admin\tp-w11.md
2026-08-30T13:29:48.667Z - [36mverbose[39m: Rendering page: D:\Workspace\CS2113\AY2627-S1\ay2627s1-website\admin\tp-supervision.md
2026-08-30T13:29:48.769Z - [36mverbose[39m: Rendering page: D:\Workspace\CS2113\AY2627-S1\ay2627s1-website\admin\tp-ped.md
2026-08-30T13:29:48.796Z - [36mverbose[39m: Rendering page: D:\Workspace\CS2113\AY2627-S1\ay2627s1-website\admin\tp-pe.md
2026-08-30T13:29:48.849Z - [36mverbose[39m: Rendering page: D:\Workspace\CS2113\AY2627-S1\ay2627s1-website\admin\tp-overview.md
2026-08-30T13:29:49.644Z - [36mverbose[39m: Rendering page: D:\Workspace\CS2113\AY2627-S1\ay2627s1-website\admin\tp-expectations.md
2026-08-30T13:29:49.663Z - [36mverbose[39m: Rendering page: D:\Workspace\CS2113\AY2627-S1\ay2627s1-website\admin\tp-deliverables.md
2026-08-30T13:29:49.684Z - [36mverbose[39m: Rendering page: D:\Workspace\CS2113\AY2627-S1\ay2627s1-website\admin\tp-grading.md
2026-08-30T13:29:49.741Z - [36mverbose[39m: Rendering page: D:\Workspace\CS2113\AY2627-S1\ay2627s1-website\admin\tp-constraints.md
2026-08-30T13:29:49.925Z - [36mverbose[39m: Rendering page: D:\Workspace\CS2113\AY2627-S1\ay2627s1-website\admin\tp-common-fragments.md
2026-08-30T13:29:49.933Z - [36mverbose[39m: Rendering page: D:\Workspace\CS2113\AY2627-S1\ay2627s1-website\admin\textbooks.md
2026-08-30T13:29:49.941Z - [36mverbose[39m: Rendering page: D:\Workspace\CS2113\AY2627-S1\ay2627s1-website\admin\tools.md
2026-08-30T13:29:49.989Z - [36mverbose[39m: Rendering page: D:\Workspace\CS2113\AY2627-S1\ay2627s1-website\admin\teamList.md
2026-08-30T13:29:50.149Z - [36mverbose[39m: Rendering page: D:\Workspace\CS2113\AY2627-S1\ay2627s1-website\admin\syllabus.md
2026-08-30T13:29:50.157Z - [36mverbose[39m: Rendering page: D:\Workspace\CS2113\AY2627-S1\ay2627s1-website\admin\reposenseAuthorAnnotation.md
2026-08-30T13:29:50.166Z - [36mverbose[39m: Rendering page: D:\Workspace\CS2113\AY2627-S1\ay2627s1-website\admin\standardsAndConventions.md
2026-08-30T13:29:50.295Z - [36mverbose[39m: Rendering page: D:\Workspace\CS2113\AY2627-S1\ay2627s1-website\admin\programmingLanguages.md
2026-08-30T13:29:50.469Z - [36mverbose[39m: Rendering page: D:\Workspace\CS2113\AY2627-S1\ay2627s1-website\admin\overview-for-teachers.md
2026-08-30T13:29:50.478Z - [36mverbose[39m: Rendering page: D:\Workspace\CS2113\AY2627-S1\ay2627s1-website\admin\peerEvaluations.md
2026-08-30T13:29:50.491Z - [36mverbose[39m: Rendering page: D:\Workspace\CS2113\AY2627-S1\ay2627s1-website\admin\participation.md
2026-08-30T13:29:50.513Z - [36mverbose[39m: Rendering page: D:\Workspace\CS2113\AY2627-S1\ay2627s1-website\admin\mid-semester-survey-results.md
2026-08-30T13:29:51.277Z - [36mverbose[39m: Rendering page: D:\Workspace\CS2113\AY2627-S1\ay2627s1-website\admin\ip-w8.md
2026-08-30T13:29:51.286Z - [36mverbose[39m: Rendering page: D:\Workspace\CS2113\AY2627-S1\ay2627s1-website\admin\lectures.md
2026-08-30T13:29:51.294Z - [36mverbose[39m: Rendering page: D:\Workspace\CS2113\AY2627-S1\ay2627s1-website\admin\ip-w7.md
2026-08-30T13:29:51.327Z - [36mverbose[39m: Rendering page: D:\Workspace\CS2113\AY2627-S1\ay2627s1-website\admin\ip-w6.md
2026-08-30T13:29:52.237Z - [36mverbose[39m: Rendering page: D:\Workspace\CS2113\AY2627-S1\ay2627s1-website\admin\ip-w4.md
2026-08-30T13:29:52.745Z - [36mverbose[39m: Rendering page: D:\Workspace\CS2113\AY2627-S1\ay2627s1-website\admin\ip-w3.md
2026-08-30T13:29:52.764Z - [36mverbose[39m: Rendering page: D:\Workspace\CS2113\AY2627-S1\ay2627s1-website\admin\ip-w5.md
2026-08-30T13:29:52.807Z - [36mverbose[39m: Rendering page: D:\Workspace\CS2113\AY2627-S1\ay2627s1-website\admin\ip-w2.md
2026-08-30T13:29:52.891Z - [36mverbose[39m: Rendering page: D:\Workspace\CS2113\AY2627-S1\ay2627s1-website\admin\ip-showcase.md
2026-08-30T13:29:52.898Z - [36mverbose[39m: Rendering page: D:\Workspace\CS2113\AY2627-S1\ay2627s1-website\admin\ip-overview.md
2026-08-30T13:29:52.906Z - [36mverbose[39m: Rendering page: D:\Workspace\CS2113\AY2627-S1\ay2627s1-website\admin\ip-grading.md
2026-08-30T13:29:52.993Z - [36mverbose[39m: Rendering page: D:\Workspace\CS2113\AY2627-S1\ay2627s1-website\admin\instructors.md
2026-08-30T13:29:53.638Z - [36mverbose[39m: Rendering page: D:\Workspace\CS2113\AY2627-S1\ay2627s1-website\admin\exams.md
2026-08-30T13:29:53.646Z - [36mverbose[39m: Rendering page: D:\Workspace\CS2113\AY2627-S1\ay2627s1-website\admin\index.md
2026-08-30T13:29:53.654Z - [36mverbose[39m: Rendering page: D:\Workspace\CS2113\AY2627-S1\ay2627s1-website\admin\gradeBreakdown.md
2026-08-30T13:29:53.677Z - [36mverbose[39m: Rendering page: D:\Workspace\CS2113\AY2627-S1\ay2627s1-website\admin\exams-f2f.md
2026-08-30T13:29:53.780Z - [36mverbose[39m: Rendering page: D:\Workspace\CS2113\AY2627-S1\ay2627s1-website\admin\exam-reference-sheet.md
2026-08-30T13:29:53.832Z - [36mverbose[39m: Rendering page: D:\Workspace\CS2113\AY2627-S1\ay2627s1-website\admin\courseOverview.md
2026-08-30T13:29:53.840Z - [36mverbose[39m: Rendering page: D:\Workspace\CS2113\AY2627-S1\ay2627s1-website\admin\exam-pen-and-paper.md
2026-08-30T13:29:53.914Z - [36mverbose[39m: Rendering page: D:\Workspace\CS2113\AY2627-S1\ay2627s1-website\admin\courseExpectations.md
2026-08-30T13:29:53.952Z - [36mverbose[39m: Rendering page: D:\Workspace\CS2113\AY2627-S1\ay2627s1-website\admin\appendixH-tipsFromStudents.md
2026-08-30T13:29:53.963Z - [36mverbose[39m: Rendering page: D:\Workspace\CS2113\AY2627-S1\ay2627s1-website\admin\appendixG-troubleshooting.md
2026-08-30T13:29:53.968Z - [36mverbose[39m: Rendering page: D:\Workspace\CS2113\AY2627-S1\ay2627s1-website\admin\courseBriefings.md
2026-08-30T13:29:54.007Z - [36mverbose[39m: Rendering page: D:\Workspace\CS2113\AY2627-S1\ay2627s1-website\admin\appendixG-CS2103R.md
2026-08-30T13:29:56.245Z - [36mverbose[39m: Rendering page: D:\Workspace\CS2113\AY2627-S1\ay2627s1-website\admin\appendixD-help.md
2026-08-30T13:29:56.255Z - [36mverbose[39m: Rendering page: D:\Workspace\CS2113\AY2627-S1\ay2627s1-website\admin\appendixF-teamworkIssues.md
2026-08-30T13:29:56.266Z - [36mverbose[39m: Rendering page: D:\Workspace\CS2113\AY2627-S1\ay2627s1-website\admin\appendixE-gitHub.md
2026-08-30T13:29:56.297Z - [36mverbose[39m: Rendering page: D:\Workspace\CS2113\AY2627-S1\ay2627s1-website\admin\appendixC-faq.md
2026-08-30T13:29:56.374Z - [32minfo[39m: Pages built
2026-08-30T13:29:57.200Z - [32minfo[39m: Site data built
2026-08-30T13:29:57.200Z - [32minfo[39m: Website generation complete! Total build time: 120.319s
2026-08-30T13:29:57.200Z - [32minfo[39m: Build success!
