2026-09-04T16:03:17.218Z - [32minfo[39m: Website generation started at 12:03:11 am
2026-09-04T16:03:18.809Z - [32minfo[39m: Building assets...
2026-09-04T16:03:20.661Z - [32minfo[39m: Assets built
2026-09-04T16:03:20.662Z - [32minfo[39m: Generating pages...
2026-09-04T16:03:21.384Z - [36mverbose[39m: Rendering page: D:\Workspace\CS2113\AY2627-S1\ay2627s1-website\admin\acknowledgements.md
2026-09-04T16:03:21.403Z - [36mverbose[39m: Rendering page: D:\Workspace\CS2113\AY2627-S1\ay2627s1-website\admin\CP3108A-option.md
2026-09-04T16:03:21.416Z - [36mverbose[39m: Rendering page: D:\Workspace\CS2113\AY2627-S1\ay2627s1-website\admin\appendixB-policies.md
2026-09-04T16:03:21.468Z - [36mverbose[39m: Rendering page: D:\Workspace\CS2113\AY2627-S1\ay2627s1-website\admin\appendixA-principles.md
2026-09-04T16:03:30.237Z - [34mdebug[39m: 
2026-09-04T16:03:30.237Z - [34mdebug[39m: 
2026-09-04T16:03:30.238Z - [34mdebug[39m: 
2026-09-04T16:03:30.238Z - [34mdebug[39m: 
2026-09-04T16:03:30.239Z - [34mdebug[39m: 
2026-09-04T16:03:30.239Z - [34mdebug[39m: 
2026-09-04T16:03:30.239Z - [34mdebug[39m: 
2026-09-04T16:03:30.239Z - [34mdebug[39m: 
2026-09-04T16:03:30.240Z - [34mdebug[39m: 
2026-09-04T16:03:30.240Z - [34mdebug[39m: 
2026-09-04T16:03:30.240Z - [34mdebug[39m: 
2026-09-04T16:03:30.240Z - [34mdebug[39m: 
2026-09-04T16:03:30.240Z - [34mdebug[39m: 
2026-09-04T16:03:30.240Z - [34mdebug[39m: 
2026-09-04T16:03:30.241Z - [34mdebug[39m: 
2026-09-04T16:03:30.241Z - [34mdebug[39m: 
2026-09-04T16:03:30.281Z - [34mdebug[39m: 
2026-09-04T16:03:30.330Z - [36mverbose[39m: Rendering page: D:\Workspace\CS2113\AY2627-S1\ay2627s1-website\index.md
2026-09-04T16:03:30.340Z - [36mverbose[39m: Rendering page: D:\Workspace\CS2113\AY2627-S1\ay2627s1-website\book\uml\stereotypes\index.md
2026-09-04T16:03:30.349Z - [36mverbose[39m: Rendering page: D:\Workspace\CS2113\AY2627-S1\ay2627s1-website\book\uml\stereotypes\what\index.md
2026-09-04T16:03:30.432Z - [36mverbose[39m: Rendering page: D:\Workspace\CS2113\AY2627-S1\ay2627s1-website\se-book-adapted\print.md
2026-09-04T16:03:30.645Z - [36mverbose[39m: Rendering page: D:\Workspace\CS2113\AY2627-S1\ay2627s1-website\book\uml\sequenceDiagrams\selfInvocation\index.md
2026-09-04T16:03:30.655Z - [36mverbose[39m: Rendering page: D:\Workspace\CS2113\AY2627-S1\ay2627s1-website\book\uml\sequenceDiagrams\referenceFrames\index.md
2026-09-04T16:03:30.663Z - [36mverbose[39m: Rendering page: D:\Workspace\CS2113\AY2627-S1\ay2627s1-website\book\uml\sequenceDiagrams\staticMethods\index.md
2026-09-04T16:03:30.742Z - [36mverbose[39m: Rendering page: D:\Workspace\CS2113\AY2627-S1\ay2627s1-website\book\uml\sequenceDiagrams\parallelPaths\index.md
2026-09-04T16:03:30.819Z - [36mverbose[39m: Rendering page: D:\Workspace\CS2113\AY2627-S1\ay2627s1-website\book\uml\sequenceDiagrams\optionalPaths\index.md
2026-09-04T16:03:30.826Z - [36mverbose[39m: Rendering page: D:\Workspace\CS2113\AY2627-S1\ay2627s1-website\book\uml\sequenceDiagrams\objectCreation\index.md
2026-09-04T16:03:30.834Z - [36mverbose[39m: Rendering page: D:\Workspace\CS2113\AY2627-S1\ay2627s1-website\book\uml\sequenceDiagrams\objectDeletion\index.md
2026-09-04T16:03:30.853Z - [36mverbose[39m: Rendering page: D:\Workspace\CS2113\AY2627-S1\ay2627s1-website\book\uml\sequenceDiagrams\minimalNotation\index.md
2026-09-04T16:03:31.021Z - [36mverbose[39m: Rendering page: D:\Workspace\CS2113\AY2627-S1\ay2627s1-website\book\uml\sequenceDiagrams\loops\index.md
2026-09-04T16:03:31.029Z - [36mverbose[39m: Rendering page: D:\Workspace\CS2113\AY2627-S1\ay2627s1-website\book\uml\sequenceDiagrams\introduction\index.md
2026-09-04T16:03:31.035Z - [36mverbose[39m: Rendering page: D:\Workspace\CS2113\AY2627-S1\ay2627s1-website\book\uml\sequenceDiagrams\index.md
2026-09-04T16:03:31.061Z - [36mverbose[39m: Rendering page: D:\Workspace\CS2113\AY2627-S1\ay2627s1-website\book\uml\sequenceDiagrams\basic\index.md
2026-09-04T16:03:31.179Z - [36mverbose[39m: Rendering page: D:\Workspace\CS2113\AY2627-S1\ay2627s1-website\book\uml\sequenceDiagrams\alternativePaths\index.md
2026-09-04T16:03:31.185Z - [36mverbose[39m: Rendering page: D:\Workspace\CS2113\AY2627-S1\ay2627s1-website\book\uml\objectDiagrams\objects\index.md
2026-09-04T16:03:31.192Z - [36mverbose[39m: Rendering page: D:\Workspace\CS2113\AY2627-S1\ay2627s1-website\book\uml\objectDiagrams\introduction\index.md
2026-09-04T16:03:31.214Z - [36mverbose[39m: Rendering page: D:\Workspace\CS2113\AY2627-S1\ay2627s1-website\book\uml\objectDiagrams\index.md
2026-09-04T16:03:31.298Z - [36mverbose[39m: Rendering page: D:\Workspace\CS2113\AY2627-S1\ay2627s1-website\book\uml\objectDiagrams\associations\index.md
2026-09-04T16:03:31.305Z - [36mverbose[39m: Rendering page: D:\Workspace\CS2113\AY2627-S1\ay2627s1-website\book\uml\notes\notes\index.md
2026-09-04T16:03:31.326Z - [36mverbose[39m: Rendering page: D:\Workspace\CS2113\AY2627-S1\ay2627s1-website\book\uml\notes\index.md
2026-09-04T16:03:31.349Z - [36mverbose[39m: Rendering page: D:\Workspace\CS2113\AY2627-S1\ay2627s1-website\book\uml\notes\constraints\index.md
2026-09-04T16:03:33.258Z - [34mdebug[39m: 
2026-09-04T16:03:33.259Z - [34mdebug[39m: 
2026-09-04T16:03:33.263Z - [34mdebug[39m: 
2026-09-04T16:03:33.263Z - [34mdebug[39m: 
2026-09-04T16:03:33.263Z - [34mdebug[39m: 
2026-09-04T16:03:33.264Z - [34mdebug[39m: 
2026-09-04T16:03:33.658Z - [34mdebug[39m: 
2026-09-04T16:03:33.658Z - [36mverbose[39m: Rendering page: D:\Workspace\CS2113\AY2627-S1\ay2627s1-website\book\uml\miscellaneous\objectVsClassDiagrams\index.md
2026-09-04T16:03:33.666Z - [36mverbose[39m: Rendering page: D:\Workspace\CS2113\AY2627-S1\ay2627s1-website\book\uml\index.md
2026-09-04T16:03:33.723Z - [36mverbose[39m: Rendering page: D:\Workspace\CS2113\AY2627-S1\ay2627s1-website\book\uml\classDiagrams\introduction\what\index.md
2026-09-04T16:03:33.773Z - [36mverbose[39m: Rendering page: D:\Workspace\CS2113\AY2627-S1\ay2627s1-website\book\uml\miscellaneous\index.md
2026-09-04T16:03:33.827Z - [36mverbose[39m: Rendering page: D:\Workspace\CS2113\AY2627-S1\ay2627s1-website\book\uml\classDiagrams\interfaces\what\index.md
2026-09-04T16:03:33.834Z - [36mverbose[39m: Rendering page: D:\Workspace\CS2113\AY2627-S1\ay2627s1-website\book\uml\classDiagrams\interfaces\index.md
2026-09-04T16:03:33.842Z - [36mverbose[39m: Rendering page: D:\Workspace\CS2113\AY2627-S1\ay2627s1-website\book\uml\classDiagrams\introduction\index.md
2026-09-04T16:03:34.110Z - [36mverbose[39m: Rendering page: D:\Workspace\CS2113\AY2627-S1\ay2627s1-website\book\uml\classDiagrams\index.md
2026-09-04T16:03:34.183Z - [36mverbose[39m: Rendering page: D:\Workspace\CS2113\AY2627-S1\ay2627s1-website\book\uml\classDiagrams\enumerations\what\index.md
2026-09-04T16:03:34.190Z - [36mverbose[39m: Rendering page: D:\Workspace\CS2113\AY2627-S1\ay2627s1-website\book\uml\classDiagrams\enumerations\index.md
2026-09-04T16:03:34.197Z - [36mverbose[39m: Rendering page: D:\Workspace\CS2113\AY2627-S1\ay2627s1-website\book\uml\classDiagrams\dependencies\what\index.md
2026-09-04T16:03:34.244Z - [36mverbose[39m: Rendering page: D:\Workspace\CS2113\AY2627-S1\ay2627s1-website\book\uml\classDiagrams\dependencies\index.md
2026-09-04T16:03:34.376Z - [36mverbose[39m: Rendering page: D:\Workspace\CS2113\AY2627-S1\ay2627s1-website\book\uml\classDiagrams\composition\index.md
2026-09-04T16:03:34.383Z - [36mverbose[39m: Rendering page: D:\Workspace\CS2113\AY2627-S1\ay2627s1-website\book\uml\classDiagrams\composition\what\index.md
2026-09-04T16:03:34.389Z - [36mverbose[39m: Rendering page: D:\Workspace\CS2113\AY2627-S1\ay2627s1-website\book\uml\classDiagrams\combine\index.md
2026-09-04T16:03:34.456Z - [36mverbose[39m: Rendering page: D:\Workspace\CS2113\AY2627-S1\ay2627s1-website\book\uml\classDiagrams\combine\basic\index.md
2026-09-04T16:03:34.568Z - [36mverbose[39m: Rendering page: D:\Workspace\CS2113\AY2627-S1\ay2627s1-website\book\uml\classDiagrams\classLevelMembers\what\index.md
2026-09-04T16:03:34.574Z - [36mverbose[39m: Rendering page: D:\Workspace\CS2113\AY2627-S1\ay2627s1-website\book\uml\classDiagrams\classes\index.md
2026-09-04T16:03:34.584Z - [36mverbose[39m: Rendering page: D:\Workspace\CS2113\AY2627-S1\ay2627s1-website\book\uml\classDiagrams\classes\what\index.md
2026-09-04T16:03:34.659Z - [36mverbose[39m: Rendering page: D:\Workspace\CS2113\AY2627-S1\ay2627s1-website\book\uml\classDiagrams\classLevelMembers\index.md
2026-09-04T16:03:34.704Z - [36mverbose[39m: Rendering page: D:\Workspace\CS2113\AY2627-S1\ay2627s1-website\book\uml\classDiagrams\classInheritance\index.md
2026-09-04T16:03:34.711Z - [36mverbose[39m: Rendering page: D:\Workspace\CS2113\AY2627-S1\ay2627s1-website\book\uml\classDiagrams\classInheritance\what\index.md
2026-09-04T16:03:34.717Z - [36mverbose[39m: Rendering page: D:\Workspace\CS2113\AY2627-S1\ay2627s1-website\book\uml\classDiagrams\associationsAsAttributes\what\index.md
2026-09-04T16:03:34.734Z - [36mverbose[39m: Rendering page: D:\Workspace\CS2113\AY2627-S1\ay2627s1-website\book\uml\classDiagrams\associationsAsAttributes\index.md
2026-09-04T16:03:34.840Z - [36mverbose[39m: Rendering page: D:\Workspace\CS2113\AY2627-S1\ay2627s1-website\book\uml\classDiagrams\associations\roles\index.md
2026-09-04T16:03:34.852Z - [36mverbose[39m: Rendering page: D:\Workspace\CS2113\AY2627-S1\ay2627s1-website\book\uml\classDiagrams\associations\what\index.md
2026-09-04T16:03:34.858Z - [36mverbose[39m: Rendering page: D:\Workspace\CS2113\AY2627-S1\ay2627s1-website\book\uml\classDiagrams\associations\navigability\index.md
2026-09-04T16:03:34.877Z - [36mverbose[39m: Rendering page: D:\Workspace\CS2113\AY2627-S1\ay2627s1-website\book\uml\classDiagrams\associations\multiplicity\index.md
2026-09-04T16:03:34.997Z - [36mverbose[39m: Rendering page: D:\Workspace\CS2113\AY2627-S1\ay2627s1-website\book\uml\classDiagrams\associations\labels\index.md
2026-09-04T16:03:35.004Z - [36mverbose[39m: Rendering page: D:\Workspace\CS2113\AY2627-S1\ay2627s1-website\book\uml\classDiagrams\associationClasses\what\index.md
2026-09-04T16:03:35.009Z - [36mverbose[39m: Rendering page: D:\Workspace\CS2113\AY2627-S1\ay2627s1-website\book\uml\classDiagrams\associations\index.md
2026-09-04T16:03:35.035Z - [36mverbose[39m: Rendering page: D:\Workspace\CS2113\AY2627-S1\ay2627s1-website\book\uml\classDiagrams\associationClasses\index.md
2026-09-04T16:03:35.142Z - [36mverbose[39m: Rendering page: D:\Workspace\CS2113\AY2627-S1\ay2627s1-website\book\uml\classDiagrams\aggregation\what\index.md
2026-09-04T16:03:35.149Z - [36mverbose[39m: Rendering page: D:\Workspace\CS2113\AY2627-S1\ay2627s1-website\book\uml\classDiagrams\abstractClasses\what\index.md
2026-09-04T16:03:35.154Z - [36mverbose[39m: Rendering page: D:\Workspace\CS2113\AY2627-S1\ay2627s1-website\book\uml\classDiagrams\aggregation\index.md
2026-09-04T16:03:35.175Z - [36mverbose[39m: Rendering page: D:\Workspace\CS2113\AY2627-S1\ay2627s1-website\book\uml\classDiagrams\abstractClasses\index.md
2026-09-04T16:03:35.326Z - [36mverbose[39m: Rendering page: D:\Workspace\CS2113\AY2627-S1\ay2627s1-website\book\uml\activityDiagrams\index.md
2026-09-04T16:03:35.338Z - [36mverbose[39m: Rendering page: D:\Workspace\CS2113\AY2627-S1\ay2627s1-website\book\uml\activityDiagrams\introduction\index.md
2026-09-04T16:03:35.345Z - [36mverbose[39m: Rendering page: D:\Workspace\CS2113\AY2627-S1\ay2627s1-website\book\uml\activityDiagrams\introduction\what\index.md
2026-09-04T16:03:35.366Z - [36mverbose[39m: Rendering page: D:\Workspace\CS2113\AY2627-S1\ay2627s1-website\book\uml\activityDiagrams\basicNotations\swimlanes\index.md
2026-09-04T16:03:35.498Z - [36mverbose[39m: Rendering page: D:\Workspace\CS2113\AY2627-S1\ay2627s1-website\book\uml\activityDiagrams\basicNotations\parallelPaths\index.md
2026-09-04T16:03:35.504Z - [36mverbose[39m: Rendering page: D:\Workspace\CS2113\AY2627-S1\ay2627s1-website\book\uml\activityDiagrams\basicNotations\rakes\index.md
2026-09-04T16:03:35.510Z - [36mverbose[39m: Rendering page: D:\Workspace\CS2113\AY2627-S1\ay2627s1-website\book\uml\activityDiagrams\basicNotations\linearPaths\index.md
2026-09-04T16:03:35.532Z - [36mverbose[39m: Rendering page: D:\Workspace\CS2113\AY2627-S1\ay2627s1-website\book\uml\activityDiagrams\basicNotations\index.md
2026-09-04T16:03:35.660Z - [36mverbose[39m: Rendering page: D:\Workspace\CS2113\AY2627-S1\ay2627s1-website\book\uml\activityDiagrams\basicNotations\alternatePaths\index.md
2026-09-04T16:03:35.725Z - [36mverbose[39m: Rendering page: D:\Workspace\CS2113\AY2627-S1\ay2627s1-website\book\testing\testingTypes\unitTesting\what\index.md
2026-09-04T16:03:35.733Z - [36mverbose[39m: Rendering page: D:\Workspace\CS2113\AY2627-S1\ay2627s1-website\book\testing\testingTypes\unitTesting\stubs\index.md
2026-09-04T16:03:35.794Z - [36mverbose[39m: Rendering page: D:\Workspace\CS2113\AY2627-S1\ay2627s1-website\book\testing\testingTypes\unitTesting\index.md
2026-09-04T16:03:35.855Z - [36mverbose[39m: Rendering page: D:\Workspace\CS2113\AY2627-S1\ay2627s1-website\book\testing\testingTypes\systemTesting\index.md
2026-09-04T16:03:35.861Z - [36mverbose[39m: Rendering page: D:\Workspace\CS2113\AY2627-S1\ay2627s1-website\book\testing\testingTypes\regressionTesting\what\index.md
2026-09-04T16:03:35.867Z - [36mverbose[39m: Rendering page: D:\Workspace\CS2113\AY2627-S1\ay2627s1-website\book\testing\testingTypes\systemTesting\what\index.md
2026-09-04T16:03:35.918Z - [36mverbose[39m: Rendering page: D:\Workspace\CS2113\AY2627-S1\ay2627s1-website\book\testing\testingTypes\regressionTesting\index.md
2026-09-04T16:03:36.174Z - [36mverbose[39m: Rendering page: D:\Workspace\CS2113\AY2627-S1\ay2627s1-website\book\testing\testingTypes\integrationTesting\how\index.md
2026-09-04T16:03:36.180Z - [36mverbose[39m: Rendering page: D:\Workspace\CS2113\AY2627-S1\ay2627s1-website\book\testing\testingTypes\integrationTesting\what\index.md
2026-09-04T16:03:36.186Z - [36mverbose[39m: Rendering page: D:\Workspace\CS2113\AY2627-S1\ay2627s1-website\book\testing\testingTypes\integrationTesting\index.md
2026-09-04T16:03:36.249Z - [36mverbose[39m: Rendering page: D:\Workspace\CS2113\AY2627-S1\ay2627s1-website\book\testing\testingTypes\index.md
2026-09-04T16:03:36.328Z - [36mverbose[39m: Rendering page: D:\Workspace\CS2113\AY2627-S1\ay2627s1-website\book\testing\testingTypes\exploratoryVsScriptedTesting\index.md
2026-09-04T16:03:36.337Z - [36mverbose[39m: Rendering page: D:\Workspace\CS2113\AY2627-S1\ay2627s1-website\book\testing\testingTypes\exploratoryVsScriptedTesting\what\index.md
2026-09-04T16:03:36.362Z - [36mverbose[39m: Rendering page: D:\Workspace\CS2113\AY2627-S1\ay2627s1-website\book\testing\testingTypes\exploratoryVsScriptedTesting\when\index.md
2026-09-04T16:03:36.439Z - [36mverbose[39m: Rendering page: D:\Workspace\CS2113\AY2627-S1\ay2627s1-website\book\testing\testingTypes\dogfooding\what\index.md
2026-09-04T16:03:36.465Z - [36mverbose[39m: Rendering page: D:\Workspace\CS2113\AY2627-S1\ay2627s1-website\book\testing\testingTypes\developerTesting\why\index.md
2026-09-04T16:03:36.472Z - [36mverbose[39m: Rendering page: D:\Workspace\CS2113\AY2627-S1\ay2627s1-website\book\testing\testingTypes\dogfooding\index.md
2026-09-04T16:03:36.502Z - [36mverbose[39m: Rendering page: D:\Workspace\CS2113\AY2627-S1\ay2627s1-website\book\testing\testingTypes\developerTesting\what\index.md
2026-09-04T16:03:36.523Z - [36mverbose[39m: Rendering page: D:\Workspace\CS2113\AY2627-S1\ay2627s1-website\book\testing\testingTypes\developerTesting\index.md
2026-09-04T16:03:36.634Z - [36mverbose[39m: Rendering page: D:\Workspace\CS2113\AY2627-S1\ay2627s1-website\book\testing\testingTypes\acceptanceTesting\what\index.md
2026-09-04T16:03:36.640Z - [36mverbose[39m: Rendering page: D:\Workspace\CS2113\AY2627-S1\ay2627s1-website\book\testing\testingTypes\alphaBetaTesting\index.md
2026-09-04T16:03:36.646Z - [36mverbose[39m: Rendering page: D:\Workspace\CS2113\AY2627-S1\ay2627s1-website\book\testing\testingTypes\alphaBetaTesting\what\index.md
2026-09-04T16:03:36.664Z - [36mverbose[39m: Rendering page: D:\Workspace\CS2113\AY2627-S1\ay2627s1-website\book\testing\testingTypes\acceptanceTesting\index.md
2026-09-04T16:03:36.792Z - [36mverbose[39m: Rendering page: D:\Workspace\CS2113\AY2627-S1\ay2627s1-website\book\testing\testingTypes\acceptanceTesting\acceptanceVsSystemTesting\index.md
2026-09-04T16:03:36.817Z - [36mverbose[39m: Rendering page: D:\Workspace\CS2113\AY2627-S1\ay2627s1-website\book\testing\testCoverage\what\index.md
2026-09-04T16:03:36.825Z - [36mverbose[39m: Rendering page: D:\Workspace\CS2113\AY2627-S1\ay2627s1-website\book\testing\testCoverage\index.md
2026-09-04T16:03:36.891Z - [36mverbose[39m: Rendering page: D:\Workspace\CS2113\AY2627-S1\ay2627s1-website\book\testing\testCoverage\how\index.md
2026-09-04T16:03:36.939Z - [36mverbose[39m: Rendering page: D:\Workspace\CS2113\AY2627-S1\ay2627s1-website\book\testing\testAutomation\tools\index.md
2026-09-04T16:03:36.988Z - [36mverbose[39m: Rendering page: D:\Workspace\CS2113\AY2627-S1\ay2627s1-website\book\testing\testAutomation\usingTestDrivers\index.md
2026-09-04T16:03:36.994Z - [36mverbose[39m: Rendering page: D:\Workspace\CS2113\AY2627-S1\ay2627s1-website\book\testing\testAutomation\what\index.md
2026-09-04T16:03:37.140Z - [36mverbose[39m: Rendering page: D:\Workspace\CS2113\AY2627-S1\ay2627s1-website\book\testing\testAutomation\testingTextUis\index.md
2026-09-04T16:03:37.204Z - [36mverbose[39m: Rendering page: D:\Workspace\CS2113\AY2627-S1\ay2627s1-website\book\testing\testAutomation\testingGuis\index.md
2026-09-04T16:03:37.211Z - [36mverbose[39m: Rendering page: D:\Workspace\CS2113\AY2627-S1\ay2627s1-website\book\testing\testAutomation\index.md
2026-09-04T16:03:37.223Z - [36mverbose[39m: Rendering page: D:\Workspace\CS2113\AY2627-S1\ay2627s1-website\book\testing\tdd\what\index.md
2026-09-04T16:03:37.242Z - [36mverbose[39m: Rendering page: D:\Workspace\CS2113\AY2627-S1\ay2627s1-website\book\testing\tdd\index.md
2026-09-04T16:03:37.334Z - [36mverbose[39m: Rendering page: D:\Workspace\CS2113\AY2627-S1\ay2627s1-website\book\testing\introduction\what\index.md
2026-09-04T16:03:37.371Z - [36mverbose[39m: Rendering page: D:\Workspace\CS2113\AY2627-S1\ay2627s1-website\book\testing\tdd\how\index.md
2026-09-04T16:03:37.377Z - [36mverbose[39m: Rendering page: D:\Workspace\CS2113\AY2627-S1\ay2627s1-website\book\testing\introduction\testability\index.md
2026-09-04T16:03:37.394Z - [36mverbose[39m: Rendering page: D:\Workspace\CS2113\AY2627-S1\ay2627s1-website\book\testing\introduction\index.md
2026-09-04T16:03:38.035Z - [36mverbose[39m: Rendering page: D:\Workspace\CS2113\AY2627-S1\ay2627s1-website\book\testing\dependencyInjection\what\index.md
2026-09-04T16:03:38.044Z - [36mverbose[39m: Rendering page: D:\Workspace\CS2113\AY2627-S1\ay2627s1-website\book\testing\dependencyInjection\index.md
2026-09-04T16:03:38.057Z - [36mverbose[39m: Rendering page: D:\Workspace\CS2113\AY2627-S1\ay2627s1-website\book\testing\index.md
2026-09-04T16:03:38.229Z - [36mverbose[39m: Rendering page: D:\Workspace\CS2113\AY2627-S1\ay2627s1-website\book\testing\dependencyInjection\how\index.md
2026-09-04T16:03:38.307Z - [36mverbose[39m: Rendering page: D:\Workspace\CS2113\AY2627-S1\ay2627s1-website\book\testCaseDesign\summary\recap\index.md
2026-09-04T16:03:38.346Z - [36mverbose[39m: Rendering page: D:\Workspace\CS2113\AY2627-S1\ay2627s1-website\book\testCaseDesign\summary\exercises\index.md
2026-09-04T16:03:38.356Z - [36mverbose[39m: Rendering page: D:\Workspace\CS2113\AY2627-S1\ay2627s1-website\book\testCaseDesign\summary\index.md
2026-09-04T16:03:38.474Z - [36mverbose[39m: Rendering page: D:\Workspace\CS2113\AY2627-S1\ay2627s1-website\book\testCaseDesign\more\testingUseCases\index.md
2026-09-04T16:03:38.501Z - [36mverbose[39m: Rendering page: D:\Workspace\CS2113\AY2627-S1\ay2627s1-website\book\testCaseDesign\more\index.md
2026-09-04T16:03:38.556Z - [36mverbose[39m: Rendering page: D:\Workspace\CS2113\AY2627-S1\ay2627s1-website\book\testCaseDesign\introduction\positiveVsNegative\index.md
2026-09-04T16:03:38.562Z - [36mverbose[39m: Rendering page: D:\Workspace\CS2113\AY2627-S1\ay2627s1-website\book\testCaseDesign\introduction\what\index.md
2026-09-04T16:03:38.606Z - [36mverbose[39m: Rendering page: D:\Workspace\CS2113\AY2627-S1\ay2627s1-website\book\testCaseDesign\introduction\index.md
2026-09-04T16:03:39.245Z - [36mverbose[39m: Rendering page: D:\Workspace\CS2113\AY2627-S1\ay2627s1-website\book\testCaseDesign\index.md
2026-09-04T16:03:39.398Z - [36mverbose[39m: Rendering page: D:\Workspace\CS2113\AY2627-S1\ay2627s1-website\book\testCaseDesign\introduction\blackVsGlass\index.md
2026-09-04T16:03:39.489Z - [36mverbose[39m: Rendering page: D:\Workspace\CS2113\AY2627-S1\ay2627s1-website\book\testCaseDesign\equivalencePartitions\what\index.md
2026-09-04T16:03:40.169Z - [36mverbose[39m: Rendering page: D:\Workspace\CS2113\AY2627-S1\ay2627s1-website\book\testCaseDesign\equivalencePartitions\intermediate\index.md
2026-09-04T16:03:40.343Z - [36mverbose[39m: Rendering page: D:\Workspace\CS2113\AY2627-S1\ay2627s1-website\book\testCaseDesign\equivalencePartitions\index.md
2026-09-04T16:03:40.635Z - [36mverbose[39m: Rendering page: D:\Workspace\CS2113\AY2627-S1\ay2627s1-website\book\testCaseDesign\equivalencePartitions\basic\index.md
2026-09-04T16:03:40.736Z - [36mverbose[39m: Rendering page: D:\Workspace\CS2113\AY2627-S1\ay2627s1-website\book\testCaseDesign\combiningTestInputs\why\index.md
2026-09-04T16:03:40.860Z - [36mverbose[39m: Rendering page: D:\Workspace\CS2113\AY2627-S1\ay2627s1-website\book\testCaseDesign\combiningTestInputs\mix\index.md
2026-09-04T16:03:41.296Z - [36mverbose[39m: Rendering page: D:\Workspace\CS2113\AY2627-S1\ay2627s1-website\book\testCaseDesign\combiningTestInputs\index.md
2026-09-04T16:03:41.311Z - [36mverbose[39m: Rendering page: D:\Workspace\CS2113\AY2627-S1\ay2627s1-website\book\testCaseDesign\combiningTestInputs\heuristicInvalid\index.md
2026-09-04T16:03:41.320Z - [36mverbose[39m: Rendering page: D:\Workspace\CS2113\AY2627-S1\ay2627s1-website\book\testCaseDesign\combiningTestInputs\heuristicValid\index.md
2026-09-04T16:03:41.419Z - [36mverbose[39m: Rendering page: D:\Workspace\CS2113\AY2627-S1\ay2627s1-website\book\testCaseDesign\combiningTestInputs\combinationStrategies\index.md
2026-09-04T16:03:41.489Z - [36mverbose[39m: Rendering page: D:\Workspace\CS2113\AY2627-S1\ay2627s1-website\book\testCaseDesign\boundaryValueAnalysis\how\index.md
2026-09-04T16:03:41.495Z - [36mverbose[39m: Rendering page: D:\Workspace\CS2113\AY2627-S1\ay2627s1-website\book\testCaseDesign\boundaryValueAnalysis\what\index.md
2026-09-04T16:03:41.503Z - [36mverbose[39m: Rendering page: D:\Workspace\CS2113\AY2627-S1\ay2627s1-website\book\testCaseDesign\boundaryValueAnalysis\index.md
2026-09-04T16:03:41.524Z - [36mverbose[39m: Rendering page: D:\Workspace\CS2113\AY2627-S1\ay2627s1-website\book\teamwork\teamStructures\index.md
2026-09-04T16:03:41.730Z - [36mverbose[39m: Rendering page: D:\Workspace\CS2113\AY2627-S1\ay2627s1-website\book\teamwork\index.md
2026-09-04T16:03:41.868Z - [36mverbose[39m: Rendering page: D:\Workspace\CS2113\AY2627-S1\ay2627s1-website\book\specifyingRequirements\userStories\introduction\index.md
2026-09-04T16:03:41.880Z - [36mverbose[39m: Rendering page: D:\Workspace\CS2113\AY2627-S1\ay2627s1-website\book\specifyingRequirements\userStories\usage\index.md
2026-09-04T16:03:41.990Z - [36mverbose[39m: Rendering page: D:\Workspace\CS2113\AY2627-S1\ay2627s1-website\book\specifyingRequirements\userStories\index.md
2026-09-04T16:03:42.078Z - [36mverbose[39m: Rendering page: D:\Workspace\CS2113\AY2627-S1\ay2627s1-website\book\specifyingRequirements\userStories\details\index.md
2026-09-04T16:03:42.087Z - [36mverbose[39m: Rendering page: D:\Workspace\CS2113\AY2627-S1\ay2627s1-website\book\specifyingRequirements\useCases\introduction\index.md
2026-09-04T16:03:42.096Z - [36mverbose[39m: Rendering page: D:\Workspace\CS2113\AY2627-S1\ay2627s1-website\book\specifyingRequirements\useCases\usage\index.md
2026-09-04T16:03:42.403Z - [36mverbose[39m: Rendering page: D:\Workspace\CS2113\AY2627-S1\ay2627s1-website\book\specifyingRequirements\useCases\index.md
2026-09-04T16:03:42.442Z - [36mverbose[39m: Rendering page: D:\Workspace\CS2113\AY2627-S1\ay2627s1-website\book\specifyingRequirements\useCases\identifying\index.md
2026-09-04T16:03:42.451Z - [36mverbose[39m: Rendering page: D:\Workspace\CS2113\AY2627-S1\ay2627s1-website\book\specifyingRequirements\useCases\details\index.md
2026-09-04T16:03:42.461Z - [36mverbose[39m: Rendering page: D:\Workspace\CS2113\AY2627-S1\ay2627s1-website\book\specifyingRequirements\supplementaryRequirements\what\index.md
2026-09-04T16:03:42.506Z - [36mverbose[39m: Rendering page: D:\Workspace\CS2113\AY2627-S1\ay2627s1-website\book\specifyingRequirements\supplementaryRequirements\index.md
2026-09-04T16:03:42.622Z - [36mverbose[39m: Rendering page: D:\Workspace\CS2113\AY2627-S1\ay2627s1-website\book\specifyingRequirements\requirementsDocument\index.md
2026-09-04T16:03:42.629Z - [36mverbose[39m: Rendering page: D:\Workspace\CS2113\AY2627-S1\ay2627s1-website\book\specifyingRequirements\prose\what\index.md
2026-09-04T16:03:42.635Z - [36mverbose[39m: Rendering page: D:\Workspace\CS2113\AY2627-S1\ay2627s1-website\book\specifyingRequirements\requirementsDocument\what\index.md
2026-09-04T16:03:42.659Z - [36mverbose[39m: Rendering page: D:\Workspace\CS2113\AY2627-S1\ay2627s1-website\book\specifyingRequirements\prose\index.md
2026-09-04T16:03:42.997Z - [36mverbose[39m: Rendering page: D:\Workspace\CS2113\AY2627-S1\ay2627s1-website\book\specifyingRequirements\glossary\index.md
2026-09-04T16:03:43.004Z - [36mverbose[39m: Rendering page: D:\Workspace\CS2113\AY2627-S1\ay2627s1-website\book\specifyingRequirements\glossary\what\index.md
2026-09-04T16:03:43.010Z - [36mverbose[39m: Rendering page: D:\Workspace\CS2113\AY2627-S1\ay2627s1-website\book\specifyingRequirements\index.md
2026-09-04T16:03:43.068Z - [36mverbose[39m: Rendering page: D:\Workspace\CS2113\AY2627-S1\ay2627s1-website\book\specifyingRequirements\featureList\what\index.md
2026-09-04T16:03:43.186Z - [36mverbose[39m: Rendering page: D:\Workspace\CS2113\AY2627-S1\ay2627s1-website\book\specifyingRequirements\featureList\index.md
2026-09-04T16:03:43.191Z - [36mverbose[39m: Rendering page: D:\Workspace\CS2113\AY2627-S1\ay2627s1-website\book\softwareEngineering\introduction\index.md
2026-09-04T16:03:43.198Z - [36mverbose[39m: Rendering page: D:\Workspace\CS2113\AY2627-S1\ay2627s1-website\book\softwareEngineering\introduction\prosAndCons\index.md
2026-09-04T16:03:43.218Z - [36mverbose[39m: Rendering page: D:\Workspace\CS2113\AY2627-S1\ay2627s1-website\book\softwareEngineering\index.md
2026-09-04T16:03:43.363Z - [36mverbose[39m: Rendering page: D:\Workspace\CS2113\AY2627-S1\ay2627s1-website\book\security\wrapUp\index.md
2026-09-04T16:03:43.371Z - [36mverbose[39m: Rendering page: D:\Workspace\CS2113\AY2627-S1\ay2627s1-website\book\security\when\index.md
2026-09-04T16:03:43.376Z - [36mverbose[39m: Rendering page: D:\Workspace\CS2113\AY2627-S1\ay2627s1-website\book\security\why\index.md
2026-09-04T16:03:43.383Z - [36mverbose[39m: Rendering page: D:\Workspace\CS2113\AY2627-S1\ay2627s1-website\book\security\what\index.md
2026-09-04T16:03:43.678Z - [36mverbose[39m: Rendering page: D:\Workspace\CS2113\AY2627-S1\ay2627s1-website\book\security\ai\index.md
2026-09-04T16:03:43.686Z - [36mverbose[39m: Rendering page: D:\Workspace\CS2113\AY2627-S1\ay2627s1-website\book\security\how\index.md
2026-09-04T16:03:43.701Z - [36mverbose[39m: Rendering page: D:\Workspace\CS2113\AY2627-S1\ay2627s1-website\book\reuse\platforms\what\index.md
2026-09-04T16:03:43.707Z - [36mverbose[39m: Rendering page: D:\Workspace\CS2113\AY2627-S1\ay2627s1-website\book\security\index.md
2026-09-04T16:03:43.854Z - [36mverbose[39m: Rendering page: D:\Workspace\CS2113\AY2627-S1\ay2627s1-website\book\reuse\platforms\index.md
2026-09-04T16:03:43.861Z - [36mverbose[39m: Rendering page: D:\Workspace\CS2113\AY2627-S1\ay2627s1-website\book\reuse\libraries\how\index.md
2026-09-04T16:03:43.867Z - [36mverbose[39m: Rendering page: D:\Workspace\CS2113\AY2627-S1\ay2627s1-website\book\reuse\libraries\index.md
2026-09-04T16:03:43.873Z - [36mverbose[39m: Rendering page: D:\Workspace\CS2113\AY2627-S1\ay2627s1-website\book\reuse\libraries\what\index.md
2026-09-04T16:03:44.107Z - [36mverbose[39m: Rendering page: D:\Workspace\CS2113\AY2627-S1\ay2627s1-website\book\reuse\index.md
2026-09-04T16:03:44.121Z - [36mverbose[39m: Rendering page: D:\Workspace\CS2113\AY2627-S1\ay2627s1-website\book\reuse\introduction\index.md
2026-09-04T16:03:44.127Z - [36mverbose[39m: Rendering page: D:\Workspace\CS2113\AY2627-S1\ay2627s1-website\book\reuse\introduction\what\index.md
2026-09-04T16:03:44.133Z - [36mverbose[39m: Rendering page: D:\Workspace\CS2113\AY2627-S1\ay2627s1-website\book\reuse\introduction\when\index.md
2026-09-04T16:03:44.260Z - [36mverbose[39m: Rendering page: D:\Workspace\CS2113\AY2627-S1\ay2627s1-website\book\reuse\frameworks\index.md
2026-09-04T16:03:44.268Z - [36mverbose[39m: Rendering page: D:\Workspace\CS2113\AY2627-S1\ay2627s1-website\book\reuse\frameworks\frameworksVsLibraries\index.md
2026-09-04T16:03:44.274Z - [36mverbose[39m: Rendering page: D:\Workspace\CS2113\AY2627-S1\ay2627s1-website\book\reuse\cloudComputing\what\index.md
2026-09-04T16:03:44.279Z - [36mverbose[39m: Rendering page: D:\Workspace\CS2113\AY2627-S1\ay2627s1-website\book\reuse\frameworks\what\index.md
2026-09-04T16:03:44.418Z - [36mverbose[39m: Rendering page: D:\Workspace\CS2113\AY2627-S1\ay2627s1-website\book\reuse\cloudComputing\services\index.md
2026-09-04T16:03:44.425Z - [36mverbose[39m: Rendering page: D:\Workspace\CS2113\AY2627-S1\ay2627s1-website\book\reuse\apis\index.md
2026-09-04T16:03:44.432Z - [36mverbose[39m: Rendering page: D:\Workspace\CS2113\AY2627-S1\ay2627s1-website\book\reuse\cloudComputing\index.md
2026-09-04T16:03:44.438Z - [36mverbose[39m: Rendering page: D:\Workspace\CS2113\AY2627-S1\ay2627s1-website\book\reuse\apis\what\index.md
2026-09-04T16:03:44.560Z - [36mverbose[39m: Rendering page: D:\Workspace\CS2113\AY2627-S1\ay2627s1-website\book\reuse\apis\designingAPIs\index.md
2026-09-04T16:03:44.566Z - [36mverbose[39m: Rendering page: D:\Workspace\CS2113\AY2627-S1\ay2627s1-website\book\requirements\prioritizing\index.md
2026-09-04T16:03:44.572Z - [36mverbose[39m: Rendering page: D:\Workspace\CS2113\AY2627-S1\ay2627s1-website\book\requirements\quality\index.md
2026-09-04T16:03:44.578Z - [36mverbose[39m: Rendering page: D:\Workspace\CS2113\AY2627-S1\ay2627s1-website\book\requirements\nonFunctionalRequirements\index.md
2026-09-04T16:03:44.746Z - [36mverbose[39m: Rendering page: D:\Workspace\CS2113\AY2627-S1\ay2627s1-website\book\requirements\introduction\index.md
2026-09-04T16:03:44.754Z - [36mverbose[39m: Rendering page: D:\Workspace\CS2113\AY2627-S1\ay2627s1-website\book\requirements\changing\index.md
2026-09-04T16:03:44.759Z - [36mverbose[39m: Rendering page: D:\Workspace\CS2113\AY2627-S1\ay2627s1-website\book\requirements\index.md
2026-09-04T16:03:44.769Z - [36mverbose[39m: Rendering page: D:\Workspace\CS2113\AY2627-S1\ay2627s1-website\book\refactoring\when\index.md
2026-09-04T16:03:44.953Z - [36mverbose[39m: Rendering page: D:\Workspace\CS2113\AY2627-S1\ay2627s1-website\book\refactoring\how\index.md
2026-09-04T16:03:44.960Z - [36mverbose[39m: Rendering page: D:\Workspace\CS2113\AY2627-S1\ay2627s1-website\book\refactoring\index.md
2026-09-04T16:03:44.970Z - [36mverbose[39m: Rendering page: D:\Workspace\CS2113\AY2627-S1\ay2627s1-website\book\refactoring\what\index.md
2026-09-04T16:03:44.979Z - [36mverbose[39m: Rendering page: D:\Workspace\CS2113\AY2627-S1\ay2627s1-website\book\qualityAssurance\staticAnalysis\what\index.md
2026-09-04T16:03:45.103Z - [36mverbose[39m: Rendering page: D:\Workspace\CS2113\AY2627-S1\ay2627s1-website\book\qualityAssurance\staticAnalysis\index.md
2026-09-04T16:03:45.110Z - [36mverbose[39m: Rendering page: D:\Workspace\CS2113\AY2627-S1\ay2627s1-website\book\qualityAssurance\introduction\what\index.md
2026-09-04T16:03:45.116Z - [36mverbose[39m: Rendering page: D:\Workspace\CS2113\AY2627-S1\ay2627s1-website\book\qualityAssurance\introduction\validationVsVerification\index.md
2026-09-04T16:03:45.122Z - [36mverbose[39m: Rendering page: D:\Workspace\CS2113\AY2627-S1\ay2627s1-website\book\qualityAssurance\introduction\index.md
2026-09-04T16:03:45.305Z - [36mverbose[39m: Rendering page: D:\Workspace\CS2113\AY2627-S1\ay2627s1-website\book\qualityAssurance\index.md
2026-09-04T16:03:45.317Z - [36mverbose[39m: Rendering page: D:\Workspace\CS2113\AY2627-S1\ay2627s1-website\book\qualityAssurance\codeReviews\what\index.md
2026-09-04T16:03:45.323Z - [36mverbose[39m: Rendering page: D:\Workspace\CS2113\AY2627-S1\ay2627s1-website\book\qualityAssurance\formalVerification\what\index.md
2026-09-04T16:03:45.329Z - [36mverbose[39m: Rendering page: D:\Workspace\CS2113\AY2627-S1\ay2627s1-website\book\qualityAssurance\formalVerification\index.md
2026-09-04T16:03:45.469Z - [36mverbose[39m: Rendering page: D:\Workspace\CS2113\AY2627-S1\ay2627s1-website\book\projectPlanning\pertCharts\index.md
2026-09-04T16:03:45.476Z - [36mverbose[39m: Rendering page: D:\Workspace\CS2113\AY2627-S1\ay2627s1-website\book\projectPlanning\milestones\index.md
2026-09-04T16:03:45.481Z - [36mverbose[39m: Rendering page: D:\Workspace\CS2113\AY2627-S1\ay2627s1-website\book\qualityAssurance\codeReviews\index.md
2026-09-04T16:03:45.488Z - [36mverbose[39m: Rendering page: D:\Workspace\CS2113\AY2627-S1\ay2627s1-website\book\projectPlanning\workBreakdownStructure\index.md
2026-09-04T16:03:45.640Z - [36mverbose[39m: Rendering page: D:\Workspace\CS2113\AY2627-S1\ay2627s1-website\book\projectPlanning\ganttCharts\index.md
2026-09-04T16:03:45.646Z - [36mverbose[39m: Rendering page: D:\Workspace\CS2113\AY2627-S1\ay2627s1-website\book\projectPlanning\buffers\index.md
2026-09-04T16:03:45.652Z - [36mverbose[39m: Rendering page: D:\Workspace\CS2113\AY2627-S1\ay2627s1-website\book\projectPlanning\issueTrackers\index.md
2026-09-04T16:03:45.657Z - [36mverbose[39m: Rendering page: D:\Workspace\CS2113\AY2627-S1\ay2627s1-website\book\projectPlanning\index.md
2026-09-04T16:03:45.845Z - [36mverbose[39m: Rendering page: D:\Workspace\CS2113\AY2627-S1\ay2627s1-website\book\processModels\more\index.md
2026-09-04T16:03:45.853Z - [36mverbose[39m: Rendering page: D:\Workspace\CS2113\AY2627-S1\ay2627s1-website\book\processModels\summary\index.md
2026-09-04T16:03:45.861Z - [36mverbose[39m: Rendering page: D:\Workspace\CS2113\AY2627-S1\ay2627s1-website\book\processModels\more\continuousApproaches\index.md
2026-09-04T16:03:45.866Z - [36mverbose[39m: Rendering page: D:\Workspace\CS2113\AY2627-S1\ay2627s1-website\book\processModels\summary\recap\index.md
2026-09-04T16:03:45.972Z - [36mverbose[39m: Rendering page: D:\Workspace\CS2113\AY2627-S1\ay2627s1-website\book\processModels\introduction\sequentialModels\index.md
2026-09-04T16:03:45.978Z - [36mverbose[39m: Rendering page: D:\Workspace\CS2113\AY2627-S1\ay2627s1-website\book\processModels\introduction\iterativeModels\index.md
2026-09-04T16:03:45.984Z - [36mverbose[39m: Rendering page: D:\Workspace\CS2113\AY2627-S1\ay2627s1-website\book\processModels\more\cmmi\index.md
2026-09-04T16:03:45.991Z - [36mverbose[39m: Rendering page: D:\Workspace\CS2113\AY2627-S1\ay2627s1-website\book\processModels\introduction\what\index.md
2026-09-04T16:03:46.234Z - [36mverbose[39m: Rendering page: D:\Workspace\CS2113\AY2627-S1\ay2627s1-website\book\processModels\introduction\agileModels\index.md
2026-09-04T16:03:46.241Z - [36mverbose[39m: Rendering page: D:\Workspace\CS2113\AY2627-S1\ay2627s1-website\book\processModels\exampleProcessModels\xp\index.md
2026-09-04T16:03:46.247Z - [36mverbose[39m: Rendering page: D:\Workspace\CS2113\AY2627-S1\ay2627s1-website\book\processModels\introduction\index.md
2026-09-04T16:03:46.255Z - [36mverbose[39m: Rendering page: D:\Workspace\CS2113\AY2627-S1\ay2627s1-website\book\processModels\index.md
2026-09-04T16:03:46.411Z - [36mverbose[39m: Rendering page: D:\Workspace\CS2113\AY2627-S1\ay2627s1-website\book\processModels\exampleProcessModels\unifiedProcess\index.md
2026-09-04T16:03:46.419Z - [36mverbose[39m: Rendering page: D:\Workspace\CS2113\AY2627-S1\ay2627s1-website\book\processModels\exampleProcessModels\scrum\index.md
2026-09-04T16:03:46.424Z - [36mverbose[39m: Rendering page: D:\Workspace\CS2113\AY2627-S1\ay2627s1-website\book\processModels\exampleProcessModels\choosing\index.md
2026-09-04T16:03:46.430Z - [36mverbose[39m: Rendering page: D:\Workspace\CS2113\AY2627-S1\ay2627s1-website\book\processModels\exampleProcessModels\index.md
2026-09-04T16:03:46.704Z - [36mverbose[39m: Rendering page: D:\Workspace\CS2113\AY2627-S1\ay2627s1-website\book\principles\yagniPrinciple\index.md
2026-09-04T16:03:46.711Z - [36mverbose[39m: Rendering page: D:\Workspace\CS2113\AY2627-S1\ay2627s1-website\book\principles\singleResponsibilityPrinciple\index.md
2026-09-04T16:03:46.717Z - [36mverbose[39m: Rendering page: D:\Workspace\CS2113\AY2627-S1\ay2627s1-website\book\principles\separationOfConcernsPrinciple\index.md
2026-09-04T16:03:46.724Z - [36mverbose[39m: Rendering page: D:\Workspace\CS2113\AY2627-S1\ay2627s1-website\book\principles\solidPrinciples\index.md
2026-09-04T16:03:46.956Z - [36mverbose[39m: Rendering page: D:\Workspace\CS2113\AY2627-S1\ay2627s1-website\book\principles\openClosedPrinciple\index.md
2026-09-04T16:03:46.966Z - [36mverbose[39m: Rendering page: D:\Workspace\CS2113\AY2627-S1\ay2627s1-website\book\principles\liskovSubstitutionPrinciple\index.md
2026-09-04T16:03:46.973Z - [36mverbose[39m: Rendering page: D:\Workspace\CS2113\AY2627-S1\ay2627s1-website\book\principles\lawOfDemeter\index.md
2026-09-04T16:03:46.988Z - [36mverbose[39m: Rendering page: D:\Workspace\CS2113\AY2627-S1\ay2627s1-website\book\principles\review\index.md
2026-09-04T16:03:47.296Z - [36mverbose[39m: Rendering page: D:\Workspace\CS2113\AY2627-S1\ay2627s1-website\book\principles\interfaceSegregationPrinciple\index.md
2026-09-04T16:03:47.326Z - [36mverbose[39m: Rendering page: D:\Workspace\CS2113\AY2627-S1\ay2627s1-website\book\principles\dryPrinciple\index.md
2026-09-04T16:03:47.332Z - [36mverbose[39m: Rendering page: D:\Workspace\CS2113\AY2627-S1\ay2627s1-website\book\principles\index.md
2026-09-04T16:03:47.397Z - [36mverbose[39m: Rendering page: D:\Workspace\CS2113\AY2627-S1\ay2627s1-website\book\principles\dependencyInversionPrinciple\index.md
2026-09-04T16:03:47.489Z - [36mverbose[39m: Rendering page: D:\Workspace\CS2113\AY2627-S1\ay2627s1-website\book\principles\brooksLaw\index.md
2026-09-04T16:03:47.515Z - [36mverbose[39m: Rendering page: D:\Workspace\CS2113\AY2627-S1\ay2627s1-website\book\oop\polymorphism\index.md
2026-09-04T16:03:47.522Z - [36mverbose[39m: Rendering page: D:\Workspace\CS2113\AY2627-S1\ay2627s1-website\book\oop\polymorphism\what\index.md
2026-09-04T16:03:47.585Z - [36mverbose[39m: Rendering page: D:\Workspace\CS2113\AY2627-S1\ay2627s1-website\book\oop\polymorphism\how\index.md
2026-09-04T16:03:47.711Z - [36mverbose[39m: Rendering page: D:\Workspace\CS2113\AY2627-S1\ay2627s1-website\book\oop\objects\encapsulation\index.md
2026-09-04T16:03:47.717Z - [36mverbose[39m: Rendering page: D:\Workspace\CS2113\AY2627-S1\ay2627s1-website\book\oop\objects\index.md
2026-09-04T16:03:47.727Z - [36mverbose[39m: Rendering page: D:\Workspace\CS2113\AY2627-S1\ay2627s1-website\book\oop\objects\what\index.md
2026-09-04T16:03:47.797Z - [36mverbose[39m: Rendering page: D:\Workspace\CS2113\AY2627-S1\ay2627s1-website\book\oop\objects\abstraction\index.md
2026-09-04T16:03:47.881Z - [36mverbose[39m: Rendering page: D:\Workspace\CS2113\AY2627-S1\ay2627s1-website\book\oop\more\index.md
2026-09-04T16:03:47.888Z - [36mverbose[39m: Rendering page: D:\Workspace\CS2113\AY2627-S1\ay2627s1-website\book\oop\more\review\index.md
2026-09-04T16:03:47.894Z - [36mverbose[39m: Rendering page: D:\Workspace\CS2113\AY2627-S1\ay2627s1-website\book\oop\more\miscellaneous\index.md
2026-09-04T16:03:47.987Z - [36mverbose[39m: Rendering page: D:\Workspace\CS2113\AY2627-S1\ay2627s1-website\book\oop\introduction\what\index.md
2026-09-04T16:03:48.019Z - [36mverbose[39m: Rendering page: D:\Workspace\CS2113\AY2627-S1\ay2627s1-website\book\oop\introduction\index.md
2026-09-04T16:03:48.027Z - [36mverbose[39m: Rendering page: D:\Workspace\CS2113\AY2627-S1\ay2627s1-website\book\oop\inheritance\what\index.md
2026-09-04T16:03:48.065Z - [36mverbose[39m: Rendering page: D:\Workspace\CS2113\AY2627-S1\ay2627s1-website\book\oop\inheritance\substitutability\index.md
2026-09-04T16:03:48.084Z - [36mverbose[39m: Rendering page: D:\Workspace\CS2113\AY2627-S1\ay2627s1-website\book\oop\inheritance\overriding\index.md
2026-09-04T16:03:48.281Z - [36mverbose[39m: Rendering page: D:\Workspace\CS2113\AY2627-S1\ay2627s1-website\book\oop\inheritance\overloading\index.md
2026-09-04T16:03:48.340Z - [36mverbose[39m: Rendering page: D:\Workspace\CS2113\AY2627-S1\ay2627s1-website\book\oop\inheritance\interfaces\index.md
2026-09-04T16:03:48.346Z - [36mverbose[39m: Rendering page: D:\Workspace\CS2113\AY2627-S1\ay2627s1-website\book\oop\inheritance\index.md
2026-09-04T16:03:48.398Z - [36mverbose[39m: Rendering page: D:\Workspace\CS2113\AY2627-S1\ay2627s1-website\book\oop\inheritance\dynamicAndStaticBinding\index.md
2026-09-04T16:03:48.842Z - [36mverbose[39m: Rendering page: D:\Workspace\CS2113\AY2627-S1\ay2627s1-website\book\oop\inheritance\abstractClasses\index.md
2026-09-04T16:03:48.899Z - [36mverbose[39m: Rendering page: D:\Workspace\CS2113\AY2627-S1\ay2627s1-website\book\oop\classes\what\index.md
2026-09-04T16:03:48.906Z - [36mverbose[39m: Rendering page: D:\Workspace\CS2113\AY2627-S1\ay2627s1-website\book\oop\index.md
2026-09-04T16:03:48.974Z - [36mverbose[39m: Rendering page: D:\Workspace\CS2113\AY2627-S1\ay2627s1-website\book\oop\classes\index.md
2026-09-04T16:03:49.049Z - [36mverbose[39m: Rendering page: D:\Workspace\CS2113\AY2627-S1\ay2627s1-website\book\oop\classes\enumerations\index.md
2026-09-04T16:03:49.056Z - [36mverbose[39m: Rendering page: D:\Workspace\CS2113\AY2627-S1\ay2627s1-website\book\oop\classes\classLevelMembers\index.md
2026-09-04T16:03:49.061Z - [36mverbose[39m: Rendering page: D:\Workspace\CS2113\AY2627-S1\ay2627s1-website\book\oop\associations\what\index.md
2026-09-04T16:03:49.109Z - [36mverbose[39m: Rendering page: D:\Workspace\CS2113\AY2627-S1\ay2627s1-website\book\oop\associations\navigability\index.md
2026-09-04T16:03:49.280Z - [36mverbose[39m: Rendering page: D:\Workspace\CS2113\AY2627-S1\ay2627s1-website\book\oop\associations\dependencies\index.md
2026-09-04T16:03:49.288Z - [36mverbose[39m: Rendering page: D:\Workspace\CS2113\AY2627-S1\ay2627s1-website\book\oop\associations\multiplicity\index.md
2026-09-04T16:03:49.317Z - [36mverbose[39m: Rendering page: D:\Workspace\CS2113\AY2627-S1\ay2627s1-website\book\oop\associations\index.md
2026-09-04T16:03:49.343Z - [36mverbose[39m: Rendering page: D:\Workspace\CS2113\AY2627-S1\ay2627s1-website\book\oop\associations\composition\index.md
2026-09-04T16:03:49.431Z - [36mverbose[39m: Rendering page: D:\Workspace\CS2113\AY2627-S1\ay2627s1-website\book\oop\associations\aggregation\index.md
2026-09-04T16:03:49.438Z - [36mverbose[39m: Rendering page: D:\Workspace\CS2113\AY2627-S1\ay2627s1-website\book\oop\associations\associationClasses\index.md
2026-09-04T16:03:49.444Z - [36mverbose[39m: Rendering page: D:\Workspace\CS2113\AY2627-S1\ay2627s1-website\book\modeling\modelingStructures\packageDiagrams\index.md
2026-09-04T16:03:49.521Z - [36mverbose[39m: Rendering page: D:\Workspace\CS2113\AY2627-S1\ay2627s1-website\book\modeling\modelingStructures\ooStructures\index.md
2026-09-04T16:03:50.688Z - [34mdebug[39m: 
2026-09-04T16:03:50.766Z - [36mverbose[39m: Rendering page: D:\Workspace\CS2113\AY2627-S1\ay2627s1-website\book\modeling\modelingStructures\objectOrientedDomainModels\index.md
2026-09-04T16:03:50.773Z - [36mverbose[39m: Rendering page: D:\Workspace\CS2113\AY2627-S1\ay2627s1-website\book\modeling\modelingStructures\objectDiagrams\index.md
2026-09-04T16:03:50.780Z - [36mverbose[39m: Rendering page: D:\Workspace\CS2113\AY2627-S1\ay2627s1-website\book\modeling\modelingStructures\index.md
2026-09-04T16:03:50.809Z - [36mverbose[39m: Rendering page: D:\Workspace\CS2113\AY2627-S1\ay2627s1-website\book\modeling\modelingStructures\deploymentDiagrams\index.md
2026-09-04T16:03:50.969Z - [36mverbose[39m: Rendering page: D:\Workspace\CS2113\AY2627-S1\ay2627s1-website\book\modeling\modelingStructures\componentDiagrams\index.md
2026-09-04T16:03:50.976Z - [36mverbose[39m: Rendering page: D:\Workspace\CS2113\AY2627-S1\ay2627s1-website\book\modeling\modelingStructures\customisingUml\index.md
2026-09-04T16:03:50.982Z - [36mverbose[39m: Rendering page: D:\Workspace\CS2113\AY2627-S1\ay2627s1-website\book\modeling\modelingStructures\classDiagramsIntermediate\index.md
2026-09-04T16:03:50.993Z - [36mverbose[39m: Rendering page: D:\Workspace\CS2113\AY2627-S1\ay2627s1-website\book\modeling\modelingStructures\compositeStructureDiagrams\index.md
2026-09-04T16:03:52.193Z - [34mdebug[39m: 
2026-09-04T16:03:52.298Z - [36mverbose[39m: Rendering page: D:\Workspace\CS2113\AY2627-S1\ay2627s1-website\book\modeling\modelingStructures\classDiagramsBasic\index.md
2026-09-04T16:03:52.308Z - [36mverbose[39m: Rendering page: D:\Workspace\CS2113\AY2627-S1\ay2627s1-website\book\modeling\modelingBehaviors\useCaseDiagrams\index.md
2026-09-04T16:03:52.314Z - [36mverbose[39m: Rendering page: D:\Workspace\CS2113\AY2627-S1\ay2627s1-website\book\modeling\modelingStructures\addingMoreInfo\index.md
2026-09-04T16:03:52.320Z - [36mverbose[39m: Rendering page: D:\Workspace\CS2113\AY2627-S1\ay2627s1-website\book\modeling\modelingStructures\classDiagramsAdvanced\index.md
2026-09-04T16:03:52.500Z - [36mverbose[39m: Rendering page: D:\Workspace\CS2113\AY2627-S1\ay2627s1-website\book\modeling\modelingBehaviors\stateMachineDiagrams\index.md
2026-09-04T16:03:52.508Z - [36mverbose[39m: Rendering page: D:\Workspace\CS2113\AY2627-S1\ay2627s1-website\book\modeling\modelingBehaviors\timingDiagrams\index.md
2026-09-04T16:03:52.514Z - [36mverbose[39m: Rendering page: D:\Workspace\CS2113\AY2627-S1\ay2627s1-website\book\modeling\modelingBehaviors\sequenceDiagramsIntermediate\index.md
2026-09-04T16:03:52.523Z - [36mverbose[39m: Rendering page: D:\Workspace\CS2113\AY2627-S1\ay2627s1-website\book\modeling\modelingBehaviors\sequenceDiagramsBasic\index.md
2026-09-04T16:03:52.748Z - [36mverbose[39m: Rendering page: D:\Workspace\CS2113\AY2627-S1\ay2627s1-website\book\modeling\modelingBehaviors\interactionOverviewDiagrams\index.md
2026-09-04T16:03:52.755Z - [36mverbose[39m: Rendering page: D:\Workspace\CS2113\AY2627-S1\ay2627s1-website\book\modeling\modelingBehaviors\communicationDiagrams\index.md
2026-09-04T16:03:52.895Z - [36mverbose[39m: Rendering page: D:\Workspace\CS2113\AY2627-S1\ay2627s1-website\book\modeling\modelingBehaviors\sequenceDiagramsAdvanced\index.md
2026-09-04T16:03:52.901Z - [36mverbose[39m: Rendering page: D:\Workspace\CS2113\AY2627-S1\ay2627s1-website\book\modeling\modelingBehaviors\index.md
2026-09-04T16:03:52.942Z - [36mverbose[39m: Rendering page: D:\Workspace\CS2113\AY2627-S1\ay2627s1-website\book\modeling\modelingBehaviors\activityDiagrams\index.md
2026-09-04T16:03:52.951Z - [36mverbose[39m: Rendering page: D:\Workspace\CS2113\AY2627-S1\ay2627s1-website\book\modeling\modelingBehaviors\activityDiagramsIntermediate\index.md
2026-09-04T16:03:53.072Z - [36mverbose[39m: Rendering page: D:\Workspace\CS2113\AY2627-S1\ay2627s1-website\book\modeling\modelingASolution\introduction\index.md
2026-09-04T16:03:53.097Z - [36mverbose[39m: Rendering page: D:\Workspace\CS2113\AY2627-S1\ay2627s1-website\book\modeling\modelingASolution\intermediate\index.md
2026-09-04T16:03:53.170Z - [36mverbose[39m: Rendering page: D:\Workspace\CS2113\AY2627-S1\ay2627s1-website\book\modeling\modelingASolution\basic\index.md
2026-09-04T16:03:53.177Z - [36mverbose[39m: Rendering page: D:\Workspace\CS2113\AY2627-S1\ay2627s1-website\book\modeling\modelingASolution\index.md
2026-09-04T16:03:53.205Z - [36mverbose[39m: Rendering page: D:\Workspace\CS2113\AY2627-S1\ay2627s1-website\book\modeling\introduction\umlModels\index.md
2026-09-04T16:03:53.268Z - [36mverbose[39m: Rendering page: D:\Workspace\CS2113\AY2627-S1\ay2627s1-website\book\modeling\introduction\what\index.md
2026-09-04T16:03:53.795Z - [36mverbose[39m: Rendering page: D:\Workspace\CS2113\AY2627-S1\ay2627s1-website\book\modeling\introduction\index.md
2026-09-04T16:03:53.805Z - [36mverbose[39m: Rendering page: D:\Workspace\CS2113\AY2627-S1\ay2627s1-website\book\modeling\introduction\how\index.md
2026-09-04T16:03:53.877Z - [36mverbose[39m: Rendering page: D:\Workspace\CS2113\AY2627-S1\ay2627s1-website\book\intellij\refactoring\index.md
2026-09-04T16:03:53.884Z - [36mverbose[39m: Rendering page: D:\Workspace\CS2113\AY2627-S1\ay2627s1-website\book\modeling\index.md
2026-09-04T16:03:54.181Z - [36mverbose[39m: Rendering page: D:\Workspace\CS2113\AY2627-S1\ay2627s1-website\book\intellij\projectSetup\index.md
2026-09-04T16:03:54.257Z - [36mverbose[39m: Rendering page: D:\Workspace\CS2113\AY2627-S1\ay2627s1-website\book\intellij\productivityShortcuts\index.md
2026-09-04T16:03:54.577Z - [36mverbose[39m: Rendering page: D:\Workspace\CS2113\AY2627-S1\ay2627s1-website\book\intellij\index.md
2026-09-04T16:03:55.016Z - [36mverbose[39m: Rendering page: D:\Workspace\CS2113\AY2627-S1\ay2627s1-website\book\intellij\debuggingBasic\index.md
2026-09-04T16:03:55.564Z - [36mverbose[39m: Rendering page: D:\Workspace\CS2113\AY2627-S1\ay2627s1-website\book\intellij\codeNavigation\index.md
2026-09-04T16:03:55.725Z - [36mverbose[39m: Rendering page: D:\Workspace\CS2113\AY2627-S1\ay2627s1-website\book\integration\more\index.md
2026-09-04T16:03:55.781Z - [36mverbose[39m: Rendering page: D:\Workspace\CS2113\AY2627-S1\ay2627s1-website\book\integration\introduction\what\index.md
2026-09-04T16:03:55.817Z - [36mverbose[39m: Rendering page: D:\Workspace\CS2113\AY2627-S1\ay2627s1-website\book\integration\more\review\index.md
2026-09-04T16:03:55.833Z - [36mverbose[39m: Rendering page: D:\Workspace\CS2113\AY2627-S1\ay2627s1-website\book\integration\introduction\index.md
2026-09-04T16:03:56.136Z - [36mverbose[39m: Rendering page: D:\Workspace\CS2113\AY2627-S1\ay2627s1-website\book\integration\index.md
2026-09-04T16:03:56.261Z - [36mverbose[39m: Rendering page: D:\Workspace\CS2113\AY2627-S1\ay2627s1-website\book\integration\buildAutomation\continuousIntegrationDeployment\index.md
2026-09-04T16:03:56.268Z - [36mverbose[39m: Rendering page: D:\Workspace\CS2113\AY2627-S1\ay2627s1-website\book\integration\buildAutomation\index.md
2026-09-04T16:03:56.275Z - [36mverbose[39m: Rendering page: D:\Workspace\CS2113\AY2627-S1\ay2627s1-website\book\integration\buildAutomation\what\index.md
2026-09-04T16:03:56.335Z - [36mverbose[39m: Rendering page: D:\Workspace\CS2113\AY2627-S1\ay2627s1-website\book\integration\approaches\topDownVsBottomUp\index.md
2026-09-04T16:03:56.514Z - [36mverbose[39m: Rendering page: D:\Workspace\CS2113\AY2627-S1\ay2627s1-website\book\integration\approaches\bigBangVsIncremental\index.md
2026-09-04T16:03:56.522Z - [36mverbose[39m: Rendering page: D:\Workspace\CS2113\AY2627-S1\ay2627s1-website\book\integration\approaches\lateVsEarly\index.md
2026-09-04T16:03:56.531Z - [36mverbose[39m: Rendering page: D:\Workspace\CS2113\AY2627-S1\ay2627s1-website\book\integration\approaches\index.md
2026-09-04T16:03:56.558Z - [36mverbose[39m: Rendering page: D:\Workspace\CS2113\AY2627-S1\ay2627s1-website\book\index.md
2026-09-04T16:03:56.756Z - [36mverbose[39m: Rendering page: D:\Workspace\CS2113\AY2627-S1\ay2627s1-website\book\ides\index.md
2026-09-04T16:03:56.767Z - [36mverbose[39m: Rendering page: D:\Workspace\CS2113\AY2627-S1\ay2627s1-website\book\ides\introduction\what\index.md
2026-09-04T16:03:56.775Z - [36mverbose[39m: Rendering page: D:\Workspace\CS2113\AY2627-S1\ay2627s1-website\book\ides\introduction\index.md
2026-09-04T16:03:56.880Z - [36mverbose[39m: Rendering page: D:\Workspace\CS2113\AY2627-S1\ay2627s1-website\book\ides\debugging\what\index.md
2026-09-04T16:03:56.914Z - [36mverbose[39m: Rendering page: D:\Workspace\CS2113\AY2627-S1\ay2627s1-website\book\ides\debugging\index.md
2026-09-04T16:03:56.941Z - [36mverbose[39m: Rendering page: D:\Workspace\CS2113\AY2627-S1\ay2627s1-website\book\gitAndGithub\trail\workingWithRemotes\index.md
2026-09-04T16:03:56.948Z - [36mverbose[39m: Rendering page: D:\Workspace\CS2113\AY2627-S1\ay2627s1-website\book\gitAndGithub\trail\usingRevisionHistory\index.md
2026-09-04T16:03:57.034Z - [36mverbose[39m: Rendering page: D:\Workspace\CS2113\AY2627-S1\ay2627s1-website\book\gitAndGithub\trail\syncingBranches\index.md
2026-09-04T16:03:57.066Z - [36mverbose[39m: Rendering page: D:\Workspace\CS2113\AY2627-S1\ay2627s1-website\book\gitAndGithub\trail\index.md
2026-09-04T16:03:57.094Z - [36mverbose[39m: Rendering page: D:\Workspace\CS2113\AY2627-S1\ay2627s1-website\book\gitAndGithub\trail\remoteBranches\index.md
2026-09-04T16:03:57.102Z - [36mverbose[39m: Rendering page: D:\Workspace\CS2113\AY2627-S1\ay2627s1-website\book\gitAndGithub\trail\recordingFolderHistory\index.md
2026-09-04T16:03:57.195Z - [36mverbose[39m: Rendering page: D:\Workspace\CS2113\AY2627-S1\ay2627s1-website\book\gitAndGithub\trail\fineTuningHistory\index.md
2026-09-04T16:03:57.256Z - [36mverbose[39m: Rendering page: D:\Workspace\CS2113\AY2627-S1\ay2627s1-website\book\gitAndGithub\trail\backingUpOnCloud\index.md
2026-09-04T16:03:57.264Z - [36mverbose[39m: Rendering page: D:\Workspace\CS2113\AY2627-S1\ay2627s1-website\book\gitAndGithub\trail\branchingLocally\index.md
2026-09-04T16:03:57.271Z - [36mverbose[39m: Rendering page: D:\Workspace\CS2113\AY2627-S1\ay2627s1-website\book\gitAndGithub\reviewPRs\index.md
2026-09-04T16:03:57.355Z - [36mverbose[39m: Rendering page: D:\Workspace\CS2113\AY2627-S1\ay2627s1-website\book\gitAndGithub\mergeConflicts\index.md
2026-09-04T16:03:57.401Z - [36mverbose[39m: Rendering page: D:\Workspace\CS2113\AY2627-S1\ay2627s1-website\book\gitAndGithub\index.md
2026-09-04T16:03:57.408Z - [36mverbose[39m: Rendering page: D:\Workspace\CS2113\AY2627-S1\ay2627s1-website\book\gitAndGithub\managePRs\index.md
2026-09-04T16:03:57.412Z - [36mverbose[39m: Rendering page: D:\Workspace\CS2113\AY2627-S1\ay2627s1-website\book\gitAndGithub\forkingWorkflow\index.md
2026-09-04T16:03:57.472Z - [36mverbose[39m: Rendering page: D:\Workspace\CS2113\AY2627-S1\ay2627s1-website\book\gitAndGithub\createPRs\index.md
2026-09-04T16:03:57.520Z - [36mverbose[39m: Rendering page: D:\Workspace\CS2113\AY2627-S1\ay2627s1-website\book\gatheringRequirements\userSurveys\index.md
2026-09-04T16:03:57.524Z - [36mverbose[39m: Rendering page: D:\Workspace\CS2113\AY2627-S1\ay2627s1-website\book\gatheringRequirements\prototyping\index.md
2026-09-04T16:03:57.542Z - [36mverbose[39m: Rendering page: D:\Workspace\CS2113\AY2627-S1\ay2627s1-website\book\gatheringRequirements\validation\index.md
2026-09-04T16:03:57.667Z - [36mverbose[39m: Rendering page: D:\Workspace\CS2113\AY2627-S1\ay2627s1-website\book\gatheringRequirements\productSurveys\index.md
2026-09-04T16:03:57.706Z - [36mverbose[39m: Rendering page: D:\Workspace\CS2113\AY2627-S1\ay2627s1-website\book\gatheringRequirements\index.md
2026-09-04T16:03:57.713Z - [36mverbose[39m: Rendering page: D:\Workspace\CS2113\AY2627-S1\ay2627s1-website\book\gatheringRequirements\interviews\index.md
2026-09-04T16:03:57.719Z - [36mverbose[39m: Rendering page: D:\Workspace\CS2113\AY2627-S1\ay2627s1-website\book\gatheringRequirements\observation\index.md
2026-09-04T16:03:57.736Z - [36mverbose[39m: Rendering page: D:\Workspace\CS2113\AY2627-S1\ay2627s1-website\book\gatheringRequirements\focusGroups\index.md
2026-09-04T16:03:57.853Z - [36mverbose[39m: Rendering page: D:\Workspace\CS2113\AY2627-S1\ay2627s1-website\book\gatheringRequirements\brainstorming\index.md
2026-09-04T16:03:57.859Z - [36mverbose[39m: Rendering page: D:\Workspace\CS2113\AY2627-S1\ay2627s1-website\book\errorHandling\logging\index.md
2026-09-04T16:03:57.867Z - [36mverbose[39m: Rendering page: D:\Workspace\CS2113\AY2627-S1\ay2627s1-website\book\errorHandling\logging\what\index.md
2026-09-04T16:03:57.892Z - [36mverbose[39m: Rendering page: D:\Workspace\CS2113\AY2627-S1\ay2627s1-website\book\errorHandling\logging\how\index.md
2026-09-04T16:03:58.329Z - [36mverbose[39m: Rendering page: D:\Workspace\CS2113\AY2627-S1\ay2627s1-website\book\errorHandling\introduction\index.md
2026-09-04T16:03:58.336Z - [36mverbose[39m: Rendering page: D:\Workspace\CS2113\AY2627-S1\ay2627s1-website\book\errorHandling\introduction\what\index.md
2026-09-04T16:03:58.342Z - [36mverbose[39m: Rendering page: D:\Workspace\CS2113\AY2627-S1\ay2627s1-website\book\errorHandling\index.md
2026-09-04T16:03:58.377Z - [36mverbose[39m: Rendering page: D:\Workspace\CS2113\AY2627-S1\ay2627s1-website\book\errorHandling\exceptions\when\index.md
2026-09-04T16:03:58.481Z - [36mverbose[39m: Rendering page: D:\Workspace\CS2113\AY2627-S1\ay2627s1-website\book\errorHandling\exceptions\index.md
2026-09-04T16:03:58.487Z - [36mverbose[39m: Rendering page: D:\Workspace\CS2113\AY2627-S1\ay2627s1-website\book\errorHandling\exceptions\how\index.md
2026-09-04T16:03:58.491Z - [36mverbose[39m: Rendering page: D:\Workspace\CS2113\AY2627-S1\ay2627s1-website\book\errorHandling\exceptions\what\index.md
2026-09-04T16:03:58.558Z - [36mverbose[39m: Rendering page: D:\Workspace\CS2113\AY2627-S1\ay2627s1-website\book\errorHandling\designByContract\what\index.md
2026-09-04T16:03:58.578Z - [36mverbose[39m: Rendering page: D:\Workspace\CS2113\AY2627-S1\ay2627s1-website\book\errorHandling\designByContract\index.md
2026-09-04T16:03:58.637Z - [36mverbose[39m: Rendering page: D:\Workspace\CS2113\AY2627-S1\ay2627s1-website\book\errorHandling\defensiveProgramming\when\index.md
2026-09-04T16:03:58.642Z - [36mverbose[39m: Rendering page: D:\Workspace\CS2113\AY2627-S1\ay2627s1-website\book\errorHandling\defensiveProgramming\what\index.md
2026-09-04T16:03:58.816Z - [36mverbose[39m: Rendering page: D:\Workspace\CS2113\AY2627-S1\ay2627s1-website\book\errorHandling\defensiveProgramming\referentialIntegrity\index.md
2026-09-04T16:03:58.860Z - [36mverbose[39m: Rendering page: D:\Workspace\CS2113\AY2627-S1\ay2627s1-website\book\errorHandling\defensiveProgramming\1to1Associations\index.md
2026-09-04T16:03:58.903Z - [36mverbose[39m: Rendering page: D:\Workspace\CS2113\AY2627-S1\ay2627s1-website\book\errorHandling\defensiveProgramming\compulsoryAssociations\index.md
2026-09-04T16:03:58.912Z - [36mverbose[39m: Rendering page: D:\Workspace\CS2113\AY2627-S1\ay2627s1-website\book\errorHandling\defensiveProgramming\index.md
2026-09-04T16:03:59.011Z - [36mverbose[39m: Rendering page: D:\Workspace\CS2113\AY2627-S1\ay2627s1-website\book\errorHandling\assertions\when\index.md
2026-09-04T16:03:59.060Z - [36mverbose[39m: Rendering page: D:\Workspace\CS2113\AY2627-S1\ay2627s1-website\book\errorHandling\assertions\what\index.md
2026-09-04T16:03:59.085Z - [36mverbose[39m: Rendering page: D:\Workspace\CS2113\AY2627-S1\ay2627s1-website\book\errorHandling\assertions\index.md
2026-09-04T16:03:59.095Z - [36mverbose[39m: Rendering page: D:\Workspace\CS2113\AY2627-S1\ay2627s1-website\book\errorHandling\assertions\how\index.md
2026-09-04T16:03:59.145Z - [36mverbose[39m: Rendering page: D:\Workspace\CS2113\AY2627-S1\ay2627s1-website\book\documentation\tools\markdown\what\index.md
2026-09-04T16:03:59.214Z - [36mverbose[39m: Rendering page: D:\Workspace\CS2113\AY2627-S1\ay2627s1-website\book\documentation\tools\markdown\index.md
2026-09-04T16:03:59.256Z - [36mverbose[39m: Rendering page: D:\Workspace\CS2113\AY2627-S1\ay2627s1-website\book\documentation\tools\javaDoc\what\index.md
2026-09-04T16:03:59.263Z - [36mverbose[39m: Rendering page: D:\Workspace\CS2113\AY2627-S1\ay2627s1-website\book\documentation\tools\markdown\how\index.md
2026-09-04T16:03:59.383Z - [36mverbose[39m: Rendering page: D:\Workspace\CS2113\AY2627-S1\ay2627s1-website\book\documentation\tools\javaDoc\index.md
2026-09-04T16:03:59.410Z - [36mverbose[39m: Rendering page: D:\Workspace\CS2113\AY2627-S1\ay2627s1-website\book\documentation\tools\javaDoc\how\index.md
2026-09-04T16:03:59.417Z - [36mverbose[39m: Rendering page: D:\Workspace\CS2113\AY2627-S1\ay2627s1-website\book\documentation\tools\index.md
2026-09-04T16:03:59.446Z - [36mverbose[39m: Rendering page: D:\Workspace\CS2113\AY2627-S1\ay2627s1-website\book\documentation\tools\asciiDoc\what\index.md
2026-09-04T16:03:59.670Z - [36mverbose[39m: Rendering page: D:\Workspace\CS2113\AY2627-S1\ay2627s1-website\book\documentation\tools\asciiDoc\index.md
2026-09-04T16:03:59.749Z - [36mverbose[39m: Rendering page: D:\Workspace\CS2113\AY2627-S1\ay2627s1-website\book\documentation\introduction\index.md
2026-09-04T16:03:59.756Z - [36mverbose[39m: Rendering page: D:\Workspace\CS2113\AY2627-S1\ay2627s1-website\book\documentation\index.md
2026-09-04T16:03:59.773Z - [36mverbose[39m: Rendering page: D:\Workspace\CS2113\AY2627-S1\ay2627s1-website\book\documentation\introduction\what\index.md
2026-09-04T16:03:59.806Z - [36mverbose[39m: Rendering page: D:\Workspace\CS2113\AY2627-S1\ay2627s1-website\book\documentation\guidelines\index.md
2026-09-04T16:03:59.901Z - [36mverbose[39m: Rendering page: D:\Workspace\CS2113\AY2627-S1\ay2627s1-website\book\documentation\guidelines\goTopDown\index.md
2026-09-04T16:03:59.908Z - [36mverbose[39m: Rendering page: D:\Workspace\CS2113\AY2627-S1\ay2627s1-website\book\documentation\guidelines\goTopDown\why\index.md
2026-09-04T16:03:59.913Z - [36mverbose[39m: Rendering page: D:\Workspace\CS2113\AY2627-S1\ay2627s1-website\book\documentation\guidelines\goTopDown\what\index.md
2026-09-04T16:03:59.930Z - [36mverbose[39m: Rendering page: D:\Workspace\CS2113\AY2627-S1\ay2627s1-website\book\documentation\guidelines\goTopDown\how\index.md
2026-09-04T16:04:00.024Z - [36mverbose[39m: Rendering page: D:\Workspace\CS2113\AY2627-S1\ay2627s1-website\book\documentation\guidelines\documentMinimally\index.md
2026-09-04T16:04:00.031Z - [36mverbose[39m: Rendering page: D:\Workspace\CS2113\AY2627-S1\ay2627s1-website\book\documentation\guidelines\documentMinimally\what\index.md
2026-09-04T16:04:00.036Z - [36mverbose[39m: Rendering page: D:\Workspace\CS2113\AY2627-S1\ay2627s1-website\book\documentation\guidelines\documentMinimally\how\index.md
2026-09-04T16:04:00.131Z - [36mverbose[39m: Rendering page: D:\Workspace\CS2113\AY2627-S1\ay2627s1-website\book\documentation\guidelines\aimForComprehensibility\what\index.md
2026-09-04T16:04:00.159Z - [36mverbose[39m: Rendering page: D:\Workspace\CS2113\AY2627-S1\ay2627s1-website\book\documentation\guidelines\aimForComprehensibility\how\index.md
2026-09-04T16:04:00.202Z - [36mverbose[39m: Rendering page: D:\Workspace\CS2113\AY2627-S1\ay2627s1-website\book\designPatterns\singleton\what\index.md
2026-09-04T16:04:00.209Z - [36mverbose[39m: Rendering page: D:\Workspace\CS2113\AY2627-S1\ay2627s1-website\book\documentation\guidelines\aimForComprehensibility\index.md
2026-09-04T16:04:00.231Z - [36mverbose[39m: Rendering page: D:\Workspace\CS2113\AY2627-S1\ay2627s1-website\book\designPatterns\singleton\index.md
2026-09-04T16:04:00.342Z - [36mverbose[39m: Rendering page: D:\Workspace\CS2113\AY2627-S1\ay2627s1-website\book\designPatterns\singleton\implementation\index.md
2026-09-04T16:04:00.388Z - [36mverbose[39m: Rendering page: D:\Workspace\CS2113\AY2627-S1\ay2627s1-website\book\designPatterns\singleton\evaluation\index.md
2026-09-04T16:04:00.394Z - [36mverbose[39m: Rendering page: D:\Workspace\CS2113\AY2627-S1\ay2627s1-website\book\designPatterns\observer\what\index.md
2026-09-04T16:04:00.433Z - [36mverbose[39m: Rendering page: D:\Workspace\CS2113\AY2627-S1\ay2627s1-website\book\designPatterns\observer\index.md
2026-09-04T16:04:00.515Z - [36mverbose[39m: Rendering page: D:\Workspace\CS2113\AY2627-S1\ay2627s1-website\book\designPatterns\more\vsPrinciples\index.md
2026-09-04T16:04:00.522Z - [36mverbose[39m: Rendering page: D:\Workspace\CS2113\AY2627-S1\ay2627s1-website\book\designPatterns\more\usingDesignPatterns\index.md
2026-09-04T16:04:00.549Z - [36mverbose[39m: Rendering page: D:\Workspace\CS2113\AY2627-S1\ay2627s1-website\book\designPatterns\more\otherTypesOfPatterns\index.md
2026-09-04T16:04:00.637Z - [36mverbose[39m: Rendering page: D:\Workspace\CS2113\AY2627-S1\ay2627s1-website\book\designPatterns\more\otherDesignPatterns\index.md
2026-09-04T16:04:00.716Z - [36mverbose[39m: Rendering page: D:\Workspace\CS2113\AY2627-S1\ay2627s1-website\book\designPatterns\modelViewController\what\index.md
2026-09-04T16:04:00.722Z - [36mverbose[39m: Rendering page: D:\Workspace\CS2113\AY2627-S1\ay2627s1-website\book\designPatterns\more\index.md
2026-09-04T16:04:00.728Z - [36mverbose[39m: Rendering page: D:\Workspace\CS2113\AY2627-S1\ay2627s1-website\book\designPatterns\more\combiningDesignPatterns\index.md
2026-09-04T16:04:00.745Z - [36mverbose[39m: Rendering page: D:\Workspace\CS2113\AY2627-S1\ay2627s1-website\book\designPatterns\modelViewController\index.md
2026-09-04T16:04:01.095Z - [36mverbose[39m: Rendering page: D:\Workspace\CS2113\AY2627-S1\ay2627s1-website\book\designPatterns\introduction\what\index.md
2026-09-04T16:04:01.102Z - [36mverbose[39m: Rendering page: D:\Workspace\CS2113\AY2627-S1\ay2627s1-website\book\designPatterns\introduction\format\index.md
2026-09-04T16:04:01.107Z - [36mverbose[39m: Rendering page: D:\Workspace\CS2113\AY2627-S1\ay2627s1-website\book\designPatterns\introduction\index.md
2026-09-04T16:04:01.200Z - [36mverbose[39m: Rendering page: D:\Workspace\CS2113\AY2627-S1\ay2627s1-website\book\designPatterns\index.md
2026-09-04T16:04:01.247Z - [36mverbose[39m: Rendering page: D:\Workspace\CS2113\AY2627-S1\ay2627s1-website\book\designPatterns\command\what\index.md
2026-09-04T16:04:01.254Z - [36mverbose[39m: Rendering page: D:\Workspace\CS2113\AY2627-S1\ay2627s1-website\book\designPatterns\facade\what\index.md
2026-09-04T16:04:01.260Z - [36mverbose[39m: Rendering page: D:\Workspace\CS2113\AY2627-S1\ay2627s1-website\book\designPatterns\facade\index.md
2026-09-04T16:04:01.301Z - [36mverbose[39m: Rendering page: D:\Workspace\CS2113\AY2627-S1\ay2627s1-website\book\designPatterns\command\index.md
2026-09-04T16:04:01.497Z - [36mverbose[39m: Rendering page: D:\Workspace\CS2113\AY2627-S1\ay2627s1-website\book\designPatterns\abstractionOccurrence\index.md
2026-09-04T16:04:01.537Z - [36mverbose[39m: Rendering page: D:\Workspace\CS2113\AY2627-S1\ay2627s1-website\book\designPatterns\abstractionOccurrence\what\index.md
2026-09-04T16:04:01.545Z - [36mverbose[39m: Rendering page: D:\Workspace\CS2113\AY2627-S1\ay2627s1-website\book\designFundamentals\index.md
2026-09-04T16:04:01.569Z - [36mverbose[39m: Rendering page: D:\Workspace\CS2113\AY2627-S1\ay2627s1-website\book\designFundamentals\coupling\what\index.md
2026-09-04T16:04:01.697Z - [36mverbose[39m: Rendering page: D:\Workspace\CS2113\AY2627-S1\ay2627s1-website\book\designFundamentals\coupling\types\index.md
2026-09-04T16:04:01.722Z - [36mverbose[39m: Rendering page: D:\Workspace\CS2113\AY2627-S1\ay2627s1-website\book\designFundamentals\coupling\how\index.md
2026-09-04T16:04:01.729Z - [36mverbose[39m: Rendering page: D:\Workspace\CS2113\AY2627-S1\ay2627s1-website\book\designFundamentals\coupling\index.md
2026-09-04T16:04:01.832Z - [36mverbose[39m: Rendering page: D:\Workspace\CS2113\AY2627-S1\ay2627s1-website\book\designFundamentals\cohesion\what\index.md
2026-09-04T16:04:01.856Z - [36mverbose[39m: Rendering page: D:\Workspace\CS2113\AY2627-S1\ay2627s1-website\book\designFundamentals\cohesion\index.md
2026-09-04T16:04:01.888Z - [36mverbose[39m: Rendering page: D:\Workspace\CS2113\AY2627-S1\ay2627s1-website\book\designFundamentals\cohesion\how\index.md
2026-09-04T16:04:01.895Z - [36mverbose[39m: Rendering page: D:\Workspace\CS2113\AY2627-S1\ay2627s1-website\book\designFundamentals\abstraction\what\index.md
2026-09-04T16:04:01.912Z - [36mverbose[39m: Rendering page: D:\Workspace\CS2113\AY2627-S1\ay2627s1-website\book\designFundamentals\abstraction\index.md
2026-09-04T16:04:02.040Z - [36mverbose[39m: Rendering page: D:\Workspace\CS2113\AY2627-S1\ay2627s1-website\book\designApproaches\topDownBottomUp\index.md
2026-09-04T16:04:02.045Z - [36mverbose[39m: Rendering page: D:\Workspace\CS2113\AY2627-S1\ay2627s1-website\book\designApproaches\multilevelDesign\what\index.md
2026-09-04T16:04:02.052Z - [36mverbose[39m: Rendering page: D:\Workspace\CS2113\AY2627-S1\ay2627s1-website\book\designApproaches\topDownBottomUp\what\index.md
2026-09-04T16:04:02.071Z - [36mverbose[39m: Rendering page: D:\Workspace\CS2113\AY2627-S1\ay2627s1-website\book\designApproaches\multilevelDesign\index.md
2026-09-04T16:04:02.213Z - [36mverbose[39m: Rendering page: D:\Workspace\CS2113\AY2627-S1\ay2627s1-website\book\designApproaches\index.md
2026-09-04T16:04:02.223Z - [36mverbose[39m: Rendering page: D:\Workspace\CS2113\AY2627-S1\ay2627s1-website\book\designApproaches\agileDesign\index.md
2026-09-04T16:04:02.229Z - [36mverbose[39m: Rendering page: D:\Workspace\CS2113\AY2627-S1\ay2627s1-website\book\designApproaches\agileDesign\what\index.md
2026-09-04T16:04:02.317Z - [36mverbose[39m: Rendering page: D:\Workspace\CS2113\AY2627-S1\ay2627s1-website\book\design\introduction\what\index.md
2026-09-04T16:04:02.343Z - [36mverbose[39m: Rendering page: D:\Workspace\CS2113\AY2627-S1\ay2627s1-website\book\design\introduction\index.md
2026-09-04T16:04:02.381Z - [36mverbose[39m: Rendering page: D:\Workspace\CS2113\AY2627-S1\ay2627s1-website\book\design\index.md
2026-09-04T16:04:02.388Z - [36mverbose[39m: Rendering page: D:\Workspace\CS2113\AY2627-S1\ay2627s1-website\book\debugging\what\index.md
2026-09-04T16:04:02.534Z - [36mverbose[39m: Rendering page: D:\Workspace\CS2113\AY2627-S1\ay2627s1-website\book\debugging\tools\index.md
2026-09-04T16:04:02.600Z - [36mverbose[39m: Rendering page: D:\Workspace\CS2113\AY2627-S1\ay2627s1-website\book\debugging\fixing\index.md
2026-09-04T16:04:02.607Z - [36mverbose[39m: Rendering page: D:\Workspace\CS2113\AY2627-S1\ay2627s1-website\book\debugging\how\index.md
2026-09-04T16:04:02.614Z - [36mverbose[39m: Rendering page: D:\Workspace\CS2113\AY2627-S1\ay2627s1-website\book\debugging\index.md
2026-09-04T16:04:02.750Z - [36mverbose[39m: Rendering page: D:\Workspace\CS2113\AY2627-S1\ay2627s1-website\book\debugging\advanced\index.md
2026-09-04T16:04:02.986Z - [36mverbose[39m: Rendering page: D:\Workspace\CS2113\AY2627-S1\ay2627s1-website\book\cppToJava\usefulClasses\scannerClass\index.md
2026-09-04T16:04:02.996Z - [36mverbose[39m: Rendering page: D:\Workspace\CS2113\AY2627-S1\ay2627s1-website\book\cppToJava\usefulClasses\wrapperClasses\index.md
2026-09-04T16:04:03.003Z - [36mverbose[39m: Rendering page: D:\Workspace\CS2113\AY2627-S1\ay2627s1-website\book\cppToJava\usefulClasses\stringClass\index.md
2026-09-04T16:04:03.089Z - [36mverbose[39m: Rendering page: D:\Workspace\CS2113\AY2627-S1\ay2627s1-website\book\cppToJava\usefulClasses\index.md
2026-09-04T16:04:03.176Z - [36mverbose[39m: Rendering page: D:\Workspace\CS2113\AY2627-S1\ay2627s1-website\book\cppToJava\usefulClasses\api\index.md
2026-09-04T16:04:03.183Z - [36mverbose[39m: Rendering page: D:\Workspace\CS2113\AY2627-S1\ay2627s1-website\book\cppToJava\usefulClasses\arraysClass\index.md
2026-09-04T16:04:03.191Z - [36mverbose[39m: Rendering page: D:\Workspace\CS2113\AY2627-S1\ay2627s1-website\book\cppToJava\objects\usingObjects\index.md
2026-09-04T16:04:03.424Z - [36mverbose[39m: Rendering page: D:\Workspace\CS2113\AY2627-S1\ay2627s1-website\book\cppToJava\objects\passingObjects\index.md
2026-09-04T16:04:03.455Z - [36mverbose[39m: Rendering page: D:\Workspace\CS2113\AY2627-S1\ay2627s1-website\book\cppToJava\objects\garbageCollection\index.md
2026-09-04T16:04:03.460Z - [36mverbose[39m: Rendering page: D:\Workspace\CS2113\AY2627-S1\ay2627s1-website\book\cppToJava\objects\instanceMembers\index.md
2026-09-04T16:04:03.467Z - [36mverbose[39m: Rendering page: D:\Workspace\CS2113\AY2627-S1\ay2627s1-website\book\cppToJava\objects\index.md
2026-09-04T16:04:03.527Z - [36mverbose[39m: Rendering page: D:\Workspace\CS2113\AY2627-S1\ay2627s1-website\book\cppToJava\misc\varargs\index.md
2026-09-04T16:04:03.651Z - [36mverbose[39m: Rendering page: D:\Workspace\CS2113\AY2627-S1\ay2627s1-website\book\cppToJava\misc\streams\index.md
2026-09-04T16:04:03.657Z - [36mverbose[39m: Rendering page: D:\Workspace\CS2113\AY2627-S1\ay2627s1-website\book\cppToJava\misc\javaFX\part02\index.md
2026-09-04T16:04:03.667Z - [36mverbose[39m: Rendering page: D:\Workspace\CS2113\AY2627-S1\ay2627s1-website\book\cppToJava\misc\packages\index.md
2026-09-04T16:04:03.717Z - [36mverbose[39m: Rendering page: D:\Workspace\CS2113\AY2627-S1\ay2627s1-website\book\cppToJava\misc\javaFX\part01\index.md
2026-09-04T16:04:03.920Z - [36mverbose[39m: Rendering page: D:\Workspace\CS2113\AY2627-S1\ay2627s1-website\book\cppToJava\misc\javaFX\index.md
2026-09-04T16:04:03.927Z - [36mverbose[39m: Rendering page: D:\Workspace\CS2113\AY2627-S1\ay2627s1-website\book\cppToJava\misc\jar\index.md
2026-09-04T16:04:03.969Z - [36mverbose[39m: Rendering page: D:\Workspace\CS2113\AY2627-S1\ay2627s1-website\book\cppToJava\misc\index.md
2026-09-04T16:04:04.059Z - [36mverbose[39m: Rendering page: D:\Workspace\CS2113\AY2627-S1\ay2627s1-website\book\cppToJava\misc\fileAccess\index.md
2026-09-04T16:04:04.151Z - [36mverbose[39m: Rendering page: D:\Workspace\CS2113\AY2627-S1\ay2627s1-website\book\cppToJava\misc\constants\index.md
2026-09-04T16:04:04.158Z - [36mverbose[39m: Rendering page: D:\Workspace\CS2113\AY2627-S1\ay2627s1-website\book\cppToJava\misc\enums\index.md
2026-09-04T16:04:04.165Z - [36mverbose[39m: Rendering page: D:\Workspace\CS2113\AY2627-S1\ay2627s1-website\book\cppToJava\misc\casting\index.md
2026-09-04T16:04:04.217Z - [36mverbose[39m: Rendering page: D:\Workspace\CS2113\AY2627-S1\ay2627s1-website\book\cppToJava\misc\accessModifiers\index.md
2026-09-04T16:04:04.320Z - [36mverbose[39m: Rendering page: D:\Workspace\CS2113\AY2627-S1\ay2627s1-website\book\cppToJava\junit\index.md
2026-09-04T16:04:04.349Z - [36mverbose[39m: Rendering page: D:\Workspace\CS2113\AY2627-S1\ay2627s1-website\book\cppToJava\junit\basic\index.md
2026-09-04T16:04:04.356Z - [36mverbose[39m: Rendering page: D:\Workspace\CS2113\AY2627-S1\ay2627s1-website\book\cppToJava\junit\intermediate\index.md
2026-09-04T16:04:04.451Z - [36mverbose[39m: Rendering page: D:\Workspace\CS2113\AY2627-S1\ay2627s1-website\book\cppToJava\javaWorld\what\index.md
2026-09-04T16:04:04.476Z - [36mverbose[39m: Rendering page: D:\Workspace\CS2113\AY2627-S1\ay2627s1-website\book\cppToJava\javaWorld\index.md
2026-09-04T16:04:04.558Z - [36mverbose[39m: Rendering page: D:\Workspace\CS2113\AY2627-S1\ay2627s1-website\book\cppToJava\javaWorld\how\index.md
2026-09-04T16:04:04.564Z - [36mverbose[39m: Rendering page: D:\Workspace\CS2113\AY2627-S1\ay2627s1-website\book\cppToJava\javaWorld\editions\index.md
2026-09-04T16:04:04.998Z - [36mverbose[39m: Rendering page: D:\Workspace\CS2113\AY2627-S1\ay2627s1-website\book\cppToJava\inheritance\polymorphism\index.md
2026-09-04T16:04:05.038Z - [36mverbose[39m: Rendering page: D:\Workspace\CS2113\AY2627-S1\ay2627s1-website\book\cppToJava\inheritance\objectClass\index.md
2026-09-04T16:04:05.050Z - [36mverbose[39m: Rendering page: D:\Workspace\CS2113\AY2627-S1\ay2627s1-website\book\cppToJava\inheritance\interfaces\index.md
2026-09-04T16:04:05.109Z - [36mverbose[39m: Rendering page: D:\Workspace\CS2113\AY2627-S1\ay2627s1-website\book\cppToJava\inheritance\index.md
2026-09-04T16:04:05.163Z - [36mverbose[39m: Rendering page: D:\Workspace\CS2113\AY2627-S1\ay2627s1-website\book\cppToJava\inheritance\basic\index.md
2026-09-04T16:04:07.270Z - [36mverbose[39m: Rendering page: D:\Workspace\CS2113\AY2627-S1\ay2627s1-website\book\cppToJava\inheritance\abstractClassesAndMethods\index.md
2026-09-04T16:04:07.294Z - [36mverbose[39m: Rendering page: D:\Workspace\CS2113\AY2627-S1\ay2627s1-website\book\cppToJava\gettingStarted\running\index.md
2026-09-04T16:04:07.303Z - [36mverbose[39m: Rendering page: D:\Workspace\CS2113\AY2627-S1\ay2627s1-website\book\cppToJava\index.md
2026-09-04T16:04:07.467Z - [36mverbose[39m: Rendering page: D:\Workspace\CS2113\AY2627-S1\ay2627s1-website\book\cppToJava\gettingStarted\installation\index.md
2026-09-04T16:04:07.608Z - [36mverbose[39m: Rendering page: D:\Workspace\CS2113\AY2627-S1\ay2627s1-website\book\cppToJava\gettingStarted\index.md
2026-09-04T16:04:07.619Z - [36mverbose[39m: Rendering page: D:\Workspace\CS2113\AY2627-S1\ay2627s1-website\book\cppToJava\gettingStarted\helloWorld\index.md
2026-09-04T16:04:07.629Z - [36mverbose[39m: Rendering page: D:\Workspace\CS2113\AY2627-S1\ay2627s1-website\book\cppToJava\gettingStarted\compiling\index.md
2026-09-04T16:04:07.731Z - [36mverbose[39m: Rendering page: D:\Workspace\CS2113\AY2627-S1\ay2627s1-website\book\cppToJava\generics\what\index.md
2026-09-04T16:04:07.836Z - [36mverbose[39m: Rendering page: D:\Workspace\CS2113\AY2627-S1\ay2627s1-website\book\cppToJava\generics\index.md
2026-09-04T16:04:07.847Z - [36mverbose[39m: Rendering page: D:\Workspace\CS2113\AY2627-S1\ay2627s1-website\book\cppToJava\generics\how\index.md
2026-09-04T16:04:07.855Z - [36mverbose[39m: Rendering page: D:\Workspace\CS2113\AY2627-S1\ay2627s1-website\book\cppToJava\exceptions\what\index.md
2026-09-04T16:04:07.922Z - [36mverbose[39m: Rendering page: D:\Workspace\CS2113\AY2627-S1\ay2627s1-website\book\cppToJava\exceptions\index.md
2026-09-04T16:04:08.000Z - [36mverbose[39m: Rendering page: D:\Workspace\CS2113\AY2627-S1\ay2627s1-website\book\cppToJava\exceptions\how\index.md
2026-09-04T16:04:08.011Z - [36mverbose[39m: Rendering page: D:\Workspace\CS2113\AY2627-S1\ay2627s1-website\book\cppToJava\dataTypes\variables\index.md
2026-09-04T16:04:08.043Z - [36mverbose[39m: Rendering page: D:\Workspace\CS2113\AY2627-S1\ay2627s1-website\book\cppToJava\dataTypes\primitiveTypes\index.md
2026-09-04T16:04:08.204Z - [36mverbose[39m: Rendering page: D:\Workspace\CS2113\AY2627-S1\ay2627s1-website\book\cppToJava\dataTypes\operators\index.md
2026-09-04T16:04:08.334Z - [36mverbose[39m: Rendering page: D:\Workspace\CS2113\AY2627-S1\ay2627s1-website\book\cppToJava\dataTypes\index.md
2026-09-04T16:04:08.349Z - [36mverbose[39m: Rendering page: D:\Workspace\CS2113\AY2627-S1\ay2627s1-website\book\cppToJava\dataTypes\arrays\index.md
2026-09-04T16:04:08.358Z - [36mverbose[39m: Rendering page: D:\Workspace\CS2113\AY2627-S1\ay2627s1-website\book\cppToJava\controlFlow\methods\index.md
2026-09-04T16:04:08.568Z - [36mverbose[39m: Rendering page: D:\Workspace\CS2113\AY2627-S1\ay2627s1-website\book\cppToJava\controlFlow\loops\index.md
2026-09-04T16:04:08.627Z - [36mverbose[39m: Rendering page: D:\Workspace\CS2113\AY2627-S1\ay2627s1-website\book\cppToJava\controlFlow\branching\index.md
2026-09-04T16:04:08.638Z - [36mverbose[39m: Rendering page: D:\Workspace\CS2113\AY2627-S1\ay2627s1-website\book\cppToJava\collections\what\index.md
2026-09-04T16:04:08.643Z - [36mverbose[39m: Rendering page: D:\Workspace\CS2113\AY2627-S1\ay2627s1-website\book\cppToJava\controlFlow\index.md
2026-09-04T16:04:08.782Z - [36mverbose[39m: Rendering page: D:\Workspace\CS2113\AY2627-S1\ay2627s1-website\book\cppToJava\collections\index.md
2026-09-04T16:04:09.003Z - [36mverbose[39m: Rendering page: D:\Workspace\CS2113\AY2627-S1\ay2627s1-website\book\cppToJava\collections\hashMapClass\index.md
2026-09-04T16:04:09.015Z - [36mverbose[39m: Rendering page: D:\Workspace\CS2113\AY2627-S1\ay2627s1-website\book\cppToJava\collections\arrayListClass\index.md
2026-09-04T16:04:09.173Z - [36mverbose[39m: Rendering page: D:\Workspace\CS2113\AY2627-S1\ay2627s1-website\book\cppToJava\classes\index.md
2026-09-04T16:04:10.001Z - [36mverbose[39m: Rendering page: D:\Workspace\CS2113\AY2627-S1\ay2627s1-website\book\cppToJava\classes\gettersAndSetters\index.md
2026-09-04T16:04:10.430Z - [36mverbose[39m: Rendering page: D:\Workspace\CS2113\AY2627-S1\ay2627s1-website\book\cppToJava\classes\definingClasses\index.md
2026-09-04T16:04:10.506Z - [36mverbose[39m: Rendering page: D:\Workspace\CS2113\AY2627-S1\ay2627s1-website\book\cppToJava\about\index.md
2026-09-04T16:04:10.561Z - [36mverbose[39m: Rendering page: D:\Workspace\CS2113\AY2627-S1\ay2627s1-website\book\cppToJava\classes\classLevelMembers\index.md
2026-09-04T16:04:11.289Z - [36mverbose[39m: Rendering page: D:\Workspace\CS2113\AY2627-S1\ay2627s1-website\book\codeQuality\nameWell\introduction\index.md
2026-09-04T16:04:11.409Z - [36mverbose[39m: Rendering page: D:\Workspace\CS2113\AY2627-S1\ay2627s1-website\book\codeQuality\nameWell\intermediate\index.md
2026-09-04T16:04:11.787Z - [36mverbose[39m: Rendering page: D:\Workspace\CS2113\AY2627-S1\ay2627s1-website\book\codeQuality\nameWell\intermediate\notTooLongNorShort\index.md
2026-09-04T16:04:11.863Z - [36mverbose[39m: Rendering page: D:\Workspace\CS2113\AY2627-S1\ay2627s1-website\book\codeQuality\nameWell\intermediate\useNameExplain\index.md
2026-09-04T16:04:12.183Z - [36mverbose[39m: Rendering page: D:\Workspace\CS2113\AY2627-S1\ay2627s1-website\book\codeQuality\nameWell\intermediate\avoidMisleadingNames\index.md
2026-09-04T16:04:12.260Z - [36mverbose[39m: Rendering page: D:\Workspace\CS2113\AY2627-S1\ay2627s1-website\book\codeQuality\nameWell\index.md
2026-09-04T16:04:12.273Z - [36mverbose[39m: Rendering page: D:\Workspace\CS2113\AY2627-S1\ay2627s1-website\book\codeQuality\nameWell\basic\nounsAndVerbsAsNames\index.md
2026-09-04T16:04:12.281Z - [36mverbose[39m: Rendering page: D:\Workspace\CS2113\AY2627-S1\ay2627s1-website\book\codeQuality\nameWell\basic\useStandardWords\index.md
2026-09-04T16:04:12.305Z - [36mverbose[39m: Rendering page: D:\Workspace\CS2113\AY2627-S1\ay2627s1-website\book\codeQuality\nameWell\basic\index.md
2026-09-04T16:04:12.444Z - [36mverbose[39m: Rendering page: D:\Workspace\CS2113\AY2627-S1\ay2627s1-website\book\codeQuality\maximizeReadability\introduction\index.md
2026-09-04T16:04:12.473Z - [36mverbose[39m: Rendering page: D:\Workspace\CS2113\AY2627-S1\ay2627s1-website\book\codeQuality\maximizeReadability\intermediate\structureCodeLogically\index.md
2026-09-04T16:04:12.480Z - [36mverbose[39m: Rendering page: D:\Workspace\CS2113\AY2627-S1\ay2627s1-website\book\codeQuality\maximizeReadability\intermediate\slapHard\index.md
2026-09-04T16:04:12.650Z - [36mverbose[39m: Rendering page: D:\Workspace\CS2113\AY2627-S1\ay2627s1-website\book\codeQuality\maximizeReadability\intermediate\practiceKISSing\index.md
2026-09-04T16:04:12.899Z - [36mverbose[39m: Rendering page: D:\Workspace\CS2113\AY2627-S1\ay2627s1-website\book\codeQuality\maximizeReadability\intermediate\index.md
2026-09-04T16:04:12.912Z - [36mverbose[39m: Rendering page: D:\Workspace\CS2113\AY2627-S1\ay2627s1-website\book\codeQuality\maximizeReadability\intermediate\dontTripReader\index.md
2026-09-04T16:04:12.919Z - [36mverbose[39m: Rendering page: D:\Workspace\CS2113\AY2627-S1\ay2627s1-website\book\codeQuality\maximizeReadability\intermediate\avoidPrematureOptimizations\index.md
2026-09-04T16:04:13.076Z - [36mverbose[39m: Rendering page: D:\Workspace\CS2113\AY2627-S1\ay2627s1-website\book\codeQuality\maximizeReadability\index.md
2026-09-04T16:04:13.120Z - [36mverbose[39m: Rendering page: D:\Workspace\CS2113\AY2627-S1\ay2627s1-website\book\codeQuality\maximizeReadability\basic\makeCodeObvious\index.md
2026-09-04T16:04:13.128Z - [36mverbose[39m: Rendering page: D:\Workspace\CS2113\AY2627-S1\ay2627s1-website\book\codeQuality\maximizeReadability\basic\index.md
2026-09-04T16:04:13.140Z - [36mverbose[39m: Rendering page: D:\Workspace\CS2113\AY2627-S1\ay2627s1-website\book\codeQuality\maximizeReadability\basic\avoidMagicNumbers\index.md
2026-09-04T16:04:13.244Z - [36mverbose[39m: Rendering page: D:\Workspace\CS2113\AY2627-S1\ay2627s1-website\book\codeQuality\maximizeReadability\basic\avoidLongMethods\index.md
2026-09-04T16:04:13.335Z - [36mverbose[39m: Rendering page: D:\Workspace\CS2113\AY2627-S1\ay2627s1-website\book\codeQuality\maximizeReadability\basic\avoidDeepNesting\index.md
2026-09-04T16:04:13.344Z - [36mverbose[39m: Rendering page: D:\Workspace\CS2113\AY2627-S1\ay2627s1-website\book\codeQuality\maximizeReadability\basic\avoidComplicatedExpressions\index.md
2026-09-04T16:04:13.352Z - [36mverbose[39m: Rendering page: D:\Workspace\CS2113\AY2627-S1\ay2627s1-website\book\codeQuality\maximizeReadability\advanced\makeHappyPathProminent\index.md
2026-09-04T16:04:13.391Z - [36mverbose[39m: Rendering page: D:\Workspace\CS2113\AY2627-S1\ay2627s1-website\book\codeQuality\maximizeReadability\advanced\index.md
2026-09-04T16:04:13.873Z - [36mverbose[39m: Rendering page: D:\Workspace\CS2113\AY2627-S1\ay2627s1-website\book\codeQuality\introduction\index.md
2026-09-04T16:04:13.900Z - [36mverbose[39m: Rendering page: D:\Workspace\CS2113\AY2627-S1\ay2627s1-website\book\codeQuality\introduction\basic\index.md
2026-09-04T16:04:13.905Z - [36mverbose[39m: Rendering page: D:\Workspace\CS2113\AY2627-S1\ay2627s1-website\book\codeQuality\index.md
2026-09-04T16:04:14.044Z - [36mverbose[39m: Rendering page: D:\Workspace\CS2113\AY2627-S1\ay2627s1-website\book\codeQuality\followStandard\introduction\index.md
2026-09-04T16:04:14.092Z - [36mverbose[39m: Rendering page: D:\Workspace\CS2113\AY2627-S1\ay2627s1-website\book\codeQuality\followStandard\intermediate\index.md
2026-09-04T16:04:14.118Z - [36mverbose[39m: Rendering page: D:\Workspace\CS2113\AY2627-S1\ay2627s1-website\book\codeQuality\followStandard\index.md
2026-09-04T16:04:14.127Z - [36mverbose[39m: Rendering page: D:\Workspace\CS2113\AY2627-S1\ay2627s1-website\book\codeQuality\followStandard\basic\index.md
2026-09-04T16:04:14.201Z - [36mverbose[39m: Rendering page: D:\Workspace\CS2113\AY2627-S1\ay2627s1-website\book\codeQuality\commentMinimally\introduction\index.md
2026-09-04T16:04:14.315Z - [36mverbose[39m: Rendering page: D:\Workspace\CS2113\AY2627-S1\ay2627s1-website\book\codeQuality\commentMinimally\intermediate\index.md
2026-09-04T16:04:14.322Z - [36mverbose[39m: Rendering page: D:\Workspace\CS2113\AY2627-S1\ay2627s1-website\book\codeQuality\commentMinimally\intermediate\explainWhatWhyNotHow\index.md
2026-09-04T16:04:14.329Z - [36mverbose[39m: Rendering page: D:\Workspace\CS2113\AY2627-S1\ay2627s1-website\book\codeQuality\commentMinimally\index.md
2026-09-04T16:04:14.409Z - [36mverbose[39m: Rendering page: D:\Workspace\CS2113\AY2627-S1\ay2627s1-website\book\codeQuality\commentMinimally\basic\writeToReader\index.md
2026-09-04T16:04:14.456Z - [36mverbose[39m: Rendering page: D:\Workspace\CS2113\AY2627-S1\ay2627s1-website\book\codeQuality\commentMinimally\basic\dontRepeatObvious\index.md
2026-09-04T16:04:14.463Z - [36mverbose[39m: Rendering page: D:\Workspace\CS2113\AY2627-S1\ay2627s1-website\book\codeQuality\commentMinimally\basic\index.md
2026-09-04T16:04:14.490Z - [36mverbose[39m: Rendering page: D:\Workspace\CS2113\AY2627-S1\ay2627s1-website\book\codeQuality\avoidShortcuts\introduction\index.md
2026-09-04T16:04:14.639Z - [36mverbose[39m: Rendering page: D:\Workspace\CS2113\AY2627-S1\ay2627s1-website\book\codeQuality\avoidShortcuts\intermediate\minimiseVariableScope\index.md
2026-09-04T16:04:14.670Z - [36mverbose[39m: Rendering page: D:\Workspace\CS2113\AY2627-S1\ay2627s1-website\book\codeQuality\avoidShortcuts\index.md
2026-09-04T16:04:14.680Z - [36mverbose[39m: Rendering page: D:\Workspace\CS2113\AY2627-S1\ay2627s1-website\book\codeQuality\avoidShortcuts\intermediate\minimiseCodeDuplication\index.md
2026-09-04T16:04:14.708Z - [36mverbose[39m: Rendering page: D:\Workspace\CS2113\AY2627-S1\ay2627s1-website\book\codeQuality\avoidShortcuts\intermediate\index.md
2026-09-04T16:04:14.769Z - [36mverbose[39m: Rendering page: D:\Workspace\CS2113\AY2627-S1\ay2627s1-website\book\codeQuality\avoidShortcuts\basic\useDefaultBranch\index.md
2026-09-04T16:04:14.837Z - [36mverbose[39m: Rendering page: D:\Workspace\CS2113\AY2627-S1\ay2627s1-website\book\codeQuality\avoidShortcuts\basic\deleteDeadCode\index.md
2026-09-04T16:04:14.842Z - [36mverbose[39m: Rendering page: D:\Workspace\CS2113\AY2627-S1\ay2627s1-website\book\codeQuality\avoidShortcuts\basic\dontRecycleVarsOrParams\index.md
2026-09-04T16:04:14.849Z - [36mverbose[39m: Rendering page: D:\Workspace\CS2113\AY2627-S1\ay2627s1-website\book\codeQuality\avoidShortcuts\basic\index.md
2026-09-04T16:04:15.011Z - [36mverbose[39m: Rendering page: D:\Workspace\CS2113\AY2627-S1\ay2627s1-website\book\codeQuality\avoidShortcuts\basic\avoidEmptyCatchBlocks\index.md
2026-09-04T16:04:15.037Z - [36mverbose[39m: Rendering page: D:\Workspace\CS2113\AY2627-S1\ay2627s1-website\book\architecture\introduction\why\index.md
2026-09-04T16:04:15.044Z - [36mverbose[39m: Rendering page: D:\Workspace\CS2113\AY2627-S1\ay2627s1-website\book\architecture\introduction\what\index.md
2026-09-04T16:04:15.083Z - [36mverbose[39m: Rendering page: D:\Workspace\CS2113\AY2627-S1\ay2627s1-website\book\architecture\introduction\index.md
2026-09-04T16:04:16.869Z - [34mdebug[39m: 
2026-09-04T16:04:16.949Z - [34mdebug[39m: 
2026-09-04T16:04:17.070Z - [34mdebug[39m: 
2026-09-04T16:04:17.084Z - [34mdebug[39m: 
2026-09-04T16:04:17.089Z - [34mdebug[39m: 
2026-09-04T16:04:17.156Z - [34mdebug[39m: 
2026-09-04T16:04:17.216Z - [36mverbose[39m: Rendering page: D:\Workspace\CS2113\AY2627-S1\ay2627s1-website\book\architecture\introduction\components\index.md
2026-09-04T16:04:17.224Z - [36mverbose[39m: Rendering page: D:\Workspace\CS2113\AY2627-S1\ay2627s1-website\book\architecture\architectureDiagrams\views\index.md
2026-09-04T16:04:17.230Z - [36mverbose[39m: Rendering page: D:\Workspace\CS2113\AY2627-S1\ay2627s1-website\book\architecture\architectureDiagrams\reading\index.md
2026-09-04T16:04:17.237Z - [36mverbose[39m: Rendering page: D:\Workspace\CS2113\AY2627-S1\ay2627s1-website\book\architecture\index.md
2026-09-04T16:04:17.439Z - [36mverbose[39m: Rendering page: D:\Workspace\CS2113\AY2627-S1\ay2627s1-website\book\architecture\architectureDiagrams\drawing\index.md
2026-09-04T16:04:17.446Z - [36mverbose[39m: Rendering page: D:\Workspace\CS2113\AY2627-S1\ay2627s1-website\book\architecture\architectureDiagrams\index.md
2026-09-04T16:04:17.454Z - [36mverbose[39m: Rendering page: D:\Workspace\CS2113\AY2627-S1\ay2627s1-website\book\architecture\architecturalStyles\serviceOriented\what\index.md
2026-09-04T16:04:17.461Z - [36mverbose[39m: Rendering page: D:\Workspace\CS2113\AY2627-S1\ay2627s1-website\book\architecture\architecturalStyles\serviceOriented\index.md
2026-09-04T16:04:17.612Z - [36mverbose[39m: Rendering page: D:\Workspace\CS2113\AY2627-S1\ay2627s1-website\book\architecture\architecturalStyles\more\index.md
2026-09-04T16:04:17.620Z - [36mverbose[39m: Rendering page: D:\Workspace\CS2113\AY2627-S1\ay2627s1-website\book\architecture\architecturalStyles\more\moreStyles\index.md
2026-09-04T16:04:17.626Z - [36mverbose[39m: Rendering page: D:\Workspace\CS2113\AY2627-S1\ay2627s1-website\book\architecture\architecturalStyles\monolith\what\index.md
2026-09-04T16:04:17.632Z - [36mverbose[39m: Rendering page: D:\Workspace\CS2113\AY2627-S1\ay2627s1-website\book\architecture\architecturalStyles\more\usingStyles\index.md
2026-09-04T16:04:17.764Z - [36mverbose[39m: Rendering page: D:\Workspace\CS2113\AY2627-S1\ay2627s1-website\book\architecture\architecturalStyles\layered\index.md
2026-09-04T16:04:17.772Z - [36mverbose[39m: Rendering page: D:\Workspace\CS2113\AY2627-S1\ay2627s1-website\book\architecture\architecturalStyles\monolith\index.md
2026-09-04T16:04:17.778Z - [36mverbose[39m: Rendering page: D:\Workspace\CS2113\AY2627-S1\ay2627s1-website\book\architecture\architecturalStyles\layered\what\index.md
2026-09-04T16:04:17.785Z - [36mverbose[39m: Rendering page: D:\Workspace\CS2113\AY2627-S1\ay2627s1-website\book\architecture\architecturalStyles\introduction\what\index.md
2026-09-04T16:04:18.028Z - [36mverbose[39m: Rendering page: D:\Workspace\CS2113\AY2627-S1\ay2627s1-website\book\architecture\architecturalStyles\eventDriven\index.md
2026-09-04T16:04:18.036Z - [36mverbose[39m: Rendering page: D:\Workspace\CS2113\AY2627-S1\ay2627s1-website\book\architecture\architecturalStyles\eventDriven\what\index.md
2026-09-04T16:04:18.042Z - [36mverbose[39m: Rendering page: D:\Workspace\CS2113\AY2627-S1\ay2627s1-website\book\architecture\architecturalStyles\introduction\index.md
2026-09-04T16:04:18.048Z - [36mverbose[39m: Rendering page: D:\Workspace\CS2113\AY2627-S1\ay2627s1-website\book\architecture\architecturalStyles\index.md
2026-09-04T16:04:18.373Z - [36mverbose[39m: Rendering page: D:\Workspace\CS2113\AY2627-S1\ay2627s1-website\book\architecture\architecturalStyles\clientServer\what\index.md
2026-09-04T16:04:18.383Z - [36mverbose[39m: Rendering page: D:\Workspace\CS2113\AY2627-S1\ay2627s1-website\book\architecture\architecturalStyles\clientServer\index.md
2026-09-04T16:04:18.549Z - [36mverbose[39m: Rendering page: D:\Workspace\CS2113\AY2627-S1\ay2627s1-website\se-book-adapted\git-trail\index.md
2026-09-04T16:04:18.911Z - [36mverbose[39m: Rendering page: D:\Workspace\CS2113\AY2627-S1\ay2627s1-website\book\combined\exercises.md
2026-09-04T16:04:19.272Z - [36mverbose[39m: Rendering page: D:\Workspace\CS2113\AY2627-S1\ay2627s1-website\se-book-adapted\common\exercises.md
2026-09-04T16:04:19.283Z - [36mverbose[39m: Rendering page: D:\Workspace\CS2113\AY2627-S1\ay2627s1-website\se-book-adapted\common\definitions.md
2026-09-04T16:04:19.291Z - [36mverbose[39m: Rendering page: D:\Workspace\CS2113\AY2627-S1\ay2627s1-website\se-book-adapted\chapters-printable\uml-printable.md
2026-09-04T16:04:19.475Z - [36mverbose[39m: Rendering page: D:\Workspace\CS2113\AY2627-S1\ay2627s1-website\se-book-adapted\chapters-printable\testing-printable.md
2026-09-04T16:04:19.652Z - [36mverbose[39m: Rendering page: D:\Workspace\CS2113\AY2627-S1\ay2627s1-website\se-book-adapted\chapters-printable\teamwork-printable.md
2026-09-04T16:04:19.659Z - [36mverbose[39m: Rendering page: D:\Workspace\CS2113\AY2627-S1\ay2627s1-website\se-book-adapted\chapters-printable\testCaseDesign-printable.md
2026-09-04T16:04:19.674Z - [36mverbose[39m: Rendering page: D:\Workspace\CS2113\AY2627-S1\ay2627s1-website\se-book-adapted\chapters-printable\specifyingRequirements-printable.md
2026-09-04T16:04:19.738Z - [36mverbose[39m: Rendering page: D:\Workspace\CS2113\AY2627-S1\ay2627s1-website\se-book-adapted\chapters-printable\softwareEngineering-printable.md
2026-09-04T16:04:19.887Z - [36mverbose[39m: Rendering page: D:\Workspace\CS2113\AY2627-S1\ay2627s1-website\se-book-adapted\chapters-printable\reuse-printable.md
2026-09-04T16:04:19.940Z - [36mverbose[39m: Rendering page: D:\Workspace\CS2113\AY2627-S1\ay2627s1-website\se-book-adapted\chapters-printable\security-printable.md
2026-09-04T16:04:19.949Z - [36mverbose[39m: Rendering page: D:\Workspace\CS2113\AY2627-S1\ay2627s1-website\se-book-adapted\chapters-printable\requirements-printable.md
2026-09-04T16:04:20.062Z - [36mverbose[39m: Rendering page: D:\Workspace\CS2113\AY2627-S1\ay2627s1-website\se-book-adapted\chapters-printable\refactoring-printable.md
2026-09-04T16:04:20.148Z - [36mverbose[39m: Rendering page: D:\Workspace\CS2113\AY2627-S1\ay2627s1-website\se-book-adapted\chapters-printable\qualityAssurance-printable.md
2026-09-04T16:04:20.159Z - [36mverbose[39m: Rendering page: D:\Workspace\CS2113\AY2627-S1\ay2627s1-website\se-book-adapted\chapters-printable\projectPlanning-printable.md
2026-09-04T16:04:20.166Z - [36mverbose[39m: Rendering page: D:\Workspace\CS2113\AY2627-S1\ay2627s1-website\se-book-adapted\chapters-printable\processModels-printable.md
2026-09-04T16:04:20.511Z - [36mverbose[39m: Rendering page: D:\Workspace\CS2113\AY2627-S1\ay2627s1-website\se-book-adapted\chapters-printable\principles-printable.md
2026-09-04T16:04:20.761Z - [36mverbose[39m: Rendering page: D:\Workspace\CS2113\AY2627-S1\ay2627s1-website\se-book-adapted\chapters-printable\intellij-printable.md
2026-09-04T16:04:20.799Z - [36mverbose[39m: Rendering page: D:\Workspace\CS2113\AY2627-S1\ay2627s1-website\se-book-adapted\chapters-printable\modeling-printable.md
2026-09-04T16:04:20.820Z - [36mverbose[39m: Rendering page: D:\Workspace\CS2113\AY2627-S1\ay2627s1-website\se-book-adapted\chapters-printable\oop-printable.md
2026-09-04T16:04:20.865Z - [36mverbose[39m: Rendering page: D:\Workspace\CS2113\AY2627-S1\ay2627s1-website\se-book-adapted\chapters-printable\integration-printable.md
2026-09-04T16:04:21.086Z - [36mverbose[39m: Rendering page: D:\Workspace\CS2113\AY2627-S1\ay2627s1-website\se-book-adapted\chapters-printable\ides-printable.md
2026-09-04T16:04:21.093Z - [36mverbose[39m: Rendering page: D:\Workspace\CS2113\AY2627-S1\ay2627s1-website\se-book-adapted\chapters-printable\gatheringRequirements-printable.md
2026-09-04T16:04:21.101Z - [36mverbose[39m: Rendering page: D:\Workspace\CS2113\AY2627-S1\ay2627s1-website\se-book-adapted\chapters-printable\errorHandling-printable.md
2026-09-04T16:04:21.217Z - [36mverbose[39m: Rendering page: D:\Workspace\CS2113\AY2627-S1\ay2627s1-website\se-book-adapted\chapters-printable\documentation-printable.md
2026-09-04T16:04:21.275Z - [36mverbose[39m: Rendering page: D:\Workspace\CS2113\AY2627-S1\ay2627s1-website\se-book-adapted\chapters-printable\designApproaches-printable.md
2026-09-04T16:04:21.305Z - [36mverbose[39m: Rendering page: D:\Workspace\CS2113\AY2627-S1\ay2627s1-website\se-book-adapted\chapters-printable\designFundamentals-printable.md
2026-09-04T16:04:21.314Z - [36mverbose[39m: Rendering page: D:\Workspace\CS2113\AY2627-S1\ay2627s1-website\se-book-adapted\chapters-printable\designPatterns-printable.md
2026-09-04T16:04:22.121Z - [36mverbose[39m: Rendering page: D:\Workspace\CS2113\AY2627-S1\ay2627s1-website\se-book-adapted\chapters-printable\design-printable.md
2026-09-04T16:04:22.417Z - [36mverbose[39m: Rendering page: D:\Workspace\CS2113\AY2627-S1\ay2627s1-website\se-book-adapted\chapters-printable\debugging-printable.md
2026-09-04T16:04:22.423Z - [36mverbose[39m: Rendering page: D:\Workspace\CS2113\AY2627-S1\ay2627s1-website\se-book-adapted\chapters-printable\codeQuality-printable.md
2026-09-04T16:04:22.450Z - [36mverbose[39m: Rendering page: D:\Workspace\CS2113\AY2627-S1\ay2627s1-website\se-book-adapted\chapters-printable\cppToJava-printable.md
2026-09-04T16:04:22.553Z - [36mverbose[39m: Rendering page: D:\Workspace\CS2113\AY2627-S1\ay2627s1-website\se-book-adapted\chapters-printable\architecture-printable.md
2026-09-04T16:04:23.696Z - [36mverbose[39m: Rendering page: D:\Workspace\CS2113\AY2627-S1\ay2627s1-website\se-book-adapted\chapters\testCaseDesign.md
2026-09-04T16:04:23.720Z - [36mverbose[39m: Rendering page: D:\Workspace\CS2113\AY2627-S1\ay2627s1-website\se-book-adapted\chapters\uml.md
2026-09-04T16:04:23.776Z - [36mverbose[39m: Rendering page: D:\Workspace\CS2113\AY2627-S1\ay2627s1-website\se-book-adapted\chapters\testing.md
2026-09-04T16:04:23.841Z - [36mverbose[39m: Rendering page: D:\Workspace\CS2113\AY2627-S1\ay2627s1-website\se-book-adapted\chapters\test.md
2026-09-04T16:04:25.759Z - [36mverbose[39m: Rendering page: D:\Workspace\CS2113\AY2627-S1\ay2627s1-website\se-book-adapted\chapters\teamwork.md
2026-09-04T16:04:25.773Z - [36mverbose[39m: Rendering page: D:\Workspace\CS2113\AY2627-S1\ay2627s1-website\se-book-adapted\chapters\softwareEngineering.md
2026-09-04T16:04:25.785Z - [36mverbose[39m: Rendering page: D:\Workspace\CS2113\AY2627-S1\ay2627s1-website\se-book-adapted\chapters\security.md
2026-09-04T16:04:25.803Z - [36mverbose[39m: Rendering page: D:\Workspace\CS2113\AY2627-S1\ay2627s1-website\se-book-adapted\chapters\specifyingRequirements.md
2026-09-04T16:04:26.281Z - [36mverbose[39m: Rendering page: D:\Workspace\CS2113\AY2627-S1\ay2627s1-website\se-book-adapted\chapters\qualityAssurance.md
2026-09-04T16:04:26.294Z - [36mverbose[39m: Rendering page: D:\Workspace\CS2113\AY2627-S1\ay2627s1-website\se-book-adapted\chapters\requirements.md
2026-09-04T16:04:26.307Z - [36mverbose[39m: Rendering page: D:\Workspace\CS2113\AY2627-S1\ay2627s1-website\se-book-adapted\chapters\refactoring.md
2026-09-04T16:04:26.322Z - [36mverbose[39m: Rendering page: D:\Workspace\CS2113\AY2627-S1\ay2627s1-website\se-book-adapted\chapters\reuse.md
2026-09-04T16:04:27.094Z - [36mverbose[39m: Rendering page: D:\Workspace\CS2113\AY2627-S1\ay2627s1-website\se-book-adapted\chapters\processModels.md
2026-09-04T16:04:27.108Z - [36mverbose[39m: Rendering page: D:\Workspace\CS2113\AY2627-S1\ay2627s1-website\se-book-adapted\chapters\projectPlanning.md
2026-09-04T16:04:27.122Z - [36mverbose[39m: Rendering page: D:\Workspace\CS2113\AY2627-S1\ay2627s1-website\se-book-adapted\chapters\principles.md
2026-09-04T16:04:27.137Z - [36mverbose[39m: Rendering page: D:\Workspace\CS2113\AY2627-S1\ay2627s1-website\se-book-adapted\chapters\oop.md
2026-09-04T16:04:27.782Z - [36mverbose[39m: Rendering page: D:\Workspace\CS2113\AY2627-S1\ay2627s1-website\se-book-adapted\chapters\intellij.md
2026-09-04T16:04:27.790Z - [36mverbose[39m: Rendering page: D:\Workspace\CS2113\AY2627-S1\ay2627s1-website\se-book-adapted\chapters\ides.md
2026-09-04T16:04:27.798Z - [36mverbose[39m: Rendering page: D:\Workspace\CS2113\AY2627-S1\ay2627s1-website\se-book-adapted\chapters\integration.md
2026-09-04T16:04:27.805Z - [36mverbose[39m: Rendering page: D:\Workspace\CS2113\AY2627-S1\ay2627s1-website\se-book-adapted\chapters\modeling.md
2026-09-04T16:04:28.214Z - [36mverbose[39m: Rendering page: D:\Workspace\CS2113\AY2627-S1\ay2627s1-website\se-book-adapted\chapters\documentation.md
2026-09-04T16:04:28.224Z - [36mverbose[39m: Rendering page: D:\Workspace\CS2113\AY2627-S1\ay2627s1-website\se-book-adapted\chapters\designPatterns.md
2026-09-04T16:04:28.237Z - [36mverbose[39m: Rendering page: D:\Workspace\CS2113\AY2627-S1\ay2627s1-website\se-book-adapted\chapters\gatheringRequirements.md
2026-09-04T16:04:28.247Z - [36mverbose[39m: Rendering page: D:\Workspace\CS2113\AY2627-S1\ay2627s1-website\se-book-adapted\chapters\errorHandling.md
2026-09-04T16:04:28.558Z - [36mverbose[39m: Rendering page: D:\Workspace\CS2113\AY2627-S1\ay2627s1-website\se-book-adapted\chapters\designFundamentals.md
2026-09-04T16:04:28.595Z - [36mverbose[39m: Rendering page: D:\Workspace\CS2113\AY2627-S1\ay2627s1-website\se-book-adapted\chapters\design.md
2026-09-04T16:04:28.602Z - [36mverbose[39m: Rendering page: D:\Workspace\CS2113\AY2627-S1\ay2627s1-website\se-book-adapted\chapters\debugging.md
2026-09-04T16:04:28.620Z - [36mverbose[39m: Rendering page: D:\Workspace\CS2113\AY2627-S1\ay2627s1-website\se-book-adapted\chapters\designApproaches.md
2026-09-04T16:04:31.075Z - [36mverbose[39m: Rendering page: D:\Workspace\CS2113\AY2627-S1\ay2627s1-website\se-book-adapted\index.md
2026-09-04T16:04:31.084Z - [36mverbose[39m: Rendering page: D:\Workspace\CS2113\AY2627-S1\ay2627s1-website\se-book-adapted\chapters\architecture.md
2026-09-04T16:04:31.110Z - [36mverbose[39m: Rendering page: D:\Workspace\CS2113\AY2627-S1\ay2627s1-website\se-book-adapted\chapters\codeQuality.md
2026-09-04T16:04:31.148Z - [36mverbose[39m: Rendering page: D:\Workspace\CS2113\AY2627-S1\ay2627s1-website\se-book-adapted\chapters\cppToJava.md
2026-09-04T16:04:31.580Z - [36mverbose[39m: Rendering page: D:\Workspace\CS2113\AY2627-S1\ay2627s1-website\book\about\acknowledgements.md
2026-09-04T16:04:31.596Z - [36mverbose[39m: Rendering page: D:\Workspace\CS2113\AY2627-S1\ay2627s1-website\schedule\week8\tutorial.md
2026-09-04T16:04:31.603Z - [36mverbose[39m: Rendering page: D:\Workspace\CS2113\AY2627-S1\ay2627s1-website\schedule\week7\tutorial.md
2026-09-04T16:04:31.611Z - [36mverbose[39m: Rendering page: D:\Workspace\CS2113\AY2627-S1\ay2627s1-website\schedule\week9\tutorial.md
2026-09-04T16:04:31.670Z - [36mverbose[39m: Rendering page: D:\Workspace\CS2113\AY2627-S1\ay2627s1-website\schedule\week6\tutorial.md
2026-09-04T16:04:32.519Z - [36mverbose[39m: Rendering page: D:\Workspace\CS2113\AY2627-S1\ay2627s1-website\schedule\week5\tutorial.md
2026-09-04T16:04:32.526Z - [36mverbose[39m: Rendering page: D:\Workspace\CS2113\AY2627-S1\ay2627s1-website\schedule\week3\tutorial.md
2026-09-04T16:04:32.537Z - [36mverbose[39m: Rendering page: D:\Workspace\CS2113\AY2627-S1\ay2627s1-website\schedule\week4\tutorial.md
2026-09-04T16:04:32.667Z - [36mverbose[39m: Rendering page: D:\Workspace\CS2113\AY2627-S1\ay2627s1-website\schedule\week2\tutorial.md
2026-09-04T16:04:32.927Z - [36mverbose[39m: Rendering page: D:\Workspace\CS2113\AY2627-S1\ay2627s1-website\schedule\week11\tutorial.md
2026-09-04T16:04:32.938Z - [36mverbose[39m: Rendering page: D:\Workspace\CS2113\AY2627-S1\ay2627s1-website\schedule\week13\tutorial.md
2026-09-04T16:04:32.944Z - [36mverbose[39m: Rendering page: D:\Workspace\CS2113\AY2627-S1\ay2627s1-website\schedule\week12\tutorial.md
2026-09-04T16:04:32.987Z - [36mverbose[39m: Rendering page: D:\Workspace\CS2113\AY2627-S1\ay2627s1-website\schedule\week10\tutorial.md
2026-09-04T16:04:34.438Z - [36mverbose[39m: Rendering page: D:\Workspace\CS2113\AY2627-S1\ay2627s1-website\schedule\week1\tutorial.md
2026-09-04T16:04:34.445Z - [36mverbose[39m: Rendering page: D:\Workspace\CS2113\AY2627-S1\ay2627s1-website\schedule\week9\topics.md
2026-09-04T16:04:34.480Z - [36mverbose[39m: Rendering page: D:\Workspace\CS2113\AY2627-S1\ay2627s1-website\schedule\week8\topics.md
2026-09-04T16:04:35.531Z - [36mverbose[39m: Rendering page: D:\Workspace\CS2113\AY2627-S1\ay2627s1-website\schedule\week7\topics.md
2026-09-04T16:04:37.128Z - [36mverbose[39m: Rendering page: D:\Workspace\CS2113\AY2627-S1\ay2627s1-website\schedule\week5\topics.md
2026-09-04T16:04:38.009Z - [36mverbose[39m: Rendering page: D:\Workspace\CS2113\AY2627-S1\ay2627s1-website\schedule\week6\topics.md
2026-09-04T16:04:38.077Z - [36mverbose[39m: Rendering page: D:\Workspace\CS2113\AY2627-S1\ay2627s1-website\schedule\week4\topics.md
2026-09-04T16:04:38.198Z - [36mverbose[39m: Rendering page: D:\Workspace\CS2113\AY2627-S1\ay2627s1-website\schedule\week3\topics.md
2026-09-04T16:04:40.402Z - [36mverbose[39m: Rendering page: D:\Workspace\CS2113\AY2627-S1\ay2627s1-website\schedule\week13\topics.md
2026-09-04T16:04:40.414Z - [36mverbose[39m: Rendering page: D:\Workspace\CS2113\AY2627-S1\ay2627s1-website\schedule\week2\topics.md
2026-09-04T16:04:40.475Z - [36mverbose[39m: Rendering page: D:\Workspace\CS2113\AY2627-S1\ay2627s1-website\schedule\week12\topics.md
2026-09-04T16:04:41.688Z - [36mverbose[39m: Rendering page: D:\Workspace\CS2113\AY2627-S1\ay2627s1-website\schedule\week11\topics.md
2026-09-04T16:04:42.467Z - [36mverbose[39m: Rendering page: D:\Workspace\CS2113\AY2627-S1\ay2627s1-website\schedule\week1\topics.md
2026-09-04T16:04:42.474Z - [36mverbose[39m: Rendering page: D:\Workspace\CS2113\AY2627-S1\ay2627s1-website\schedule\week9\project.md
2026-09-04T16:04:42.483Z - [36mverbose[39m: Rendering page: D:\Workspace\CS2113\AY2627-S1\ay2627s1-website\schedule\week10\topics.md
2026-09-04T16:04:44.807Z - [36mverbose[39m: Rendering page: D:\Workspace\CS2113\AY2627-S1\ay2627s1-website\schedule\week8\project.md
2026-09-04T16:04:46.496Z - [36mverbose[39m: Rendering page: D:\Workspace\CS2113\AY2627-S1\ay2627s1-website\schedule\week6\project.md
2026-09-04T16:04:46.511Z - [36mverbose[39m: Rendering page: D:\Workspace\CS2113\AY2627-S1\ay2627s1-website\schedule\week7\project.md
2026-09-04T16:04:46.527Z - [36mverbose[39m: Rendering page: D:\Workspace\CS2113\AY2627-S1\ay2627s1-website\schedule\week5\project.md
2026-09-04T16:04:47.706Z - [36mverbose[39m: Rendering page: D:\Workspace\CS2113\AY2627-S1\ay2627s1-website\schedule\week4\project.md
2026-09-04T16:04:47.748Z - [36mverbose[39m: Rendering page: D:\Workspace\CS2113\AY2627-S1\ay2627s1-website\schedule\week13\project.md
2026-09-04T16:04:47.755Z - [36mverbose[39m: Rendering page: D:\Workspace\CS2113\AY2627-S1\ay2627s1-website\schedule\week3\project.md
2026-09-04T16:04:47.767Z - [36mverbose[39m: Rendering page: D:\Workspace\CS2113\AY2627-S1\ay2627s1-website\schedule\week2\project.md
2026-09-04T16:04:50.840Z - [34mdebug[39m: 
2026-09-04T16:04:50.840Z - [34mdebug[39m: 
2026-09-04T16:04:50.863Z - [36mverbose[39m: Rendering page: D:\Workspace\CS2113\AY2627-S1\ay2627s1-website\schedule\week10\project.md
2026-09-04T16:04:50.874Z - [36mverbose[39m: Rendering page: D:\Workspace\CS2113\AY2627-S1\ay2627s1-website\schedule\week1\project.md
2026-09-04T16:04:50.880Z - [36mverbose[39m: Rendering page: D:\Workspace\CS2113\AY2627-S1\ay2627s1-website\schedule\week11\project.md
2026-09-04T16:04:51.094Z - [36mverbose[39m: Rendering page: D:\Workspace\CS2113\AY2627-S1\ay2627s1-website\schedule\week12\project.md
2026-09-04T16:04:51.571Z - [36mverbose[39m: Rendering page: D:\Workspace\CS2113\AY2627-S1\ay2627s1-website\schedule\week7\index.md
2026-09-04T16:04:51.580Z - [36mverbose[39m: Rendering page: D:\Workspace\CS2113\AY2627-S1\ay2627s1-website\schedule\week9\index.md
2026-09-04T16:04:51.589Z - [36mverbose[39m: Rendering page: D:\Workspace\CS2113\AY2627-S1\ay2627s1-website\schedule\week8\index.md
2026-09-04T16:04:52.547Z - [36mverbose[39m: Rendering page: D:\Workspace\CS2113\AY2627-S1\ay2627s1-website\schedule\week6\index.md
2026-09-04T16:04:52.729Z - [36mverbose[39m: Rendering page: D:\Workspace\CS2113\AY2627-S1\ay2627s1-website\schedule\week3\index.md
2026-09-04T16:04:52.737Z - [36mverbose[39m: Rendering page: D:\Workspace\CS2113\AY2627-S1\ay2627s1-website\schedule\week4\index.md
2026-09-04T16:04:52.747Z - [36mverbose[39m: Rendering page: D:\Workspace\CS2113\AY2627-S1\ay2627s1-website\schedule\week5\index.md
2026-09-04T16:04:52.766Z - [36mverbose[39m: Rendering page: D:\Workspace\CS2113\AY2627-S1\ay2627s1-website\schedule\week2\index.md
2026-09-04T16:04:53.352Z - [36mverbose[39m: Rendering page: D:\Workspace\CS2113\AY2627-S1\ay2627s1-website\schedule\week13\index.md
2026-09-04T16:04:53.359Z - [36mverbose[39m: Rendering page: D:\Workspace\CS2113\AY2627-S1\ay2627s1-website\schedule\week11\index.md
2026-09-04T16:04:53.366Z - [36mverbose[39m: Rendering page: D:\Workspace\CS2113\AY2627-S1\ay2627s1-website\schedule\week12\index.md
2026-09-04T16:04:53.386Z - [36mverbose[39m: Rendering page: D:\Workspace\CS2113\AY2627-S1\ay2627s1-website\schedule\week10\index.md
2026-09-04T16:04:53.617Z - [36mverbose[39m: Rendering page: D:\Workspace\CS2113\AY2627-S1\ay2627s1-website\schedule\week1\index.md
2026-09-04T16:04:53.666Z - [36mverbose[39m: Rendering page: D:\Workspace\CS2113\AY2627-S1\ay2627s1-website\schedule\week8\admin.md
2026-09-04T16:04:53.672Z - [36mverbose[39m: Rendering page: D:\Workspace\CS2113\AY2627-S1\ay2627s1-website\schedule\week9\admin.md
2026-09-04T16:04:54.065Z - [36mverbose[39m: Rendering page: D:\Workspace\CS2113\AY2627-S1\ay2627s1-website\schedule\week7\admin.md
2026-09-04T16:04:55.863Z - [36mverbose[39m: Rendering page: D:\Workspace\CS2113\AY2627-S1\ay2627s1-website\schedule\week4\admin.md
2026-09-04T16:04:55.872Z - [36mverbose[39m: Rendering page: D:\Workspace\CS2113\AY2627-S1\ay2627s1-website\schedule\week6\admin.md
2026-09-04T16:04:55.882Z - [36mverbose[39m: Rendering page: D:\Workspace\CS2113\AY2627-S1\ay2627s1-website\schedule\week5\admin.md
2026-09-04T16:04:56.310Z - [36mverbose[39m: Rendering page: D:\Workspace\CS2113\AY2627-S1\ay2627s1-website\schedule\week3\admin.md
2026-09-04T16:04:56.384Z - [36mverbose[39m: Rendering page: D:\Workspace\CS2113\AY2627-S1\ay2627s1-website\schedule\week13\admin.md
2026-09-04T16:04:56.390Z - [36mverbose[39m: Rendering page: D:\Workspace\CS2113\AY2627-S1\ay2627s1-website\schedule\week12\admin.md
2026-09-04T16:04:56.402Z - [36mverbose[39m: Rendering page: D:\Workspace\CS2113\AY2627-S1\ay2627s1-website\schedule\week2\admin.md
2026-09-04T16:04:56.425Z - [36mverbose[39m: Rendering page: D:\Workspace\CS2113\AY2627-S1\ay2627s1-website\schedule\week11\admin.md
2026-09-04T16:04:59.728Z - [34mdebug[39m: 
2026-09-04T16:04:59.741Z - [36mverbose[39m: Rendering page: D:\Workspace\CS2113\AY2627-S1\ay2627s1-website\schedule\index.md
2026-09-04T16:05:00.040Z - [36mverbose[39m: Rendering page: D:\Workspace\CS2113\AY2627-S1\ay2627s1-website\schedule\week10\admin.md
2026-09-04T16:05:00.046Z - [36mverbose[39m: Rendering page: D:\Workspace\CS2113\AY2627-S1\ay2627s1-website\schedule\week1\admin.md
2026-09-04T16:05:00.068Z - [36mverbose[39m: Rendering page: D:\Workspace\CS2113\AY2627-S1\ay2627s1-website\schedule\timeline.md
2026-09-04T16:05:00.399Z - [36mverbose[39m: Rendering page: D:\Workspace\CS2113\AY2627-S1\ay2627s1-website\projectDuke\text.md
2026-09-04T16:05:00.460Z - [36mverbose[39m: Rendering page: D:\Workspace\CS2113\AY2627-S1\ay2627s1-website\projectDuke\path.md
2026-09-04T16:05:00.466Z - [36mverbose[39m: Rendering page: D:\Workspace\CS2113\AY2627-S1\ay2627s1-website\projectDuke\print.md
2026-09-04T16:05:00.471Z - [36mverbose[39m: Rendering page: D:\Workspace\CS2113\AY2627-S1\ay2627s1-website\projectDuke\index.md
2026-09-04T16:05:00.845Z - [36mverbose[39m: Rendering page: D:\Workspace\CS2113\AY2627-S1\ay2627s1-website\projectDuke\cs3227.md
2026-09-04T16:05:00.909Z - [36mverbose[39m: Rendering page: D:\Workspace\CS2113\AY2627-S1\ay2627s1-website\admin\uml-reference-sheet.md
2026-09-04T16:05:00.915Z - [36mverbose[39m: Rendering page: D:\Workspace\CS2113\AY2627-S1\ay2627s1-website\admin\weeklySchedule.md
2026-09-04T16:05:00.923Z - [36mverbose[39m: Rendering page: D:\Workspace\CS2113\AY2627-S1\ay2627s1-website\admin\usingThisWebsite.md
2026-09-04T16:05:01.321Z - [36mverbose[39m: Rendering page: D:\Workspace\CS2113\AY2627-S1\ay2627s1-website\admin\tutors-info.md
2026-09-04T16:05:03.113Z - [36mverbose[39m: Rendering page: D:\Workspace\CS2113\AY2627-S1\ay2627s1-website\admin\tp-w9.md
2026-09-04T16:05:03.125Z - [36mverbose[39m: Rendering page: D:\Workspace\CS2113\AY2627-S1\ay2627s1-website\admin\tp-w8.md
2026-09-04T16:05:03.136Z - [36mverbose[39m: Rendering page: D:\Workspace\CS2113\AY2627-S1\ay2627s1-website\admin\tutorials.md
2026-09-04T16:05:04.095Z - [36mverbose[39m: Rendering page: D:\Workspace\CS2113\AY2627-S1\ay2627s1-website\admin\tp-w7.md
2026-09-04T16:05:04.987Z - [36mverbose[39m: Rendering page: D:\Workspace\CS2113\AY2627-S1\ay2627s1-website\admin\tp-w6.md
2026-09-04T16:05:05.001Z - [36mverbose[39m: Rendering page: D:\Workspace\CS2113\AY2627-S1\ay2627s1-website\admin\tp-w5.md
2026-09-04T16:05:05.014Z - [36mverbose[39m: Rendering page: D:\Workspace\CS2113\AY2627-S1\ay2627s1-website\admin\tp-w4.md
2026-09-04T16:05:05.048Z - [36mverbose[39m: Rendering page: D:\Workspace\CS2113\AY2627-S1\ay2627s1-website\admin\tp-w3.md
2026-09-04T16:05:06.854Z - [36mverbose[39m: Rendering page: D:\Workspace\CS2113\AY2627-S1\ay2627s1-website\admin\tp-w2.md
2026-09-04T16:05:06.861Z - [36mverbose[39m: Rendering page: D:\Workspace\CS2113\AY2627-S1\ay2627s1-website\admin\tp-w13.md
2026-09-04T16:05:07.638Z - [36mverbose[39m: Rendering page: D:\Workspace\CS2113\AY2627-S1\ay2627s1-website\admin\tp-w12.md
2026-09-04T16:05:09.380Z - [34mdebug[39m: 
2026-09-04T16:05:09.409Z - [34mdebug[39m: 
2026-09-04T16:05:09.439Z - [36mverbose[39m: Rendering page: D:\Workspace\CS2113\AY2627-S1\ay2627s1-website\admin\tp-w11.md
2026-09-04T16:05:09.534Z - [36mverbose[39m: Rendering page: D:\Workspace\CS2113\AY2627-S1\ay2627s1-website\admin\tp-timeline.md
2026-09-04T16:05:09.628Z - [36mverbose[39m: Rendering page: D:\Workspace\CS2113\AY2627-S1\ay2627s1-website\admin\tp-teams.md
2026-09-04T16:05:09.730Z - [36mverbose[39m: Rendering page: D:\Workspace\CS2113\AY2627-S1\ay2627s1-website\admin\tp-w10.md
2026-09-04T16:05:12.085Z - [36mverbose[39m: Rendering page: D:\Workspace\CS2113\AY2627-S1\ay2627s1-website\admin\tp-overview.md
2026-09-04T16:05:12.095Z - [36mverbose[39m: Rendering page: D:\Workspace\CS2113\AY2627-S1\ay2627s1-website\admin\tp-supervision.md
2026-09-04T16:05:12.103Z - [36mverbose[39m: Rendering page: D:\Workspace\CS2113\AY2627-S1\ay2627s1-website\admin\tp-ped.md
2026-09-04T16:05:12.131Z - [36mverbose[39m: Rendering page: D:\Workspace\CS2113\AY2627-S1\ay2627s1-website\admin\tp-pe.md
2026-09-04T16:05:12.838Z - [36mverbose[39m: Rendering page: D:\Workspace\CS2113\AY2627-S1\ay2627s1-website\admin\tp-expectations.md
2026-09-04T16:05:12.848Z - [36mverbose[39m: Rendering page: D:\Workspace\CS2113\AY2627-S1\ay2627s1-website\admin\tp-deliverables.md
2026-09-04T16:05:12.861Z - [36mverbose[39m: Rendering page: D:\Workspace\CS2113\AY2627-S1\ay2627s1-website\admin\tp-grading.md
2026-09-04T16:05:12.875Z - [36mverbose[39m: Rendering page: D:\Workspace\CS2113\AY2627-S1\ay2627s1-website\admin\tp-constraints.md
2026-09-04T16:05:13.051Z - [36mverbose[39m: Rendering page: D:\Workspace\CS2113\AY2627-S1\ay2627s1-website\admin\teamList.md
2026-09-04T16:05:13.057Z - [36mverbose[39m: Rendering page: D:\Workspace\CS2113\AY2627-S1\ay2627s1-website\admin\tp-common-fragments.md
2026-09-04T16:05:13.064Z - [36mverbose[39m: Rendering page: D:\Workspace\CS2113\AY2627-S1\ay2627s1-website\admin\textbooks.md
2026-09-04T16:05:13.071Z - [36mverbose[39m: Rendering page: D:\Workspace\CS2113\AY2627-S1\ay2627s1-website\admin\tools.md
2026-09-04T16:05:13.221Z - [36mverbose[39m: Rendering page: D:\Workspace\CS2113\AY2627-S1\ay2627s1-website\admin\syllabus.md
2026-09-04T16:05:13.228Z - [36mverbose[39m: Rendering page: D:\Workspace\CS2113\AY2627-S1\ay2627s1-website\admin\reposenseAuthorAnnotation.md
2026-09-04T16:05:13.236Z - [36mverbose[39m: Rendering page: D:\Workspace\CS2113\AY2627-S1\ay2627s1-website\admin\standardsAndConventions.md
2026-09-04T16:05:13.244Z - [36mverbose[39m: Rendering page: D:\Workspace\CS2113\AY2627-S1\ay2627s1-website\admin\programmingLanguages.md
2026-09-04T16:05:13.487Z - [36mverbose[39m: Rendering page: D:\Workspace\CS2113\AY2627-S1\ay2627s1-website\admin\mid-semester-survey-results.md
2026-09-04T16:05:13.494Z - [36mverbose[39m: Rendering page: D:\Workspace\CS2113\AY2627-S1\ay2627s1-website\admin\participation.md
2026-09-04T16:05:13.505Z - [36mverbose[39m: Rendering page: D:\Workspace\CS2113\AY2627-S1\ay2627s1-website\admin\overview-for-teachers.md
2026-09-04T16:05:13.513Z - [36mverbose[39m: Rendering page: D:\Workspace\CS2113\AY2627-S1\ay2627s1-website\admin\peerEvaluations.md
2026-09-04T16:05:14.206Z - [36mverbose[39m: Rendering page: D:\Workspace\CS2113\AY2627-S1\ay2627s1-website\admin\lectures.md
2026-09-04T16:05:14.214Z - [36mverbose[39m: Rendering page: D:\Workspace\CS2113\AY2627-S1\ay2627s1-website\admin\ip-w8.md
2026-09-04T16:05:14.223Z - [36mverbose[39m: Rendering page: D:\Workspace\CS2113\AY2627-S1\ay2627s1-website\admin\ip-w6.md
2026-09-04T16:05:14.234Z - [36mverbose[39m: Rendering page: D:\Workspace\CS2113\AY2627-S1\ay2627s1-website\admin\ip-w7.md
2026-09-04T16:05:15.565Z - [36mverbose[39m: Rendering page: D:\Workspace\CS2113\AY2627-S1\ay2627s1-website\admin\ip-w3.md
2026-09-04T16:05:15.577Z - [36mverbose[39m: Rendering page: D:\Workspace\CS2113\AY2627-S1\ay2627s1-website\admin\ip-w2.md
2026-09-04T16:05:15.592Z - [36mverbose[39m: Rendering page: D:\Workspace\CS2113\AY2627-S1\ay2627s1-website\admin\ip-w4.md
2026-09-04T16:05:15.610Z - [36mverbose[39m: Rendering page: D:\Workspace\CS2113\AY2627-S1\ay2627s1-website\admin\ip-w5.md
2026-09-04T16:05:15.738Z - [36mverbose[39m: Rendering page: D:\Workspace\CS2113\AY2627-S1\ay2627s1-website\admin\ip-showcase.md
2026-09-04T16:05:15.744Z - [36mverbose[39m: Rendering page: D:\Workspace\CS2113\AY2627-S1\ay2627s1-website\admin\ip-grading.md
2026-09-04T16:05:15.752Z - [36mverbose[39m: Rendering page: D:\Workspace\CS2113\AY2627-S1\ay2627s1-website\admin\instructors.md
2026-09-04T16:05:15.759Z - [36mverbose[39m: Rendering page: D:\Workspace\CS2113\AY2627-S1\ay2627s1-website\admin\ip-overview.md
2026-09-04T16:05:16.461Z - [36mverbose[39m: Rendering page: D:\Workspace\CS2113\AY2627-S1\ay2627s1-website\admin\exams-f2f.md
2026-09-04T16:05:16.468Z - [36mverbose[39m: Rendering page: D:\Workspace\CS2113\AY2627-S1\ay2627s1-website\admin\index.md
2026-09-04T16:05:16.476Z - [36mverbose[39m: Rendering page: D:\Workspace\CS2113\AY2627-S1\ay2627s1-website\admin\exams.md
2026-09-04T16:05:16.484Z - [36mverbose[39m: Rendering page: D:\Workspace\CS2113\AY2627-S1\ay2627s1-website\admin\gradeBreakdown.md
2026-09-04T16:05:16.646Z - [36mverbose[39m: Rendering page: D:\Workspace\CS2113\AY2627-S1\ay2627s1-website\admin\exam-reference-sheet.md
2026-09-04T16:05:16.652Z - [36mverbose[39m: Rendering page: D:\Workspace\CS2113\AY2627-S1\ay2627s1-website\admin\exam-pen-and-paper.md
2026-09-04T16:05:16.659Z - [36mverbose[39m: Rendering page: D:\Workspace\CS2113\AY2627-S1\ay2627s1-website\admin\courseOverview.md
2026-09-04T16:05:16.667Z - [36mverbose[39m: Rendering page: D:\Workspace\CS2113\AY2627-S1\ay2627s1-website\admin\courseExpectations.md
2026-09-04T16:05:16.793Z - [36mverbose[39m: Rendering page: D:\Workspace\CS2113\AY2627-S1\ay2627s1-website\admin\appendixG-troubleshooting.md
2026-09-04T16:05:16.800Z - [36mverbose[39m: Rendering page: D:\Workspace\CS2113\AY2627-S1\ay2627s1-website\admin\appendixG-CS2103R.md
2026-09-04T16:05:16.806Z - [36mverbose[39m: Rendering page: D:\Workspace\CS2113\AY2627-S1\ay2627s1-website\admin\appendixH-tipsFromStudents.md
2026-09-04T16:05:16.813Z - [36mverbose[39m: Rendering page: D:\Workspace\CS2113\AY2627-S1\ay2627s1-website\admin\courseBriefings.md
2026-09-04T16:05:19.183Z - [36mverbose[39m: Rendering page: D:\Workspace\CS2113\AY2627-S1\ay2627s1-website\admin\appendixF-teamworkIssues.md
2026-09-04T16:05:19.195Z - [36mverbose[39m: Rendering page: D:\Workspace\CS2113\AY2627-S1\ay2627s1-website\admin\appendixD-help.md
2026-09-04T16:05:19.206Z - [36mverbose[39m: Rendering page: D:\Workspace\CS2113\AY2627-S1\ay2627s1-website\admin\appendixE-gitHub.md
2026-09-04T16:05:19.220Z - [36mverbose[39m: Rendering page: D:\Workspace\CS2113\AY2627-S1\ay2627s1-website\admin\appendixC-faq.md
2026-09-04T16:05:19.298Z - [32minfo[39m: Pages built
2026-09-04T16:05:20.176Z - [32minfo[39m: Site data built
2026-09-04T16:05:20.176Z - [32minfo[39m: Website generation complete! Total build time: 128.483s
2026-09-04T16:05:20.176Z - [32minfo[39m: Build success!
