2026-08-03T16:30:07.408Z - [32minfo[39m: Building /Users/damithch/Repos/nus-cs2103/cs2103-website-base/schedule/week2/index as some of its dependencies were changed since the last visit
2026-08-03T16:30:07.906Z - [36mverbose[39m: Rendering page: /Users/damithch/Repos/nus-cs2103/cs2103-website-base/schedule/week2/index.md
2026-08-03T16:30:07.919Z - [32minfo[39m: Site data built
2026-08-03T16:30:07.919Z - [32minfo[39m: Lazy website regeneration complete! Total build time: 0.529s
2026-08-03T16:31:41.836Z - [32minfo[39m: Building /Users/damithch/Repos/nus-cs2103/cs2103-website-base/admin/courseOverview as some of its dependencies were changed since the last visit
2026-08-03T16:31:42.055Z - [36mverbose[39m: Rendering page: /Users/damithch/Repos/nus-cs2103/cs2103-website-base/admin/courseOverview.md
2026-08-03T16:31:42.080Z - [32minfo[39m: Site data built
2026-08-03T16:31:42.080Z - [32minfo[39m: Lazy website regeneration complete! Total build time: 0.245s
2026-08-03T16:31:58.786Z - [32minfo[39m: Building /Users/damithch/Repos/nus-cs2103/cs2103-website-base/admin/appendixB-policies as some of its dependencies were changed since the last visit
2026-08-03T16:31:59.199Z - [36mverbose[39m: Rendering page: /Users/damithch/Repos/nus-cs2103/cs2103-website-base/admin/appendixB-policies.md
2026-08-03T16:31:59.227Z - [32minfo[39m: Site data built
2026-08-03T16:31:59.227Z - [32minfo[39m: Lazy website regeneration complete! Total build time: 0.442s
2026-08-03T16:32:26.598Z - [32minfo[39m: Building /Users/damithch/Repos/nus-cs2103/cs2103-website-base/admin/ip-overview as some of its dependencies were changed since the last visit
2026-08-03T16:32:26.750Z - [36mverbose[39m: Rendering page: /Users/damithch/Repos/nus-cs2103/cs2103-website-base/admin/ip-overview.md
2026-08-03T16:32:26.771Z - [32minfo[39m: Site data built
2026-08-03T16:32:26.771Z - [32minfo[39m: Lazy website regeneration complete! Total build time: 0.173s
2026-08-03T16:33:14.188Z - [32minfo[39m: [00:33:14] Reload for file change: /Users/damithch/Repos/nus-cs2103/cs2103-website-base/admin/ip-overview.md
2026-08-03T16:33:14.190Z - [32minfo[39m: Synchronizing opened pages list before reload
2026-08-03T16:33:14.191Z - [32minfo[39m: Current opened pages, from most-to-least recent:
2026-08-03T16:33:14.191Z - [32minfo[39m: 1. admin/ip-overview
2026-08-03T16:33:15.200Z - [32minfo[39m: Rebuilding 1 pages
2026-08-03T16:33:15.314Z - [36mverbose[39m: Rendering page: /Users/damithch/Repos/nus-cs2103/cs2103-website-base/admin/ip-overview.md
2026-08-03T16:33:15.331Z - [32minfo[39m: Site data built
2026-08-03T16:33:15.331Z - [32minfo[39m: Pages rebuilt
2026-08-03T16:33:15.331Z - [32minfo[39m: Website regeneration complete! Total build time: 0.136s
2026-08-03T16:34:53.875Z - [32minfo[39m: [00:34:53] Reload for file change: /Users/damithch/Repos/nus-cs2103/cs2103-website-base/admin/ip-overview.md
2026-08-03T16:34:53.876Z - [32minfo[39m: Synchronizing opened pages list before reload
2026-08-03T16:34:53.877Z - [32minfo[39m: Current opened pages, from most-to-least recent:
2026-08-03T16:34:53.877Z - [32minfo[39m: 1. admin/ip-overview
2026-08-03T16:34:53.885Z - [32minfo[39m: [00:34:53] Reload for file change: /Users/damithch/Repos/nus-cs2103/cs2103-website-base/common/admin.njk
2026-08-03T16:34:53.885Z - [32minfo[39m: Synchronizing opened pages list before reload
2026-08-03T16:34:53.885Z - [32minfo[39m: Current opened pages, from most-to-least recent:
2026-08-03T16:34:53.885Z - [32minfo[39m: 1. admin/ip-overview
2026-08-03T16:34:55.018Z - [32minfo[39m: Rebuilding 1 pages
2026-08-03T16:34:55.095Z - [36mverbose[39m: Rendering page: /Users/damithch/Repos/nus-cs2103/cs2103-website-base/admin/ip-overview.md
2026-08-03T16:34:55.120Z - [32minfo[39m: Site data built
2026-08-03T16:34:55.120Z - [32minfo[39m: Pages rebuilt
2026-08-03T16:34:55.120Z - [32minfo[39m: Website regeneration complete! Total build time: 0.105s
2026-08-03T16:39:29.644Z - [32minfo[39m: [00:39:29] Reload for file change: /Users/damithch/Repos/nus-cs2103/cs2103-website-base/admin/ip-overview.md
2026-08-03T16:39:29.648Z - [32minfo[39m: Synchronizing opened pages list before reload
2026-08-03T16:39:29.649Z - [32minfo[39m: Current opened pages, from most-to-least recent:
2026-08-03T16:39:29.649Z - [32minfo[39m: 1. admin/ip-overview
2026-08-03T16:39:29.730Z - [32minfo[39m: [00:39:29] Reload for file change: /Users/damithch/Repos/nus-cs2103/cs2103-website-base/common/admin.njk
2026-08-03T16:39:29.730Z - [32minfo[39m: Synchronizing opened pages list before reload
2026-08-03T16:39:29.730Z - [32minfo[39m: Current opened pages, from most-to-least recent:
2026-08-03T16:39:29.731Z - [32minfo[39m: 1. admin/ip-overview
2026-08-03T16:39:30.780Z - [32minfo[39m: Rebuilding 1 pages
2026-08-03T16:39:30.847Z - [36mverbose[39m: Rendering page: /Users/damithch/Repos/nus-cs2103/cs2103-website-base/admin/ip-overview.md
2026-08-03T16:39:30.865Z - [32minfo[39m: Site data built
2026-08-03T16:39:30.865Z - [32minfo[39m: Pages rebuilt
2026-08-03T16:39:30.865Z - [32minfo[39m: Website regeneration complete! Total build time: 0.087s
2026-08-03T16:39:33.552Z - [32minfo[39m: Building /Users/damithch/Repos/nus-cs2103/cs2103-website-base/schedule/week2/project as some of its dependencies were changed since the last visit
2026-08-03T16:39:34.720Z - [36mverbose[39m: Rendering page: /Users/damithch/Repos/nus-cs2103/cs2103-website-base/schedule/week2/project.md
2026-08-03T16:39:34.775Z - [32minfo[39m: Site data built
2026-08-03T16:39:34.775Z - [32minfo[39m: Lazy website regeneration complete! Total build time: 1.223s
2026-08-03T16:40:13.064Z - [32minfo[39m: [00:40:13] Reload for file change: /Users/damithch/Repos/nus-cs2103/cs2103-website-base/common/admin.njk
2026-08-03T16:40:13.067Z - [32minfo[39m: Synchronizing opened pages list before reload
2026-08-03T16:40:13.068Z - [32minfo[39m: Current opened pages, from most-to-least recent:
2026-08-03T16:40:13.068Z - [32minfo[39m: 1. schedule/week2/project
2026-08-03T16:40:13.068Z - [32minfo[39m: 2. admin/ip-overview
2026-08-03T16:40:14.196Z - [32minfo[39m: Rebuilding 2 pages
2026-08-03T16:40:15.134Z - [36mverbose[39m: Rendering page: /Users/damithch/Repos/nus-cs2103/cs2103-website-base/schedule/week2/project.md
2026-08-03T16:40:15.190Z - [36mverbose[39m: Rendering page: /Users/damithch/Repos/nus-cs2103/cs2103-website-base/admin/ip-overview.md
2026-08-03T16:40:15.199Z - [32minfo[39m: Site data built
2026-08-03T16:40:15.199Z - [32minfo[39m: Pages rebuilt
2026-08-03T16:40:15.199Z - [32minfo[39m: Website regeneration complete! Total build time: 1.004s
2026-08-03T16:40:45.236Z - [32minfo[39m: [00:40:45] Reload for file change: /Users/damithch/Repos/nus-cs2103/cs2103-website-base/common/admin.njk
2026-08-03T16:40:45.239Z - [32minfo[39m: Synchronizing opened pages list before reload
2026-08-03T16:40:45.240Z - [32minfo[39m: Current opened pages, from most-to-least recent:
2026-08-03T16:40:45.240Z - [32minfo[39m: 1. admin/ip-overview
2026-08-03T16:40:46.361Z - [32minfo[39m: Rebuilding 1 pages
2026-08-03T16:40:46.426Z - [36mverbose[39m: Rendering page: /Users/damithch/Repos/nus-cs2103/cs2103-website-base/admin/ip-overview.md
2026-08-03T16:40:46.450Z - [32minfo[39m: Site data built
2026-08-03T16:40:46.451Z - [32minfo[39m: Pages rebuilt
2026-08-03T16:40:46.451Z - [32minfo[39m: Website regeneration complete! Total build time: 0.091s
2026-08-03T16:41:33.961Z - [32minfo[39m: [00:41:33] Reload for file change: /Users/damithch/Repos/nus-cs2103/cs2103-website-base/common/admin.njk
2026-08-03T16:41:33.962Z - [32minfo[39m: Synchronizing opened pages list before reload
2026-08-03T16:41:33.963Z - [32minfo[39m: Current opened pages, from most-to-least recent:
2026-08-03T16:41:33.963Z - [32minfo[39m: 1. admin/ip-overview
2026-08-03T16:41:35.092Z - [32minfo[39m: Rebuilding 1 pages
2026-08-03T16:41:35.162Z - [36mverbose[39m: Rendering page: /Users/damithch/Repos/nus-cs2103/cs2103-website-base/admin/ip-overview.md
2026-08-03T16:41:35.182Z - [32minfo[39m: Site data built
2026-08-03T16:41:35.182Z - [32minfo[39m: Pages rebuilt
2026-08-03T16:41:35.182Z - [32minfo[39m: Website regeneration complete! Total build time: 0.091s
2026-08-03T16:42:01.499Z - [32minfo[39m: [00:42:01] Reload for file change: /Users/damithch/Repos/nus-cs2103/cs2103-website-base/common/admin.njk
2026-08-03T16:42:01.500Z - [32minfo[39m: Synchronizing opened pages list before reload
2026-08-03T16:42:01.501Z - [32minfo[39m: Current opened pages, from most-to-least recent:
2026-08-03T16:42:01.501Z - [32minfo[39m: 1. admin/ip-overview
2026-08-03T16:42:02.604Z - [32minfo[39m: Rebuilding 1 pages
2026-08-03T16:42:02.661Z - [36mverbose[39m: Rendering page: /Users/damithch/Repos/nus-cs2103/cs2103-website-base/admin/ip-overview.md
2026-08-03T16:42:02.684Z - [32minfo[39m: Site data built
2026-08-03T16:42:02.684Z - [32minfo[39m: Pages rebuilt
2026-08-03T16:42:02.684Z - [32minfo[39m: Website regeneration complete! Total build time: 0.081s
2026-08-03T16:42:11.277Z - [32minfo[39m: [00:42:11] Reload for file change: /Users/damithch/Repos/nus-cs2103/cs2103-website-base/common/admin.njk
2026-08-03T16:42:11.277Z - [32minfo[39m: Synchronizing opened pages list before reload
2026-08-03T16:42:11.278Z - [32minfo[39m: Current opened pages, from most-to-least recent:
2026-08-03T16:42:11.282Z - [32minfo[39m: 1. admin/ip-overview
2026-08-03T16:42:12.397Z - [32minfo[39m: Rebuilding 1 pages
2026-08-03T16:42:12.459Z - [36mverbose[39m: Rendering page: /Users/damithch/Repos/nus-cs2103/cs2103-website-base/admin/ip-overview.md
2026-08-03T16:42:12.476Z - [32minfo[39m: Site data built
2026-08-03T16:42:12.476Z - [32minfo[39m: Pages rebuilt
2026-08-03T16:42:12.476Z - [32minfo[39m: Website regeneration complete! Total build time: 0.08s
2026-08-03T16:42:24.066Z - [32minfo[39m: [00:42:24] Reload for file change: /Users/damithch/Repos/nus-cs2103/cs2103-website-base/common/admin.njk
2026-08-03T16:42:24.067Z - [32minfo[39m: Synchronizing opened pages list before reload
2026-08-03T16:42:24.067Z - [32minfo[39m: Current opened pages, from most-to-least recent:
2026-08-03T16:42:24.067Z - [32minfo[39m: 1. admin/ip-overview
2026-08-03T16:42:25.187Z - [32minfo[39m: Rebuilding 1 pages
2026-08-03T16:42:25.244Z - [36mverbose[39m: Rendering page: /Users/damithch/Repos/nus-cs2103/cs2103-website-base/admin/ip-overview.md
2026-08-03T16:42:25.269Z - [32minfo[39m: Site data built
2026-08-03T16:42:25.269Z - [32minfo[39m: Pages rebuilt
2026-08-03T16:42:25.269Z - [32minfo[39m: Website regeneration complete! Total build time: 0.083s
2026-08-03T16:43:05.788Z - [32minfo[39m: [00:43:05] Reload for file change: /Users/damithch/Repos/nus-cs2103/cs2103-website-base/common/admin.njk
2026-08-03T16:43:05.793Z - [32minfo[39m: Synchronizing opened pages list before reload
2026-08-03T16:43:05.794Z - [32minfo[39m: Current opened pages, from most-to-least recent:
2026-08-03T16:43:05.794Z - [32minfo[39m: 1. admin/ip-overview
2026-08-03T16:43:06.919Z - [32minfo[39m: Rebuilding 1 pages
2026-08-03T16:43:06.988Z - [36mverbose[39m: Rendering page: /Users/damithch/Repos/nus-cs2103/cs2103-website-base/admin/ip-overview.md
2026-08-03T16:43:07.009Z - [32minfo[39m: Site data built
2026-08-03T16:43:07.009Z - [32minfo[39m: Pages rebuilt
2026-08-03T16:43:07.009Z - [32minfo[39m: Website regeneration complete! Total build time: 0.096s
2026-08-03T16:43:23.842Z - [32minfo[39m: [00:43:23] Reload for file change: /Users/damithch/Repos/nus-cs2103/cs2103-website-base/common/admin.njk
2026-08-03T16:43:23.843Z - [32minfo[39m: Synchronizing opened pages list before reload
2026-08-03T16:43:23.843Z - [32minfo[39m: Current opened pages, from most-to-least recent:
2026-08-03T16:43:23.843Z - [32minfo[39m: 1. admin/ip-overview
2026-08-03T16:43:24.962Z - [32minfo[39m: Rebuilding 1 pages
2026-08-03T16:43:25.029Z - [36mverbose[39m: Rendering page: /Users/damithch/Repos/nus-cs2103/cs2103-website-base/admin/ip-overview.md
2026-08-03T16:43:25.047Z - [32minfo[39m: Site data built
2026-08-03T16:43:25.047Z - [32minfo[39m: Pages rebuilt
2026-08-03T16:43:25.047Z - [32minfo[39m: Website regeneration complete! Total build time: 0.086s
2026-08-03T16:43:36.560Z - [32minfo[39m: [00:43:36] Reload for file change: /Users/damithch/Repos/nus-cs2103/cs2103-website-base/common/admin.njk
2026-08-03T16:43:36.562Z - [32minfo[39m: Synchronizing opened pages list before reload
2026-08-03T16:43:36.562Z - [32minfo[39m: Current opened pages, from most-to-least recent:
2026-08-03T16:43:36.562Z - [32minfo[39m: 1. admin/ip-overview
2026-08-03T16:43:37.672Z - [32minfo[39m: Rebuilding 1 pages
2026-08-03T16:43:37.737Z - [36mverbose[39m: Rendering page: /Users/damithch/Repos/nus-cs2103/cs2103-website-base/admin/ip-overview.md
2026-08-03T16:43:37.752Z - [32minfo[39m: Site data built
2026-08-03T16:43:37.752Z - [32minfo[39m: Pages rebuilt
2026-08-03T16:43:37.752Z - [32minfo[39m: Website regeneration complete! Total build time: 0.084s
2026-08-03T16:43:44.904Z - [32minfo[39m: [00:43:44] Reload for file change: /Users/damithch/Repos/nus-cs2103/cs2103-website-base/common/admin.njk
2026-08-03T16:43:44.906Z - [32minfo[39m: Synchronizing opened pages list before reload
2026-08-03T16:43:44.906Z - [32minfo[39m: Current opened pages, from most-to-least recent:
2026-08-03T16:43:44.907Z - [32minfo[39m: 1. admin/ip-overview
2026-08-03T16:43:46.001Z - [32minfo[39m: Rebuilding 1 pages
2026-08-03T16:43:46.061Z - [36mverbose[39m: Rendering page: /Users/damithch/Repos/nus-cs2103/cs2103-website-base/admin/ip-overview.md
2026-08-03T16:43:46.077Z - [32minfo[39m: Site data built
2026-08-03T16:43:46.077Z - [32minfo[39m: Pages rebuilt
2026-08-03T16:43:46.077Z - [32minfo[39m: Website regeneration complete! Total build time: 0.077s
2026-08-03T16:44:04.406Z - [32minfo[39m: Building /Users/damithch/Repos/nus-cs2103/cs2103-website-base/schedule/week2/project as some of its dependencies were changed since the last visit
2026-08-03T16:44:05.637Z - [36mverbose[39m: Rendering page: /Users/damithch/Repos/nus-cs2103/cs2103-website-base/schedule/week2/project.md
2026-08-03T16:44:05.663Z - [32minfo[39m: Site data built
2026-08-03T16:44:05.663Z - [32minfo[39m: Lazy website regeneration complete! Total build time: 1.258s
2026-08-03T16:47:26.489Z - [32minfo[39m: [00:47:26] Reload for file change: /Users/damithch/Repos/nus-cs2103/cs2103-website-base/admin/ip-overview.md
2026-08-03T16:47:26.492Z - [32minfo[39m: Synchronizing opened pages list before reload
2026-08-03T16:47:26.495Z - [32minfo[39m: Current opened pages, from most-to-least recent:
2026-08-03T16:47:26.496Z - [32minfo[39m: 1. admin/ip-overview
2026-08-03T16:47:27.500Z - [32minfo[39m: Rebuilding 1 pages
2026-08-03T16:47:27.606Z - [36mverbose[39m: Rendering page: /Users/damithch/Repos/nus-cs2103/cs2103-website-base/admin/ip-overview.md
2026-08-03T16:47:27.626Z - [32minfo[39m: Site data built
2026-08-03T16:47:27.626Z - [32minfo[39m: Pages rebuilt
2026-08-03T16:47:27.626Z - [32minfo[39m: Website regeneration complete! Total build time: 0.129s
2026-08-03T16:53:33.543Z - [32minfo[39m: [00:53:33] Reload for file change: /Users/damithch/Repos/nus-cs2103/cs2103-website-base/admin/ip-overview.md
2026-08-03T16:53:33.544Z - [32minfo[39m: Synchronizing opened pages list before reload
2026-08-03T16:53:33.544Z - [32minfo[39m: Current opened pages, from most-to-least recent:
2026-08-03T16:53:33.545Z - [32minfo[39m: 1. admin/ip-overview
2026-08-03T16:53:34.551Z - [32minfo[39m: Rebuilding 1 pages
2026-08-03T16:53:34.687Z - [36mverbose[39m: Rendering page: /Users/damithch/Repos/nus-cs2103/cs2103-website-base/admin/ip-overview.md
2026-08-03T16:53:34.705Z - [32minfo[39m: Site data built
2026-08-03T16:53:34.705Z - [32minfo[39m: Pages rebuilt
2026-08-03T16:53:34.705Z - [32minfo[39m: Website regeneration complete! Total build time: 0.159s
2026-08-03T16:54:13.446Z - [32minfo[39m: [00:54:13] Reload for file change: /Users/damithch/Repos/nus-cs2103/cs2103-website-base/admin/ip-overview.md
2026-08-03T16:54:13.449Z - [32minfo[39m: Synchronizing opened pages list before reload
2026-08-03T16:54:13.450Z - [32minfo[39m: Current opened pages, from most-to-least recent:
2026-08-03T16:54:13.450Z - [32minfo[39m: 1. admin/ip-overview
2026-08-03T16:54:14.469Z - [32minfo[39m: Rebuilding 1 pages
2026-08-03T16:54:14.528Z - [31merror[39m: Error parsing texts: [&quot;L1&quot;], please check the format of the texts attribute

2026-08-03T16:54:14.574Z - [36mverbose[39m: Rendering page: /Users/damithch/Repos/nus-cs2103/cs2103-website-base/admin/ip-overview.md
2026-08-03T16:54:14.592Z - [32minfo[39m: Site data built
2026-08-03T16:54:14.593Z - [32minfo[39m: Pages rebuilt
2026-08-03T16:54:14.593Z - [32minfo[39m: Website regeneration complete! Total build time: 0.127s
2026-08-03T16:54:21.613Z - [32minfo[39m: [00:54:21] Reload for file change: /Users/damithch/Repos/nus-cs2103/cs2103-website-base/admin/ip-overview.md
2026-08-03T16:54:21.617Z - [32minfo[39m: Synchronizing opened pages list before reload
2026-08-03T16:54:21.618Z - [32minfo[39m: Current opened pages, from most-to-least recent:
2026-08-03T16:54:21.619Z - [32minfo[39m: 1. admin/ip-overview
2026-08-03T16:54:22.623Z - [32minfo[39m: Rebuilding 1 pages
2026-08-03T16:54:22.673Z - [31merror[39m: Error parsing texts: [&quot;L1&quot;], please check the format of the texts attribute

2026-08-03T16:54:22.706Z - [36mverbose[39m: Rendering page: /Users/damithch/Repos/nus-cs2103/cs2103-website-base/admin/ip-overview.md
2026-08-03T16:54:22.734Z - [32minfo[39m: Site data built
2026-08-03T16:54:22.734Z - [32minfo[39m: Pages rebuilt
2026-08-03T16:54:22.734Z - [32minfo[39m: Website regeneration complete! Total build time: 0.114s
2026-08-03T16:54:49.885Z - [32minfo[39m: [00:54:49] Reload for file change: /Users/damithch/Repos/nus-cs2103/cs2103-website-base/admin/ip-overview.md
2026-08-03T16:54:49.893Z - [32minfo[39m: Synchronizing opened pages list before reload
2026-08-03T16:54:49.895Z - [32minfo[39m: Current opened pages, from most-to-least recent:
2026-08-03T16:54:49.895Z - [32minfo[39m: 1. admin/ip-overview
2026-08-03T16:54:50.903Z - [32minfo[39m: Rebuilding 1 pages
2026-08-03T16:54:51.022Z - [36mverbose[39m: Rendering page: /Users/damithch/Repos/nus-cs2103/cs2103-website-base/admin/ip-overview.md
2026-08-03T16:54:51.038Z - [32minfo[39m: Site data built
2026-08-03T16:54:51.038Z - [32minfo[39m: Pages rebuilt
2026-08-03T16:54:51.038Z - [32minfo[39m: Website regeneration complete! Total build time: 0.14s
2026-08-03T16:55:42.467Z - [32minfo[39m: [00:55:42] Reload for file change: /Users/damithch/Repos/nus-cs2103/cs2103-website-base/admin/ip-overview.md
2026-08-03T16:55:42.470Z - [32minfo[39m: Synchronizing opened pages list before reload
2026-08-03T16:55:42.471Z - [32minfo[39m: Current opened pages, from most-to-least recent:
2026-08-03T16:55:42.471Z - [32minfo[39m: 1. admin/ip-overview
2026-08-03T16:55:43.477Z - [32minfo[39m: Rebuilding 1 pages
2026-08-03T16:55:43.544Z - [31merror[39m: Error parsing texts: ["L1)", "L2)", "L3)", "L4)", "L5)", "L6)",], please check the format of the texts attribute

2026-08-03T16:55:43.591Z - [36mverbose[39m: Rendering page: /Users/damithch/Repos/nus-cs2103/cs2103-website-base/admin/ip-overview.md
2026-08-03T16:55:43.611Z - [32minfo[39m: Site data built
2026-08-03T16:55:43.611Z - [32minfo[39m: Pages rebuilt
2026-08-03T16:55:43.611Z - [32minfo[39m: Website regeneration complete! Total build time: 0.138s
2026-08-03T16:55:48.934Z - [32minfo[39m: [00:55:48] Reload for file change: /Users/damithch/Repos/nus-cs2103/cs2103-website-base/admin/ip-overview.md
2026-08-03T16:55:48.935Z - [32minfo[39m: Synchronizing opened pages list before reload
2026-08-03T16:55:48.935Z - [32minfo[39m: Current opened pages, from most-to-least recent:
2026-08-03T16:55:48.935Z - [32minfo[39m: 1. admin/ip-overview
2026-08-03T16:55:49.941Z - [32minfo[39m: Rebuilding 1 pages
2026-08-03T16:55:50.017Z - [36mverbose[39m: Rendering page: /Users/damithch/Repos/nus-cs2103/cs2103-website-base/admin/ip-overview.md
2026-08-03T16:55:50.034Z - [32minfo[39m: Site data built
2026-08-03T16:55:50.034Z - [32minfo[39m: Pages rebuilt
2026-08-03T16:55:50.034Z - [32minfo[39m: Website regeneration complete! Total build time: 0.097s
2026-08-03T16:56:09.758Z - [32minfo[39m: [00:56:09] Reload for file change: /Users/damithch/Repos/nus-cs2103/cs2103-website-base/admin/ip-overview.md
2026-08-03T16:56:09.759Z - [32minfo[39m: Synchronizing opened pages list before reload
2026-08-03T16:56:09.760Z - [32minfo[39m: Current opened pages, from most-to-least recent:
2026-08-03T16:56:09.760Z - [32minfo[39m: 1. admin/ip-overview
2026-08-03T16:56:10.772Z - [32minfo[39m: Rebuilding 1 pages
2026-08-03T16:56:10.965Z - [36mverbose[39m: Rendering page: /Users/damithch/Repos/nus-cs2103/cs2103-website-base/admin/ip-overview.md
2026-08-03T16:56:10.986Z - [32minfo[39m: Site data built
2026-08-03T16:56:10.986Z - [32minfo[39m: Pages rebuilt
2026-08-03T16:56:10.986Z - [32minfo[39m: Website regeneration complete! Total build time: 0.221s
2026-08-03T16:56:26.876Z - [32minfo[39m: [00:56:26] Reload for file change: /Users/damithch/Repos/nus-cs2103/cs2103-website-base/admin/ip-overview.md
2026-08-03T16:56:26.879Z - [32minfo[39m: Synchronizing opened pages list before reload
2026-08-03T16:56:26.879Z - [32minfo[39m: Current opened pages, from most-to-least recent:
2026-08-03T16:56:26.880Z - [32minfo[39m: 1. admin/ip-overview
2026-08-03T16:56:27.886Z - [32minfo[39m: Rebuilding 1 pages
2026-08-03T16:56:28.012Z - [36mverbose[39m: Rendering page: /Users/damithch/Repos/nus-cs2103/cs2103-website-base/admin/ip-overview.md
2026-08-03T16:56:28.029Z - [32minfo[39m: Site data built
2026-08-03T16:56:28.029Z - [32minfo[39m: Pages rebuilt
2026-08-03T16:56:28.029Z - [32minfo[39m: Website regeneration complete! Total build time: 0.148s
2026-08-03T17:07:30.577Z - [32minfo[39m: [01:07:30] Reload for file change: /Users/damithch/Repos/nus-cs2103/cs2103-website-base/admin/ip-overview.md
2026-08-03T17:07:30.581Z - [32minfo[39m: Synchronizing opened pages list before reload
2026-08-03T17:07:30.581Z - [32minfo[39m: Current opened pages, from most-to-least recent:
2026-08-03T17:07:30.582Z - [32minfo[39m: 1. admin/ip-overview
2026-08-03T17:07:31.602Z - [32minfo[39m: Rebuilding 1 pages
2026-08-03T17:07:31.729Z - [36mverbose[39m: Rendering page: /Users/damithch/Repos/nus-cs2103/cs2103-website-base/admin/ip-overview.md
2026-08-03T17:07:31.751Z - [32minfo[39m: Site data built
2026-08-03T17:07:31.751Z - [32minfo[39m: Pages rebuilt
2026-08-03T17:07:31.751Z - [32minfo[39m: Website regeneration complete! Total build time: 0.167s
2026-08-03T17:09:22.673Z - [32minfo[39m: Building /Users/damithch/Repos/nus-cs2103/cs2103-website-base/admin/courseExpectations as some of its dependencies were changed since the last visit
2026-08-03T17:09:22.827Z - [36mverbose[39m: Rendering page: /Users/damithch/Repos/nus-cs2103/cs2103-website-base/admin/courseExpectations.md
2026-08-03T17:09:22.852Z - [32minfo[39m: Site data built
2026-08-03T17:09:22.853Z - [32minfo[39m: Lazy website regeneration complete! Total build time: 0.18s
2026-08-03T17:11:06.560Z - [32minfo[39m: [01:11:06] Reload for file change: /Users/damithch/Repos/nus-cs2103/cs2103-website-base/admin/courseExpectations.md
2026-08-03T17:11:06.562Z - [32minfo[39m: Synchronizing opened pages list before reload
2026-08-03T17:11:06.563Z - [32minfo[39m: Current opened pages, from most-to-least recent:
2026-08-03T17:11:06.563Z - [32minfo[39m: 1. admin/courseExpectations
2026-08-03T17:11:07.567Z - [32minfo[39m: Rebuilding 1 pages
2026-08-03T17:11:07.676Z - [36mverbose[39m: Rendering page: /Users/damithch/Repos/nus-cs2103/cs2103-website-base/admin/courseExpectations.md
2026-08-03T17:11:07.697Z - [32minfo[39m: Site data built
2026-08-03T17:11:07.697Z - [32minfo[39m: Pages rebuilt
2026-08-03T17:11:07.697Z - [32minfo[39m: Website regeneration complete! Total build time: 0.133s
2026-08-03T17:14:06.168Z - [32minfo[39m: [01:14:06] Reload for file change: /Users/damithch/Repos/nus-cs2103/cs2103-website-base/admin/courseExpectations.md
2026-08-03T17:14:06.171Z - [32minfo[39m: Synchronizing opened pages list before reload
2026-08-03T17:14:06.172Z - [32minfo[39m: Current opened pages, from most-to-least recent:
2026-08-03T17:14:06.172Z - [32minfo[39m: 1. admin/courseExpectations
2026-08-03T17:14:07.178Z - [32minfo[39m: Rebuilding 1 pages
2026-08-03T17:14:07.281Z - [36mverbose[39m: Rendering page: /Users/damithch/Repos/nus-cs2103/cs2103-website-base/admin/courseExpectations.md
2026-08-03T17:14:07.305Z - [32minfo[39m: Site data built
2026-08-03T17:14:07.305Z - [32minfo[39m: Pages rebuilt
2026-08-03T17:14:07.305Z - [32minfo[39m: Website regeneration complete! Total build time: 0.131s
2026-08-03T17:14:27.551Z - [32minfo[39m: [01:14:27] Reload for file change: /Users/damithch/Repos/nus-cs2103/cs2103-website-base/admin/courseExpectations.md
2026-08-03T17:14:27.552Z - [32minfo[39m: Synchronizing opened pages list before reload
2026-08-03T17:14:27.553Z - [32minfo[39m: Current opened pages, from most-to-least recent:
2026-08-03T17:14:27.553Z - [32minfo[39m: 1. admin/courseExpectations
2026-08-03T17:14:27.643Z - [32minfo[39m: [01:14:27] Reload for file change: /Users/damithch/Repos/nus-cs2103/cs2103-website-base/admin/ip-overview.md
2026-08-03T17:14:27.643Z - [32minfo[39m: Synchronizing opened pages list before reload
2026-08-03T17:14:27.643Z - [32minfo[39m: Current opened pages, from most-to-least recent:
2026-08-03T17:14:27.643Z - [32minfo[39m: 1. admin/courseExpectations
2026-08-03T17:14:28.559Z - [32minfo[39m: Rebuilding 1 pages
2026-08-03T17:14:28.655Z - [36mverbose[39m: Rendering page: /Users/damithch/Repos/nus-cs2103/cs2103-website-base/admin/courseExpectations.md
2026-08-03T17:14:28.679Z - [32minfo[39m: Site data built
2026-08-03T17:14:28.679Z - [32minfo[39m: Pages rebuilt
2026-08-03T17:14:28.679Z - [32minfo[39m: Website regeneration complete! Total build time: 0.126s
2026-08-03T17:15:04.294Z - [32minfo[39m: [01:15:04] Reload for file change: /Users/damithch/Repos/nus-cs2103/cs2103-website-base/admin/ip-overview.md
2026-08-03T17:15:04.302Z - [32minfo[39m: Synchronizing opened pages list before reload
2026-08-03T17:15:04.302Z - [32minfo[39m: Current opened pages, from most-to-least recent:
2026-08-03T17:15:04.303Z - [32minfo[39m: 1. admin/courseExpectations
2026-08-03T17:15:05.316Z - [32minfo[39m: No pages needed to be rebuilt
2026-08-03T17:15:40.166Z - [32minfo[39m: [01:15:40] Reload for file change: /Users/damithch/Repos/nus-cs2103/cs2103-website-base/admin/ip-overview.md
2026-08-03T17:15:40.169Z - [32minfo[39m: Synchronizing opened pages list before reload
2026-08-03T17:15:40.170Z - [32minfo[39m: Current opened pages, from most-to-least recent:
2026-08-03T17:15:40.171Z - [32minfo[39m: 1. admin/courseExpectations
2026-08-03T17:15:41.183Z - [32minfo[39m: No pages needed to be rebuilt
2026-08-03T17:15:46.310Z - [32minfo[39m: Building /Users/damithch/Repos/nus-cs2103/cs2103-website-base/admin/ip-overview as some of its dependencies were changed since the last visit
2026-08-03T17:15:46.470Z - [36mverbose[39m: Rendering page: /Users/damithch/Repos/nus-cs2103/cs2103-website-base/admin/ip-overview.md
2026-08-03T17:15:46.493Z - [32minfo[39m: Site data built
2026-08-03T17:15:46.493Z - [32minfo[39m: Lazy website regeneration complete! Total build time: 0.183s
2026-08-03T17:17:02.969Z - [32minfo[39m: [01:17:02] Reload for file change: /Users/damithch/Repos/nus-cs2103/cs2103-website-base/admin/ip-overview.md
2026-08-03T17:17:02.972Z - [32minfo[39m: Synchronizing opened pages list before reload
2026-08-03T17:17:02.973Z - [32minfo[39m: No pages are currently opened
2026-08-03T17:17:03.980Z - [32minfo[39m: No pages needed to be rebuilt
2026-08-03T17:23:41.220Z - [32minfo[39m: [01:23:41] Reload for file change: /Users/damithch/Repos/nus-cs2103/cs2103-website-base/admin/ip-overview.md
2026-08-03T17:23:41.221Z - [32minfo[39m: Synchronizing opened pages list before reload
2026-08-03T17:23:41.221Z - [32minfo[39m: Current opened pages, from most-to-least recent:
2026-08-03T17:23:41.221Z - [32minfo[39m: 1. admin/courseExpectations
2026-08-03T17:23:42.225Z - [32minfo[39m: No pages needed to be rebuilt
2026-08-03T17:23:47.683Z - [32minfo[39m: Building /Users/damithch/Repos/nus-cs2103/cs2103-website-base/admin/ip-overview as some of its dependencies were changed since the last visit
2026-08-03T17:23:47.835Z - [36mverbose[39m: Rendering page: /Users/damithch/Repos/nus-cs2103/cs2103-website-base/admin/ip-overview.md
2026-08-03T17:23:47.860Z - [32minfo[39m: Site data built
2026-08-03T17:23:47.860Z - [32minfo[39m: Lazy website regeneration complete! Total build time: 0.178s
2026-08-03T17:24:04.273Z - [32minfo[39m: Building /Users/damithch/Repos/nus-cs2103/cs2103-website-base/admin/ip-w2 as some of its dependencies were changed since the last visit
2026-08-03T17:24:05.395Z - [36mverbose[39m: Rendering page: /Users/damithch/Repos/nus-cs2103/cs2103-website-base/admin/ip-w2.md
2026-08-03T17:24:05.427Z - [32minfo[39m: Site data built
2026-08-03T17:24:05.427Z - [32minfo[39m: Lazy website regeneration complete! Total build time: 1.155s
2026-08-03T17:28:03.587Z - [32minfo[39m: [01:28:03] Reload for file change: /Users/damithch/Repos/nus-cs2103/cs2103-website-base/admin/tools.md
2026-08-03T17:28:03.595Z - [32minfo[39m: Synchronizing opened pages list before reload
2026-08-03T17:28:03.597Z - [32minfo[39m: Current opened pages, from most-to-least recent:
2026-08-03T17:28:03.598Z - [32minfo[39m: 1. admin/ip-w2
2026-08-03T17:28:04.614Z - [32minfo[39m: Rebuilding 1 pages
2026-08-03T17:28:05.838Z - [36mverbose[39m: Rendering page: /Users/damithch/Repos/nus-cs2103/cs2103-website-base/admin/ip-w2.md
2026-08-03T17:28:05.871Z - [32minfo[39m: Site data built
2026-08-03T17:28:05.871Z - [32minfo[39m: Pages rebuilt
2026-08-03T17:28:05.871Z - [32minfo[39m: Website regeneration complete! Total build time: 1.261s
2026-08-03T17:28:25.644Z - [32minfo[39m: [01:28:25] Reload for file change: /Users/damithch/Repos/nus-cs2103/cs2103-website-base/admin/tools.md
2026-08-03T17:28:25.647Z - [32minfo[39m: Synchronizing opened pages list before reload
2026-08-03T17:28:25.648Z - [32minfo[39m: Current opened pages, from most-to-least recent:
2026-08-03T17:28:25.651Z - [32minfo[39m: 1. admin/ip-w2
2026-08-03T17:28:26.664Z - [32minfo[39m: Rebuilding 1 pages
2026-08-03T17:28:27.659Z - [36mverbose[39m: Rendering page: /Users/damithch/Repos/nus-cs2103/cs2103-website-base/admin/ip-w2.md
2026-08-03T17:28:27.683Z - [32minfo[39m: Site data built
2026-08-03T17:28:27.683Z - [32minfo[39m: Pages rebuilt
2026-08-03T17:28:27.683Z - [32minfo[39m: Website regeneration complete! Total build time: 1.031s
2026-08-03T17:28:38.461Z - [32minfo[39m: [01:28:38] Reload for file change: /Users/damithch/Repos/nus-cs2103/cs2103-website-base/admin/tools.md
2026-08-03T17:28:38.461Z - [32minfo[39m: Synchronizing opened pages list before reload
2026-08-03T17:28:38.461Z - [32minfo[39m: No pages are currently opened
2026-08-03T17:28:39.465Z - [32minfo[39m: No pages needed to be rebuilt
2026-08-03T17:28:41.075Z - [32minfo[39m: Building /Users/damithch/Repos/nus-cs2103/cs2103-website-base/admin/ip-w2 as some of its dependencies were changed since the last visit
2026-08-03T17:28:42.098Z - [36mverbose[39m: Rendering page: /Users/damithch/Repos/nus-cs2103/cs2103-website-base/admin/ip-w2.md
2026-08-03T17:28:42.123Z - [32minfo[39m: Site data built
2026-08-03T17:28:42.123Z - [32minfo[39m: Lazy website regeneration complete! Total build time: 1.048s
2026-08-03T17:28:49.532Z - [32minfo[39m: Building /Users/damithch/Repos/nus-cs2103/cs2103-website-base/admin/tools as some of its dependencies were changed since the last visit
2026-08-03T17:28:49.694Z - [36mverbose[39m: Rendering page: /Users/damithch/Repos/nus-cs2103/cs2103-website-base/admin/tools.md
2026-08-03T17:28:49.707Z - [32minfo[39m: Site data built
2026-08-03T17:28:49.707Z - [32minfo[39m: Lazy website regeneration complete! Total build time: 0.175s
2026-08-03T17:29:10.008Z - [32minfo[39m: [01:29:10] Reload for file change: /Users/damithch/Repos/nus-cs2103/cs2103-website-base/admin/tools.md
2026-08-03T17:29:10.009Z - [32minfo[39m: Synchronizing opened pages list before reload
2026-08-03T17:29:10.009Z - [32minfo[39m: Current opened pages, from most-to-least recent:
2026-08-03T17:29:10.009Z - [32minfo[39m: 1. admin/tools
2026-08-03T17:29:11.011Z - [32minfo[39m: Rebuilding 1 pages
2026-08-03T17:29:11.300Z - [36mverbose[39m: Rendering page: /Users/damithch/Repos/nus-cs2103/cs2103-website-base/admin/tools.md
2026-08-03T17:29:11.320Z - [32minfo[39m: Site data built
2026-08-03T17:29:11.320Z - [32minfo[39m: Pages rebuilt
2026-08-03T17:29:11.320Z - [32minfo[39m: Website regeneration complete! Total build time: 0.31s
2026-08-03T17:29:23.204Z - [32minfo[39m: [01:29:23] Reload for file change: /Users/damithch/Repos/nus-cs2103/cs2103-website-base/admin/tools.md
2026-08-03T17:29:23.206Z - [32minfo[39m: Synchronizing opened pages list before reload
2026-08-03T17:29:23.206Z - [32minfo[39m: Current opened pages, from most-to-least recent:
2026-08-03T17:29:23.206Z - [32minfo[39m: 1. admin/tools
2026-08-03T17:29:24.208Z - [32minfo[39m: Rebuilding 1 pages
2026-08-03T17:29:24.417Z - [36mverbose[39m: Rendering page: /Users/damithch/Repos/nus-cs2103/cs2103-website-base/admin/tools.md
2026-08-03T17:29:24.432Z - [32minfo[39m: Site data built
2026-08-03T17:29:24.432Z - [32minfo[39m: Pages rebuilt
2026-08-03T17:29:24.432Z - [32minfo[39m: Website regeneration complete! Total build time: 0.225s
2026-08-03T17:30:14.269Z - [32minfo[39m: [01:30:14] Reload for file change: /Users/damithch/Repos/nus-cs2103/cs2103-website-base/admin/ip-tasks-fragment.md
2026-08-03T17:30:14.287Z - [32minfo[39m: Synchronizing opened pages list before reload
2026-08-03T17:30:14.289Z - [32minfo[39m: No pages are currently opened
2026-08-03T17:30:15.301Z - [32minfo[39m: No pages needed to be rebuilt
2026-08-03T17:30:21.614Z - [32minfo[39m: Building /Users/damithch/Repos/nus-cs2103/cs2103-website-base/admin/ip-w2 as some of its dependencies were changed since the last visit
2026-08-03T17:30:22.682Z - [36mverbose[39m: Rendering page: /Users/damithch/Repos/nus-cs2103/cs2103-website-base/admin/ip-w2.md
2026-08-03T17:30:22.715Z - [32minfo[39m: Site data built
2026-08-03T17:30:22.716Z - [32minfo[39m: Lazy website regeneration complete! Total build time: 1.102s
2026-08-03T17:31:52.702Z - [32minfo[39m: [01:31:52] Reload for file change: /Users/damithch/Repos/nus-cs2103/cs2103-website-base/admin/ip-tasks-fragment.md
2026-08-03T17:31:52.705Z - [32minfo[39m: Synchronizing opened pages list before reload
2026-08-03T17:31:52.706Z - [32minfo[39m: Current opened pages, from most-to-least recent:
2026-08-03T17:31:52.707Z - [32minfo[39m: 1. admin/ip-w2
2026-08-03T17:31:53.715Z - [32minfo[39m: Rebuilding 1 pages
2026-08-03T17:31:54.726Z - [36mverbose[39m: Rendering page: /Users/damithch/Repos/nus-cs2103/cs2103-website-base/admin/ip-w2.md
2026-08-03T17:31:54.756Z - [32minfo[39m: Site data built
2026-08-03T17:31:54.756Z - [32minfo[39m: Pages rebuilt
2026-08-03T17:31:54.756Z - [32minfo[39m: Website regeneration complete! Total build time: 1.048s
2026-08-03T17:34:45.292Z - [32minfo[39m: [01:34:45] Reload for file change: /Users/damithch/Repos/nus-cs2103/cs2103-website-base/admin/ip-tasks-fragment.md
2026-08-03T17:34:45.294Z - [32minfo[39m: Synchronizing opened pages list before reload
2026-08-03T17:34:45.295Z - [32minfo[39m: Current opened pages, from most-to-least recent:
2026-08-03T17:34:45.295Z - [32minfo[39m: 1. admin/ip-w2
2026-08-03T17:34:46.301Z - [32minfo[39m: Rebuilding 1 pages
2026-08-03T17:34:47.352Z - [36mverbose[39m: Rendering page: /Users/damithch/Repos/nus-cs2103/cs2103-website-base/admin/ip-w2.md
2026-08-03T17:34:47.382Z - [32minfo[39m: Site data built
2026-08-03T17:34:47.382Z - [32minfo[39m: Pages rebuilt
2026-08-03T17:34:47.382Z - [32minfo[39m: Website regeneration complete! Total build time: 1.085s
2026-08-03T17:35:43.436Z - [32minfo[39m: [01:35:43] Reload for file change: /Users/damithch/Repos/nus-cs2103/cs2103-website-base/admin/courseExpectations.md
2026-08-03T17:35:43.438Z - [32minfo[39m: Synchronizing opened pages list before reload
2026-08-03T17:35:43.439Z - [32minfo[39m: Current opened pages, from most-to-least recent:
2026-08-03T17:35:43.439Z - [32minfo[39m: 1. admin/courseExpectations
2026-08-03T17:35:43.527Z - [32minfo[39m: [01:35:43] Reload for file change: /Users/damithch/Repos/nus-cs2103/cs2103-website-base/admin/ip-tasks-fragment.md
2026-08-03T17:35:43.527Z - [32minfo[39m: Synchronizing opened pages list before reload
2026-08-03T17:35:43.527Z - [32minfo[39m: Current opened pages, from most-to-least recent:
2026-08-03T17:35:43.527Z - [32minfo[39m: 1. admin/courseExpectations
2026-08-03T17:35:44.449Z - [32minfo[39m: Rebuilding 1 pages
2026-08-03T17:35:44.553Z - [36mverbose[39m: Rendering page: /Users/damithch/Repos/nus-cs2103/cs2103-website-base/admin/courseExpectations.md
2026-08-03T17:35:44.579Z - [32minfo[39m: Site data built
2026-08-03T17:35:44.579Z - [32minfo[39m: Pages rebuilt
2026-08-03T17:35:44.579Z - [32minfo[39m: Website regeneration complete! Total build time: 0.139s
2026-08-03T17:36:00.135Z - [32minfo[39m: Building /Users/damithch/Repos/nus-cs2103/cs2103-website-base/admin/ip-w2 as some of its dependencies were changed since the last visit
2026-08-03T17:36:01.135Z - [36mverbose[39m: Rendering page: /Users/damithch/Repos/nus-cs2103/cs2103-website-base/admin/ip-w2.md
2026-08-03T17:36:01.155Z - [32minfo[39m: Site data built
2026-08-03T17:36:01.155Z - [32minfo[39m: Lazy website regeneration complete! Total build time: 1.021s
2026-08-03T17:37:11.647Z - [32minfo[39m: [01:37:11] Reload for file change: /Users/damithch/Repos/nus-cs2103/cs2103-website-base/admin/ip-tasks-fragment.md
2026-08-03T17:37:11.649Z - [32minfo[39m: Synchronizing opened pages list before reload
2026-08-03T17:37:11.650Z - [32minfo[39m: Current opened pages, from most-to-least recent:
2026-08-03T17:37:11.650Z - [32minfo[39m: 1. admin/ip-w2
2026-08-03T17:37:12.663Z - [32minfo[39m: Rebuilding 1 pages
2026-08-03T17:37:13.153Z - [31merror[39m: TypeError: Cannot read properties of null (reading '0')
    at getName (/opt/homebrew/lib/node_modules/markbind-cli/node_modules/css-what/index.js:97:36)
    at parseSelector (/opt/homebrew/lib/node_modules/markbind-cli/node_modules/css-what/index.js:152:13)
    at parse (/opt/homebrew/lib/node_modules/markbind-cli/node_modules/css-what/index.js:82:13)
    at compileUnsafe (/opt/homebrew/lib/node_modules/markbind-cli/node_modules/css-select/lib/compile.js:31:14)
    at select (/opt/homebrew/lib/node_modules/markbind-cli/node_modules/css-select/index.js:18:49)
    at CSSselect (/opt/homebrew/lib/node_modules/markbind-cli/node_modules/css-select/index.js:41:9)
    at exports.find (/opt/homebrew/lib/node_modules/markbind-cli/node_modules/cheerio/lib/api/traversing.js:40:21)
    at module.exports (/opt/homebrew/lib/node_modules/markbind-cli/node_modules/cheerio/lib/cheerio.js:86:18)
    at new initialize (/opt/homebrew/lib/node_modules/markbind-cli/node_modules/cheerio/lib/static.js:29:20)
    at initialize (/opt/homebrew/lib/node_modules/markbind-cli/node_modules/cheerio/lib/static.js:26:14)
2026-08-03T17:37:13.775Z - [36mverbose[39m: Rendering page: /Users/damithch/Repos/nus-cs2103/cs2103-website-base/admin/ip-w2.md
2026-08-03T17:37:13.812Z - [32minfo[39m: Site data built
2026-08-03T17:37:13.812Z - [32minfo[39m: Pages rebuilt
2026-08-03T17:37:13.812Z - [32minfo[39m: Website regeneration complete! Total build time: 1.153s
2026-08-03T17:37:16.366Z - [32minfo[39m: [01:37:16] Reload for file change: /Users/damithch/Repos/nus-cs2103/cs2103-website-base/admin/ip-tasks-fragment.md
2026-08-03T17:37:16.367Z - [32minfo[39m: Synchronizing opened pages list before reload
2026-08-03T17:37:16.368Z - [32minfo[39m: Current opened pages, from most-to-least recent:
2026-08-03T17:37:16.368Z - [32minfo[39m: 1. admin/ip-w2
2026-08-03T17:37:17.376Z - [32minfo[39m: Rebuilding 1 pages
2026-08-03T17:37:17.744Z - [31merror[39m: No such segment '#policy-reuse' in file: /Users/damithch/Repos/nus-cs2103/cs2103-website-base/admin/courseExpectations.md
Missing reference in /Users/damithch/Repos/nus-cs2103/cs2103-website-base/admin/ip-tasks-fragment.md
2026-08-03T17:37:18.381Z - [36mverbose[39m: Rendering page: /Users/damithch/Repos/nus-cs2103/cs2103-website-base/admin/ip-w2.md
2026-08-03T17:37:18.408Z - [32minfo[39m: Site data built
2026-08-03T17:37:18.408Z - [32minfo[39m: Pages rebuilt
2026-08-03T17:37:18.408Z - [32minfo[39m: Website regeneration complete! Total build time: 1.036s
2026-08-03T17:37:59.256Z - [32minfo[39m: [01:37:59] Reload for file change: /Users/damithch/Repos/nus-cs2103/cs2103-website-base/admin/ip-tasks-fragment.md
2026-08-03T17:37:59.258Z - [32minfo[39m: Synchronizing opened pages list before reload
2026-08-03T17:37:59.259Z - [32minfo[39m: Current opened pages, from most-to-least recent:
2026-08-03T17:37:59.261Z - [32minfo[39m: 1. admin/ip-w2
2026-08-03T17:38:00.267Z - [32minfo[39m: Rebuilding 1 pages
2026-08-03T17:38:00.676Z - [31merror[39m: No such segment '#policy-reuse' in file: /Users/damithch/Repos/nus-cs2103/cs2103-website-base/admin/courseExpectations.md
Missing reference in /Users/damithch/Repos/nus-cs2103/cs2103-website-base/admin/ip-tasks-fragment.md
2026-08-03T17:38:01.281Z - [36mverbose[39m: Rendering page: /Users/damithch/Repos/nus-cs2103/cs2103-website-base/admin/ip-w2.md
2026-08-03T17:38:01.309Z - [32minfo[39m: Site data built
2026-08-03T17:38:01.309Z - [32minfo[39m: Pages rebuilt
2026-08-03T17:38:01.309Z - [32minfo[39m: Website regeneration complete! Total build time: 1.046s
2026-08-03T17:38:08.230Z - [32minfo[39m: [01:38:08] Reload for file change: /Users/damithch/Repos/nus-cs2103/cs2103-website-base/admin/ip-tasks-fragment.md
2026-08-03T17:38:08.234Z - [32minfo[39m: Synchronizing opened pages list before reload
2026-08-03T17:38:08.236Z - [32minfo[39m: Current opened pages, from most-to-least recent:
2026-08-03T17:38:08.236Z - [32minfo[39m: 1. admin/ip-w2
2026-08-03T17:38:09.244Z - [32minfo[39m: Rebuilding 1 pages
2026-08-03T17:38:09.580Z - [31merror[39m: No such segment '#policy-reuse' in file: /Users/damithch/Repos/nus-cs2103/cs2103-website-base/admin/courseExpectations.md
Missing reference in /Users/damithch/Repos/nus-cs2103/cs2103-website-base/admin/ip-tasks-fragment.md
2026-08-03T17:38:10.121Z - [36mverbose[39m: Rendering page: /Users/damithch/Repos/nus-cs2103/cs2103-website-base/admin/ip-w2.md
2026-08-03T17:38:10.148Z - [32minfo[39m: Site data built
2026-08-03T17:38:10.148Z - [32minfo[39m: Pages rebuilt
2026-08-03T17:38:10.149Z - [32minfo[39m: Website regeneration complete! Total build time: 0.91s
2026-08-03T17:38:48.225Z - [32minfo[39m: [01:38:48] Reload for file change: /Users/damithch/Repos/nus-cs2103/cs2103-website-base/admin/ip-tasks-fragment.md
2026-08-03T17:38:48.226Z - [32minfo[39m: Synchronizing opened pages list before reload
2026-08-03T17:38:48.227Z - [32minfo[39m: Current opened pages, from most-to-least recent:
2026-08-03T17:38:48.227Z - [32minfo[39m: 1. admin/ip-w2
2026-08-03T17:38:49.239Z - [32minfo[39m: Rebuilding 1 pages
2026-08-03T17:38:50.331Z - [36mverbose[39m: Rendering page: /Users/damithch/Repos/nus-cs2103/cs2103-website-base/admin/ip-w2.md
2026-08-03T17:38:50.361Z - [32minfo[39m: Site data built
2026-08-03T17:38:50.361Z - [32minfo[39m: Pages rebuilt
2026-08-03T17:38:50.361Z - [32minfo[39m: Website regeneration complete! Total build time: 1.129s
2026-08-03T17:39:39.868Z - [32minfo[39m: [01:39:39] Reload for file change: /Users/damithch/Repos/nus-cs2103/cs2103-website-base/admin/courseExpectations.md
2026-08-03T17:39:39.883Z - [32minfo[39m: Synchronizing opened pages list before reload
2026-08-03T17:39:39.887Z - [32minfo[39m: Current opened pages, from most-to-least recent:
2026-08-03T17:39:39.888Z - [32minfo[39m: 1. admin/ip-w2
2026-08-03T17:39:40.895Z - [32minfo[39m: Rebuilding 1 pages
2026-08-03T17:39:41.915Z - [36mverbose[39m: Rendering page: /Users/damithch/Repos/nus-cs2103/cs2103-website-base/admin/ip-w2.md
2026-08-03T17:39:41.943Z - [32minfo[39m: Site data built
2026-08-03T17:39:41.943Z - [32minfo[39m: Pages rebuilt
2026-08-03T17:39:41.943Z - [32minfo[39m: Website regeneration complete! Total build time: 1.052s
2026-08-03T17:39:58.360Z - [32minfo[39m: [01:39:58] Reload for file change: /Users/damithch/Repos/nus-cs2103/cs2103-website-base/admin/ip-tasks-fragment.md
2026-08-03T17:39:58.361Z - [32minfo[39m: Synchronizing opened pages list before reload
2026-08-03T17:39:58.361Z - [32minfo[39m: Current opened pages, from most-to-least recent:
2026-08-03T17:39:58.361Z - [32minfo[39m: 1. admin/ip-w2
2026-08-03T17:39:59.368Z - [32minfo[39m: Rebuilding 1 pages
2026-08-03T17:40:00.423Z - [36mverbose[39m: Rendering page: /Users/damithch/Repos/nus-cs2103/cs2103-website-base/admin/ip-w2.md
2026-08-03T17:40:00.457Z - [32minfo[39m: Site data built
2026-08-03T17:40:00.457Z - [32minfo[39m: Pages rebuilt
2026-08-03T17:40:00.457Z - [32minfo[39m: Website regeneration complete! Total build time: 1.092s
2026-08-03T17:59:14.393Z - [32minfo[39m: [01:59:14] Reload for file add: /Users/damithch/Repos/nus-cs2103/cs2103-website-base/projectDuke/Level-0-fragment.md
2026-08-03T17:59:14.396Z - [32minfo[39m: Synchronizing opened pages list before reload
2026-08-03T17:59:14.396Z - [32minfo[39m: Current opened pages, from most-to-least recent:
2026-08-03T17:59:14.397Z - [32minfo[39m: 1. admin/ip-w2
2026-08-03T17:59:15.680Z - [32minfo[39m: Assets built
2026-08-03T18:01:05.260Z - [32minfo[39m: [02:01:05] Reload for file change: /Users/damithch/Repos/nus-cs2103/cs2103-website-base/projectDuke/Level-0-fragment.md
2026-08-03T18:01:05.262Z - [32minfo[39m: Synchronizing opened pages list before reload
2026-08-03T18:01:05.264Z - [32minfo[39m: Current opened pages, from most-to-least recent:
2026-08-03T18:01:05.265Z - [32minfo[39m: 1. admin/ip-w2
2026-08-03T18:01:05.297Z - [32minfo[39m: [02:01:05] Reload for file change: /Users/damithch/Repos/nus-cs2103/cs2103-website-base/projectDuke/text.md
2026-08-03T18:01:05.297Z - [32minfo[39m: Synchronizing opened pages list before reload
2026-08-03T18:01:05.297Z - [32minfo[39m: Current opened pages, from most-to-least recent:
2026-08-03T18:01:05.297Z - [32minfo[39m: 1. admin/ip-w2
2026-08-03T18:01:06.275Z - [32minfo[39m: Assets built
2026-08-03T18:01:06.317Z - [32minfo[39m: Rebuilding 1 pages
2026-08-03T18:01:07.368Z - [36mverbose[39m: Rendering page: /Users/damithch/Repos/nus-cs2103/cs2103-website-base/admin/ip-w2.md
2026-08-03T18:01:07.405Z - [32minfo[39m: Site data built
2026-08-03T18:01:07.405Z - [32minfo[39m: Pages rebuilt
2026-08-03T18:01:07.405Z - [32minfo[39m: Website regeneration complete! Total build time: 1.104s
2026-08-03T18:01:14.802Z - [32minfo[39m: Building /Users/damithch/Repos/nus-cs2103/cs2103-website-base/admin/ip-overview as some of its dependencies were changed since the last visit
2026-08-03T18:01:14.898Z - [36mverbose[39m: Rendering page: /Users/damithch/Repos/nus-cs2103/cs2103-website-base/admin/ip-overview.md
2026-08-03T18:01:14.908Z - [32minfo[39m: Site data built
2026-08-03T18:01:14.908Z - [32minfo[39m: Lazy website regeneration complete! Total build time: 0.106s
2026-08-03T18:01:31.397Z - [32minfo[39m: Building /Users/damithch/Repos/nus-cs2103/cs2103-website-base/projectDuke/index as some of its dependencies were changed since the last visit
2026-08-03T18:01:31.748Z - [36mverbose[39m: Rendering page: /Users/damithch/Repos/nus-cs2103/cs2103-website-base/projectDuke/index.md
2026-08-03T18:01:31.772Z - [32minfo[39m: Site data built
2026-08-03T18:01:31.772Z - [32minfo[39m: Lazy website regeneration complete! Total build time: 0.376s
2026-08-03T18:02:29.846Z - [32minfo[39m: [02:02:29] Reload for file change: /Users/damithch/Repos/nus-cs2103/cs2103-website-base/projectDuke/text.md
2026-08-03T18:02:29.848Z - [32minfo[39m: Synchronizing opened pages list before reload
2026-08-03T18:02:29.849Z - [32minfo[39m: Current opened pages, from most-to-least recent:
2026-08-03T18:02:29.849Z - [32minfo[39m: 1. projectDuke/index
2026-08-03T18:02:30.856Z - [32minfo[39m: Rebuilding 1 pages
2026-08-03T18:02:31.084Z - [36mverbose[39m: Rendering page: /Users/damithch/Repos/nus-cs2103/cs2103-website-base/projectDuke/index.md
2026-08-03T18:02:31.109Z - [32minfo[39m: Site data built
2026-08-03T18:02:31.109Z - [32minfo[39m: Pages rebuilt
2026-08-03T18:02:31.109Z - [32minfo[39m: Website regeneration complete! Total build time: 0.258s
2026-08-03T18:06:18.850Z - [32minfo[39m: [02:06:18] Reload for file change: /Users/damithch/Repos/nus-cs2103/cs2103-website-base/projectDuke/Level-0-fragment.md
2026-08-03T18:06:18.881Z - [32minfo[39m: Synchronizing opened pages list before reload
2026-08-03T18:06:18.882Z - [32minfo[39m: Current opened pages, from most-to-least recent:
2026-08-03T18:06:18.882Z - [32minfo[39m: 1. projectDuke/index
2026-08-03T18:06:19.892Z - [32minfo[39m: Rebuilding 1 pages
2026-08-03T18:06:20.214Z - [36mverbose[39m: Rendering page: /Users/damithch/Repos/nus-cs2103/cs2103-website-base/projectDuke/index.md
2026-08-03T18:06:20.241Z - [32minfo[39m: Site data built
2026-08-03T18:06:20.241Z - [32minfo[39m: Pages rebuilt
2026-08-03T18:06:20.241Z - [32minfo[39m: Website regeneration complete! Total build time: 0.356s
2026-08-03T18:51:42.122Z - [32minfo[39m: [02:51:42] Reload for file change: /Users/damithch/Repos/nus-cs2103/cs2103-website-base/projectDuke/text.md
2026-08-03T18:51:42.125Z - [32minfo[39m: Synchronizing opened pages list before reload
2026-08-03T18:51:42.126Z - [32minfo[39m: Current opened pages, from most-to-least recent:
2026-08-03T18:51:42.126Z - [32minfo[39m: 1. projectDuke/index
2026-08-03T18:51:43.145Z - [32minfo[39m: Rebuilding 1 pages
2026-08-03T18:51:43.436Z - [36mverbose[39m: Rendering page: /Users/damithch/Repos/nus-cs2103/cs2103-website-base/projectDuke/index.md
2026-08-03T18:51:43.462Z - [32minfo[39m: Site data built
2026-08-03T18:51:43.462Z - [32minfo[39m: Pages rebuilt
2026-08-03T18:51:43.462Z - [32minfo[39m: Website regeneration complete! Total build time: 0.333s
2026-08-03T18:57:23.184Z - [32minfo[39m: [02:57:23] Reload for file change: /Users/damithch/Repos/nus-cs2103/cs2103-website-base/projectDuke/Level-0-fragment.md
2026-08-03T18:57:23.188Z - [32minfo[39m: Synchronizing opened pages list before reload
2026-08-03T18:57:23.189Z - [32minfo[39m: Current opened pages, from most-to-least recent:
2026-08-03T18:57:23.189Z - [32minfo[39m: 1. projectDuke/index
2026-08-03T18:57:24.211Z - [32minfo[39m: Rebuilding 1 pages
2026-08-03T18:57:24.538Z - [36mverbose[39m: Rendering page: /Users/damithch/Repos/nus-cs2103/cs2103-website-base/projectDuke/index.md
2026-08-03T18:57:24.562Z - [32minfo[39m: Site data built
2026-08-03T18:57:24.562Z - [32minfo[39m: Pages rebuilt
2026-08-03T18:57:24.562Z - [32minfo[39m: Website regeneration complete! Total build time: 0.371s
2026-08-03T18:58:49.824Z - [32minfo[39m: [02:58:49] Reload for file change: /Users/damithch/Repos/nus-cs2103/cs2103-website-base/projectDuke/Level-0-fragment.md
2026-08-03T18:58:49.826Z - [32minfo[39m: Synchronizing opened pages list before reload
2026-08-03T18:58:49.826Z - [32minfo[39m: Current opened pages, from most-to-least recent:
2026-08-03T18:58:49.826Z - [32minfo[39m: 1. projectDuke/index
2026-08-03T18:58:50.838Z - [32minfo[39m: Rebuilding 1 pages
2026-08-03T18:58:51.136Z - [36mverbose[39m: Rendering page: /Users/damithch/Repos/nus-cs2103/cs2103-website-base/projectDuke/index.md
2026-08-03T18:58:51.160Z - [32minfo[39m: Site data built
2026-08-03T18:58:51.160Z - [32minfo[39m: Pages rebuilt
2026-08-03T18:58:51.160Z - [32minfo[39m: Website regeneration complete! Total build time: 0.327s
2026-08-03T18:59:17.011Z - [32minfo[39m: [02:59:16] Reload for file change: /Users/damithch/Repos/nus-cs2103/cs2103-website-base/projectDuke/Level-0-fragment.md
2026-08-03T18:59:17.030Z - [32minfo[39m: Synchronizing opened pages list before reload
2026-08-03T18:59:17.039Z - [32minfo[39m: Current opened pages, from most-to-least recent:
2026-08-03T18:59:17.040Z - [32minfo[39m: 1. projectDuke/index
2026-08-03T18:59:18.050Z - [32minfo[39m: Rebuilding 1 pages
2026-08-03T18:59:18.378Z - [36mverbose[39m: Rendering page: /Users/damithch/Repos/nus-cs2103/cs2103-website-base/projectDuke/index.md
2026-08-03T18:59:18.401Z - [32minfo[39m: Site data built
2026-08-03T18:59:18.401Z - [32minfo[39m: Pages rebuilt
2026-08-03T18:59:18.401Z - [32minfo[39m: Website regeneration complete! Total build time: 0.357s
2026-08-03T19:01:15.031Z - [32minfo[39m: [03:01:15] Reload for file change: /Users/damithch/Repos/nus-cs2103/cs2103-website-base/projectDuke/Level-0-fragment.md
2026-08-03T19:01:15.033Z - [32minfo[39m: Synchronizing opened pages list before reload
2026-08-03T19:01:15.039Z - [32minfo[39m: Current opened pages, from most-to-least recent:
2026-08-03T19:01:15.040Z - [32minfo[39m: 1. projectDuke/index
2026-08-03T19:01:16.045Z - [32minfo[39m: Rebuilding 1 pages
2026-08-03T19:01:16.312Z - [36mverbose[39m: Rendering page: /Users/damithch/Repos/nus-cs2103/cs2103-website-base/projectDuke/index.md
2026-08-03T19:01:16.336Z - [32minfo[39m: Site data built
2026-08-03T19:01:16.336Z - [32minfo[39m: Pages rebuilt
2026-08-03T19:01:16.336Z - [32minfo[39m: Website regeneration complete! Total build time: 0.294s
2026-08-03T19:02:26.342Z - [32minfo[39m: [03:02:26] Reload for file change: /Users/damithch/Repos/nus-cs2103/cs2103-website-base/projectDuke/Level-0-fragment.md
2026-08-03T19:02:26.345Z - [32minfo[39m: Synchronizing opened pages list before reload
2026-08-03T19:02:26.346Z - [32minfo[39m: Current opened pages, from most-to-least recent:
2026-08-03T19:02:26.347Z - [32minfo[39m: 1. projectDuke/index
2026-08-03T19:02:27.357Z - [32minfo[39m: Rebuilding 1 pages
2026-08-03T19:02:27.636Z - [36mverbose[39m: Rendering page: /Users/damithch/Repos/nus-cs2103/cs2103-website-base/projectDuke/index.md
2026-08-03T19:02:27.659Z - [32minfo[39m: Site data built
2026-08-03T19:02:27.659Z - [32minfo[39m: Pages rebuilt
2026-08-03T19:02:27.659Z - [32minfo[39m: Website regeneration complete! Total build time: 0.309s
2026-08-03T19:02:42.406Z - [32minfo[39m: [03:02:42] Reload for file change: /Users/damithch/Repos/nus-cs2103/cs2103-website-base/projectDuke/Level-0-fragment.md
2026-08-03T19:02:42.410Z - [32minfo[39m: Synchronizing opened pages list before reload
2026-08-03T19:02:42.413Z - [32minfo[39m: Current opened pages, from most-to-least recent:
2026-08-03T19:02:42.416Z - [32minfo[39m: 1. projectDuke/index
2026-08-03T19:02:43.423Z - [32minfo[39m: Rebuilding 1 pages
2026-08-03T19:02:43.705Z - [36mverbose[39m: Rendering page: /Users/damithch/Repos/nus-cs2103/cs2103-website-base/projectDuke/index.md
2026-08-03T19:02:43.727Z - [32minfo[39m: Site data built
2026-08-03T19:02:43.727Z - [32minfo[39m: Pages rebuilt
2026-08-03T19:02:43.727Z - [32minfo[39m: Website regeneration complete! Total build time: 0.308s
2026-08-03T19:02:48.742Z - [32minfo[39m: [03:02:48] Reload for file change: /Users/damithch/Repos/nus-cs2103/cs2103-website-base/projectDuke/Level-0-fragment.md
2026-08-03T19:02:48.742Z - [32minfo[39m: Synchronizing opened pages list before reload
2026-08-03T19:02:48.742Z - [32minfo[39m: Current opened pages, from most-to-least recent:
2026-08-03T19:02:48.742Z - [32minfo[39m: 1. projectDuke/index
2026-08-03T19:02:49.748Z - [32minfo[39m: Rebuilding 1 pages
2026-08-03T19:02:49.974Z - [36mverbose[39m: Rendering page: /Users/damithch/Repos/nus-cs2103/cs2103-website-base/projectDuke/index.md
2026-08-03T19:02:50.006Z - [32minfo[39m: Site data built
2026-08-03T19:02:50.006Z - [32minfo[39m: Pages rebuilt
2026-08-03T19:02:50.006Z - [32minfo[39m: Website regeneration complete! Total build time: 0.26s
2026-08-03T19:02:56.811Z - [32minfo[39m: [03:02:56] Reload for file change: /Users/damithch/Repos/nus-cs2103/cs2103-website-base/projectDuke/Level-0-fragment.md
2026-08-03T19:02:56.812Z - [32minfo[39m: Synchronizing opened pages list before reload
2026-08-03T19:02:56.813Z - [32minfo[39m: Current opened pages, from most-to-least recent:
2026-08-03T19:02:56.813Z - [32minfo[39m: 1. projectDuke/index
2026-08-03T19:02:57.822Z - [32minfo[39m: Rebuilding 1 pages
2026-08-03T19:02:58.064Z - [36mverbose[39m: Rendering page: /Users/damithch/Repos/nus-cs2103/cs2103-website-base/projectDuke/index.md
2026-08-03T19:02:58.096Z - [32minfo[39m: Site data built
2026-08-03T19:02:58.096Z - [32minfo[39m: Pages rebuilt
2026-08-03T19:02:58.096Z - [32minfo[39m: Website regeneration complete! Total build time: 0.281s
2026-08-03T19:04:42.732Z - [32minfo[39m: [03:04:42] Reload for file change: /Users/damithch/Repos/nus-cs2103/cs2103-website-base/projectDuke/Level-0-fragment.md
2026-08-03T19:04:42.734Z - [32minfo[39m: Synchronizing opened pages list before reload
2026-08-03T19:04:42.734Z - [32minfo[39m: Current opened pages, from most-to-least recent:
2026-08-03T19:04:42.735Z - [32minfo[39m: 1. projectDuke/index
2026-08-03T19:04:43.746Z - [32minfo[39m: Rebuilding 1 pages
2026-08-03T19:04:44.057Z - [36mverbose[39m: Rendering page: /Users/damithch/Repos/nus-cs2103/cs2103-website-base/projectDuke/index.md
2026-08-03T19:04:44.081Z - [32minfo[39m: Site data built
2026-08-03T19:04:44.081Z - [32minfo[39m: Pages rebuilt
2026-08-03T19:04:44.081Z - [32minfo[39m: Website regeneration complete! Total build time: 0.342s
2026-08-03T19:09:35.591Z - [32minfo[39m: [03:09:35] Reload for file change: /Users/damithch/Repos/nus-cs2103/cs2103-website-base/projectDuke/Level-0-fragment.md
2026-08-03T19:09:35.597Z - [32minfo[39m: Synchronizing opened pages list before reload
2026-08-03T19:09:35.597Z - [32minfo[39m: Current opened pages, from most-to-least recent:
2026-08-03T19:09:35.597Z - [32minfo[39m: 1. projectDuke/index
2026-08-03T19:09:36.617Z - [32minfo[39m: Rebuilding 1 pages
2026-08-03T19:09:36.926Z - [36mverbose[39m: Rendering page: /Users/damithch/Repos/nus-cs2103/cs2103-website-base/projectDuke/index.md
2026-08-03T19:09:36.957Z - [32minfo[39m: Site data built
2026-08-03T19:09:36.958Z - [32minfo[39m: Pages rebuilt
2026-08-03T19:09:36.958Z - [32minfo[39m: Website regeneration complete! Total build time: 0.359s
2026-08-03T19:10:14.870Z - [32minfo[39m: [03:10:14] Reload for file change: /Users/damithch/Repos/nus-cs2103/cs2103-website-base/projectDuke/Level-0-fragment.md
2026-08-03T19:10:14.879Z - [32minfo[39m: Synchronizing opened pages list before reload
2026-08-03T19:10:14.880Z - [32minfo[39m: Current opened pages, from most-to-least recent:
2026-08-03T19:10:14.880Z - [32minfo[39m: 1. projectDuke/index
2026-08-03T19:10:15.908Z - [32minfo[39m: Rebuilding 1 pages
2026-08-03T19:10:16.206Z - [36mverbose[39m: Rendering page: /Users/damithch/Repos/nus-cs2103/cs2103-website-base/projectDuke/index.md
2026-08-03T19:10:16.231Z - [32minfo[39m: Site data built
2026-08-03T19:10:16.231Z - [32minfo[39m: Pages rebuilt
2026-08-03T19:10:16.231Z - [32minfo[39m: Website regeneration complete! Total build time: 0.347s
2026-08-03T19:11:20.269Z - [32minfo[39m: [03:11:20] Reload for file change: /Users/damithch/Repos/nus-cs2103/cs2103-website-base/projectDuke/Level-0-fragment.md
2026-08-03T19:11:20.271Z - [32minfo[39m: Synchronizing opened pages list before reload
2026-08-03T19:11:20.271Z - [32minfo[39m: Current opened pages, from most-to-least recent:
2026-08-03T19:11:20.272Z - [32minfo[39m: 1. projectDuke/index
2026-08-03T19:11:21.279Z - [32minfo[39m: Rebuilding 1 pages
2026-08-03T19:11:21.565Z - [36mverbose[39m: Rendering page: /Users/damithch/Repos/nus-cs2103/cs2103-website-base/projectDuke/index.md
2026-08-03T19:11:21.589Z - [32minfo[39m: Site data built
2026-08-03T19:11:21.589Z - [32minfo[39m: Pages rebuilt
2026-08-03T19:11:21.589Z - [32minfo[39m: Website regeneration complete! Total build time: 0.314s
2026-08-03T19:11:30.841Z - [32minfo[39m: [03:11:30] Reload for file change: /Users/damithch/Repos/nus-cs2103/cs2103-website-base/projectDuke/Level-0-fragment.md
2026-08-03T19:11:30.842Z - [32minfo[39m: Synchronizing opened pages list before reload
2026-08-03T19:11:30.842Z - [32minfo[39m: Current opened pages, from most-to-least recent:
2026-08-03T19:11:30.842Z - [32minfo[39m: 1. projectDuke/index
2026-08-03T19:11:31.850Z - [32minfo[39m: Rebuilding 1 pages
2026-08-03T19:11:32.112Z - [36mverbose[39m: Rendering page: /Users/damithch/Repos/nus-cs2103/cs2103-website-base/projectDuke/index.md
2026-08-03T19:11:32.134Z - [32minfo[39m: Site data built
2026-08-03T19:11:32.134Z - [32minfo[39m: Pages rebuilt
2026-08-03T19:11:32.134Z - [32minfo[39m: Website regeneration complete! Total build time: 0.286s
2026-08-03T19:11:48.861Z - [32minfo[39m: [03:11:48] Reload for file change: /Users/damithch/Repos/nus-cs2103/cs2103-website-base/projectDuke/Level-0-fragment.md
2026-08-03T19:11:48.869Z - [32minfo[39m: Synchronizing opened pages list before reload
2026-08-03T19:11:48.869Z - [32minfo[39m: Current opened pages, from most-to-least recent:
2026-08-03T19:11:48.869Z - [32minfo[39m: 1. projectDuke/index
2026-08-03T19:11:49.877Z - [32minfo[39m: Rebuilding 1 pages
2026-08-03T19:11:50.200Z - [36mverbose[39m: Rendering page: /Users/damithch/Repos/nus-cs2103/cs2103-website-base/projectDuke/index.md
2026-08-03T19:11:50.221Z - [32minfo[39m: Site data built
2026-08-03T19:11:50.221Z - [32minfo[39m: Pages rebuilt
2026-08-03T19:11:50.221Z - [32minfo[39m: Website regeneration complete! Total build time: 0.348s
2026-08-03T19:12:41.365Z - [32minfo[39m: [03:12:41] Reload for file change: /Users/damithch/Repos/nus-cs2103/cs2103-website-base/projectDuke/Level-0-fragment.md
2026-08-03T19:12:41.366Z - [32minfo[39m: Synchronizing opened pages list before reload
2026-08-03T19:12:41.367Z - [32minfo[39m: Current opened pages, from most-to-least recent:
2026-08-03T19:12:41.367Z - [32minfo[39m: 1. projectDuke/index
2026-08-03T19:12:42.375Z - [32minfo[39m: Rebuilding 1 pages
2026-08-03T19:12:42.686Z - [36mverbose[39m: Rendering page: /Users/damithch/Repos/nus-cs2103/cs2103-website-base/projectDuke/index.md
2026-08-03T19:12:42.710Z - [32minfo[39m: Site data built
2026-08-03T19:12:42.710Z - [32minfo[39m: Pages rebuilt
2026-08-03T19:12:42.710Z - [32minfo[39m: Website regeneration complete! Total build time: 0.341s
2026-08-03T19:13:00.057Z - [32minfo[39m: [03:13:00] Reload for file change: /Users/damithch/Repos/nus-cs2103/cs2103-website-base/projectDuke/Level-0-fragment.md
2026-08-03T19:13:00.057Z - [32minfo[39m: Synchronizing opened pages list before reload
2026-08-03T19:13:00.057Z - [32minfo[39m: Current opened pages, from most-to-least recent:
2026-08-03T19:13:00.057Z - [32minfo[39m: 1. projectDuke/index
2026-08-03T19:13:01.058Z - [32minfo[39m: Rebuilding 1 pages
2026-08-03T19:13:01.309Z - [36mverbose[39m: Rendering page: /Users/damithch/Repos/nus-cs2103/cs2103-website-base/projectDuke/index.md
2026-08-03T19:13:01.331Z - [32minfo[39m: Site data built
2026-08-03T19:13:01.331Z - [32minfo[39m: Pages rebuilt
2026-08-03T19:13:01.331Z - [32minfo[39m: Website regeneration complete! Total build time: 0.274s
2026-08-03T19:14:19.608Z - [32minfo[39m: [03:14:19] Reload for file change: /Users/damithch/Repos/nus-cs2103/cs2103-website-base/projectDuke/Level-0-fragment.md
2026-08-03T19:14:19.611Z - [32minfo[39m: Synchronizing opened pages list before reload
2026-08-03T19:14:19.611Z - [32minfo[39m: Current opened pages, from most-to-least recent:
2026-08-03T19:14:19.611Z - [32minfo[39m: 1. projectDuke/index
2026-08-03T19:14:20.615Z - [32minfo[39m: Rebuilding 1 pages
2026-08-03T19:14:20.907Z - [36mverbose[39m: Rendering page: /Users/damithch/Repos/nus-cs2103/cs2103-website-base/projectDuke/index.md
2026-08-03T19:14:20.931Z - [32minfo[39m: Site data built
2026-08-03T19:14:20.931Z - [32minfo[39m: Pages rebuilt
2026-08-03T19:14:20.931Z - [32minfo[39m: Website regeneration complete! Total build time: 0.318s
2026-08-03T19:15:07.427Z - [32minfo[39m: [03:15:07] Reload for file change: /Users/damithch/Repos/nus-cs2103/cs2103-website-base/projectDuke/Level-0-fragment.md
2026-08-03T19:15:07.431Z - [32minfo[39m: Synchronizing opened pages list before reload
2026-08-03T19:15:07.434Z - [32minfo[39m: Current opened pages, from most-to-least recent:
2026-08-03T19:15:07.435Z - [32minfo[39m: 1. projectDuke/index
2026-08-03T19:15:08.440Z - [32minfo[39m: Rebuilding 1 pages
2026-08-03T19:15:08.747Z - [36mverbose[39m: Rendering page: /Users/damithch/Repos/nus-cs2103/cs2103-website-base/projectDuke/index.md
2026-08-03T19:15:08.805Z - [32minfo[39m: Site data built
2026-08-03T19:15:08.805Z - [32minfo[39m: Pages rebuilt
2026-08-03T19:15:08.805Z - [32minfo[39m: Website regeneration complete! Total build time: 0.368s
2026-08-03T19:15:16.827Z - [32minfo[39m: [03:15:16] Reload for file change: /Users/damithch/Repos/nus-cs2103/cs2103-website-base/projectDuke/Level-0-fragment.md
2026-08-03T19:15:16.828Z - [32minfo[39m: Synchronizing opened pages list before reload
2026-08-03T19:15:16.829Z - [32minfo[39m: Current opened pages, from most-to-least recent:
2026-08-03T19:15:16.829Z - [32minfo[39m: 1. projectDuke/index
2026-08-03T19:15:17.835Z - [32minfo[39m: Rebuilding 1 pages
2026-08-03T19:15:18.054Z - [36mverbose[39m: Rendering page: /Users/damithch/Repos/nus-cs2103/cs2103-website-base/projectDuke/index.md
2026-08-03T19:15:18.079Z - [32minfo[39m: Site data built
2026-08-03T19:15:18.079Z - [32minfo[39m: Pages rebuilt
2026-08-03T19:15:18.079Z - [32minfo[39m: Website regeneration complete! Total build time: 0.248s
2026-08-03T19:15:33.350Z - [32minfo[39m: [03:15:33] Reload for file change: /Users/damithch/Repos/nus-cs2103/cs2103-website-base/projectDuke/Level-0-fragment.md
2026-08-03T19:15:33.351Z - [32minfo[39m: Synchronizing opened pages list before reload
2026-08-03T19:15:33.352Z - [32minfo[39m: Current opened pages, from most-to-least recent:
2026-08-03T19:15:33.352Z - [32minfo[39m: 1. projectDuke/index
2026-08-03T19:15:34.361Z - [32minfo[39m: Rebuilding 1 pages
2026-08-03T19:15:34.674Z - [36mverbose[39m: Rendering page: /Users/damithch/Repos/nus-cs2103/cs2103-website-base/projectDuke/index.md
2026-08-03T19:15:34.698Z - [32minfo[39m: Site data built
2026-08-03T19:15:34.698Z - [32minfo[39m: Pages rebuilt
2026-08-03T19:15:34.698Z - [32minfo[39m: Website regeneration complete! Total build time: 0.34s
2026-08-03T19:16:52.439Z - [32minfo[39m: [03:16:52] Reload for file change: /Users/damithch/Repos/nus-cs2103/cs2103-website-base/projectDuke/Level-0-fragment.md
2026-08-03T19:16:52.482Z - [32minfo[39m: Synchronizing opened pages list before reload
2026-08-03T19:16:52.486Z - [32minfo[39m: Current opened pages, from most-to-least recent:
2026-08-03T19:16:52.487Z - [32minfo[39m: 1. projectDuke/index
2026-08-03T19:16:53.494Z - [32minfo[39m: Rebuilding 1 pages
2026-08-03T19:16:53.785Z - [36mverbose[39m: Rendering page: /Users/damithch/Repos/nus-cs2103/cs2103-website-base/projectDuke/index.md
2026-08-03T19:16:53.808Z - [32minfo[39m: Site data built
2026-08-03T19:16:53.808Z - [32minfo[39m: Pages rebuilt
2026-08-03T19:16:53.808Z - [32minfo[39m: Website regeneration complete! Total build time: 0.319s
2026-08-03T19:18:06.139Z - [32minfo[39m: [03:18:06] Reload for file change: /Users/damithch/Repos/nus-cs2103/cs2103-website-base/projectDuke/Level-0-fragment.md
2026-08-03T19:18:06.141Z - [32minfo[39m: Synchronizing opened pages list before reload
2026-08-03T19:18:06.142Z - [32minfo[39m: Current opened pages, from most-to-least recent:
2026-08-03T19:18:06.142Z - [32minfo[39m: 1. projectDuke/index
2026-08-03T19:18:07.149Z - [32minfo[39m: Rebuilding 1 pages
2026-08-03T19:18:07.432Z - [36mverbose[39m: Rendering page: /Users/damithch/Repos/nus-cs2103/cs2103-website-base/projectDuke/index.md
2026-08-03T19:18:07.455Z - [32minfo[39m: Site data built
2026-08-03T19:18:07.455Z - [32minfo[39m: Pages rebuilt
2026-08-03T19:18:07.455Z - [32minfo[39m: Website regeneration complete! Total build time: 0.31s
2026-08-03T19:21:39.127Z - [32minfo[39m: [03:21:39] Reload for file change: /Users/damithch/Repos/nus-cs2103/cs2103-website-base/projectDuke/Level-0-fragment.md
2026-08-03T19:21:39.132Z - [32minfo[39m: Synchronizing opened pages list before reload
2026-08-03T19:21:39.132Z - [32minfo[39m: Current opened pages, from most-to-least recent:
2026-08-03T19:21:39.133Z - [32minfo[39m: 1. projectDuke/index
2026-08-03T19:21:40.159Z - [32minfo[39m: Rebuilding 1 pages
2026-08-03T19:21:40.541Z - [36mverbose[39m: Rendering page: /Users/damithch/Repos/nus-cs2103/cs2103-website-base/projectDuke/index.md
2026-08-03T19:21:40.583Z - [32minfo[39m: Site data built
2026-08-03T19:21:40.583Z - [32minfo[39m: Pages rebuilt
2026-08-03T19:21:40.583Z - [32minfo[39m: Website regeneration complete! Total build time: 0.445s
2026-08-03T19:26:20.124Z - [32minfo[39m: [03:26:20] Reload for file change: /Users/damithch/Repos/nus-cs2103/cs2103-website-base/projectDuke/Level-0-fragment.md
2026-08-03T19:26:20.129Z - [32minfo[39m: Synchronizing opened pages list before reload
2026-08-03T19:26:20.130Z - [32minfo[39m: Current opened pages, from most-to-least recent:
2026-08-03T19:26:20.131Z - [32minfo[39m: 1. projectDuke/index
2026-08-03T19:26:21.160Z - [32minfo[39m: Rebuilding 1 pages
2026-08-03T19:26:21.467Z - [36mverbose[39m: Rendering page: /Users/damithch/Repos/nus-cs2103/cs2103-website-base/projectDuke/index.md
2026-08-03T19:26:21.490Z - [32minfo[39m: Site data built
2026-08-03T19:26:21.490Z - [32minfo[39m: Pages rebuilt
2026-08-03T19:26:21.490Z - [32minfo[39m: Website regeneration complete! Total build time: 0.355s
2026-08-03T19:26:32.066Z - [32minfo[39m: [03:26:32] Reload for file change: /Users/damithch/Repos/nus-cs2103/cs2103-website-base/projectDuke/Level-0-fragment.md
2026-08-03T19:26:32.071Z - [32minfo[39m: Synchronizing opened pages list before reload
2026-08-03T19:26:32.072Z - [32minfo[39m: Current opened pages, from most-to-least recent:
2026-08-03T19:26:32.072Z - [32minfo[39m: 1. projectDuke/index
2026-08-03T19:26:33.077Z - [32minfo[39m: Rebuilding 1 pages
2026-08-03T19:26:33.314Z - [36mverbose[39m: Rendering page: /Users/damithch/Repos/nus-cs2103/cs2103-website-base/projectDuke/index.md
2026-08-03T19:26:33.335Z - [32minfo[39m: Site data built
2026-08-03T19:26:33.335Z - [32minfo[39m: Pages rebuilt
2026-08-03T19:26:33.335Z - [32minfo[39m: Website regeneration complete! Total build time: 0.262s
2026-08-03T19:30:15.753Z - [32minfo[39m: [03:30:15] Reload for file change: /Users/damithch/Repos/nus-cs2103/cs2103-website-base/projectDuke/Level-0-fragment.md
2026-08-03T19:30:15.757Z - [32minfo[39m: Synchronizing opened pages list before reload
2026-08-03T19:30:15.758Z - [32minfo[39m: Current opened pages, from most-to-least recent:
2026-08-03T19:30:15.758Z - [32minfo[39m: 1. projectDuke/index
2026-08-03T19:30:16.771Z - [32minfo[39m: Rebuilding 1 pages
2026-08-03T19:30:17.051Z - [36mverbose[39m: Rendering page: /Users/damithch/Repos/nus-cs2103/cs2103-website-base/projectDuke/index.md
2026-08-03T19:30:17.077Z - [32minfo[39m: Site data built
2026-08-03T19:30:17.077Z - [32minfo[39m: Pages rebuilt
2026-08-03T19:30:17.077Z - [32minfo[39m: Website regeneration complete! Total build time: 0.31s
2026-08-03T19:30:45.223Z - [32minfo[39m: [03:30:45] Reload for file change: /Users/damithch/Repos/nus-cs2103/cs2103-website-base/projectDuke/Level-0-fragment.md
2026-08-03T19:30:45.224Z - [32minfo[39m: Synchronizing opened pages list before reload
2026-08-03T19:30:45.225Z - [32minfo[39m: Current opened pages, from most-to-least recent:
2026-08-03T19:30:45.225Z - [32minfo[39m: 1. projectDuke/index
2026-08-03T19:30:46.229Z - [32minfo[39m: Rebuilding 1 pages
2026-08-03T19:30:46.508Z - [36mverbose[39m: Rendering page: /Users/damithch/Repos/nus-cs2103/cs2103-website-base/projectDuke/index.md
2026-08-03T19:30:46.537Z - [32minfo[39m: Site data built
2026-08-03T19:30:46.537Z - [32minfo[39m: Pages rebuilt
2026-08-03T19:30:46.537Z - [32minfo[39m: Website regeneration complete! Total build time: 0.311s
2026-08-03T19:30:55.922Z - [32minfo[39m: [03:30:55] Reload for file change: /Users/damithch/Repos/nus-cs2103/cs2103-website-base/projectDuke/Level-0-fragment.md
2026-08-03T19:30:55.922Z - [32minfo[39m: Synchronizing opened pages list before reload
2026-08-03T19:30:55.922Z - [32minfo[39m: Current opened pages, from most-to-least recent:
2026-08-03T19:30:55.923Z - [32minfo[39m: 1. projectDuke/index
2026-08-03T19:30:56.925Z - [32minfo[39m: Rebuilding 1 pages
2026-08-03T19:30:57.184Z - [36mverbose[39m: Rendering page: /Users/damithch/Repos/nus-cs2103/cs2103-website-base/projectDuke/index.md
2026-08-03T19:30:57.206Z - [32minfo[39m: Site data built
2026-08-03T19:30:57.206Z - [32minfo[39m: Pages rebuilt
2026-08-03T19:30:57.206Z - [32minfo[39m: Website regeneration complete! Total build time: 0.282s
2026-08-03T19:31:07.115Z - [32minfo[39m: [03:31:07] Reload for file change: /Users/damithch/Repos/nus-cs2103/cs2103-website-base/projectDuke/Level-0-fragment.md
2026-08-03T19:31:07.115Z - [32minfo[39m: Synchronizing opened pages list before reload
2026-08-03T19:31:07.115Z - [32minfo[39m: Current opened pages, from most-to-least recent:
2026-08-03T19:31:07.115Z - [32minfo[39m: 1. projectDuke/index
2026-08-03T19:31:08.131Z - [32minfo[39m: Rebuilding 1 pages
2026-08-03T19:31:08.438Z - [36mverbose[39m: Rendering page: /Users/damithch/Repos/nus-cs2103/cs2103-website-base/projectDuke/index.md
2026-08-03T19:31:08.465Z - [32minfo[39m: Site data built
2026-08-03T19:31:08.465Z - [32minfo[39m: Pages rebuilt
2026-08-03T19:31:08.465Z - [32minfo[39m: Website regeneration complete! Total build time: 0.344s
2026-08-03T19:31:31.222Z - [32minfo[39m: [03:31:31] Reload for file change: /Users/damithch/Repos/nus-cs2103/cs2103-website-base/projectDuke/Level-0-fragment.md
2026-08-03T19:31:31.223Z - [32minfo[39m: Synchronizing opened pages list before reload
2026-08-03T19:31:31.223Z - [32minfo[39m: Current opened pages, from most-to-least recent:
2026-08-03T19:31:31.223Z - [32minfo[39m: 1. projectDuke/index
2026-08-03T19:31:32.234Z - [32minfo[39m: Rebuilding 1 pages
2026-08-03T19:31:32.505Z - [36mverbose[39m: Rendering page: /Users/damithch/Repos/nus-cs2103/cs2103-website-base/projectDuke/index.md
2026-08-03T19:31:32.531Z - [32minfo[39m: Site data built
2026-08-03T19:31:32.532Z - [32minfo[39m: Pages rebuilt
2026-08-03T19:31:32.532Z - [32minfo[39m: Website regeneration complete! Total build time: 0.306s
2026-08-03T19:33:13.232Z - [32minfo[39m: [03:33:13] Reload for file change: /Users/damithch/Repos/nus-cs2103/cs2103-website-base/projectDuke/Level-0-fragment.md
2026-08-03T19:33:13.234Z - [32minfo[39m: Synchronizing opened pages list before reload
2026-08-03T19:33:13.235Z - [32minfo[39m: Current opened pages, from most-to-least recent:
2026-08-03T19:33:13.235Z - [32minfo[39m: 1. projectDuke/index
2026-08-03T19:33:14.247Z - [32minfo[39m: Rebuilding 1 pages
2026-08-03T19:33:14.535Z - [36mverbose[39m: Rendering page: /Users/damithch/Repos/nus-cs2103/cs2103-website-base/projectDuke/index.md
2026-08-03T19:33:14.559Z - [32minfo[39m: Site data built
2026-08-03T19:33:14.559Z - [32minfo[39m: Pages rebuilt
2026-08-03T19:33:14.559Z - [32minfo[39m: Website regeneration complete! Total build time: 0.322s
2026-08-03T19:33:55.731Z - [32minfo[39m: [03:33:55] Reload for file change: /Users/damithch/Repos/nus-cs2103/cs2103-website-base/projectDuke/Level-0-fragment.md
2026-08-03T19:33:55.737Z - [32minfo[39m: Synchronizing opened pages list before reload
2026-08-03T19:33:55.743Z - [32minfo[39m: Current opened pages, from most-to-least recent:
2026-08-03T19:33:55.745Z - [32minfo[39m: 1. projectDuke/index
2026-08-03T19:33:56.754Z - [32minfo[39m: Rebuilding 1 pages
2026-08-03T19:33:57.029Z - [36mverbose[39m: Rendering page: /Users/damithch/Repos/nus-cs2103/cs2103-website-base/projectDuke/index.md
2026-08-03T19:33:57.053Z - [32minfo[39m: Site data built
2026-08-03T19:33:57.053Z - [32minfo[39m: Pages rebuilt
2026-08-03T19:33:57.053Z - [32minfo[39m: Website regeneration complete! Total build time: 0.303s
2026-08-03T19:37:12.912Z - [32minfo[39m: [03:37:12] Reload for file change: /Users/damithch/Repos/nus-cs2103/cs2103-website-base/projectDuke/Level-0-fragment.md
2026-08-03T19:37:12.917Z - [32minfo[39m: Synchronizing opened pages list before reload
2026-08-03T19:37:12.917Z - [32minfo[39m: Current opened pages, from most-to-least recent:
2026-08-03T19:37:12.917Z - [32minfo[39m: 1. projectDuke/index
2026-08-03T19:37:13.009Z - [32minfo[39m: [03:37:13] Reload for file change: /Users/damithch/Repos/nus-cs2103/cs2103-website-base/common/admin.njk
2026-08-03T19:37:13.009Z - [32minfo[39m: Synchronizing opened pages list before reload
2026-08-03T19:37:13.009Z - [32minfo[39m: Current opened pages, from most-to-least recent:
2026-08-03T19:37:13.009Z - [32minfo[39m: 1. projectDuke/index
2026-08-03T19:37:14.051Z - [32minfo[39m: Rebuilding 1 pages
2026-08-03T19:37:14.275Z - [36mverbose[39m: Rendering page: /Users/damithch/Repos/nus-cs2103/cs2103-website-base/projectDuke/index.md
2026-08-03T19:37:14.301Z - [32minfo[39m: Site data built
2026-08-03T19:37:14.301Z - [32minfo[39m: Pages rebuilt
2026-08-03T19:37:14.301Z - [32minfo[39m: Website regeneration complete! Total build time: 0.251s
2026-08-03T19:38:20.784Z - [32minfo[39m: [03:38:20] Reload for file change: /Users/damithch/Repos/nus-cs2103/cs2103-website-base/projectDuke/Level-0-fragment.md
2026-08-03T19:38:20.786Z - [32minfo[39m: Synchronizing opened pages list before reload
2026-08-03T19:38:20.787Z - [32minfo[39m: Current opened pages, from most-to-least recent:
2026-08-03T19:38:20.787Z - [32minfo[39m: 1. projectDuke/index
2026-08-03T19:38:21.810Z - [32minfo[39m: Rebuilding 1 pages
2026-08-03T19:38:22.089Z - [36mverbose[39m: Rendering page: /Users/damithch/Repos/nus-cs2103/cs2103-website-base/projectDuke/index.md
2026-08-03T19:38:22.113Z - [32minfo[39m: Site data built
2026-08-03T19:38:22.113Z - [32minfo[39m: Pages rebuilt
2026-08-03T19:38:22.113Z - [32minfo[39m: Website regeneration complete! Total build time: 0.32s
2026-08-03T19:40:12.446Z - [32minfo[39m: [03:40:12] Reload for file change: /Users/damithch/Repos/nus-cs2103/cs2103-website-base/projectDuke/Level-0-fragment.md
2026-08-03T19:40:12.448Z - [32minfo[39m: Synchronizing opened pages list before reload
2026-08-03T19:40:12.449Z - [32minfo[39m: Current opened pages, from most-to-least recent:
2026-08-03T19:40:12.449Z - [32minfo[39m: 1. projectDuke/index
2026-08-03T19:40:13.457Z - [32minfo[39m: Rebuilding 1 pages
2026-08-03T19:40:13.735Z - [36mverbose[39m: Rendering page: /Users/damithch/Repos/nus-cs2103/cs2103-website-base/projectDuke/index.md
2026-08-03T19:40:13.758Z - [32minfo[39m: Site data built
2026-08-03T19:40:13.758Z - [32minfo[39m: Pages rebuilt
2026-08-03T19:40:13.758Z - [32minfo[39m: Website regeneration complete! Total build time: 0.306s
2026-08-03T19:41:07.753Z - [32minfo[39m: [03:41:07] Reload for file change: /Users/damithch/Repos/nus-cs2103/cs2103-website-base/projectDuke/Level-0-fragment.md
2026-08-03T19:41:07.756Z - [32minfo[39m: Synchronizing opened pages list before reload
2026-08-03T19:41:07.757Z - [32minfo[39m: Current opened pages, from most-to-least recent:
2026-08-03T19:41:07.757Z - [32minfo[39m: 1. projectDuke/index
2026-08-03T19:41:08.772Z - [32minfo[39m: Rebuilding 1 pages
2026-08-03T19:41:09.057Z - [36mverbose[39m: Rendering page: /Users/damithch/Repos/nus-cs2103/cs2103-website-base/projectDuke/index.md
2026-08-03T19:41:09.082Z - [32minfo[39m: Site data built
2026-08-03T19:41:09.082Z - [32minfo[39m: Pages rebuilt
2026-08-03T19:41:09.082Z - [32minfo[39m: Website regeneration complete! Total build time: 0.319s
2026-08-03T19:42:04.368Z - [32minfo[39m: [03:42:04] Reload for file change: /Users/damithch/Repos/nus-cs2103/cs2103-website-base/projectDuke/Level-0-fragment.md
2026-08-03T19:42:04.375Z - [32minfo[39m: Synchronizing opened pages list before reload
2026-08-03T19:42:04.376Z - [32minfo[39m: Current opened pages, from most-to-least recent:
2026-08-03T19:42:04.376Z - [32minfo[39m: 1. projectDuke/index
2026-08-03T19:42:05.391Z - [32minfo[39m: Rebuilding 1 pages
2026-08-03T19:42:05.727Z - [36mverbose[39m: Rendering page: /Users/damithch/Repos/nus-cs2103/cs2103-website-base/projectDuke/index.md
2026-08-03T19:42:05.753Z - [32minfo[39m: Site data built
2026-08-03T19:42:05.753Z - [32minfo[39m: Pages rebuilt
2026-08-03T19:42:05.753Z - [32minfo[39m: Website regeneration complete! Total build time: 0.373s
2026-08-03T19:43:48.550Z - [32minfo[39m: [03:43:48] Reload for file change: /Users/damithch/Repos/nus-cs2103/cs2103-website-base/projectDuke/Level-0-fragment.md
2026-08-03T19:43:48.568Z - [32minfo[39m: Synchronizing opened pages list before reload
2026-08-03T19:43:48.568Z - [32minfo[39m: Current opened pages, from most-to-least recent:
2026-08-03T19:43:48.569Z - [32minfo[39m: 1. projectDuke/index
2026-08-03T19:43:49.577Z - [32minfo[39m: Rebuilding 1 pages
2026-08-03T19:43:49.881Z - [36mverbose[39m: Rendering page: /Users/damithch/Repos/nus-cs2103/cs2103-website-base/projectDuke/index.md
2026-08-03T19:43:49.907Z - [32minfo[39m: Site data built
2026-08-03T19:43:49.907Z - [32minfo[39m: Pages rebuilt
2026-08-03T19:43:49.907Z - [32minfo[39m: Website regeneration complete! Total build time: 0.336s
2026-08-03T19:44:22.576Z - [32minfo[39m: [03:44:22] Reload for file change: /Users/damithch/Repos/nus-cs2103/cs2103-website-base/projectDuke/Level-0-fragment.md
2026-08-03T19:44:22.577Z - [32minfo[39m: Synchronizing opened pages list before reload
2026-08-03T19:44:22.578Z - [32minfo[39m: Current opened pages, from most-to-least recent:
2026-08-03T19:44:22.578Z - [32minfo[39m: 1. projectDuke/index
2026-08-03T19:44:23.592Z - [32minfo[39m: Rebuilding 1 pages
2026-08-03T19:44:23.879Z - [36mverbose[39m: Rendering page: /Users/damithch/Repos/nus-cs2103/cs2103-website-base/projectDuke/index.md
2026-08-03T19:44:23.903Z - [32minfo[39m: Site data built
2026-08-03T19:44:23.903Z - [32minfo[39m: Pages rebuilt
2026-08-03T19:44:23.903Z - [32minfo[39m: Website regeneration complete! Total build time: 0.321s
2026-08-03T19:47:39.717Z - [32minfo[39m: [03:47:39] Reload for file change: /Users/damithch/Repos/nus-cs2103/cs2103-website-base/projectDuke/Level-0-fragment.md
2026-08-03T19:47:39.719Z - [32minfo[39m: Synchronizing opened pages list before reload
2026-08-03T19:47:39.721Z - [32minfo[39m: Current opened pages, from most-to-least recent:
2026-08-03T19:47:39.721Z - [32minfo[39m: 1. projectDuke/index
2026-08-03T19:47:40.735Z - [32minfo[39m: Rebuilding 1 pages
2026-08-03T19:47:41.036Z - [36mverbose[39m: Rendering page: /Users/damithch/Repos/nus-cs2103/cs2103-website-base/projectDuke/index.md
2026-08-03T19:47:41.062Z - [32minfo[39m: Site data built
2026-08-03T19:47:41.062Z - [32minfo[39m: Pages rebuilt
2026-08-03T19:47:41.062Z - [32minfo[39m: Website regeneration complete! Total build time: 0.34s
2026-08-03T19:50:08.924Z - [32minfo[39m: [03:50:08] Reload for file change: /Users/damithch/Repos/nus-cs2103/cs2103-website-base/projectDuke/Level-0-fragment.md
2026-08-03T19:50:08.933Z - [32minfo[39m: Synchronizing opened pages list before reload
2026-08-03T19:50:08.934Z - [32minfo[39m: Current opened pages, from most-to-least recent:
2026-08-03T19:50:08.934Z - [32minfo[39m: 1. projectDuke/index
2026-08-03T19:50:09.940Z - [32minfo[39m: Rebuilding 1 pages
2026-08-03T19:50:10.233Z - [36mverbose[39m: Rendering page: /Users/damithch/Repos/nus-cs2103/cs2103-website-base/projectDuke/index.md
2026-08-03T19:50:10.257Z - [32minfo[39m: Site data built
2026-08-03T19:50:10.257Z - [32minfo[39m: Pages rebuilt
2026-08-03T19:50:10.257Z - [32minfo[39m: Website regeneration complete! Total build time: 0.32s
2026-08-03T19:51:21.269Z - [32minfo[39m: [03:51:21] Reload for file change: /Users/damithch/Repos/nus-cs2103/cs2103-website-base/projectDuke/Level-0-fragment.md
2026-08-03T19:51:21.275Z - [32minfo[39m: Synchronizing opened pages list before reload
2026-08-03T19:51:21.276Z - [32minfo[39m: Current opened pages, from most-to-least recent:
2026-08-03T19:51:21.276Z - [32minfo[39m: 1. projectDuke/index
2026-08-03T19:51:22.280Z - [32minfo[39m: Rebuilding 1 pages
2026-08-03T19:51:22.559Z - [36mverbose[39m: Rendering page: /Users/damithch/Repos/nus-cs2103/cs2103-website-base/projectDuke/index.md
2026-08-03T19:51:22.583Z - [32minfo[39m: Site data built
2026-08-03T19:51:22.583Z - [32minfo[39m: Pages rebuilt
2026-08-03T19:51:22.583Z - [32minfo[39m: Website regeneration complete! Total build time: 0.306s
2026-08-03T19:52:28.882Z - [32minfo[39m: [03:52:28] Reload for file change: /Users/damithch/Repos/nus-cs2103/cs2103-website-base/projectDuke/Level-0-fragment.md
2026-08-03T19:52:28.887Z - [32minfo[39m: Synchronizing opened pages list before reload
2026-08-03T19:52:28.894Z - [32minfo[39m: Current opened pages, from most-to-least recent:
2026-08-03T19:52:28.900Z - [32minfo[39m: 1. projectDuke/index
2026-08-03T19:52:29.919Z - [32minfo[39m: Rebuilding 1 pages
2026-08-03T19:52:30.205Z - [36mverbose[39m: Rendering page: /Users/damithch/Repos/nus-cs2103/cs2103-website-base/projectDuke/index.md
2026-08-03T19:52:30.229Z - [32minfo[39m: Site data built
2026-08-03T19:52:30.229Z - [32minfo[39m: Pages rebuilt
2026-08-03T19:52:30.229Z - [32minfo[39m: Website regeneration complete! Total build time: 0.319s
2026-08-03T19:52:55.635Z - [32minfo[39m: [03:52:55] Reload for file change: /Users/damithch/Repos/nus-cs2103/cs2103-website-base/projectDuke/Level-0-fragment.md
2026-08-03T19:52:55.637Z - [32minfo[39m: Synchronizing opened pages list before reload
2026-08-03T19:52:55.637Z - [32minfo[39m: Current opened pages, from most-to-least recent:
2026-08-03T19:52:55.638Z - [32minfo[39m: 1. projectDuke/index
2026-08-03T19:52:56.642Z - [32minfo[39m: Rebuilding 1 pages
2026-08-03T19:52:56.918Z - [36mverbose[39m: Rendering page: /Users/damithch/Repos/nus-cs2103/cs2103-website-base/projectDuke/index.md
2026-08-03T19:52:56.944Z - [32minfo[39m: Site data built
2026-08-03T19:52:56.944Z - [32minfo[39m: Pages rebuilt
2026-08-03T19:52:56.944Z - [32minfo[39m: Website regeneration complete! Total build time: 0.306s
2026-08-03T19:53:35.060Z - [32minfo[39m: [03:53:35] Reload for file change: /Users/damithch/Repos/nus-cs2103/cs2103-website-base/common/admin.njk
2026-08-03T19:53:35.070Z - [32minfo[39m: Synchronizing opened pages list before reload
2026-08-03T19:53:35.071Z - [32minfo[39m: Current opened pages, from most-to-least recent:
2026-08-03T19:53:35.071Z - [32minfo[39m: 1. projectDuke/index
2026-08-03T19:53:36.224Z - [32minfo[39m: Rebuilding 1 pages
2026-08-03T19:53:36.433Z - [36mverbose[39m: Rendering page: /Users/damithch/Repos/nus-cs2103/cs2103-website-base/projectDuke/index.md
2026-08-03T19:53:36.457Z - [32minfo[39m: Site data built
2026-08-03T19:53:36.457Z - [32minfo[39m: Pages rebuilt
2026-08-03T19:53:36.457Z - [32minfo[39m: Website regeneration complete! Total build time: 0.234s
2026-08-03T19:54:02.777Z - [32minfo[39m: [03:54:02] Reload for file change: /Users/damithch/Repos/nus-cs2103/cs2103-website-base/common/admin.njk
2026-08-03T19:54:02.780Z - [32minfo[39m: Synchronizing opened pages list before reload
2026-08-03T19:54:02.785Z - [32minfo[39m: Current opened pages, from most-to-least recent:
2026-08-03T19:54:02.786Z - [32minfo[39m: 1. projectDuke/index
2026-08-03T19:54:03.967Z - [32minfo[39m: Rebuilding 1 pages
2026-08-03T19:54:04.186Z - [36mverbose[39m: Rendering page: /Users/damithch/Repos/nus-cs2103/cs2103-website-base/projectDuke/index.md
2026-08-03T19:54:04.209Z - [32minfo[39m: Site data built
2026-08-03T19:54:04.209Z - [32minfo[39m: Pages rebuilt
2026-08-03T19:54:04.209Z - [32minfo[39m: Website regeneration complete! Total build time: 0.245s
2026-08-03T19:54:56.118Z - [32minfo[39m: [03:54:56] Reload for file change: /Users/damithch/Repos/nus-cs2103/cs2103-website-base/projectDuke/Level-0-fragment.md
2026-08-03T19:54:56.124Z - [32minfo[39m: Synchronizing opened pages list before reload
2026-08-03T19:54:56.128Z - [32minfo[39m: Current opened pages, from most-to-least recent:
2026-08-03T19:54:56.129Z - [32minfo[39m: 1. projectDuke/index
2026-08-03T19:54:57.134Z - [32minfo[39m: Rebuilding 1 pages
2026-08-03T19:54:57.403Z - [36mverbose[39m: Rendering page: /Users/damithch/Repos/nus-cs2103/cs2103-website-base/projectDuke/index.md
2026-08-03T19:54:57.427Z - [32minfo[39m: Site data built
2026-08-03T19:54:57.427Z - [32minfo[39m: Pages rebuilt
2026-08-03T19:54:57.427Z - [32minfo[39m: Website regeneration complete! Total build time: 0.296s
2026-08-03T19:55:12.137Z - [32minfo[39m: [03:55:12] Reload for file change: /Users/damithch/Repos/nus-cs2103/cs2103-website-base/projectDuke/Level-0-fragment.md
2026-08-03T19:55:12.139Z - [32minfo[39m: Synchronizing opened pages list before reload
2026-08-03T19:55:12.140Z - [32minfo[39m: Current opened pages, from most-to-least recent:
2026-08-03T19:55:12.140Z - [32minfo[39m: 1. projectDuke/index
2026-08-03T19:55:13.144Z - [32minfo[39m: Rebuilding 1 pages
2026-08-03T19:55:13.436Z - [36mverbose[39m: Rendering page: /Users/damithch/Repos/nus-cs2103/cs2103-website-base/projectDuke/index.md
2026-08-03T19:55:13.459Z - [32minfo[39m: Site data built
2026-08-03T19:55:13.459Z - [32minfo[39m: Pages rebuilt
2026-08-03T19:55:13.459Z - [32minfo[39m: Website regeneration complete! Total build time: 0.319s
2026-08-03T19:55:22.118Z - [32minfo[39m: [03:55:22] Reload for file change: /Users/damithch/Repos/nus-cs2103/cs2103-website-base/projectDuke/Level-0-fragment.md
2026-08-03T19:55:22.119Z - [32minfo[39m: Synchronizing opened pages list before reload
2026-08-03T19:55:22.119Z - [32minfo[39m: Current opened pages, from most-to-least recent:
2026-08-03T19:55:22.119Z - [32minfo[39m: 1. projectDuke/index
2026-08-03T19:55:23.123Z - [32minfo[39m: Rebuilding 1 pages
2026-08-03T19:55:23.423Z - [36mverbose[39m: Rendering page: /Users/damithch/Repos/nus-cs2103/cs2103-website-base/projectDuke/index.md
2026-08-03T19:55:23.446Z - [32minfo[39m: Site data built
2026-08-03T19:55:23.446Z - [32minfo[39m: Pages rebuilt
2026-08-03T19:55:23.446Z - [32minfo[39m: Website regeneration complete! Total build time: 0.325s
2026-08-04T05:24:20.288Z - [32minfo[39m: [13:24:20] Reload for file change: /Users/damithch/Repos/nus-cs2103/cs2103-website-base/projectDuke/Level-0-fragment.md
2026-08-04T05:24:20.295Z - [32minfo[39m: Synchronizing opened pages list before reload
2026-08-04T05:24:20.298Z - [32minfo[39m: Current opened pages, from most-to-least recent:
2026-08-04T05:24:20.299Z - [32minfo[39m: 1. projectDuke/index
2026-08-04T05:24:21.365Z - [32minfo[39m: Rebuilding 1 pages
2026-08-04T05:24:21.785Z - [36mverbose[39m: Rendering page: /Users/damithch/Repos/nus-cs2103/cs2103-website-base/projectDuke/index.md
2026-08-04T05:24:21.816Z - [32minfo[39m: Site data built
2026-08-04T05:24:21.816Z - [32minfo[39m: Pages rebuilt
2026-08-04T05:24:21.816Z - [32minfo[39m: Website regeneration complete! Total build time: 0.501s
2026-08-04T05:26:20.611Z - [32minfo[39m: [13:26:20] Reload for file change: /Users/damithch/Repos/nus-cs2103/cs2103-website-base/projectDuke/Level-0-fragment.md
2026-08-04T05:26:20.616Z - [32minfo[39m: Synchronizing opened pages list before reload
2026-08-04T05:26:20.618Z - [32minfo[39m: Current opened pages, from most-to-least recent:
2026-08-04T05:26:20.619Z - [32minfo[39m: 1. projectDuke/index
2026-08-04T05:26:21.626Z - [32minfo[39m: Rebuilding 1 pages
2026-08-04T05:26:21.961Z - [36mverbose[39m: Rendering page: /Users/damithch/Repos/nus-cs2103/cs2103-website-base/projectDuke/index.md
2026-08-04T05:26:21.985Z - [32minfo[39m: Site data built
2026-08-04T05:26:21.985Z - [32minfo[39m: Pages rebuilt
2026-08-04T05:26:21.985Z - [32minfo[39m: Website regeneration complete! Total build time: 0.363s
2026-08-04T05:26:30.951Z - [32minfo[39m: [13:26:30] Reload for file change: /Users/damithch/Repos/nus-cs2103/cs2103-website-base/projectDuke/Level-0-fragment.md
2026-08-04T05:26:30.953Z - [32minfo[39m: Synchronizing opened pages list before reload
2026-08-04T05:26:30.953Z - [32minfo[39m: Current opened pages, from most-to-least recent:
2026-08-04T05:26:30.953Z - [32minfo[39m: 1. projectDuke/index
2026-08-04T05:26:31.955Z - [32minfo[39m: Rebuilding 1 pages
2026-08-04T05:26:32.246Z - [36mverbose[39m: Rendering page: /Users/damithch/Repos/nus-cs2103/cs2103-website-base/projectDuke/index.md
2026-08-04T05:26:32.271Z - [32minfo[39m: Site data built
2026-08-04T05:26:32.271Z - [32minfo[39m: Pages rebuilt
2026-08-04T05:26:32.271Z - [32minfo[39m: Website regeneration complete! Total build time: 0.317s
2026-08-04T05:26:43.734Z - [32minfo[39m: [13:26:43] Reload for file change: /Users/damithch/Repos/nus-cs2103/cs2103-website-base/projectDuke/Level-0-fragment.md
2026-08-04T05:26:43.735Z - [32minfo[39m: Synchronizing opened pages list before reload
2026-08-04T05:26:43.735Z - [32minfo[39m: Current opened pages, from most-to-least recent:
2026-08-04T05:26:43.735Z - [32minfo[39m: 1. projectDuke/index
2026-08-04T05:26:44.738Z - [32minfo[39m: Rebuilding 1 pages
2026-08-04T05:26:45.025Z - [36mverbose[39m: Rendering page: /Users/damithch/Repos/nus-cs2103/cs2103-website-base/projectDuke/index.md
2026-08-04T05:26:45.052Z - [32minfo[39m: Site data built
2026-08-04T05:26:45.052Z - [32minfo[39m: Pages rebuilt
2026-08-04T05:26:45.052Z - [32minfo[39m: Website regeneration complete! Total build time: 0.316s
2026-08-04T06:39:15.867Z - [32minfo[39m: [14:39:15] Reload for file change: /Users/damithch/Repos/nus-cs2103/cs2103-website-base/projectDuke/Level-0-fragment.md
2026-08-04T06:39:15.884Z - [32minfo[39m: Synchronizing opened pages list before reload
2026-08-04T06:39:15.888Z - [32minfo[39m: Current opened pages, from most-to-least recent:
2026-08-04T06:39:15.889Z - [32minfo[39m: 1. projectDuke/index
2026-08-04T06:39:16.959Z - [32minfo[39m: Rebuilding 1 pages
2026-08-04T06:39:17.343Z - [36mverbose[39m: Rendering page: /Users/damithch/Repos/nus-cs2103/cs2103-website-base/projectDuke/index.md
2026-08-04T06:39:17.372Z - [32minfo[39m: Site data built
2026-08-04T06:39:17.372Z - [32minfo[39m: Pages rebuilt
2026-08-04T06:39:17.372Z - [32minfo[39m: Website regeneration complete! Total build time: 0.463s
2026-08-04T06:41:26.159Z - [32minfo[39m: [14:41:26] Reload for file change: /Users/damithch/Repos/nus-cs2103/cs2103-website-base/projectDuke/Level-0-fragment.md
2026-08-04T06:41:26.162Z - [32minfo[39m: Synchronizing opened pages list before reload
2026-08-04T06:41:26.162Z - [32minfo[39m: No pages are currently opened
2026-08-04T06:41:27.178Z - [32minfo[39m: No pages needed to be rebuilt
2026-08-04T07:55:06.289Z - [32minfo[39m: [15:55:06] Reload for file change: /Users/damithch/Repos/nus-cs2103/cs2103-website-base/projectDuke/Level-0-fragment.md
2026-08-04T07:55:06.299Z - [32minfo[39m: Synchronizing opened pages list before reload
2026-08-04T07:55:06.301Z - [32minfo[39m: No pages are currently opened
2026-08-04T07:55:07.355Z - [32minfo[39m: No pages needed to be rebuilt
2026-08-04T07:55:09.572Z - [32minfo[39m: Building /Users/damithch/Repos/nus-cs2103/cs2103-website-base/projectDuke/index as some of its dependencies were changed since the last visit
2026-08-04T07:55:09.993Z - [36mverbose[39m: Rendering page: /Users/damithch/Repos/nus-cs2103/cs2103-website-base/projectDuke/index.md
2026-08-04T07:55:10.019Z - [32minfo[39m: Site data built
2026-08-04T07:55:10.020Z - [32minfo[39m: Lazy website regeneration complete! Total build time: 0.45s
2026-08-04T07:55:48.062Z - [32minfo[39m: [15:55:48] Reload for file change: /Users/damithch/Repos/nus-cs2103/cs2103-website-base/projectDuke/Level-0-fragment.md
2026-08-04T07:55:48.064Z - [32minfo[39m: Synchronizing opened pages list before reload
2026-08-04T07:55:48.065Z - [32minfo[39m: Current opened pages, from most-to-least recent:
2026-08-04T07:55:48.065Z - [32minfo[39m: 1. projectDuke/index
2026-08-04T07:55:49.072Z - [32minfo[39m: Rebuilding 1 pages
2026-08-04T07:55:49.473Z - [36mverbose[39m: Rendering page: /Users/damithch/Repos/nus-cs2103/cs2103-website-base/projectDuke/index.md
2026-08-04T07:55:49.500Z - [32minfo[39m: Site data built
2026-08-04T07:55:49.500Z - [32minfo[39m: Pages rebuilt
2026-08-04T07:55:49.500Z - [32minfo[39m: Website regeneration complete! Total build time: 0.433s
2026-08-04T07:56:56.091Z - [32minfo[39m: [15:56:56] Reload for file change: /Users/damithch/Repos/nus-cs2103/cs2103-website-base/projectDuke/Level-0-fragment.md
2026-08-04T07:56:56.095Z - [32minfo[39m: Synchronizing opened pages list before reload
2026-08-04T07:56:56.096Z - [32minfo[39m: Current opened pages, from most-to-least recent:
2026-08-04T07:56:56.096Z - [32minfo[39m: 1. projectDuke/index
2026-08-04T07:56:57.101Z - [32minfo[39m: Rebuilding 1 pages
2026-08-04T07:56:57.406Z - [36mverbose[39m: Rendering page: /Users/damithch/Repos/nus-cs2103/cs2103-website-base/projectDuke/index.md
2026-08-04T07:56:57.432Z - [32minfo[39m: Site data built
2026-08-04T07:56:57.432Z - [32minfo[39m: Pages rebuilt
2026-08-04T07:56:57.432Z - [32minfo[39m: Website regeneration complete! Total build time: 0.334s
2026-08-04T07:58:03.123Z - [32minfo[39m: [15:58:03] Reload for file change: /Users/damithch/Repos/nus-cs2103/cs2103-website-base/projectDuke/Level-0-fragment.md
2026-08-04T07:58:03.132Z - [32minfo[39m: Synchronizing opened pages list before reload
2026-08-04T07:58:03.134Z - [32minfo[39m: Current opened pages, from most-to-least recent:
2026-08-04T07:58:03.134Z - [32minfo[39m: 1. projectDuke/index
2026-08-04T07:58:03.140Z - [32minfo[39m: [15:58:03] Reload for file change: /Users/damithch/Repos/nus-cs2103/cs2103-website-base/admin/tools.md
2026-08-04T07:58:03.142Z - [32minfo[39m: Synchronizing opened pages list before reload
2026-08-04T07:58:03.145Z - [32minfo[39m: Current opened pages, from most-to-least recent:
2026-08-04T07:58:03.146Z - [32minfo[39m: 1. projectDuke/index
2026-08-04T07:58:04.151Z - [32minfo[39m: Rebuilding 1 pages
2026-08-04T07:58:04.464Z - [36mverbose[39m: Rendering page: /Users/damithch/Repos/nus-cs2103/cs2103-website-base/projectDuke/index.md
2026-08-04T07:58:04.493Z - [32minfo[39m: Site data built
2026-08-04T07:58:04.493Z - [32minfo[39m: Pages rebuilt
2026-08-04T07:58:04.493Z - [32minfo[39m: Website regeneration complete! Total build time: 0.354s
2026-08-04T07:59:43.766Z - [32minfo[39m: [15:59:43] Reload for file change: /Users/damithch/Repos/nus-cs2103/cs2103-website-base/book/intellij/path.md
2026-08-04T07:59:43.768Z - [32minfo[39m: Synchronizing opened pages list before reload
2026-08-04T07:59:43.768Z - [32minfo[39m: Current opened pages, from most-to-least recent:
2026-08-04T07:59:43.768Z - [32minfo[39m: 1. projectDuke/index
2026-08-04T07:59:43.769Z - [32minfo[39m: [15:59:43] Reload for file change: /Users/damithch/Repos/nus-cs2103/cs2103-website-base/book/principles/dependencyInversionPrinciple/text.md
2026-08-04T07:59:43.769Z - [32minfo[39m: Synchronizing opened pages list before reload
2026-08-04T07:59:43.769Z - [32minfo[39m: Current opened pages, from most-to-least recent:
2026-08-04T07:59:43.769Z - [32minfo[39m: 1. projectDuke/index
2026-08-04T07:59:43.771Z - [32minfo[39m: [15:59:43] Reload for file change: /Users/damithch/Repos/nus-cs2103/cs2103-website-base/book/projectPlanning/issueTrackers/text.md
2026-08-04T07:59:43.771Z - [32minfo[39m: Synchronizing opened pages list before reload
2026-08-04T07:59:43.771Z - [32minfo[39m: Current opened pages, from most-to-least recent:
2026-08-04T07:59:43.771Z - [32minfo[39m: 1. projectDuke/index
2026-08-04T07:59:43.771Z - [32minfo[39m: [15:59:43] Reload for file change: /Users/damithch/Repos/nus-cs2103/cs2103-website-base/book/intellij/productivityShortcuts/text.md
2026-08-04T07:59:43.771Z - [32minfo[39m: Synchronizing opened pages list before reload
2026-08-04T07:59:43.772Z - [32minfo[39m: Current opened pages, from most-to-least recent:
2026-08-04T07:59:43.772Z - [32minfo[39m: 1. projectDuke/index
2026-08-04T07:59:43.772Z - [32minfo[39m: [15:59:43] Reload for file change: /Users/damithch/Repos/nus-cs2103/cs2103-website-base/book/intellij/projectSetup/text.md
2026-08-04T07:59:43.772Z - [32minfo[39m: Synchronizing opened pages list before reload
2026-08-04T07:59:43.772Z - [32minfo[39m: Current opened pages, from most-to-least recent:
2026-08-04T07:59:43.772Z - [32minfo[39m: 1. projectDuke/index
2026-08-04T07:59:43.777Z - [32minfo[39m: [15:59:43] Reload for file change: /Users/damithch/Repos/nus-cs2103/cs2103-website-base/book/qualityAssurance/staticAnalysis/what/text.md
2026-08-04T07:59:43.777Z - [32minfo[39m: Synchronizing opened pages list before reload
2026-08-04T07:59:43.778Z - [32minfo[39m: Current opened pages, from most-to-least recent:
2026-08-04T07:59:43.778Z - [32minfo[39m: 1. projectDuke/index
2026-08-04T07:59:43.778Z - [32minfo[39m: [15:59:43] Reload for file change: /Users/damithch/Repos/nus-cs2103/cs2103-website-base/book/reuse/cloudComputing/services/text.md
2026-08-04T07:59:43.778Z - [32minfo[39m: Synchronizing opened pages list before reload
2026-08-04T07:59:43.778Z - [32minfo[39m: Current opened pages, from most-to-least recent:
2026-08-04T07:59:43.778Z - [32minfo[39m: 1. projectDuke/index
2026-08-04T07:59:43.779Z - [32minfo[39m: [15:59:43] Reload for file change: /Users/damithch/Repos/nus-cs2103/cs2103-website-base/book/oop/inheritance/interfaces/text.md
2026-08-04T07:59:43.779Z - [32minfo[39m: Synchronizing opened pages list before reload
2026-08-04T07:59:43.779Z - [32minfo[39m: Current opened pages, from most-to-least recent:
2026-08-04T07:59:43.779Z - [32minfo[39m: 1. projectDuke/index
2026-08-04T07:59:43.779Z - [32minfo[39m: [15:59:43] Reload for file change: /Users/damithch/Repos/nus-cs2103/cs2103-website-base/book/debugging/how/text.md
2026-08-04T07:59:43.779Z - [32minfo[39m: Synchronizing opened pages list before reload
2026-08-04T07:59:43.779Z - [32minfo[39m: Current opened pages, from most-to-least recent:
2026-08-04T07:59:43.779Z - [32minfo[39m: 1. projectDuke/index
2026-08-04T07:59:43.779Z - [32minfo[39m: [15:59:43] Reload for file change: /Users/damithch/Repos/nus-cs2103/cs2103-website-base/book/modeling/modelingStructures/objectOrientedDomainModels/q-courseDomainModel.md
2026-08-04T07:59:43.779Z - [32minfo[39m: Synchronizing opened pages list before reload
2026-08-04T07:59:43.779Z - [32minfo[39m: Current opened pages, from most-to-least recent:
2026-08-04T07:59:43.779Z - [32minfo[39m: 1. projectDuke/index
2026-08-04T07:59:43.780Z - [32minfo[39m: [15:59:43] Reload for file change: /Users/damithch/Repos/nus-cs2103/cs2103-website-base/book/designFundamentals/cohesion/how/text.md
2026-08-04T07:59:43.780Z - [32minfo[39m: Synchronizing opened pages list before reload
2026-08-04T07:59:43.780Z - [32minfo[39m: Current opened pages, from most-to-least recent:
2026-08-04T07:59:43.780Z - [32minfo[39m: 1. projectDuke/index
2026-08-04T07:59:43.780Z - [32minfo[39m: [15:59:43] Reload for file change: /Users/damithch/Repos/nus-cs2103/cs2103-website-base/book/specifyingRequirements/userStories/details/text.md
2026-08-04T07:59:43.781Z - [32minfo[39m: Synchronizing opened pages list before reload
2026-08-04T07:59:43.781Z - [32minfo[39m: Current opened pages, from most-to-least recent:
2026-08-04T07:59:43.781Z - [32minfo[39m: 1. projectDuke/index
2026-08-04T07:59:43.781Z - [32minfo[39m: [15:59:43] Reload for file change: /Users/damithch/Repos/nus-cs2103/cs2103-website-base/book/debugging/what/text.md
2026-08-04T07:59:43.781Z - [32minfo[39m: Synchronizing opened pages list before reload
2026-08-04T07:59:43.781Z - [32minfo[39m: Current opened pages, from most-to-least recent:
2026-08-04T07:59:43.781Z - [32minfo[39m: 1. projectDuke/index
2026-08-04T07:59:43.782Z - [32minfo[39m: [15:59:43] Reload for file change: /Users/damithch/Repos/nus-cs2103/cs2103-website-base/book/modeling/modelingStructures/componentDiagrams/text.md
2026-08-04T07:59:43.782Z - [32minfo[39m: Synchronizing opened pages list before reload
2026-08-04T07:59:43.782Z - [32minfo[39m: Current opened pages, from most-to-least recent:
2026-08-04T07:59:43.782Z - [32minfo[39m: 1. projectDuke/index
2026-08-04T07:59:43.783Z - [32minfo[39m: [15:59:43] Reload for file change: /Users/damithch/Repos/nus-cs2103/cs2103-website-base/book/oop/objects/encapsulation/text.md
2026-08-04T07:59:43.783Z - [32minfo[39m: Synchronizing opened pages list before reload
2026-08-04T07:59:43.783Z - [32minfo[39m: Current opened pages, from most-to-least recent:
2026-08-04T07:59:43.784Z - [32minfo[39m: 1. projectDuke/index
2026-08-04T07:59:43.784Z - [32minfo[39m: [15:59:43] Reload for file change: /Users/damithch/Repos/nus-cs2103/cs2103-website-base/book/requirements/prioritizing/text.md
2026-08-04T07:59:43.784Z - [32minfo[39m: Synchronizing opened pages list before reload
2026-08-04T07:59:43.784Z - [32minfo[39m: Current opened pages, from most-to-least recent:
2026-08-04T07:59:43.784Z - [32minfo[39m: 1. projectDuke/index
2026-08-04T07:59:43.784Z - [32minfo[39m: [15:59:43] Reload for file change: /Users/damithch/Repos/nus-cs2103/cs2103-website-base/book/specifyingRequirements/userStories/usage/tools.md
2026-08-04T07:59:43.784Z - [32minfo[39m: Synchronizing opened pages list before reload
2026-08-04T07:59:43.784Z - [32minfo[39m: Current opened pages, from most-to-least recent:
2026-08-04T07:59:43.784Z - [32minfo[39m: 1. projectDuke/index
2026-08-04T07:59:43.784Z - [32minfo[39m: [15:59:43] Reload for file change: /Users/damithch/Repos/nus-cs2103/cs2103-website-base/book/requirements/nonFunctionalRequirements/text.md
2026-08-04T07:59:43.784Z - [32minfo[39m: Synchronizing opened pages list before reload
2026-08-04T07:59:43.785Z - [32minfo[39m: Current opened pages, from most-to-least recent:
2026-08-04T07:59:43.785Z - [32minfo[39m: 1. projectDuke/index
2026-08-04T07:59:43.785Z - [32minfo[39m: [15:59:43] Reload for file change: /Users/damithch/Repos/nus-cs2103/cs2103-website-base/book/specifyingRequirements/useCases/details/mainSuccessScenario.md
2026-08-04T07:59:43.785Z - [32minfo[39m: Synchronizing opened pages list before reload
2026-08-04T07:59:43.785Z - [32minfo[39m: Current opened pages, from most-to-least recent:
2026-08-04T07:59:43.785Z - [32minfo[39m: 1. projectDuke/index
2026-08-04T07:59:43.785Z - [32minfo[39m: [15:59:43] Reload for file change: /Users/damithch/Repos/nus-cs2103/cs2103-website-base/book/architecture/architectureDiagrams/reading/text.md
2026-08-04T07:59:43.785Z - [32minfo[39m: Synchronizing opened pages list before reload
2026-08-04T07:59:43.785Z - [32minfo[39m: Current opened pages, from most-to-least recent:
2026-08-04T07:59:43.785Z - [32minfo[39m: 1. projectDuke/index
2026-08-04T07:59:43.785Z - [32minfo[39m: [15:59:43] Reload for file change: /Users/damithch/Repos/nus-cs2103/cs2103-website-base/book/intellij/codeNavigation/text.md
2026-08-04T07:59:43.785Z - [32minfo[39m: Synchronizing opened pages list before reload
2026-08-04T07:59:43.785Z - [32minfo[39m: Current opened pages, from most-to-least recent:
2026-08-04T07:59:43.785Z - [32minfo[39m: 1. projectDuke/index
2026-08-04T07:59:43.785Z - [32minfo[39m: [15:59:43] Reload for file change: /Users/damithch/Repos/nus-cs2103/cs2103-website-base/book/architecture/introduction/what/text.md
2026-08-04T07:59:43.785Z - [32minfo[39m: Synchronizing opened pages list before reload
2026-08-04T07:59:43.785Z - [32minfo[39m: Current opened pages, from most-to-least recent:
2026-08-04T07:59:43.785Z - [32minfo[39m: 1. projectDuke/index
2026-08-04T07:59:43.785Z - [32minfo[39m: [15:59:43] Reload for file change: /Users/damithch/Repos/nus-cs2103/cs2103-website-base/book/designFundamentals/coupling/what/text.md
2026-08-04T07:59:43.785Z - [32minfo[39m: Synchronizing opened pages list before reload
2026-08-04T07:59:43.785Z - [32minfo[39m: Current opened pages, from most-to-least recent:
2026-08-04T07:59:43.785Z - [32minfo[39m: 1. projectDuke/index
2026-08-04T07:59:43.789Z - [32minfo[39m: [15:59:43] Reload for file change: /Users/damithch/Repos/nus-cs2103/cs2103-website-base/book/architecture/introduction/why/text.md
2026-08-04T07:59:43.789Z - [32minfo[39m: Synchronizing opened pages list before reload
2026-08-04T07:59:43.789Z - [32minfo[39m: Current opened pages, from most-to-least recent:
2026-08-04T07:59:43.789Z - [32minfo[39m: 1. projectDuke/index
2026-08-04T07:59:43.789Z - [32minfo[39m: [15:59:43] Reload for file change: /Users/damithch/Repos/nus-cs2103/cs2103-website-base/book/specifyingRequirements/useCases/introduction/text.md
2026-08-04T07:59:43.789Z - [32minfo[39m: Synchronizing opened pages list before reload
2026-08-04T07:59:43.789Z - [32minfo[39m: Current opened pages, from most-to-least recent:
2026-08-04T07:59:43.789Z - [32minfo[39m: 1. projectDuke/index
2026-08-04T07:59:43.789Z - [32minfo[39m: [15:59:43] Reload for file change: /Users/damithch/Repos/nus-cs2103/cs2103-website-base/book/specifyingRequirements/useCases/details/useCaseSteps.md
2026-08-04T07:59:43.789Z - [32minfo[39m: Synchronizing opened pages list before reload
2026-08-04T07:59:43.789Z - [32minfo[39m: Current opened pages, from most-to-least recent:
2026-08-04T07:59:43.790Z - [32minfo[39m: 1. projectDuke/index
2026-08-04T07:59:43.790Z - [32minfo[39m: [15:59:43] Reload for file change: /Users/damithch/Repos/nus-cs2103/cs2103-website-base/book/common/definitions.md
2026-08-04T07:59:43.790Z - [32minfo[39m: Synchronizing opened pages list before reload
2026-08-04T07:59:43.790Z - [32minfo[39m: Current opened pages, from most-to-least recent:
2026-08-04T07:59:43.790Z - [32minfo[39m: 1. projectDuke/index
2026-08-04T07:59:43.790Z - [32minfo[39m: [15:59:43] Reload for file change: /Users/damithch/Repos/nus-cs2103/cs2103-website-base/book/debugging/tools/text.md
2026-08-04T07:59:43.790Z - [32minfo[39m: Synchronizing opened pages list before reload
2026-08-04T07:59:43.791Z - [32minfo[39m: Current opened pages, from most-to-least recent:
2026-08-04T07:59:43.791Z - [32minfo[39m: 1. projectDuke/index
2026-08-04T07:59:43.791Z - [32minfo[39m: [15:59:43] Reload for file change: /Users/damithch/Repos/nus-cs2103/cs2103-website-base/book/errorHandling/designByContract/what/text.md
2026-08-04T07:59:43.791Z - [32minfo[39m: Synchronizing opened pages list before reload
2026-08-04T07:59:43.791Z - [32minfo[39m: Current opened pages, from most-to-least recent:
2026-08-04T07:59:43.791Z - [32minfo[39m: 1. projectDuke/index
2026-08-04T07:59:43.792Z - [32minfo[39m: [15:59:43] Reload for file change: /Users/damithch/Repos/nus-cs2103/cs2103-website-base/book/architecture/introduction/components/text.md
2026-08-04T07:59:43.792Z - [32minfo[39m: Synchronizing opened pages list before reload
2026-08-04T07:59:43.792Z - [32minfo[39m: Current opened pages, from most-to-least recent:
2026-08-04T07:59:43.792Z - [32minfo[39m: 1. projectDuke/index
2026-08-04T07:59:43.792Z - [32minfo[39m: [15:59:43] Reload for file change: /Users/damithch/Repos/nus-cs2103/cs2103-website-base/book/codeQuality/maximizeReadability/advanced/makeHappyPathProminent/text.md
2026-08-04T07:59:43.792Z - [32minfo[39m: Synchronizing opened pages list before reload
2026-08-04T07:59:43.792Z - [32minfo[39m: Current opened pages, from most-to-least recent:
2026-08-04T07:59:43.792Z - [32minfo[39m: 1. projectDuke/index
2026-08-04T07:59:43.793Z - [32minfo[39m: [15:59:43] Reload for file change: /Users/damithch/Repos/nus-cs2103/cs2103-website-base/book/specifyingRequirements/userStories/usage/text.md
2026-08-04T07:59:43.793Z - [32minfo[39m: Synchronizing opened pages list before reload
2026-08-04T07:59:43.793Z - [32minfo[39m: Current opened pages, from most-to-least recent:
2026-08-04T07:59:43.793Z - [32minfo[39m: 1. projectDuke/index
2026-08-04T07:59:43.793Z - [32minfo[39m: [15:59:43] Reload for file change: /Users/damithch/Repos/nus-cs2103/cs2103-website-base/book/intellij/refactoring/text.md
2026-08-04T07:59:43.794Z - [32minfo[39m: Synchronizing opened pages list before reload
2026-08-04T07:59:43.794Z - [32minfo[39m: Current opened pages, from most-to-least recent:
2026-08-04T07:59:43.794Z - [32minfo[39m: 1. projectDuke/index
2026-08-04T07:59:43.794Z - [32minfo[39m: [15:59:43] Reload for file change: /Users/damithch/Repos/nus-cs2103/cs2103-website-base/book/reuse/frameworks/what/text.md
2026-08-04T07:59:43.794Z - [32minfo[39m: Synchronizing opened pages list before reload
2026-08-04T07:59:43.794Z - [32minfo[39m: Current opened pages, from most-to-least recent:
2026-08-04T07:59:43.794Z - [32minfo[39m: 1. projectDuke/index
2026-08-04T07:59:43.794Z - [32minfo[39m: [15:59:43] Reload for file change: /Users/damithch/Repos/nus-cs2103/cs2103-website-base/book/oop/classes/classLevelMembers/text.md
2026-08-04T07:59:43.794Z - [32minfo[39m: Synchronizing opened pages list before reload
2026-08-04T07:59:43.794Z - [32minfo[39m: Current opened pages, from most-to-least recent:
2026-08-04T07:59:43.794Z - [32minfo[39m: 1. projectDuke/index
2026-08-04T07:59:43.795Z - [32minfo[39m: [15:59:43] Reload for file change: /Users/damithch/Repos/nus-cs2103/cs2103-website-base/book/_markbind/variables.md
2026-08-04T07:59:43.795Z - [32minfo[39m: Synchronizing opened pages list before reload
2026-08-04T07:59:43.795Z - [32minfo[39m: Current opened pages, from most-to-least recent:
2026-08-04T07:59:43.795Z - [32minfo[39m: 1. projectDuke/index
2026-08-04T07:59:43.796Z - [32minfo[39m: [15:59:43] Reload for file change: /Users/damithch/Repos/nus-cs2103/cs2103-website-base/book/testCaseDesign/boundaryValueAnalysis/how/text.md
2026-08-04T07:59:43.798Z - [32minfo[39m: Synchronizing opened pages list before reload
2026-08-04T07:59:43.798Z - [32minfo[39m: Current opened pages, from most-to-least recent:
2026-08-04T07:59:43.798Z - [32minfo[39m: 1. projectDuke/index
2026-08-04T07:59:43.799Z - [32minfo[39m: [15:59:43] Reload for file change: /Users/damithch/Repos/nus-cs2103/cs2103-website-base/book/specifyingRequirements/glossary/what/text.md
2026-08-04T07:59:43.799Z - [32minfo[39m: Synchronizing opened pages list before reload
2026-08-04T07:59:43.799Z - [32minfo[39m: Current opened pages, from most-to-least recent:
2026-08-04T07:59:43.799Z - [32minfo[39m: 1. projectDuke/index
2026-08-04T07:59:43.800Z - [32minfo[39m: [15:59:43] Reload for file change: /Users/damithch/Repos/nus-cs2103/cs2103-website-base/book/errorHandling/defensiveProgramming/compulsoryAssociations/text.md
2026-08-04T07:59:43.800Z - [32minfo[39m: Synchronizing opened pages list before reload
2026-08-04T07:59:43.800Z - [32minfo[39m: Current opened pages, from most-to-least recent:
2026-08-04T07:59:43.800Z - [32minfo[39m: 1. projectDuke/index
2026-08-04T07:59:43.801Z - [32minfo[39m: [15:59:43] Reload for file change: /Users/damithch/Repos/nus-cs2103/cs2103-website-base/book/architecture/architectureDiagrams/drawing/text.md
2026-08-04T07:59:43.801Z - [32minfo[39m: Synchronizing opened pages list before reload
2026-08-04T07:59:43.801Z - [32minfo[39m: Current opened pages, from most-to-least recent:
2026-08-04T07:59:43.801Z - [32minfo[39m: 1. projectDuke/index
2026-08-04T07:59:43.801Z - [32minfo[39m: [15:59:43] Reload for file change: /Users/damithch/Repos/nus-cs2103/cs2103-website-base/book/principles/dryPrinciple/text.md
2026-08-04T07:59:43.801Z - [32minfo[39m: Synchronizing opened pages list before reload
2026-08-04T07:59:43.801Z - [32minfo[39m: Current opened pages, from most-to-least recent:
2026-08-04T07:59:43.801Z - [32minfo[39m: 1. projectDuke/index
2026-08-04T07:59:43.801Z - [32minfo[39m: [15:59:43] Reload for file change: /Users/damithch/Repos/nus-cs2103/cs2103-website-base/book/testCaseDesign/introduction/what/text.md
2026-08-04T07:59:43.801Z - [32minfo[39m: Synchronizing opened pages list before reload
2026-08-04T07:59:43.801Z - [32minfo[39m: Current opened pages, from most-to-least recent:
2026-08-04T07:59:43.801Z - [32minfo[39m: 1. projectDuke/index
2026-08-04T07:59:43.801Z - [32minfo[39m: [15:59:43] Reload for file change: /Users/damithch/Repos/nus-cs2103/cs2103-website-base/book/architecture/architecturalStyles/monolith/what/text.md
2026-08-04T07:59:43.801Z - [32minfo[39m: Synchronizing opened pages list before reload
2026-08-04T07:59:43.801Z - [32minfo[39m: Current opened pages, from most-to-least recent:
2026-08-04T07:59:43.801Z - [32minfo[39m: 1. projectDuke/index
2026-08-04T07:59:43.801Z - [32minfo[39m: [15:59:43] Reload for file change: /Users/damithch/Repos/nus-cs2103/cs2103-website-base/book/errorHandling/defensiveProgramming/what/text.md
2026-08-04T07:59:43.801Z - [32minfo[39m: Synchronizing opened pages list before reload
2026-08-04T07:59:43.801Z - [32minfo[39m: Current opened pages, from most-to-least recent:
2026-08-04T07:59:43.801Z - [32minfo[39m: 1. projectDuke/index
2026-08-04T07:59:43.802Z - [32minfo[39m: [15:59:43] Reload for file change: /Users/damithch/Repos/nus-cs2103/cs2103-website-base/book/testCaseDesign/boundaryValueAnalysis/what/text.md
2026-08-04T07:59:43.802Z - [32minfo[39m: Synchronizing opened pages list before reload
2026-08-04T07:59:43.802Z - [32minfo[39m: Current opened pages, from most-to-least recent:
2026-08-04T07:59:43.802Z - [32minfo[39m: 1. projectDuke/index
2026-08-04T07:59:43.802Z - [32minfo[39m: [15:59:43] Reload for file change: /Users/damithch/Repos/nus-cs2103/cs2103-website-base/book/oop/associations/associationClasses/text.md
2026-08-04T07:59:43.802Z - [32minfo[39m: Synchronizing opened pages list before reload
2026-08-04T07:59:43.802Z - [32minfo[39m: Current opened pages, from most-to-least recent:
2026-08-04T07:59:43.802Z - [32minfo[39m: 1. projectDuke/index
2026-08-04T07:59:43.802Z - [32minfo[39m: [15:59:43] Reload for file change: /Users/damithch/Repos/nus-cs2103/cs2103-website-base/book/testing/introduction/what/text.md
2026-08-04T07:59:43.802Z - [32minfo[39m: Synchronizing opened pages list before reload
2026-08-04T07:59:43.802Z - [32minfo[39m: Current opened pages, from most-to-least recent:
2026-08-04T07:59:43.802Z - [32minfo[39m: 1. projectDuke/index
2026-08-04T07:59:43.802Z - [32minfo[39m: [15:59:43] Reload for file change: /Users/damithch/Repos/nus-cs2103/cs2103-website-base/book/security/when/text.md
2026-08-04T07:59:43.802Z - [32minfo[39m: Synchronizing opened pages list before reload
2026-08-04T07:59:43.802Z - [32minfo[39m: Current opened pages, from most-to-least recent:
2026-08-04T07:59:43.802Z - [32minfo[39m: 1. projectDuke/index
2026-08-04T07:59:43.802Z - [32minfo[39m: [15:59:43] Reload for file change: /Users/damithch/Repos/nus-cs2103/cs2103-website-base/book/uml/activityDiagrams/basicNotations/parallelPaths/text.md
2026-08-04T07:59:43.802Z - [32minfo[39m: Synchronizing opened pages list before reload
2026-08-04T07:59:43.802Z - [32minfo[39m: Current opened pages, from most-to-least recent:
2026-08-04T07:59:43.802Z - [32minfo[39m: 1. projectDuke/index
2026-08-04T07:59:43.802Z - [32minfo[39m: [15:59:43] Reload for file change: /Users/damithch/Repos/nus-cs2103/cs2103-website-base/book/oop/polymorphism/what/text.md
2026-08-04T07:59:43.802Z - [32minfo[39m: Synchronizing opened pages list before reload
2026-08-04T07:59:43.802Z - [32minfo[39m: Current opened pages, from most-to-least recent:
2026-08-04T07:59:43.802Z - [32minfo[39m: 1. projectDuke/index
2026-08-04T07:59:43.802Z - [32minfo[39m: [15:59:43] Reload for file change: /Users/damithch/Repos/nus-cs2103/cs2103-website-base/book/oop/associations/navigability/text.md
2026-08-04T07:59:43.802Z - [32minfo[39m: Synchronizing opened pages list before reload
2026-08-04T07:59:43.802Z - [32minfo[39m: Current opened pages, from most-to-least recent:
2026-08-04T07:59:43.803Z - [32minfo[39m: 1. projectDuke/index
2026-08-04T07:59:43.803Z - [32minfo[39m: [15:59:43] Reload for file change: /Users/damithch/Repos/nus-cs2103/cs2103-website-base/book/processModels/introduction/agileModels/text.md
2026-08-04T07:59:43.803Z - [32minfo[39m: Synchronizing opened pages list before reload
2026-08-04T07:59:43.803Z - [32minfo[39m: Current opened pages, from most-to-least recent:
2026-08-04T07:59:43.803Z - [32minfo[39m: 1. projectDuke/index
2026-08-04T07:59:43.804Z - [32minfo[39m: [15:59:43] Reload for file change: /Users/damithch/Repos/nus-cs2103/cs2103-website-base/book/designFundamentals/coupling/types/text.md
2026-08-04T07:59:43.804Z - [32minfo[39m: Synchronizing opened pages list before reload
2026-08-04T07:59:43.804Z - [32minfo[39m: Current opened pages, from most-to-least recent:
2026-08-04T07:59:43.804Z - [32minfo[39m: 1. projectDuke/index
2026-08-04T07:59:43.804Z - [32minfo[39m: [15:59:43] Reload for file change: /Users/damithch/Repos/nus-cs2103/cs2103-website-base/book/modeling/modelingBehaviors/sequenceDiagramsBasic/text.md
2026-08-04T07:59:43.804Z - [32minfo[39m: Synchronizing opened pages list before reload
2026-08-04T07:59:43.804Z - [32minfo[39m: Current opened pages, from most-to-least recent:
2026-08-04T07:59:43.804Z - [32minfo[39m: 1. projectDuke/index
2026-08-04T07:59:43.804Z - [32minfo[39m: [15:59:43] Reload for file change: /Users/damithch/Repos/nus-cs2103/cs2103-website-base/book/processModels/exampleProcessModels/unifiedProcess/text.md
2026-08-04T07:59:43.804Z - [32minfo[39m: Synchronizing opened pages list before reload
2026-08-04T07:59:43.804Z - [32minfo[39m: Current opened pages, from most-to-least recent:
2026-08-04T07:59:43.804Z - [32minfo[39m: 1. projectDuke/index
2026-08-04T07:59:43.804Z - [32minfo[39m: [15:59:43] Reload for file change: /Users/damithch/Repos/nus-cs2103/cs2103-website-base/book/designPatterns/introduction/what/text.md
2026-08-04T07:59:43.804Z - [32minfo[39m: Synchronizing opened pages list before reload
2026-08-04T07:59:43.804Z - [32minfo[39m: Current opened pages, from most-to-least recent:
2026-08-04T07:59:43.804Z - [32minfo[39m: 1. projectDuke/index
2026-08-04T07:59:43.804Z - [32minfo[39m: [15:59:43] Reload for file change: /Users/damithch/Repos/nus-cs2103/cs2103-website-base/book/testCaseDesign/introduction/blackVsGlass/text.md
2026-08-04T07:59:43.804Z - [32minfo[39m: Synchronizing opened pages list before reload
2026-08-04T07:59:43.804Z - [32minfo[39m: Current opened pages, from most-to-least recent:
2026-08-04T07:59:43.804Z - [32minfo[39m: 1. projectDuke/index
2026-08-04T07:59:43.804Z - [32minfo[39m: [15:59:43] Reload for file change: /Users/damithch/Repos/nus-cs2103/cs2103-website-base/book/README.md
2026-08-04T07:59:43.804Z - [32minfo[39m: Synchronizing opened pages list before reload
2026-08-04T07:59:43.805Z - [32minfo[39m: Current opened pages, from most-to-least recent:
2026-08-04T07:59:43.805Z - [32minfo[39m: 1. projectDuke/index
2026-08-04T07:59:43.805Z - [32minfo[39m: [15:59:43] Reload for file change: /Users/damithch/Repos/nus-cs2103/cs2103-website-base/book/errorHandling/assertions/when/text.md
2026-08-04T07:59:43.805Z - [32minfo[39m: Synchronizing opened pages list before reload
2026-08-04T07:59:43.805Z - [32minfo[39m: Current opened pages, from most-to-least recent:
2026-08-04T07:59:43.805Z - [32minfo[39m: 1. projectDuke/index
2026-08-04T07:59:43.806Z - [32minfo[39m: [15:59:43] Reload for file change: /Users/damithch/Repos/nus-cs2103/cs2103-website-base/book/designPatterns/introduction/format/text.md
2026-08-04T07:59:43.806Z - [32minfo[39m: Synchronizing opened pages list before reload
2026-08-04T07:59:43.806Z - [32minfo[39m: Current opened pages, from most-to-least recent:
2026-08-04T07:59:43.806Z - [32minfo[39m: 1. projectDuke/index
2026-08-04T07:59:43.806Z - [32minfo[39m: [15:59:43] Reload for file change: /Users/damithch/Repos/nus-cs2103/cs2103-website-base/book/testing/testCoverage/how/text.md
2026-08-04T07:59:43.806Z - [32minfo[39m: Synchronizing opened pages list before reload
2026-08-04T07:59:43.806Z - [32minfo[39m: Current opened pages, from most-to-least recent:
2026-08-04T07:59:43.806Z - [32minfo[39m: 1. projectDuke/index
2026-08-04T07:59:43.807Z - [32minfo[39m: [15:59:43] Reload for file change: /Users/damithch/Repos/nus-cs2103/cs2103-website-base/book/intellij/debuggingBasic/index.md
2026-08-04T07:59:43.807Z - [32minfo[39m: Synchronizing opened pages list before reload
2026-08-04T07:59:43.807Z - [32minfo[39m: Current opened pages, from most-to-least recent:
2026-08-04T07:59:43.807Z - [32minfo[39m: 1. projectDuke/index
2026-08-04T07:59:43.807Z - [32minfo[39m: [15:59:43] Reload for file change: /Users/damithch/Repos/nus-cs2103/cs2103-website-base/book/cppToJava/exceptions/how/text.md
2026-08-04T07:59:43.807Z - [32minfo[39m: Synchronizing opened pages list before reload
2026-08-04T07:59:43.807Z - [32minfo[39m: Current opened pages, from most-to-least recent:
2026-08-04T07:59:43.807Z - [32minfo[39m: 1. projectDuke/index
2026-08-04T07:59:43.808Z - [32minfo[39m: [15:59:43] Reload for file change: /Users/damithch/Repos/nus-cs2103/cs2103-website-base/book/intellij/debuggingBasic/resources.md
2026-08-04T07:59:43.808Z - [32minfo[39m: Synchronizing opened pages list before reload
2026-08-04T07:59:43.808Z - [32minfo[39m: Current opened pages, from most-to-least recent:
2026-08-04T07:59:43.808Z - [32minfo[39m: 1. projectDuke/index
2026-08-04T07:59:43.808Z - [32minfo[39m: [15:59:43] Reload for file change: /Users/damithch/Repos/nus-cs2103/cs2103-website-base/book/intellij/debuggingBasic/text.md
2026-08-04T07:59:43.808Z - [32minfo[39m: Synchronizing opened pages list before reload
2026-08-04T07:59:43.809Z - [32minfo[39m: Current opened pages, from most-to-least recent:
2026-08-04T07:59:43.809Z - [32minfo[39m: 1. projectDuke/index
2026-08-04T07:59:43.809Z - [32minfo[39m: [15:59:43] Reload for file change: /Users/damithch/Repos/nus-cs2103/cs2103-website-base/book/debugging/advanced/text.md
2026-08-04T07:59:43.809Z - [32minfo[39m: Synchronizing opened pages list before reload
2026-08-04T07:59:43.809Z - [32minfo[39m: Current opened pages, from most-to-least recent:
2026-08-04T07:59:43.809Z - [32minfo[39m: 1. projectDuke/index
2026-08-04T07:59:43.809Z - [32minfo[39m: [15:59:43] Reload for file change: /Users/damithch/Repos/nus-cs2103/cs2103-website-base/book/codeQuality/nameWell/intermediate/useNameExplain/text.md
2026-08-04T07:59:43.809Z - [32minfo[39m: Synchronizing opened pages list before reload
2026-08-04T07:59:43.809Z - [32minfo[39m: Current opened pages, from most-to-least recent:
2026-08-04T07:59:43.809Z - [32minfo[39m: 1. projectDuke/index
2026-08-04T07:59:43.809Z - [32minfo[39m: [15:59:43] Reload for file change: /Users/damithch/Repos/nus-cs2103/cs2103-website-base/book/processModels/more/cmmi/text.md
2026-08-04T07:59:43.809Z - [32minfo[39m: Synchronizing opened pages list before reload
2026-08-04T07:59:43.809Z - [32minfo[39m: Current opened pages, from most-to-least recent:
2026-08-04T07:59:43.809Z - [32minfo[39m: 1. projectDuke/index
2026-08-04T07:59:43.809Z - [32minfo[39m: [15:59:43] Reload for file change: /Users/damithch/Repos/nus-cs2103/cs2103-website-base/book/documentation/tools/javaDoc/what/text.md
2026-08-04T07:59:43.809Z - [32minfo[39m: Synchronizing opened pages list before reload
2026-08-04T07:59:43.809Z - [32minfo[39m: Current opened pages, from most-to-least recent:
2026-08-04T07:59:43.809Z - [32minfo[39m: 1. projectDuke/index
2026-08-04T07:59:43.809Z - [32minfo[39m: [15:59:43] Reload for file change: /Users/damithch/Repos/nus-cs2103/cs2103-website-base/book/processModels/introduction/iterativeModels/text.md
2026-08-04T07:59:43.809Z - [32minfo[39m: Synchronizing opened pages list before reload
2026-08-04T07:59:43.809Z - [32minfo[39m: Current opened pages, from most-to-least recent:
2026-08-04T07:59:43.809Z - [32minfo[39m: 1. projectDuke/index
2026-08-04T07:59:43.809Z - [32minfo[39m: [15:59:43] Reload for file change: /Users/damithch/Repos/nus-cs2103/cs2103-website-base/book/testCaseDesign/equivalencePartitions/intermediate/text.md
2026-08-04T07:59:43.809Z - [32minfo[39m: Synchronizing opened pages list before reload
2026-08-04T07:59:43.809Z - [32minfo[39m: Current opened pages, from most-to-least recent:
2026-08-04T07:59:43.809Z - [32minfo[39m: 1. projectDuke/index
2026-08-04T07:59:43.809Z - [32minfo[39m: [15:59:43] Reload for file change: /Users/damithch/Repos/nus-cs2103/cs2103-website-base/book/oop/associations/aggregation/text.md
2026-08-04T07:59:43.809Z - [32minfo[39m: Synchronizing opened pages list before reload
2026-08-04T07:59:43.809Z - [32minfo[39m: Current opened pages, from most-to-least recent:
2026-08-04T07:59:43.809Z - [32minfo[39m: 1. projectDuke/index
2026-08-04T07:59:43.809Z - [32minfo[39m: [15:59:43] Reload for file change: /Users/damithch/Repos/nus-cs2103/cs2103-website-base/book/designPatterns/abstractionOccurrence/what/text.md
2026-08-04T07:59:43.809Z - [32minfo[39m: Synchronizing opened pages list before reload
2026-08-04T07:59:43.809Z - [32minfo[39m: Current opened pages, from most-to-least recent:
2026-08-04T07:59:43.809Z - [32minfo[39m: 1. projectDuke/index
2026-08-04T07:59:43.810Z - [32minfo[39m: [15:59:43] Reload for file change: /Users/damithch/Repos/nus-cs2103/cs2103-website-base/book/oop/inheritance/dynamicAndStaticBinding/text.md
2026-08-04T07:59:43.810Z - [32minfo[39m: Synchronizing opened pages list before reload
2026-08-04T07:59:43.810Z - [32minfo[39m: Current opened pages, from most-to-least recent:
2026-08-04T07:59:43.810Z - [32minfo[39m: 1. projectDuke/index
2026-08-04T07:59:43.810Z - [32minfo[39m: [15:59:43] Reload for file change: /Users/damithch/Repos/nus-cs2103/cs2103-website-base/book/codeQuality/maximizeReadability/intermediate/practiceKISSing/text.md
2026-08-04T07:59:43.810Z - [32minfo[39m: Synchronizing opened pages list before reload
2026-08-04T07:59:43.810Z - [32minfo[39m: Current opened pages, from most-to-least recent:
2026-08-04T07:59:43.810Z - [32minfo[39m: 1. projectDuke/index
2026-08-04T07:59:43.810Z - [32minfo[39m: [15:59:43] Reload for file change: /Users/damithch/Repos/nus-cs2103/cs2103-website-base/book/principles/liskovSubstitutionPrinciple/text.md
2026-08-04T07:59:43.810Z - [32minfo[39m: Synchronizing opened pages list before reload
2026-08-04T07:59:43.810Z - [32minfo[39m: Current opened pages, from most-to-least recent:
2026-08-04T07:59:43.810Z - [32minfo[39m: 1. projectDuke/index
2026-08-04T07:59:43.810Z - [32minfo[39m: [15:59:43] Reload for file change: /Users/damithch/Repos/nus-cs2103/cs2103-website-base/book/modeling/introduction/what/text.md
2026-08-04T07:59:43.810Z - [32minfo[39m: Synchronizing opened pages list before reload
2026-08-04T07:59:43.810Z - [32minfo[39m: Current opened pages, from most-to-least recent:
2026-08-04T07:59:43.810Z - [32minfo[39m: 1. projectDuke/index
2026-08-04T07:59:43.810Z - [32minfo[39m: [15:59:43] Reload for file change: /Users/damithch/Repos/nus-cs2103/cs2103-website-base/book/reuse/platforms/what/text.md
2026-08-04T07:59:43.810Z - [32minfo[39m: Synchronizing opened pages list before reload
2026-08-04T07:59:43.810Z - [32minfo[39m: Current opened pages, from most-to-least recent:
2026-08-04T07:59:43.810Z - [32minfo[39m: 1. projectDuke/index
2026-08-04T07:59:43.811Z - [32minfo[39m: [15:59:43] Reload for file change: /Users/damithch/Repos/nus-cs2103/cs2103-website-base/book/specifyingRequirements/useCases/details/extensions.md
2026-08-04T07:59:43.811Z - [32minfo[39m: Synchronizing opened pages list before reload
2026-08-04T07:59:43.811Z - [32minfo[39m: Current opened pages, from most-to-least recent:
2026-08-04T07:59:43.811Z - [32minfo[39m: 1. projectDuke/index
2026-08-04T07:59:43.811Z - [32minfo[39m: [15:59:43] Reload for file change: /Users/damithch/Repos/nus-cs2103/cs2103-website-base/book/oop/inheritance/abstractClasses/text.md
2026-08-04T07:59:43.811Z - [32minfo[39m: Synchronizing opened pages list before reload
2026-08-04T07:59:43.811Z - [32minfo[39m: Current opened pages, from most-to-least recent:
2026-08-04T07:59:43.811Z - [32minfo[39m: 1. projectDuke/index
2026-08-04T07:59:43.811Z - [32minfo[39m: [15:59:43] Reload for file change: /Users/damithch/Repos/nus-cs2103/cs2103-website-base/book/specifyingRequirements/useCases/details/inclusions.md
2026-08-04T07:59:43.811Z - [32minfo[39m: Synchronizing opened pages list before reload
2026-08-04T07:59:43.811Z - [32minfo[39m: Current opened pages, from most-to-least recent:
2026-08-04T07:59:43.811Z - [32minfo[39m: 1. projectDuke/index
2026-08-04T07:59:43.811Z - [32minfo[39m: [15:59:43] Reload for file change: /Users/damithch/Repos/nus-cs2103/cs2103-website-base/book/oop/introduction/what/text.md
2026-08-04T07:59:43.811Z - [32minfo[39m: Synchronizing opened pages list before reload
2026-08-04T07:59:43.811Z - [32minfo[39m: Current opened pages, from most-to-least recent:
2026-08-04T07:59:43.811Z - [32minfo[39m: 1. projectDuke/index
2026-08-04T07:59:43.811Z - [32minfo[39m: [15:59:43] Reload for file change: /Users/damithch/Repos/nus-cs2103/cs2103-website-base/book/teamwork/teamStructures/text.md
2026-08-04T07:59:43.811Z - [32minfo[39m: Synchronizing opened pages list before reload
2026-08-04T07:59:43.811Z - [32minfo[39m: Current opened pages, from most-to-least recent:
2026-08-04T07:59:43.811Z - [32minfo[39m: 1. projectDuke/index
2026-08-04T07:59:43.812Z - [32minfo[39m: [15:59:43] Reload for file change: /Users/damithch/Repos/nus-cs2103/cs2103-website-base/book/testing/dependencyInjection/how/text.md
2026-08-04T07:59:43.812Z - [32minfo[39m: Synchronizing opened pages list before reload
2026-08-04T07:59:43.812Z - [32minfo[39m: Current opened pages, from most-to-least recent:
2026-08-04T07:59:43.812Z - [32minfo[39m: 1. projectDuke/index
2026-08-04T07:59:43.812Z - [32minfo[39m: [15:59:43] Reload for file change: /Users/damithch/Repos/nus-cs2103/cs2103-website-base/book/integration/introduction/what/text.md
2026-08-04T07:59:43.812Z - [32minfo[39m: Synchronizing opened pages list before reload
2026-08-04T07:59:43.812Z - [32minfo[39m: Current opened pages, from most-to-least recent:
2026-08-04T07:59:43.812Z - [32minfo[39m: 1. projectDuke/index
2026-08-04T07:59:43.812Z - [32minfo[39m: [15:59:43] Reload for file change: /Users/damithch/Repos/nus-cs2103/cs2103-website-base/book/oop/associations/multiplicity/text.md
2026-08-04T07:59:43.812Z - [32minfo[39m: Synchronizing opened pages list before reload
2026-08-04T07:59:43.812Z - [32minfo[39m: Current opened pages, from most-to-least recent:
2026-08-04T07:59:43.812Z - [32minfo[39m: 1. projectDuke/index
2026-08-04T07:59:43.812Z - [32minfo[39m: [15:59:43] Reload for file change: /Users/damithch/Repos/nus-cs2103/cs2103-website-base/book/uml/activityDiagrams/basicNotations/linearPaths/text.md
2026-08-04T07:59:43.812Z - [32minfo[39m: Synchronizing opened pages list before reload
2026-08-04T07:59:43.812Z - [32minfo[39m: Current opened pages, from most-to-least recent:
2026-08-04T07:59:43.812Z - [32minfo[39m: 1. projectDuke/index
2026-08-04T07:59:43.812Z - [32minfo[39m: [15:59:43] Reload for file change: /Users/damithch/Repos/nus-cs2103/cs2103-website-base/book/testing/testingTypes/systemTesting/what/text.md
2026-08-04T07:59:43.812Z - [32minfo[39m: Synchronizing opened pages list before reload
2026-08-04T07:59:43.812Z - [32minfo[39m: Current opened pages, from most-to-least recent:
2026-08-04T07:59:43.812Z - [32minfo[39m: 1. projectDuke/index
2026-08-04T07:59:43.812Z - [32minfo[39m: [15:59:43] Reload for file change: /Users/damithch/Repos/nus-cs2103/cs2103-website-base/book/errorHandling/logging/how/text.md
2026-08-04T07:59:43.812Z - [32minfo[39m: Synchronizing opened pages list before reload
2026-08-04T07:59:43.812Z - [32minfo[39m: Current opened pages, from most-to-least recent:
2026-08-04T07:59:43.812Z - [32minfo[39m: 1. projectDuke/index
2026-08-04T07:59:43.812Z - [32minfo[39m: [15:59:43] Reload for file change: /Users/damithch/Repos/nus-cs2103/cs2103-website-base/book/modeling/modelingBehaviors/useCaseDiagrams/text.md
2026-08-04T07:59:43.812Z - [32minfo[39m: Synchronizing opened pages list before reload
2026-08-04T07:59:43.812Z - [32minfo[39m: Current opened pages, from most-to-least recent:
2026-08-04T07:59:43.812Z - [32minfo[39m: 1. projectDuke/index
2026-08-04T07:59:43.812Z - [32minfo[39m: [15:59:43] Reload for file change: /Users/damithch/Repos/nus-cs2103/cs2103-website-base/book/designFundamentals/coupling/how/text.md
2026-08-04T07:59:43.812Z - [32minfo[39m: Synchronizing opened pages list before reload
2026-08-04T07:59:43.812Z - [32minfo[39m: Current opened pages, from most-to-least recent:
2026-08-04T07:59:43.812Z - [32minfo[39m: 1. projectDuke/index
2026-08-04T07:59:43.812Z - [32minfo[39m: [15:59:43] Reload for file change: /Users/damithch/Repos/nus-cs2103/cs2103-website-base/book/codeQuality/maximizeReadability/basic/avoidComplicatedExpressions/example-java.md
2026-08-04T07:59:43.812Z - [32minfo[39m: Synchronizing opened pages list before reload
2026-08-04T07:59:43.813Z - [32minfo[39m: Current opened pages, from most-to-least recent:
2026-08-04T07:59:43.813Z - [32minfo[39m: 1. projectDuke/index
2026-08-04T07:59:43.813Z - [32minfo[39m: [15:59:43] Reload for file change: /Users/damithch/Repos/nus-cs2103/cs2103-website-base/book/projectPlanning/milestones/text.md
2026-08-04T07:59:43.813Z - [32minfo[39m: Synchronizing opened pages list before reload
2026-08-04T07:59:43.813Z - [32minfo[39m: Current opened pages, from most-to-least recent:
2026-08-04T07:59:43.813Z - [32minfo[39m: 1. projectDuke/index
2026-08-04T07:59:43.813Z - [32minfo[39m: [15:59:43] Reload for file change: /Users/damithch/Repos/nus-cs2103/cs2103-website-base/book/testCaseDesign/equivalencePartitions/what/text.md
2026-08-04T07:59:43.813Z - [32minfo[39m: Synchronizing opened pages list before reload
2026-08-04T07:59:43.813Z - [32minfo[39m: Current opened pages, from most-to-least recent:
2026-08-04T07:59:43.813Z - [32minfo[39m: 1. projectDuke/index
2026-08-04T07:59:43.813Z - [32minfo[39m: [15:59:43] Reload for file change: /Users/damithch/Repos/nus-cs2103/cs2103-website-base/book/uml/classDiagrams/introduction/what/text.md
2026-08-04T07:59:43.813Z - [32minfo[39m: Synchronizing opened pages list before reload
2026-08-04T07:59:43.813Z - [32minfo[39m: Current opened pages, from most-to-least recent:
2026-08-04T07:59:43.813Z - [32minfo[39m: 1. projectDuke/index
2026-08-04T07:59:43.813Z - [32minfo[39m: [15:59:43] Reload for file change: /Users/damithch/Repos/nus-cs2103/cs2103-website-base/book/ides/introduction/what/text.md
2026-08-04T07:59:43.814Z - [32minfo[39m: Synchronizing opened pages list before reload
2026-08-04T07:59:43.814Z - [32minfo[39m: Current opened pages, from most-to-least recent:
2026-08-04T07:59:43.814Z - [32minfo[39m: 1. projectDuke/index
2026-08-04T07:59:43.814Z - [32minfo[39m: [15:59:43] Reload for file change: /Users/damithch/Repos/nus-cs2103/cs2103-website-base/book/codeQuality/commentMinimally/basic/writeToReader/text.md
2026-08-04T07:59:43.814Z - [32minfo[39m: Synchronizing opened pages list before reload
2026-08-04T07:59:43.814Z - [32minfo[39m: Current opened pages, from most-to-least recent:
2026-08-04T07:59:43.814Z - [32minfo[39m: 1. projectDuke/index
2026-08-04T07:59:43.814Z - [32minfo[39m: [15:59:43] Reload for file change: /Users/damithch/Repos/nus-cs2103/cs2103-website-base/book/oop/inheritance/what/text.md
2026-08-04T07:59:43.814Z - [32minfo[39m: Synchronizing opened pages list before reload
2026-08-04T07:59:43.814Z - [32minfo[39m: Current opened pages, from most-to-least recent:
2026-08-04T07:59:43.814Z - [32minfo[39m: 1. projectDuke/index
2026-08-04T07:59:43.814Z - [32minfo[39m: [15:59:43] Reload for file change: /Users/damithch/Repos/nus-cs2103/cs2103-website-base/book/uml/activityDiagrams/basicNotations/alternatePaths/text.md
2026-08-04T07:59:43.814Z - [32minfo[39m: Synchronizing opened pages list before reload
2026-08-04T07:59:43.814Z - [32minfo[39m: Current opened pages, from most-to-least recent:
2026-08-04T07:59:43.814Z - [32minfo[39m: 1. projectDuke/index
2026-08-04T07:59:43.814Z - [32minfo[39m: [15:59:43] Reload for file change: /Users/damithch/Repos/nus-cs2103/cs2103-website-base/book/designFundamentals/abstraction/what/text.md
2026-08-04T07:59:43.814Z - [32minfo[39m: Synchronizing opened pages list before reload
2026-08-04T07:59:43.814Z - [32minfo[39m: Current opened pages, from most-to-least recent:
2026-08-04T07:59:43.814Z - [32minfo[39m: 1. projectDuke/index
2026-08-04T07:59:43.814Z - [32minfo[39m: [15:59:43] Reload for file change: /Users/damithch/Repos/nus-cs2103/cs2103-website-base/book/errorHandling/exceptions/what/text.md
2026-08-04T07:59:43.814Z - [32minfo[39m: Synchronizing opened pages list before reload
2026-08-04T07:59:43.814Z - [32minfo[39m: Current opened pages, from most-to-least recent:
2026-08-04T07:59:43.814Z - [32minfo[39m: 1. projectDuke/index
2026-08-04T07:59:43.814Z - [32minfo[39m: [15:59:43] Reload for file change: /Users/damithch/Repos/nus-cs2103/cs2103-website-base/book/designPatterns/command/what/text.md
2026-08-04T07:59:43.814Z - [32minfo[39m: Synchronizing opened pages list before reload
2026-08-04T07:59:43.815Z - [32minfo[39m: Current opened pages, from most-to-least recent:
2026-08-04T07:59:43.815Z - [32minfo[39m: 1. projectDuke/index
2026-08-04T07:59:43.815Z - [32minfo[39m: [15:59:43] Reload for file change: /Users/damithch/Repos/nus-cs2103/cs2103-website-base/book/testing/dependencyInjection/what/text.md
2026-08-04T07:59:43.815Z - [32minfo[39m: Synchronizing opened pages list before reload
2026-08-04T07:59:43.815Z - [32minfo[39m: Current opened pages, from most-to-least recent:
2026-08-04T07:59:43.815Z - [32minfo[39m: 1. projectDuke/index
2026-08-04T07:59:43.815Z - [32minfo[39m: [15:59:43] Reload for file change: /Users/damithch/Repos/nus-cs2103/cs2103-website-base/book/modeling/modelingStructures/packageDiagrams/text.md
2026-08-04T07:59:43.815Z - [32minfo[39m: Synchronizing opened pages list before reload
2026-08-04T07:59:43.815Z - [32minfo[39m: Current opened pages, from most-to-least recent:
2026-08-04T07:59:43.815Z - [32minfo[39m: 1. projectDuke/index
2026-08-04T07:59:43.815Z - [32minfo[39m: [15:59:43] Reload for file change: /Users/damithch/Repos/nus-cs2103/cs2103-website-base/book/integration/approaches/lateVsEarly/text.md
2026-08-04T07:59:43.815Z - [32minfo[39m: Synchronizing opened pages list before reload
2026-08-04T07:59:43.815Z - [32minfo[39m: Current opened pages, from most-to-least recent:
2026-08-04T07:59:43.815Z - [32minfo[39m: 1. projectDuke/index
2026-08-04T07:59:43.815Z - [32minfo[39m: [15:59:43] Reload for file change: /Users/damithch/Repos/nus-cs2103/cs2103-website-base/book/specifyingRequirements/featureList/what/text.md
2026-08-04T07:59:43.815Z - [32minfo[39m: Synchronizing opened pages list before reload
2026-08-04T07:59:43.815Z - [32minfo[39m: Current opened pages, from most-to-least recent:
2026-08-04T07:59:43.816Z - [32minfo[39m: 1. projectDuke/index
2026-08-04T07:59:43.816Z - [32minfo[39m: [15:59:43] Reload for file change: /Users/damithch/Repos/nus-cs2103/cs2103-website-base/book/projectPlanning/ganttCharts/text.md
2026-08-04T07:59:43.816Z - [32minfo[39m: Synchronizing opened pages list before reload
2026-08-04T07:59:43.816Z - [32minfo[39m: Current opened pages, from most-to-least recent:
2026-08-04T07:59:43.816Z - [32minfo[39m: 1. projectDuke/index
2026-08-04T07:59:43.816Z - [32minfo[39m: [15:59:43] Reload for file change: /Users/damithch/Repos/nus-cs2103/cs2103-website-base/book/modeling/modelingStructures/deploymentDiagrams/text.md
2026-08-04T07:59:43.816Z - [32minfo[39m: Synchronizing opened pages list before reload
2026-08-04T07:59:43.816Z - [32minfo[39m: Current opened pages, from most-to-least recent:
2026-08-04T07:59:43.816Z - [32minfo[39m: 1. projectDuke/index
2026-08-04T07:59:43.816Z - [32minfo[39m: [15:59:43] Reload for file change: /Users/damithch/Repos/nus-cs2103/cs2103-website-base/book/testing/testingTypes/unitTesting/what/text.md
2026-08-04T07:59:43.816Z - [32minfo[39m: Synchronizing opened pages list before reload
2026-08-04T07:59:43.816Z - [32minfo[39m: Current opened pages, from most-to-least recent:
2026-08-04T07:59:43.816Z - [32minfo[39m: 1. projectDuke/index
2026-08-04T07:59:43.816Z - [32minfo[39m: [15:59:43] Reload for file change: /Users/damithch/Repos/nus-cs2103/cs2103-website-base/book/uml/sequenceDiagrams/basic/text.md
2026-08-04T07:59:43.816Z - [32minfo[39m: Synchronizing opened pages list before reload
2026-08-04T07:59:43.816Z - [32minfo[39m: Current opened pages, from most-to-least recent:
2026-08-04T07:59:43.816Z - [32minfo[39m: 1. projectDuke/index
2026-08-04T07:59:43.816Z - [32minfo[39m: [15:59:43] Reload for file change: /Users/damithch/Repos/nus-cs2103/cs2103-website-base/book/uml/classDiagrams/associations/roles/text.md
2026-08-04T07:59:43.816Z - [32minfo[39m: Synchronizing opened pages list before reload
2026-08-04T07:59:43.816Z - [32minfo[39m: Current opened pages, from most-to-least recent:
2026-08-04T07:59:43.816Z - [32minfo[39m: 1. projectDuke/index
2026-08-04T07:59:43.816Z - [32minfo[39m: [15:59:43] Reload for file change: /Users/damithch/Repos/nus-cs2103/cs2103-website-base/book/testing/testAutomation/usingTestDrivers/text.md
2026-08-04T07:59:43.816Z - [32minfo[39m: Synchronizing opened pages list before reload
2026-08-04T07:59:43.816Z - [32minfo[39m: Current opened pages, from most-to-least recent:
2026-08-04T07:59:43.816Z - [32minfo[39m: 1. projectDuke/index
2026-08-04T07:59:43.816Z - [32minfo[39m: [15:59:43] Reload for file change: /Users/damithch/Repos/nus-cs2103/cs2103-website-base/book/modeling/modelingStructures/compositeStructureDiagrams/text.md
2026-08-04T07:59:43.816Z - [32minfo[39m: Synchronizing opened pages list before reload
2026-08-04T07:59:43.816Z - [32minfo[39m: Current opened pages, from most-to-least recent:
2026-08-04T07:59:43.816Z - [32minfo[39m: 1. projectDuke/index
2026-08-04T07:59:43.816Z - [32minfo[39m: [15:59:43] Reload for file change: /Users/damithch/Repos/nus-cs2103/cs2103-website-base/book/architecture/architecturalStyles/layered/what/text.md
2026-08-04T07:59:43.816Z - [32minfo[39m: Synchronizing opened pages list before reload
2026-08-04T07:59:43.816Z - [32minfo[39m: Current opened pages, from most-to-least recent:
2026-08-04T07:59:43.816Z - [32minfo[39m: 1. projectDuke/index
2026-08-04T07:59:43.816Z - [32minfo[39m: [15:59:43] Reload for file change: /Users/damithch/Repos/nus-cs2103/cs2103-website-base/book/designFundamentals/cohesion/what/text.md
2026-08-04T07:59:43.816Z - [32minfo[39m: Synchronizing opened pages list before reload
2026-08-04T07:59:43.816Z - [32minfo[39m: Current opened pages, from most-to-least recent:
2026-08-04T07:59:43.816Z - [32minfo[39m: 1. projectDuke/index
2026-08-04T07:59:43.816Z - [32minfo[39m: [15:59:43] Reload for file change: /Users/damithch/Repos/nus-cs2103/cs2103-website-base/book/testing/testingTypes/integrationTesting/how/text.md
2026-08-04T07:59:43.816Z - [32minfo[39m: Synchronizing opened pages list before reload
2026-08-04T07:59:43.816Z - [32minfo[39m: Current opened pages, from most-to-least recent:
2026-08-04T07:59:43.816Z - [32minfo[39m: 1. projectDuke/index
2026-08-04T07:59:43.816Z - [32minfo[39m: [15:59:43] Reload for file change: /Users/damithch/Repos/nus-cs2103/cs2103-website-base/book/designApproaches/agileDesign/what/text.md
2026-08-04T07:59:43.816Z - [32minfo[39m: Synchronizing opened pages list before reload
2026-08-04T07:59:43.816Z - [32minfo[39m: Current opened pages, from most-to-least recent:
2026-08-04T07:59:43.816Z - [32minfo[39m: 1. projectDuke/index
2026-08-04T07:59:43.816Z - [32minfo[39m: [15:59:43] Reload for file change: /Users/damithch/Repos/nus-cs2103/cs2103-website-base/book/projectPlanning/buffers/text.md
2026-08-04T07:59:43.816Z - [32minfo[39m: Synchronizing opened pages list before reload
2026-08-04T07:59:43.816Z - [32minfo[39m: Current opened pages, from most-to-least recent:
2026-08-04T07:59:43.816Z - [32minfo[39m: 1. projectDuke/index
2026-08-04T07:59:43.817Z - [32minfo[39m: [15:59:43] Reload for file change: /Users/damithch/Repos/nus-cs2103/cs2103-website-base/book/specifyingRequirements/useCases/usage/text.md
2026-08-04T07:59:43.817Z - [32minfo[39m: Synchronizing opened pages list before reload
2026-08-04T07:59:43.817Z - [32minfo[39m: Current opened pages, from most-to-least recent:
2026-08-04T07:59:43.817Z - [32minfo[39m: 1. projectDuke/index
2026-08-04T07:59:43.817Z - [32minfo[39m: [15:59:43] Reload for file change: /Users/damithch/Repos/nus-cs2103/cs2103-website-base/book/principles/singleResponsibilityPrinciple/text.md
2026-08-04T07:59:43.817Z - [32minfo[39m: Synchronizing opened pages list before reload
2026-08-04T07:59:43.817Z - [32minfo[39m: Current opened pages, from most-to-least recent:
2026-08-04T07:59:43.817Z - [32minfo[39m: 1. projectDuke/index
2026-08-04T07:59:43.817Z - [32minfo[39m: [15:59:43] Reload for file change: /Users/damithch/Repos/nus-cs2103/cs2103-website-base/book/processModels/exampleProcessModels/scrum/text.md
2026-08-04T07:59:43.817Z - [32minfo[39m: Synchronizing opened pages list before reload
2026-08-04T07:59:43.817Z - [32minfo[39m: Current opened pages, from most-to-least recent:
2026-08-04T07:59:43.817Z - [32minfo[39m: 1. projectDuke/index
2026-08-04T07:59:43.817Z - [32minfo[39m: [15:59:43] Reload for file change: /Users/damithch/Repos/nus-cs2103/cs2103-website-base/book/oop/objects/what/text.md
2026-08-04T07:59:43.817Z - [32minfo[39m: Synchronizing opened pages list before reload
2026-08-04T07:59:43.817Z - [32minfo[39m: Current opened pages, from most-to-least recent:
2026-08-04T07:59:43.817Z - [32minfo[39m: 1. projectDuke/index
2026-08-04T07:59:43.817Z - [32minfo[39m: [15:59:43] Reload for file change: /Users/damithch/Repos/nus-cs2103/cs2103-website-base/book/principles/lawOfDemeter/text.md
2026-08-04T07:59:43.817Z - [32minfo[39m: Synchronizing opened pages list before reload
2026-08-04T07:59:43.817Z - [32minfo[39m: Current opened pages, from most-to-least recent:
2026-08-04T07:59:43.817Z - [32minfo[39m: 1. projectDuke/index
2026-08-04T07:59:43.817Z - [32minfo[39m: [15:59:43] Reload for file change: /Users/damithch/Repos/nus-cs2103/cs2103-website-base/book/designPatterns/observer/what/text.md
2026-08-04T07:59:43.817Z - [32minfo[39m: Synchronizing opened pages list before reload
2026-08-04T07:59:43.817Z - [32minfo[39m: Current opened pages, from most-to-least recent:
2026-08-04T07:59:43.817Z - [32minfo[39m: 1. projectDuke/index
2026-08-04T07:59:43.818Z - [32minfo[39m: [15:59:43] Reload for file change: /Users/damithch/Repos/nus-cs2103/cs2103-website-base/book/uml/classDiagrams/classes/what/text.md
2026-08-04T07:59:43.818Z - [32minfo[39m: Synchronizing opened pages list before reload
2026-08-04T07:59:43.818Z - [32minfo[39m: Current opened pages, from most-to-least recent:
2026-08-04T07:59:43.818Z - [32minfo[39m: 1. projectDuke/index
2026-08-04T07:59:43.818Z - [32minfo[39m: [15:59:43] Reload for file change: /Users/damithch/Repos/nus-cs2103/cs2103-website-base/book/uml/classDiagrams/associations/labels/text.md
2026-08-04T07:59:43.818Z - [32minfo[39m: Synchronizing opened pages list before reload
2026-08-04T07:59:43.818Z - [32minfo[39m: Current opened pages, from most-to-least recent:
2026-08-04T07:59:43.818Z - [32minfo[39m: 1. projectDuke/index
2026-08-04T07:59:43.819Z - [32minfo[39m: [15:59:43] Reload for file change: /Users/damithch/Repos/nus-cs2103/cs2103-website-base/book/designPatterns/more/vsPrinciples/text.md
2026-08-04T07:59:43.819Z - [32minfo[39m: Synchronizing opened pages list before reload
2026-08-04T07:59:43.819Z - [32minfo[39m: Current opened pages, from most-to-least recent:
2026-08-04T07:59:43.819Z - [32minfo[39m: 1. projectDuke/index
2026-08-04T07:59:43.819Z - [32minfo[39m: [15:59:43] Reload for file change: /Users/damithch/Repos/nus-cs2103/cs2103-website-base/book/principles/separationOfConcernsPrinciple/text.md
2026-08-04T07:59:43.819Z - [32minfo[39m: Synchronizing opened pages list before reload
2026-08-04T07:59:43.819Z - [32minfo[39m: Current opened pages, from most-to-least recent:
2026-08-04T07:59:43.819Z - [32minfo[39m: 1. projectDuke/index
2026-08-04T07:59:43.819Z - [32minfo[39m: [15:59:43] Reload for file change: /Users/damithch/Repos/nus-cs2103/cs2103-website-base/book/specifyingRequirements/prose/what/text.md
2026-08-04T07:59:43.819Z - [32minfo[39m: Synchronizing opened pages list before reload
2026-08-04T07:59:43.819Z - [32minfo[39m: Current opened pages, from most-to-least recent:
2026-08-04T07:59:43.819Z - [32minfo[39m: 1. projectDuke/index
2026-08-04T07:59:43.819Z - [32minfo[39m: [15:59:43] Reload for file change: /Users/damithch/Repos/nus-cs2103/cs2103-website-base/book/uml/stereotypes/what/text.md
2026-08-04T07:59:43.819Z - [32minfo[39m: Synchronizing opened pages list before reload
2026-08-04T07:59:43.819Z - [32minfo[39m: Current opened pages, from most-to-least recent:
2026-08-04T07:59:43.819Z - [32minfo[39m: 1. projectDuke/index
2026-08-04T07:59:43.819Z - [32minfo[39m: [15:59:43] Reload for file change: /Users/damithch/Repos/nus-cs2103/cs2103-website-base/book/qualityAssurance/introduction/validationVsVerification/text.md
2026-08-04T07:59:43.819Z - [32minfo[39m: Synchronizing opened pages list before reload
2026-08-04T07:59:43.819Z - [32minfo[39m: Current opened pages, from most-to-least recent:
2026-08-04T07:59:43.819Z - [32minfo[39m: 1. projectDuke/index
2026-08-04T07:59:43.819Z - [32minfo[39m: [15:59:43] Reload for file change: /Users/damithch/Repos/nus-cs2103/cs2103-website-base/book/codeQuality/maximizeReadability/basic/avoidComplicatedExpressions/text.md
2026-08-04T07:59:43.819Z - [32minfo[39m: Synchronizing opened pages list before reload
2026-08-04T07:59:43.819Z - [32minfo[39m: Current opened pages, from most-to-least recent:
2026-08-04T07:59:43.819Z - [32minfo[39m: 1. projectDuke/index
2026-08-04T07:59:43.819Z - [32minfo[39m: [15:59:43] Reload for file change: /Users/damithch/Repos/nus-cs2103/cs2103-website-base/book/uml/objectDiagrams/introduction/text.md
2026-08-04T07:59:43.819Z - [32minfo[39m: Synchronizing opened pages list before reload
2026-08-04T07:59:43.819Z - [32minfo[39m: Current opened pages, from most-to-least recent:
2026-08-04T07:59:43.819Z - [32minfo[39m: 1. projectDuke/index
2026-08-04T07:59:43.819Z - [32minfo[39m: [15:59:43] Reload for file change: /Users/damithch/Repos/nus-cs2103/cs2103-website-base/book/integration/approaches/bigBangVsIncremental/text.md
2026-08-04T07:59:43.819Z - [32minfo[39m: Synchronizing opened pages list before reload
2026-08-04T07:59:43.819Z - [32minfo[39m: Current opened pages, from most-to-least recent:
2026-08-04T07:59:43.819Z - [32minfo[39m: 1. projectDuke/index
2026-08-04T07:59:43.819Z - [32minfo[39m: [15:59:43] Reload for file change: /Users/damithch/Repos/nus-cs2103/cs2103-website-base/book/integration/buildAutomation/continuousIntegrationDeployment/text.md
2026-08-04T07:59:43.819Z - [32minfo[39m: Synchronizing opened pages list before reload
2026-08-04T07:59:43.819Z - [32minfo[39m: Current opened pages, from most-to-least recent:
2026-08-04T07:59:43.819Z - [32minfo[39m: 1. projectDuke/index
2026-08-04T07:59:43.819Z - [32minfo[39m: [15:59:43] Reload for file change: /Users/damithch/Repos/nus-cs2103/cs2103-website-base/book/architecture/architectureDiagrams/views/text.md
2026-08-04T07:59:43.819Z - [32minfo[39m: Synchronizing opened pages list before reload
2026-08-04T07:59:43.819Z - [32minfo[39m: Current opened pages, from most-to-least recent:
2026-08-04T07:59:43.819Z - [32minfo[39m: 1. projectDuke/index
2026-08-04T07:59:43.819Z - [32minfo[39m: [15:59:43] Reload for file change: /Users/damithch/Repos/nus-cs2103/cs2103-website-base/book/errorHandling/logging/what/text.md
2026-08-04T07:59:43.819Z - [32minfo[39m: Synchronizing opened pages list before reload
2026-08-04T07:59:43.819Z - [32minfo[39m: Current opened pages, from most-to-least recent:
2026-08-04T07:59:43.819Z - [32minfo[39m: 1. projectDuke/index
2026-08-04T07:59:43.819Z - [32minfo[39m: [15:59:43] Reload for file change: /Users/damithch/Repos/nus-cs2103/cs2103-website-base/book/modeling/modelingBehaviors/communicationDiagrams/text.md
2026-08-04T07:59:43.819Z - [32minfo[39m: Synchronizing opened pages list before reload
2026-08-04T07:59:43.819Z - [32minfo[39m: Current opened pages, from most-to-least recent:
2026-08-04T07:59:43.819Z - [32minfo[39m: 1. projectDuke/index
2026-08-04T07:59:43.820Z - [32minfo[39m: [15:59:43] Reload for file change: /Users/damithch/Repos/nus-cs2103/cs2103-website-base/book/testing/testingTypes/regressionTesting/what/text.md
2026-08-04T07:59:43.820Z - [32minfo[39m: Synchronizing opened pages list before reload
2026-08-04T07:59:43.820Z - [32minfo[39m: Current opened pages, from most-to-least recent:
2026-08-04T07:59:43.820Z - [32minfo[39m: 1. projectDuke/index
2026-08-04T07:59:43.820Z - [32minfo[39m: [15:59:43] Reload for file change: /Users/damithch/Repos/nus-cs2103/cs2103-website-base/book/errorHandling/assertions/how/text.md
2026-08-04T07:59:43.820Z - [32minfo[39m: Synchronizing opened pages list before reload
2026-08-04T07:59:43.820Z - [32minfo[39m: Current opened pages, from most-to-least recent:
2026-08-04T07:59:43.820Z - [32minfo[39m: 1. projectDuke/index
2026-08-04T07:59:43.820Z - [32minfo[39m: [15:59:43] Reload for file change: /Users/damithch/Repos/nus-cs2103/cs2103-website-base/book/codeQuality/avoidShortcuts/basic/useDefaultBranch/text.md
2026-08-04T07:59:43.820Z - [32minfo[39m: Synchronizing opened pages list before reload
2026-08-04T07:59:43.820Z - [32minfo[39m: Current opened pages, from most-to-least recent:
2026-08-04T07:59:43.820Z - [32minfo[39m: 1. projectDuke/index
2026-08-04T07:59:43.820Z - [32minfo[39m: [15:59:43] Reload for file change: /Users/damithch/Repos/nus-cs2103/cs2103-website-base/book/documentation/introduction/what/text.md
2026-08-04T07:59:43.820Z - [32minfo[39m: Synchronizing opened pages list before reload
2026-08-04T07:59:43.820Z - [32minfo[39m: Current opened pages, from most-to-least recent:
2026-08-04T07:59:43.820Z - [32minfo[39m: 1. projectDuke/index
2026-08-04T07:59:43.820Z - [32minfo[39m: [15:59:43] Reload for file change: /Users/damithch/Repos/nus-cs2103/cs2103-website-base/book/design/introduction/what/text.md
2026-08-04T07:59:43.820Z - [32minfo[39m: Synchronizing opened pages list before reload
2026-08-04T07:59:43.820Z - [32minfo[39m: Current opened pages, from most-to-least recent:
2026-08-04T07:59:43.820Z - [32minfo[39m: 1. projectDuke/index
2026-08-04T07:59:43.820Z - [32minfo[39m: [15:59:43] Reload for file change: /Users/damithch/Repos/nus-cs2103/cs2103-website-base/book/refactoring/what/text.md
2026-08-04T07:59:43.820Z - [32minfo[39m: Synchronizing opened pages list before reload
2026-08-04T07:59:43.820Z - [32minfo[39m: Current opened pages, from most-to-least recent:
2026-08-04T07:59:43.820Z - [32minfo[39m: 1. projectDuke/index
2026-08-04T07:59:43.820Z - [32minfo[39m: [15:59:43] Reload for file change: /Users/damithch/Repos/nus-cs2103/cs2103-website-base/book/errorHandling/assertions/what/text.md
2026-08-04T07:59:43.820Z - [32minfo[39m: Synchronizing opened pages list before reload
2026-08-04T07:59:43.820Z - [32minfo[39m: Current opened pages, from most-to-least recent:
2026-08-04T07:59:43.820Z - [32minfo[39m: 1. projectDuke/index
2026-08-04T07:59:43.820Z - [32minfo[39m: [15:59:43] Reload for file change: /Users/damithch/Repos/nus-cs2103/cs2103-website-base/book/projectPlanning/workBreakdownStructure/text.md
2026-08-04T07:59:43.820Z - [32minfo[39m: Synchronizing opened pages list before reload
2026-08-04T07:59:43.820Z - [32minfo[39m: Current opened pages, from most-to-least recent:
2026-08-04T07:59:43.820Z - [32minfo[39m: 1. projectDuke/index
2026-08-04T07:59:43.820Z - [32minfo[39m: [15:59:43] Reload for file change: /Users/damithch/Repos/nus-cs2103/cs2103-website-base/book/uml/sequenceDiagrams/referenceFrames/text.md
2026-08-04T07:59:43.820Z - [32minfo[39m: Synchronizing opened pages list before reload
2026-08-04T07:59:43.820Z - [32minfo[39m: Current opened pages, from most-to-least recent:
2026-08-04T07:59:43.820Z - [32minfo[39m: 1. projectDuke/index
2026-08-04T07:59:43.820Z - [32minfo[39m: [15:59:43] Reload for file change: /Users/damithch/Repos/nus-cs2103/cs2103-website-base/book/oop/objects/abstraction/text.md
2026-08-04T07:59:43.820Z - [32minfo[39m: Synchronizing opened pages list before reload
2026-08-04T07:59:43.820Z - [32minfo[39m: Current opened pages, from most-to-least recent:
2026-08-04T07:59:43.820Z - [32minfo[39m: 1. projectDuke/index
2026-08-04T07:59:43.820Z - [32minfo[39m: [15:59:43] Reload for file change: /Users/damithch/Repos/nus-cs2103/cs2103-website-base/book/architecture/architecturalStyles/introduction/what/text.md
2026-08-04T07:59:43.820Z - [32minfo[39m: Synchronizing opened pages list before reload
2026-08-04T07:59:43.820Z - [32minfo[39m: Current opened pages, from most-to-least recent:
2026-08-04T07:59:43.820Z - [32minfo[39m: 1. projectDuke/index
2026-08-04T07:59:43.820Z - [32minfo[39m: [15:59:43] Reload for file change: /Users/damithch/Repos/nus-cs2103/cs2103-website-base/book/gatheringRequirements/brainstorming/text.md
2026-08-04T07:59:43.820Z - [32minfo[39m: Synchronizing opened pages list before reload
2026-08-04T07:59:43.820Z - [32minfo[39m: Current opened pages, from most-to-least recent:
2026-08-04T07:59:43.820Z - [32minfo[39m: 1. projectDuke/index
2026-08-04T07:59:43.820Z - [32minfo[39m: [15:59:43] Reload for file change: /Users/damithch/Repos/nus-cs2103/cs2103-website-base/book/reuse/apis/designingAPIs/text.md
2026-08-04T07:59:43.821Z - [32minfo[39m: Synchronizing opened pages list before reload
2026-08-04T07:59:43.821Z - [32minfo[39m: Current opened pages, from most-to-least recent:
2026-08-04T07:59:43.821Z - [32minfo[39m: 1. projectDuke/index
2026-08-04T07:59:43.821Z - [32minfo[39m: [15:59:43] Reload for file change: /Users/damithch/Repos/nus-cs2103/cs2103-website-base/book/qualityAssurance/introduction/what/text.md
2026-08-04T07:59:43.821Z - [32minfo[39m: Synchronizing opened pages list before reload
2026-08-04T07:59:43.821Z - [32minfo[39m: Current opened pages, from most-to-least recent:
2026-08-04T07:59:43.821Z - [32minfo[39m: 1. projectDuke/index
2026-08-04T07:59:43.821Z - [32minfo[39m: [15:59:43] Reload for file change: /Users/damithch/Repos/nus-cs2103/cs2103-website-base/book/processModels/exampleProcessModels/xp/text.md
2026-08-04T07:59:43.821Z - [32minfo[39m: Synchronizing opened pages list before reload
2026-08-04T07:59:43.821Z - [32minfo[39m: Current opened pages, from most-to-least recent:
2026-08-04T07:59:43.821Z - [32minfo[39m: 1. projectDuke/index
2026-08-04T07:59:43.821Z - [32minfo[39m: [15:59:43] Reload for file change: /Users/damithch/Repos/nus-cs2103/cs2103-website-base/book/reuse/cloudComputing/what/text.md
2026-08-04T07:59:43.821Z - [32minfo[39m: Synchronizing opened pages list before reload
2026-08-04T07:59:43.821Z - [32minfo[39m: Current opened pages, from most-to-least recent:
2026-08-04T07:59:43.821Z - [32minfo[39m: 1. projectDuke/index
2026-08-04T07:59:43.821Z - [32minfo[39m: [15:59:43] Reload for file change: /Users/damithch/Repos/nus-cs2103/cs2103-website-base/book/requirements/quality/text.md
2026-08-04T07:59:43.821Z - [32minfo[39m: Synchronizing opened pages list before reload
2026-08-04T07:59:43.821Z - [32minfo[39m: Current opened pages, from most-to-least recent:
2026-08-04T07:59:43.821Z - [32minfo[39m: 1. projectDuke/index
2026-08-04T07:59:43.822Z - [32minfo[39m: [15:59:43] Reload for file change: /Users/damithch/Repos/nus-cs2103/cs2103-website-base/book/oop/associations/dependencies/text.md
2026-08-04T07:59:43.822Z - [32minfo[39m: Synchronizing opened pages list before reload
2026-08-04T07:59:43.822Z - [32minfo[39m: Current opened pages, from most-to-least recent:
2026-08-04T07:59:43.827Z - [32minfo[39m: 1. projectDuke/index
2026-08-04T07:59:43.827Z - [32minfo[39m: [15:59:43] Reload for file change: /Users/damithch/Repos/nus-cs2103/cs2103-website-base/book/testing/testAutomation/tools/text.md
2026-08-04T07:59:43.827Z - [32minfo[39m: Synchronizing opened pages list before reload
2026-08-04T07:59:43.827Z - [32minfo[39m: Current opened pages, from most-to-least recent:
2026-08-04T07:59:43.827Z - [32minfo[39m: 1. projectDuke/index
2026-08-04T07:59:43.827Z - [32minfo[39m: [15:59:43] Reload for file change: /Users/damithch/Repos/nus-cs2103/cs2103-website-base/book/reuse/libraries/what/text.md
2026-08-04T07:59:43.827Z - [32minfo[39m: Synchronizing opened pages list before reload
2026-08-04T07:59:43.827Z - [32minfo[39m: Current opened pages, from most-to-least recent:
2026-08-04T07:59:43.827Z - [32minfo[39m: 1. projectDuke/index
2026-08-04T07:59:43.827Z - [32minfo[39m: [15:59:43] Reload for file change: /Users/damithch/Repos/nus-cs2103/cs2103-website-base/book/uml/sequenceDiagrams/objectDeletion/text.md
2026-08-04T07:59:43.827Z - [32minfo[39m: Synchronizing opened pages list before reload
2026-08-04T07:59:43.827Z - [32minfo[39m: Current opened pages, from most-to-least recent:
2026-08-04T07:59:43.827Z - [32minfo[39m: 1. projectDuke/index
2026-08-04T07:59:43.827Z - [32minfo[39m: [15:59:43] Reload for file change: /Users/damithch/Repos/nus-cs2103/cs2103-website-base/book/principles/interfaceSegregationPrinciple/text.md
2026-08-04T07:59:43.827Z - [32minfo[39m: Synchronizing opened pages list before reload
2026-08-04T07:59:43.827Z - [32minfo[39m: Current opened pages, from most-to-least recent:
2026-08-04T07:59:43.827Z - [32minfo[39m: 1. projectDuke/index
2026-08-04T07:59:43.828Z - [32minfo[39m: [15:59:43] Reload for file change: /Users/damithch/Repos/nus-cs2103/cs2103-website-base/book/oop/inheritance/overloading/text.md
2026-08-04T07:59:43.828Z - [32minfo[39m: Synchronizing opened pages list before reload
2026-08-04T07:59:43.828Z - [32minfo[39m: Current opened pages, from most-to-least recent:
2026-08-04T07:59:43.828Z - [32minfo[39m: 1. projectDuke/index
2026-08-04T07:59:43.828Z - [32minfo[39m: [15:59:43] Reload for file change: /Users/damithch/Repos/nus-cs2103/cs2103-website-base/book/specifyingRequirements/userStories/introduction/text.md
2026-08-04T07:59:43.828Z - [32minfo[39m: Synchronizing opened pages list before reload
2026-08-04T07:59:43.828Z - [32minfo[39m: Current opened pages, from most-to-least recent:
2026-08-04T07:59:43.828Z - [32minfo[39m: 1. projectDuke/index
2026-08-04T07:59:43.828Z - [32minfo[39m: [15:59:43] Reload for file change: /Users/damithch/Repos/nus-cs2103/cs2103-website-base/book/designPatterns/modelViewController/what/text.md
2026-08-04T07:59:43.828Z - [32minfo[39m: Synchronizing opened pages list before reload
2026-08-04T07:59:43.828Z - [32minfo[39m: Current opened pages, from most-to-least recent:
2026-08-04T07:59:43.828Z - [32minfo[39m: 1. projectDuke/index
2026-08-04T07:59:43.828Z - [32minfo[39m: [15:59:43] Reload for file change: /Users/damithch/Repos/nus-cs2103/cs2103-website-base/book/testing/testingTypes/unitTesting/stubs/text.md
2026-08-04T07:59:43.828Z - [32minfo[39m: Synchronizing opened pages list before reload
2026-08-04T07:59:43.828Z - [32minfo[39m: Current opened pages, from most-to-least recent:
2026-08-04T07:59:43.828Z - [32minfo[39m: 1. projectDuke/index
2026-08-04T07:59:43.828Z - [32minfo[39m: [15:59:43] Reload for file change: /Users/damithch/Repos/nus-cs2103/cs2103-website-base/book/cppToJava/collections/what/text.md
2026-08-04T07:59:43.828Z - [32minfo[39m: Synchronizing opened pages list before reload
2026-08-04T07:59:43.828Z - [32minfo[39m: Current opened pages, from most-to-least recent:
2026-08-04T07:59:43.828Z - [32minfo[39m: 1. projectDuke/index
2026-08-04T07:59:43.828Z - [32minfo[39m: [15:59:43] Reload for file change: /Users/damithch/Repos/nus-cs2103/cs2103-website-base/book/codeQuality/introduction/basic/text.md
2026-08-04T07:59:43.828Z - [32minfo[39m: Synchronizing opened pages list before reload
2026-08-04T07:59:43.828Z - [32minfo[39m: Current opened pages, from most-to-least recent:
2026-08-04T07:59:43.828Z - [32minfo[39m: 1. projectDuke/index
2026-08-04T07:59:43.828Z - [32minfo[39m: [15:59:43] Reload for file change: /Users/damithch/Repos/nus-cs2103/cs2103-website-base/book/testing/testAutomation/testingGuis/text.md
2026-08-04T07:59:43.828Z - [32minfo[39m: Synchronizing opened pages list before reload
2026-08-04T07:59:43.828Z - [32minfo[39m: Current opened pages, from most-to-least recent:
2026-08-04T07:59:43.828Z - [32minfo[39m: 1. projectDuke/index
2026-08-04T07:59:43.828Z - [32minfo[39m: [15:59:43] Reload for file change: /Users/damithch/Repos/nus-cs2103/cs2103-website-base/book/requirements/introduction/text.md
2026-08-04T07:59:43.828Z - [32minfo[39m: Synchronizing opened pages list before reload
2026-08-04T07:59:43.828Z - [32minfo[39m: Current opened pages, from most-to-least recent:
2026-08-04T07:59:43.828Z - [32minfo[39m: 1. projectDuke/index
2026-08-04T07:59:43.828Z - [32minfo[39m: [15:59:43] Reload for file change: /Users/damithch/Repos/nus-cs2103/cs2103-website-base/book/architecture/architecturalStyles/eventDriven/what/text.md
2026-08-04T07:59:43.828Z - [32minfo[39m: Synchronizing opened pages list before reload
2026-08-04T07:59:43.828Z - [32minfo[39m: Current opened pages, from most-to-least recent:
2026-08-04T07:59:43.828Z - [32minfo[39m: 1. projectDuke/index
2026-08-04T07:59:43.828Z - [32minfo[39m: [15:59:43] Reload for file change: /Users/damithch/Repos/nus-cs2103/cs2103-website-base/book/modeling/modelingStructures/classDiagramsBasic/text.md
2026-08-04T07:59:43.828Z - [32minfo[39m: Synchronizing opened pages list before reload
2026-08-04T07:59:43.828Z - [32minfo[39m: Current opened pages, from most-to-least recent:
2026-08-04T07:59:43.828Z - [32minfo[39m: 1. projectDuke/index
2026-08-04T07:59:43.829Z - [32minfo[39m: [15:59:43] Reload for file change: /Users/damithch/Repos/nus-cs2103/cs2103-website-base/book/documentation/guidelines/goTopDown/how/text.md
2026-08-04T07:59:43.829Z - [32minfo[39m: Synchronizing opened pages list before reload
2026-08-04T07:59:43.829Z - [32minfo[39m: Current opened pages, from most-to-least recent:
2026-08-04T07:59:43.829Z - [32minfo[39m: 1. projectDuke/index
2026-08-04T07:59:43.829Z - [32minfo[39m: [15:59:43] Reload for file change: /Users/damithch/Repos/nus-cs2103/cs2103-website-base/book/security/what/text.md
2026-08-04T07:59:43.829Z - [32minfo[39m: Synchronizing opened pages list before reload
2026-08-04T07:59:43.829Z - [32minfo[39m: Current opened pages, from most-to-least recent:
2026-08-04T07:59:43.829Z - [32minfo[39m: 1. projectDuke/index
2026-08-04T07:59:43.829Z - [32minfo[39m: [15:59:43] Reload for file change: /Users/damithch/Repos/nus-cs2103/cs2103-website-base/book/debugging/tools/resources.md
2026-08-04T07:59:43.829Z - [32minfo[39m: Synchronizing opened pages list before reload
2026-08-04T07:59:43.829Z - [32minfo[39m: Current opened pages, from most-to-least recent:
2026-08-04T07:59:43.829Z - [32minfo[39m: 1. projectDuke/index
2026-08-04T07:59:43.829Z - [32minfo[39m: [15:59:43] Reload for file change: /Users/damithch/Repos/nus-cs2103/cs2103-website-base/book/security/why/text.md
2026-08-04T07:59:43.829Z - [32minfo[39m: Synchronizing opened pages list before reload
2026-08-04T07:59:43.829Z - [32minfo[39m: Current opened pages, from most-to-least recent:
2026-08-04T07:59:43.829Z - [32minfo[39m: 1. projectDuke/index
2026-08-04T07:59:43.829Z - [32minfo[39m: [15:59:43] Reload for file change: /Users/damithch/Repos/nus-cs2103/cs2103-website-base/book/principles/openClosedPrinciple/text.md
2026-08-04T07:59:43.829Z - [32minfo[39m: Synchronizing opened pages list before reload
2026-08-04T07:59:43.829Z - [32minfo[39m: Current opened pages, from most-to-least recent:
2026-08-04T07:59:43.829Z - [32minfo[39m: 1. projectDuke/index
2026-08-04T07:59:43.829Z - [32minfo[39m: [15:59:43] Reload for file change: /Users/damithch/Repos/nus-cs2103/cs2103-website-base/book/modeling/modelingBehaviors/interactionOverviewDiagrams/text.md
2026-08-04T07:59:43.829Z - [32minfo[39m: Synchronizing opened pages list before reload
2026-08-04T07:59:43.829Z - [32minfo[39m: Current opened pages, from most-to-least recent:
2026-08-04T07:59:43.830Z - [32minfo[39m: 1. projectDuke/index
2026-08-04T07:59:43.830Z - [32minfo[39m: [15:59:43] Reload for file change: /Users/damithch/Repos/nus-cs2103/cs2103-website-base/book/cppToJava/classes/definingClasses/q-defineCircleClass.md
2026-08-04T07:59:43.830Z - [32minfo[39m: Synchronizing opened pages list before reload
2026-08-04T07:59:43.830Z - [32minfo[39m: Current opened pages, from most-to-least recent:
2026-08-04T07:59:43.830Z - [32minfo[39m: 1. projectDuke/index
2026-08-04T07:59:43.830Z - [32minfo[39m: [15:59:43] Reload for file change: /Users/damithch/Repos/nus-cs2103/cs2103-website-base/book/modeling/modelingStructures/ooStructures/text.md
2026-08-04T07:59:43.830Z - [32minfo[39m: Synchronizing opened pages list before reload
2026-08-04T07:59:43.830Z - [32minfo[39m: Current opened pages, from most-to-least recent:
2026-08-04T07:59:43.830Z - [32minfo[39m: 1. projectDuke/index
2026-08-04T07:59:43.830Z - [32minfo[39m: [15:59:43] Reload for file change: /Users/damithch/Repos/nus-cs2103/cs2103-website-base/book/testCaseDesign/combiningTestInputs/why/text.md
2026-08-04T07:59:43.830Z - [32minfo[39m: Synchronizing opened pages list before reload
2026-08-04T07:59:43.830Z - [32minfo[39m: Current opened pages, from most-to-least recent:
2026-08-04T07:59:43.830Z - [32minfo[39m: 1. projectDuke/index
2026-08-04T07:59:43.830Z - [32minfo[39m: [15:59:43] Reload for file change: /Users/damithch/Repos/nus-cs2103/cs2103-website-base/book/debugging/fixing/text.md
2026-08-04T07:59:43.831Z - [32minfo[39m: Synchronizing opened pages list before reload
2026-08-04T07:59:43.831Z - [32minfo[39m: Current opened pages, from most-to-least recent:
2026-08-04T07:59:43.831Z - [32minfo[39m: 1. projectDuke/index
2026-08-04T07:59:43.831Z - [32minfo[39m: [15:59:43] Reload for file change: /Users/damithch/Repos/nus-cs2103/cs2103-website-base/book/security/how/text.md
2026-08-04T07:59:43.831Z - [32minfo[39m: Synchronizing opened pages list before reload
2026-08-04T07:59:43.831Z - [32minfo[39m: Current opened pages, from most-to-least recent:
2026-08-04T07:59:43.831Z - [32minfo[39m: 1. projectDuke/index
2026-08-04T07:59:43.831Z - [32minfo[39m: [15:59:43] Reload for file change: /Users/damithch/Repos/nus-cs2103/cs2103-website-base/book/projectPlanning/pertCharts/text.md
2026-08-04T07:59:43.831Z - [32minfo[39m: Synchronizing opened pages list before reload
2026-08-04T07:59:43.831Z - [32minfo[39m: Current opened pages, from most-to-least recent:
2026-08-04T07:59:43.831Z - [32minfo[39m: 1. projectDuke/index
2026-08-04T07:59:43.831Z - [32minfo[39m: [15:59:43] Reload for file change: /Users/damithch/Repos/nus-cs2103/cs2103-website-base/book/modeling/modelingStructures/objectOrientedDomainModels/text.md
2026-08-04T07:59:43.831Z - [32minfo[39m: Synchronizing opened pages list before reload
2026-08-04T07:59:43.831Z - [32minfo[39m: Current opened pages, from most-to-least recent:
2026-08-04T07:59:43.831Z - [32minfo[39m: 1. projectDuke/index
2026-08-04T07:59:43.831Z - [32minfo[39m: [15:59:43] Reload for file change: /Users/damithch/Repos/nus-cs2103/cs2103-website-base/book/qualityAssurance/codeReviews/what/text.md
2026-08-04T07:59:43.831Z - [32minfo[39m: Synchronizing opened pages list before reload
2026-08-04T07:59:43.831Z - [32minfo[39m: Current opened pages, from most-to-least recent:
2026-08-04T07:59:43.831Z - [32minfo[39m: 1. projectDuke/index
2026-08-04T07:59:43.831Z - [32minfo[39m: [15:59:43] Reload for file change: /Users/damithch/Repos/nus-cs2103/cs2103-website-base/book/modeling/modelingBehaviors/activityDiagrams/text.md
2026-08-04T07:59:43.832Z - [32minfo[39m: Synchronizing opened pages list before reload
2026-08-04T07:59:43.832Z - [32minfo[39m: Current opened pages, from most-to-least recent:
2026-08-04T07:59:43.832Z - [32minfo[39m: 1. projectDuke/index
2026-08-04T07:59:43.832Z - [32minfo[39m: [15:59:43] Reload for file change: /Users/damithch/Repos/nus-cs2103/cs2103-website-base/book/testCaseDesign/introduction/positiveVsNegative/text.md
2026-08-04T07:59:43.832Z - [32minfo[39m: Synchronizing opened pages list before reload
2026-08-04T07:59:43.832Z - [32minfo[39m: Current opened pages, from most-to-least recent:
2026-08-04T07:59:43.832Z - [32minfo[39m: 1. projectDuke/index
2026-08-04T07:59:43.832Z - [32minfo[39m: [15:59:43] Reload for file change: /Users/damithch/Repos/nus-cs2103/cs2103-website-base/book/architecture/architecturalStyles/serviceOriented/what/text.md
2026-08-04T07:59:43.832Z - [32minfo[39m: Synchronizing opened pages list before reload
2026-08-04T07:59:43.832Z - [32minfo[39m: Current opened pages, from most-to-least recent:
2026-08-04T07:59:43.832Z - [32minfo[39m: 1. projectDuke/index
2026-08-04T07:59:43.832Z - [32minfo[39m: [15:59:43] Reload for file change: /Users/damithch/Repos/nus-cs2103/cs2103-website-base/book/specifyingRequirements/useCases/details/preconditions.md
2026-08-04T07:59:43.832Z - [32minfo[39m: Synchronizing opened pages list before reload
2026-08-04T07:59:43.832Z - [32minfo[39m: Current opened pages, from most-to-least recent:
2026-08-04T07:59:43.832Z - [32minfo[39m: 1. projectDuke/index
2026-08-04T07:59:43.832Z - [32minfo[39m: [15:59:43] Reload for file change: /Users/damithch/Repos/nus-cs2103/cs2103-website-base/book/codeQuality/maximizeReadability/basic/avoidComplicatedExpressions/example-python.md
2026-08-04T07:59:43.832Z - [32minfo[39m: Synchronizing opened pages list before reload
2026-08-04T07:59:43.832Z - [32minfo[39m: Current opened pages, from most-to-least recent:
2026-08-04T07:59:43.832Z - [32minfo[39m: 1. projectDuke/index
2026-08-04T07:59:43.832Z - [32minfo[39m: [15:59:43] Reload for file change: /Users/damithch/Repos/nus-cs2103/cs2103-website-base/book/designApproaches/topDownBottomUp/what/text.md
2026-08-04T07:59:43.832Z - [32minfo[39m: Synchronizing opened pages list before reload
2026-08-04T07:59:43.832Z - [32minfo[39m: Current opened pages, from most-to-least recent:
2026-08-04T07:59:43.832Z - [32minfo[39m: 1. projectDuke/index
2026-08-04T07:59:43.832Z - [32minfo[39m: [15:59:43] Reload for file change: /Users/damithch/Repos/nus-cs2103/cs2103-website-base/book/codeQuality/nameWell/basic/nounsAndVerbsAsNames/text.md
2026-08-04T07:59:43.832Z - [32minfo[39m: Synchronizing opened pages list before reload
2026-08-04T07:59:43.832Z - [32minfo[39m: Current opened pages, from most-to-least recent:
2026-08-04T07:59:43.832Z - [32minfo[39m: 1. projectDuke/index
2026-08-04T07:59:43.832Z - [32minfo[39m: [15:59:43] Reload for file change: /Users/damithch/Repos/nus-cs2103/cs2103-website-base/book/integration/approaches/topDownVsBottomUp/text.md
2026-08-04T07:59:43.832Z - [32minfo[39m: Synchronizing opened pages list before reload
2026-08-04T07:59:43.832Z - [32minfo[39m: Current opened pages, from most-to-least recent:
2026-08-04T07:59:43.832Z - [32minfo[39m: 1. projectDuke/index
2026-08-04T07:59:43.832Z - [32minfo[39m: [15:59:43] Reload for file change: /Users/damithch/Repos/nus-cs2103/cs2103-website-base/book/refactoring/when/text.md
2026-08-04T07:59:43.832Z - [32minfo[39m: Synchronizing opened pages list before reload
2026-08-04T07:59:43.832Z - [32minfo[39m: Current opened pages, from most-to-least recent:
2026-08-04T07:59:43.832Z - [32minfo[39m: 1. projectDuke/index
2026-08-04T07:59:43.833Z - [32minfo[39m: [15:59:43] Reload for file change: /Users/damithch/Repos/nus-cs2103/cs2103-website-base/book/testing/testingTypes/exploratoryVsScriptedTesting/what/text.md
2026-08-04T07:59:43.833Z - [32minfo[39m: Synchronizing opened pages list before reload
2026-08-04T07:59:43.833Z - [32minfo[39m: Current opened pages, from most-to-least recent:
2026-08-04T07:59:43.833Z - [32minfo[39m: 1. projectDuke/index
2026-08-04T07:59:43.833Z - [32minfo[39m: [15:59:43] Reload for file change: /Users/damithch/Repos/nus-cs2103/cs2103-website-base/book/reuse/frameworks/frameworksVsLibraries/text.md
2026-08-04T07:59:43.833Z - [32minfo[39m: Synchronizing opened pages list before reload
2026-08-04T07:59:43.833Z - [32minfo[39m: Current opened pages, from most-to-least recent:
2026-08-04T07:59:43.833Z - [32minfo[39m: 1. projectDuke/index
2026-08-04T07:59:43.833Z - [32minfo[39m: [15:59:43] Reload for file change: /Users/damithch/Repos/nus-cs2103/cs2103-website-base/book/gatheringRequirements/productSurveys/text.md
2026-08-04T07:59:43.833Z - [32minfo[39m: Synchronizing opened pages list before reload
2026-08-04T07:59:43.833Z - [32minfo[39m: Current opened pages, from most-to-least recent:
2026-08-04T07:59:43.833Z - [32minfo[39m: 1. projectDuke/index
2026-08-04T07:59:43.833Z - [32minfo[39m: [15:59:43] Reload for file change: /Users/damithch/Repos/nus-cs2103/cs2103-website-base/book/testing/introduction/testability/text.md
2026-08-04T07:59:43.833Z - [32minfo[39m: Synchronizing opened pages list before reload
2026-08-04T07:59:43.833Z - [32minfo[39m: Current opened pages, from most-to-least recent:
2026-08-04T07:59:43.833Z - [32minfo[39m: 1. projectDuke/index
2026-08-04T07:59:43.833Z - [32minfo[39m: [15:59:43] Reload for file change: /Users/damithch/Repos/nus-cs2103/cs2103-website-base/book/oop/associations/what/text.md
2026-08-04T07:59:43.833Z - [32minfo[39m: Synchronizing opened pages list before reload
2026-08-04T07:59:43.833Z - [32minfo[39m: Current opened pages, from most-to-least recent:
2026-08-04T07:59:43.833Z - [32minfo[39m: 1. projectDuke/index
2026-08-04T07:59:43.834Z - [32minfo[39m: [15:59:43] Reload for file change: /Users/damithch/Repos/nus-cs2103/cs2103-website-base/book/security/ai/text.md
2026-08-04T07:59:43.834Z - [32minfo[39m: Synchronizing opened pages list before reload
2026-08-04T07:59:43.834Z - [32minfo[39m: Current opened pages, from most-to-least recent:
2026-08-04T07:59:43.834Z - [32minfo[39m: 1. projectDuke/index
2026-08-04T07:59:43.834Z - [32minfo[39m: [15:59:43] Reload for file change: /Users/damithch/Repos/nus-cs2103/cs2103-website-base/book/modeling/introduction/how/text.md
2026-08-04T07:59:43.834Z - [32minfo[39m: Synchronizing opened pages list before reload
2026-08-04T07:59:43.834Z - [32minfo[39m: Current opened pages, from most-to-least recent:
2026-08-04T07:59:43.834Z - [32minfo[39m: 1. projectDuke/index
2026-08-04T07:59:43.834Z - [32minfo[39m: [15:59:43] Reload for file change: /Users/damithch/Repos/nus-cs2103/cs2103-website-base/book/modeling/modelingBehaviors/timingDiagrams/text.md
2026-08-04T07:59:43.834Z - [32minfo[39m: Synchronizing opened pages list before reload
2026-08-04T07:59:43.834Z - [32minfo[39m: Current opened pages, from most-to-least recent:
2026-08-04T07:59:43.834Z - [32minfo[39m: 1. projectDuke/index
2026-08-04T07:59:43.834Z - [32minfo[39m: [15:59:43] Reload for file change: /Users/damithch/Repos/nus-cs2103/cs2103-website-base/book/uml/activityDiagrams/basicNotations/swimlanes/text.md
2026-08-04T07:59:43.834Z - [32minfo[39m: Synchronizing opened pages list before reload
2026-08-04T07:59:43.834Z - [32minfo[39m: Current opened pages, from most-to-least recent:
2026-08-04T07:59:43.834Z - [32minfo[39m: 1. projectDuke/index
2026-08-04T07:59:43.835Z - [32minfo[39m: [15:59:43] Reload for file change: /Users/damithch/Repos/nus-cs2103/cs2103-website-base/book/uml/activityDiagrams/introduction/what/text.md
2026-08-04T07:59:43.835Z - [32minfo[39m: Synchronizing opened pages list before reload
2026-08-04T07:59:43.835Z - [32minfo[39m: Current opened pages, from most-to-least recent:
2026-08-04T07:59:43.835Z - [32minfo[39m: 1. projectDuke/index
2026-08-04T07:59:43.835Z - [32minfo[39m: [15:59:43] Reload for file change: /Users/damithch/Repos/nus-cs2103/cs2103-website-base/book/designPatterns/facade/what/text.md
2026-08-04T07:59:43.835Z - [32minfo[39m: Synchronizing opened pages list before reload
2026-08-04T07:59:43.835Z - [32minfo[39m: Current opened pages, from most-to-least recent:
2026-08-04T07:59:43.835Z - [32minfo[39m: 1. projectDuke/index
2026-08-04T07:59:43.836Z - [32minfo[39m: [15:59:43] Reload for file change: /Users/damithch/Repos/nus-cs2103/cs2103-website-base/book/oop/inheritance/overriding/text.md
2026-08-04T07:59:43.836Z - [32minfo[39m: Synchronizing opened pages list before reload
2026-08-04T07:59:43.836Z - [32minfo[39m: Current opened pages, from most-to-least recent:
2026-08-04T07:59:43.836Z - [32minfo[39m: 1. projectDuke/index
2026-08-04T07:59:43.836Z - [32minfo[39m: [15:59:43] Reload for file change: /Users/damithch/Repos/nus-cs2103/cs2103-website-base/book/codeQuality/nameWell/intermediate/avoidMisleadingNames/text.md
2026-08-04T07:59:43.836Z - [32minfo[39m: Synchronizing opened pages list before reload
2026-08-04T07:59:43.836Z - [32minfo[39m: Current opened pages, from most-to-least recent:
2026-08-04T07:59:43.836Z - [32minfo[39m: 1. projectDuke/index
2026-08-04T07:59:43.836Z - [32minfo[39m: [15:59:43] Reload for file change: /Users/damithch/Repos/nus-cs2103/cs2103-website-base/book/designPatterns/more/otherDesignPatterns/text.md
2026-08-04T07:59:43.836Z - [32minfo[39m: Synchronizing opened pages list before reload
2026-08-04T07:59:43.836Z - [32minfo[39m: Current opened pages, from most-to-least recent:
2026-08-04T07:59:43.836Z - [32minfo[39m: 1. projectDuke/index
2026-08-04T07:59:43.836Z - [32minfo[39m: [15:59:43] Reload for file change: /Users/damithch/Repos/nus-cs2103/cs2103-website-base/book/integration/buildAutomation/what/text.md
2026-08-04T07:59:43.836Z - [32minfo[39m: Synchronizing opened pages list before reload
2026-08-04T07:59:43.836Z - [32minfo[39m: Current opened pages, from most-to-least recent:
2026-08-04T07:59:43.836Z - [32minfo[39m: 1. projectDuke/index
2026-08-04T07:59:43.836Z - [32minfo[39m: [15:59:43] Reload for file change: /Users/damithch/Repos/nus-cs2103/cs2103-website-base/book/designPatterns/singleton/what/text.md
2026-08-04T07:59:43.836Z - [32minfo[39m: Synchronizing opened pages list before reload
2026-08-04T07:59:43.836Z - [32minfo[39m: Current opened pages, from most-to-least recent:
2026-08-04T07:59:43.836Z - [32minfo[39m: 1. projectDuke/index
2026-08-04T07:59:43.836Z - [32minfo[39m: [15:59:43] Reload for file change: /Users/damithch/Repos/nus-cs2103/cs2103-website-base/book/uml/notes/notes/text.md
2026-08-04T07:59:43.836Z - [32minfo[39m: Synchronizing opened pages list before reload
2026-08-04T07:59:43.836Z - [32minfo[39m: Current opened pages, from most-to-least recent:
2026-08-04T07:59:43.836Z - [32minfo[39m: 1. projectDuke/index
2026-08-04T07:59:43.836Z - [32minfo[39m: [15:59:43] Reload for file change: /Users/damithch/Repos/nus-cs2103/cs2103-website-base/book/designApproaches/multilevelDesign/what/text.md
2026-08-04T07:59:43.836Z - [32minfo[39m: Synchronizing opened pages list before reload
2026-08-04T07:59:43.836Z - [32minfo[39m: Current opened pages, from most-to-least recent:
2026-08-04T07:59:43.836Z - [32minfo[39m: 1. projectDuke/index
2026-08-04T07:59:43.836Z - [32minfo[39m: [15:59:43] Reload for file change: /Users/damithch/Repos/nus-cs2103/cs2103-website-base/book/gatheringRequirements/prototyping/text.md
2026-08-04T07:59:43.836Z - [32minfo[39m: Synchronizing opened pages list before reload
2026-08-04T07:59:43.836Z - [32minfo[39m: Current opened pages, from most-to-least recent:
2026-08-04T07:59:43.836Z - [32minfo[39m: 1. projectDuke/index
2026-08-04T07:59:43.836Z - [32minfo[39m: [15:59:43] Reload for file change: /Users/damithch/Repos/nus-cs2103/cs2103-website-base/book/architecture/architecturalStyles/clientServer/what/text.md
2026-08-04T07:59:43.836Z - [32minfo[39m: Synchronizing opened pages list before reload
2026-08-04T07:59:43.836Z - [32minfo[39m: Current opened pages, from most-to-least recent:
2026-08-04T07:59:43.836Z - [32minfo[39m: 1. projectDuke/index
2026-08-04T07:59:43.836Z - [32minfo[39m: [15:59:43] Reload for file change: /Users/damithch/Repos/nus-cs2103/cs2103-website-base/book/codeQuality/maximizeReadability/basic/avoidDeepNesting/text.md
2026-08-04T07:59:43.836Z - [32minfo[39m: Synchronizing opened pages list before reload
2026-08-04T07:59:43.836Z - [32minfo[39m: Current opened pages, from most-to-least recent:
2026-08-04T07:59:43.836Z - [32minfo[39m: 1. projectDuke/index
2026-08-04T07:59:43.836Z - [32minfo[39m: [15:59:43] Reload for file change: /Users/damithch/Repos/nus-cs2103/cs2103-website-base/book/reuse/apis/what/text.md
2026-08-04T07:59:43.836Z - [32minfo[39m: Synchronizing opened pages list before reload
2026-08-04T07:59:43.836Z - [32minfo[39m: Current opened pages, from most-to-least recent:
2026-08-04T07:59:43.836Z - [32minfo[39m: 1. projectDuke/index
2026-08-04T07:59:43.836Z - [32minfo[39m: [15:59:43] Reload for file change: /Users/damithch/Repos/nus-cs2103/cs2103-website-base/book/testing/testingTypes/acceptanceTesting/what/text.md
2026-08-04T07:59:43.836Z - [32minfo[39m: Synchronizing opened pages list before reload
2026-08-04T07:59:43.836Z - [32minfo[39m: Current opened pages, from most-to-least recent:
2026-08-04T07:59:43.836Z - [32minfo[39m: 1. projectDuke/index
2026-08-04T07:59:43.836Z - [32minfo[39m: [15:59:43] Reload for file change: /Users/damithch/Repos/nus-cs2103/cs2103-website-base/book/specifyingRequirements/useCases/details/guarantees.md
2026-08-04T07:59:43.837Z - [32minfo[39m: Synchronizing opened pages list before reload
2026-08-04T07:59:43.837Z - [32minfo[39m: Current opened pages, from most-to-least recent:
2026-08-04T07:59:43.837Z - [32minfo[39m: 1. projectDuke/index
2026-08-04T07:59:43.837Z - [32minfo[39m: [15:59:43] Reload for file change: /Users/damithch/Repos/nus-cs2103/cs2103-website-base/book/principles/solidPrinciples/text.md
2026-08-04T07:59:43.837Z - [32minfo[39m: Synchronizing opened pages list before reload
2026-08-04T07:59:43.837Z - [32minfo[39m: Current opened pages, from most-to-least recent:
2026-08-04T07:59:43.837Z - [32minfo[39m: 1. projectDuke/index
2026-08-04T07:59:43.837Z - [32minfo[39m: [15:59:43] Reload for file change: /Users/damithch/Repos/nus-cs2103/cs2103-website-base/book/testing/testingTypes/developerTesting/what/text.md
2026-08-04T07:59:43.837Z - [32minfo[39m: Synchronizing opened pages list before reload
2026-08-04T07:59:43.837Z - [32minfo[39m: Current opened pages, from most-to-least recent:
2026-08-04T07:59:43.837Z - [32minfo[39m: 1. projectDuke/index
2026-08-04T07:59:43.837Z - [32minfo[39m: [15:59:43] Reload for file change: /Users/damithch/Repos/nus-cs2103/cs2103-website-base/book/testCaseDesign/combiningTestInputs/combinationStrategies/text.md
2026-08-04T07:59:43.837Z - [32minfo[39m: Synchronizing opened pages list before reload
2026-08-04T07:59:43.837Z - [32minfo[39m: Current opened pages, from most-to-least recent:
2026-08-04T07:59:43.837Z - [32minfo[39m: 1. projectDuke/index
2026-08-04T07:59:43.837Z - [32minfo[39m: [15:59:43] Reload for file change: /Users/damithch/Repos/nus-cs2103/cs2103-website-base/book/codeQuality/maximizeReadability/intermediate/slapHard/text.md
2026-08-04T07:59:43.837Z - [32minfo[39m: Synchronizing opened pages list before reload
2026-08-04T07:59:43.837Z - [32minfo[39m: Current opened pages, from most-to-least recent:
2026-08-04T07:59:43.837Z - [32minfo[39m: 1. projectDuke/index
2026-08-04T07:59:43.837Z - [32minfo[39m: [15:59:43] Reload for file change: /Users/damithch/Repos/nus-cs2103/cs2103-website-base/book/qualityAssurance/formalVerification/what/text.md
2026-08-04T07:59:43.837Z - [32minfo[39m: Synchronizing opened pages list before reload
2026-08-04T07:59:43.837Z - [32minfo[39m: Current opened pages, from most-to-least recent:
2026-08-04T07:59:43.837Z - [32minfo[39m: 1. projectDuke/index
2026-08-04T07:59:43.837Z - [32minfo[39m: [15:59:43] Reload for file change: /Users/damithch/Repos/nus-cs2103/cs2103-website-base/book/oop/classes/enumerations/text.md
2026-08-04T07:59:43.837Z - [32minfo[39m: Synchronizing opened pages list before reload
2026-08-04T07:59:43.837Z - [32minfo[39m: Current opened pages, from most-to-least recent:
2026-08-04T07:59:43.837Z - [32minfo[39m: 1. projectDuke/index
2026-08-04T07:59:43.837Z - [32minfo[39m: [15:59:43] Reload for file change: /Users/damithch/Repos/nus-cs2103/cs2103-website-base/book/codeQuality/maximizeReadability/basic/avoidMagicNumbers/text.md
2026-08-04T07:59:43.837Z - [32minfo[39m: Synchronizing opened pages list before reload
2026-08-04T07:59:43.837Z - [32minfo[39m: Current opened pages, from most-to-least recent:
2026-08-04T07:59:43.837Z - [32minfo[39m: 1. projectDuke/index
2026-08-04T07:59:43.838Z - [32minfo[39m: [15:59:43] Reload for file change: /Users/damithch/Repos/nus-cs2103/cs2103-website-base/book/oop/associations/composition/text.md
2026-08-04T07:59:43.838Z - [32minfo[39m: Synchronizing opened pages list before reload
2026-08-04T07:59:43.838Z - [32minfo[39m: Current opened pages, from most-to-least recent:
2026-08-04T07:59:43.838Z - [32minfo[39m: 1. projectDuke/index
2026-08-04T07:59:43.838Z - [32minfo[39m: [15:59:43] Reload for file change: /Users/damithch/Repos/nus-cs2103/cs2103-website-base/book/gatheringRequirements/observation/text.md
2026-08-04T07:59:43.838Z - [32minfo[39m: Synchronizing opened pages list before reload
2026-08-04T07:59:43.838Z - [32minfo[39m: Current opened pages, from most-to-least recent:
2026-08-04T07:59:43.838Z - [32minfo[39m: 1. projectDuke/index
2026-08-04T07:59:43.838Z - [32minfo[39m: [15:59:43] Reload for file change: /Users/damithch/Repos/nus-cs2103/cs2103-website-base/book/codeQuality/followStandard/introduction/text.md
2026-08-04T07:59:43.838Z - [32minfo[39m: Synchronizing opened pages list before reload
2026-08-04T07:59:43.838Z - [32minfo[39m: Current opened pages, from most-to-least recent:
2026-08-04T07:59:43.838Z - [32minfo[39m: 1. projectDuke/index
2026-08-04T07:59:43.838Z - [32minfo[39m: [15:59:43] Reload for file change: /Users/damithch/Repos/nus-cs2103/cs2103-website-base/book/designPatterns/more/combiningDesignPatterns/text.md
2026-08-04T07:59:43.838Z - [32minfo[39m: Synchronizing opened pages list before reload
2026-08-04T07:59:43.838Z - [32minfo[39m: Current opened pages, from most-to-least recent:
2026-08-04T07:59:43.838Z - [32minfo[39m: 1. projectDuke/index
2026-08-04T07:59:43.838Z - [32minfo[39m: [15:59:43] Reload for file change: /Users/damithch/Repos/nus-cs2103/cs2103-website-base/book/codeQuality/avoidShortcuts/basic/dontRecycleVarsOrParams/text.md
2026-08-04T07:59:43.838Z - [32minfo[39m: Synchronizing opened pages list before reload
2026-08-04T07:59:43.838Z - [32minfo[39m: Current opened pages, from most-to-least recent:
2026-08-04T07:59:43.838Z - [32minfo[39m: 1. projectDuke/index
2026-08-04T07:59:43.838Z - [32minfo[39m: [15:59:43] Reload for file change: /Users/damithch/Repos/nus-cs2103/cs2103-website-base/book/oop/classes/what/text.md
2026-08-04T07:59:43.839Z - [32minfo[39m: Synchronizing opened pages list before reload
2026-08-04T07:59:43.839Z - [32minfo[39m: Current opened pages, from most-to-least recent:
2026-08-04T07:59:43.839Z - [32minfo[39m: 1. projectDuke/index
2026-08-04T07:59:43.839Z - [32minfo[39m: [15:59:43] Reload for file change: /Users/damithch/Repos/nus-cs2103/cs2103-website-base/book/testCaseDesign/equivalencePartitions/basic/text.md
2026-08-04T07:59:43.839Z - [32minfo[39m: Synchronizing opened pages list before reload
2026-08-04T07:59:43.839Z - [32minfo[39m: Current opened pages, from most-to-least recent:
2026-08-04T07:59:43.839Z - [32minfo[39m: 1. projectDuke/index
2026-08-04T07:59:43.839Z - [32minfo[39m: [15:59:43] Reload for file change: /Users/damithch/Repos/nus-cs2103/cs2103-website-base/book/specifyingRequirements/supplementaryRequirements/what/text.md
2026-08-04T07:59:43.839Z - [32minfo[39m: Synchronizing opened pages list before reload
2026-08-04T07:59:43.839Z - [32minfo[39m: Current opened pages, from most-to-least recent:
2026-08-04T07:59:43.839Z - [32minfo[39m: 1. projectDuke/index
2026-08-04T07:59:43.839Z - [32minfo[39m: [15:59:43] Reload for file change: /Users/damithch/Repos/nus-cs2103/cs2103-website-base/book/ides/debugging/what/text.md
2026-08-04T07:59:43.839Z - [32minfo[39m: Synchronizing opened pages list before reload
2026-08-04T07:59:43.839Z - [32minfo[39m: Current opened pages, from most-to-least recent:
2026-08-04T07:59:43.839Z - [32minfo[39m: 1. projectDuke/index
2026-08-04T07:59:43.839Z - [32minfo[39m: [15:59:43] Reload for file change: /Users/damithch/Repos/nus-cs2103/cs2103-website-base/book/uml/notes/constraints/text.md
2026-08-04T07:59:43.839Z - [32minfo[39m: Synchronizing opened pages list before reload
2026-08-04T07:59:43.839Z - [32minfo[39m: Current opened pages, from most-to-least recent:
2026-08-04T07:59:43.839Z - [32minfo[39m: 1. projectDuke/index
2026-08-04T07:59:43.839Z - [32minfo[39m: [15:59:43] Reload for file change: /Users/damithch/Repos/nus-cs2103/cs2103-website-base/book/codeQuality/maximizeReadability/intermediate/structureCodeLogically/text.md
2026-08-04T07:59:43.839Z - [32minfo[39m: Synchronizing opened pages list before reload
2026-08-04T07:59:43.839Z - [32minfo[39m: Current opened pages, from most-to-least recent:
2026-08-04T07:59:43.839Z - [32minfo[39m: 1. projectDuke/index
2026-08-04T07:59:43.839Z - [32minfo[39m: [15:59:43] Reload for file change: /Users/damithch/Repos/nus-cs2103/cs2103-website-base/book/testing/testCoverage/what/text.md
2026-08-04T07:59:43.839Z - [32minfo[39m: Synchronizing opened pages list before reload
2026-08-04T07:59:43.839Z - [32minfo[39m: Current opened pages, from most-to-least recent:
2026-08-04T07:59:43.839Z - [32minfo[39m: 1. projectDuke/index
2026-08-04T07:59:43.839Z - [32minfo[39m: [15:59:43] Reload for file change: /Users/damithch/Repos/nus-cs2103/cs2103-website-base/book/gatheringRequirements/focusGroups/text.md
2026-08-04T07:59:43.839Z - [32minfo[39m: Synchronizing opened pages list before reload
2026-08-04T07:59:43.839Z - [32minfo[39m: Current opened pages, from most-to-least recent:
2026-08-04T07:59:43.839Z - [32minfo[39m: 1. projectDuke/index
2026-08-04T07:59:43.839Z - [32minfo[39m: [15:59:43] Reload for file change: /Users/damithch/Repos/nus-cs2103/cs2103-website-base/book/modeling/modelingBehaviors/stateMachineDiagrams/text.md
2026-08-04T07:59:43.839Z - [32minfo[39m: Synchronizing opened pages list before reload
2026-08-04T07:59:43.839Z - [32minfo[39m: Current opened pages, from most-to-least recent:
2026-08-04T07:59:43.840Z - [32minfo[39m: 1. projectDuke/index
2026-08-04T07:59:43.840Z - [32minfo[39m: [15:59:43] Reload for file change: /Users/damithch/Repos/nus-cs2103/cs2103-website-base/book/specifyingRequirements/useCases/identifying/text.md
2026-08-04T07:59:43.840Z - [32minfo[39m: Synchronizing opened pages list before reload
2026-08-04T07:59:43.840Z - [32minfo[39m: Current opened pages, from most-to-least recent:
2026-08-04T07:59:43.840Z - [32minfo[39m: 1. projectDuke/index
2026-08-04T07:59:43.840Z - [32minfo[39m: [15:59:43] Reload for file change: /Users/damithch/Repos/nus-cs2103/cs2103-website-base/book/designPatterns/more/usingDesignPatterns/text.md
2026-08-04T07:59:43.840Z - [32minfo[39m: Synchronizing opened pages list before reload
2026-08-04T07:59:43.840Z - [32minfo[39m: Current opened pages, from most-to-least recent:
2026-08-04T07:59:43.840Z - [32minfo[39m: 1. projectDuke/index
2026-08-04T07:59:43.840Z - [32minfo[39m: [15:59:43] Reload for file change: /Users/damithch/Repos/nus-cs2103/cs2103-website-base/book/processModels/introduction/what/text.md
2026-08-04T07:59:43.840Z - [32minfo[39m: Synchronizing opened pages list before reload
2026-08-04T07:59:43.840Z - [32minfo[39m: Current opened pages, from most-to-least recent:
2026-08-04T07:59:43.840Z - [32minfo[39m: 1. projectDuke/index
2026-08-04T07:59:43.840Z - [32minfo[39m: [15:59:43] Reload for file change: /Users/damithch/Repos/nus-cs2103/cs2103-website-base/book/oop/inheritance/substitutability/text.md
2026-08-04T07:59:43.840Z - [32minfo[39m: Synchronizing opened pages list before reload
2026-08-04T07:59:43.840Z - [32minfo[39m: Current opened pages, from most-to-least recent:
2026-08-04T07:59:43.840Z - [32minfo[39m: 1. projectDuke/index
2026-08-04T07:59:43.840Z - [32minfo[39m: [15:59:43] Reload for file change: /Users/damithch/Repos/nus-cs2103/cs2103-website-base/book/testing/testingTypes/dogfooding/what/text.md
2026-08-04T07:59:43.840Z - [32minfo[39m: Synchronizing opened pages list before reload
2026-08-04T07:59:43.840Z - [32minfo[39m: Current opened pages, from most-to-least recent:
2026-08-04T07:59:43.840Z - [32minfo[39m: 1. projectDuke/index
2026-08-04T07:59:43.840Z - [32minfo[39m: [15:59:43] Reload for file change: /Users/damithch/Repos/nus-cs2103/cs2103-website-base/book/codeQuality/maximizeReadability/introduction/text.md
2026-08-04T07:59:43.840Z - [32minfo[39m: Synchronizing opened pages list before reload
2026-08-04T07:59:43.840Z - [32minfo[39m: Current opened pages, from most-to-least recent:
2026-08-04T07:59:43.840Z - [32minfo[39m: 1. projectDuke/index
2026-08-04T07:59:43.840Z - [32minfo[39m: [15:59:43] Reload for file change: /Users/damithch/Repos/nus-cs2103/cs2103-website-base/book/codeQuality/commentMinimally/basic/dontRepeatObvious/text.md
2026-08-04T07:59:43.840Z - [32minfo[39m: Synchronizing opened pages list before reload
2026-08-04T07:59:43.840Z - [32minfo[39m: Current opened pages, from most-to-least recent:
2026-08-04T07:59:43.840Z - [32minfo[39m: 1. projectDuke/index
2026-08-04T07:59:43.840Z - [32minfo[39m: [15:59:43] Reload for file change: /Users/damithch/Repos/nus-cs2103/cs2103-website-base/book/gatheringRequirements/interviews/text.md
2026-08-04T07:59:43.840Z - [32minfo[39m: Synchronizing opened pages list before reload
2026-08-04T07:59:43.840Z - [32minfo[39m: Current opened pages, from most-to-least recent:
2026-08-04T07:59:43.840Z - [32minfo[39m: 1. projectDuke/index
2026-08-04T07:59:43.840Z - [32minfo[39m: [15:59:43] Reload for file change: /Users/damithch/Repos/nus-cs2103/cs2103-website-base/book/errorHandling/exceptions/how/text.md
2026-08-04T07:59:43.840Z - [32minfo[39m: Synchronizing opened pages list before reload
2026-08-04T07:59:43.840Z - [32minfo[39m: Current opened pages, from most-to-least recent:
2026-08-04T07:59:43.840Z - [32minfo[39m: 1. projectDuke/index
2026-08-04T07:59:43.840Z - [32minfo[39m: [15:59:43] Reload for file change: /Users/damithch/Repos/nus-cs2103/cs2103-website-base/book/testing/testingTypes/integrationTesting/what/text.md
2026-08-04T07:59:43.840Z - [32minfo[39m: Synchronizing opened pages list before reload
2026-08-04T07:59:43.840Z - [32minfo[39m: Current opened pages, from most-to-least recent:
2026-08-04T07:59:43.840Z - [32minfo[39m: 1. projectDuke/index
2026-08-04T07:59:43.840Z - [32minfo[39m: [15:59:43] Reload for file change: /Users/damithch/Repos/nus-cs2103/cs2103-website-base/book/codeQuality/commentMinimally/intermediate/explainWhatWhyNotHow/text.md
2026-08-04T07:59:43.840Z - [32minfo[39m: Synchronizing opened pages list before reload
2026-08-04T07:59:43.841Z - [32minfo[39m: Current opened pages, from most-to-least recent:
2026-08-04T07:59:43.841Z - [32minfo[39m: 1. projectDuke/index
2026-08-04T07:59:43.841Z - [32minfo[39m: [15:59:43] Reload for file change: /Users/damithch/Repos/nus-cs2103/cs2103-website-base/book/processModels/introduction/sequentialModels/text.md
2026-08-04T07:59:43.841Z - [32minfo[39m: Synchronizing opened pages list before reload
2026-08-04T07:59:43.841Z - [32minfo[39m: Current opened pages, from most-to-least recent:
2026-08-04T07:59:43.841Z - [32minfo[39m: 1. projectDuke/index
2026-08-04T07:59:43.862Z - [32minfo[39m: [15:59:43] Reload for file change: /Users/damithch/Repos/nus-cs2103/cs2103-website-base/book/testing/testAutomation/what/text.md
2026-08-04T07:59:43.862Z - [32minfo[39m: Synchronizing opened pages list before reload
2026-08-04T07:59:43.862Z - [32minfo[39m: Current opened pages, from most-to-least recent:
2026-08-04T07:59:43.862Z - [32minfo[39m: 1. projectDuke/index
2026-08-04T07:59:43.863Z - [32minfo[39m: [15:59:43] Reload for file change: /Users/damithch/Repos/nus-cs2103/cs2103-website-base/book/uml/activityDiagrams/basicNotations/rakes/text.md
2026-08-04T07:59:43.863Z - [32minfo[39m: Synchronizing opened pages list before reload
2026-08-04T07:59:43.863Z - [32minfo[39m: Current opened pages, from most-to-least recent:
2026-08-04T07:59:43.863Z - [32minfo[39m: 1. projectDuke/index
2026-08-04T07:59:43.863Z - [32minfo[39m: [15:59:43] Reload for file change: /Users/damithch/Repos/nus-cs2103/cs2103-website-base/book/testing/testingTypes/alphaBetaTesting/what/text.md
2026-08-04T07:59:43.863Z - [32minfo[39m: Synchronizing opened pages list before reload
2026-08-04T07:59:43.863Z - [32minfo[39m: Current opened pages, from most-to-least recent:
2026-08-04T07:59:43.863Z - [32minfo[39m: 1. projectDuke/index
2026-08-04T07:59:43.864Z - [32minfo[39m: [15:59:43] Reload for file change: /Users/damithch/Repos/nus-cs2103/cs2103-website-base/book/uml/sequenceDiagrams/introduction/text.md
2026-08-04T07:59:43.864Z - [32minfo[39m: Synchronizing opened pages list before reload
2026-08-04T07:59:43.864Z - [32minfo[39m: Current opened pages, from most-to-least recent:
2026-08-04T07:59:43.864Z - [32minfo[39m: 1. projectDuke/index
2026-08-04T07:59:43.864Z - [32minfo[39m: [15:59:43] Reload for file change: /Users/damithch/Repos/nus-cs2103/cs2103-website-base/book/testing/tdd/what/text.md
2026-08-04T07:59:43.864Z - [32minfo[39m: Synchronizing opened pages list before reload
2026-08-04T07:59:43.864Z - [32minfo[39m: Current opened pages, from most-to-least recent:
2026-08-04T07:59:43.864Z - [32minfo[39m: 1. projectDuke/index
2026-08-04T07:59:43.870Z - [32minfo[39m: [15:59:43] Reload for file add: /Users/damithch/Repos/nus-cs2103/cs2103-website-base/book/AGENTS.md
2026-08-04T07:59:43.870Z - [32minfo[39m: Synchronizing opened pages list before reload
2026-08-04T07:59:43.870Z - [32minfo[39m: Current opened pages, from most-to-least recent:
2026-08-04T07:59:43.870Z - [32minfo[39m: 1. projectDuke/index
2026-08-04T07:59:44.030Z - [32minfo[39m: [15:59:44] Reload for file add: /Users/damithch/Repos/nus-cs2103/cs2103-website-base/book/CLAUDE.md
2026-08-04T07:59:44.030Z - [32minfo[39m: Synchronizing opened pages list before reload
2026-08-04T07:59:44.030Z - [32minfo[39m: Current opened pages, from most-to-least recent:
2026-08-04T07:59:44.030Z - [32minfo[39m: 1. projectDuke/index
2026-08-04T07:59:44.136Z - [32minfo[39m: [15:59:44] Reload for file add: /Users/damithch/Repos/nus-cs2103/cs2103-website-base/book/_markbind/boilerplates/dukeExtensionTitle.md
2026-08-04T07:59:44.136Z - [32minfo[39m: Synchronizing opened pages list before reload
2026-08-04T07:59:44.136Z - [32minfo[39m: Current opened pages, from most-to-least recent:
2026-08-04T07:59:44.136Z - [32minfo[39m: 1. projectDuke/index
2026-08-04T07:59:44.282Z - [32minfo[39m: [15:59:44] Reload for file add: /Users/damithch/Repos/nus-cs2103/cs2103-website-base/book/_markbind/boilerplates/dukeNestedFragment.md
2026-08-04T07:59:44.282Z - [32minfo[39m: Synchronizing opened pages list before reload
2026-08-04T07:59:44.283Z - [32minfo[39m: Current opened pages, from most-to-least recent:
2026-08-04T07:59:44.283Z - [32minfo[39m: 1. projectDuke/index
2026-08-04T07:59:44.399Z - [32minfo[39m: [15:59:44] Reload for file add: /Users/damithch/Repos/nus-cs2103/cs2103-website-base/book/_markbind/boilerplates/level_thumb.md
2026-08-04T07:59:44.400Z - [32minfo[39m: Synchronizing opened pages list before reload
2026-08-04T07:59:44.400Z - [32minfo[39m: Current opened pages, from most-to-least recent:
2026-08-04T07:59:44.400Z - [32minfo[39m: 1. projectDuke/index
2026-08-04T07:59:44.540Z - [32minfo[39m: [15:59:44] Reload for file add: /Users/damithch/Repos/nus-cs2103/cs2103-website-base/book/projectDuke/extensions-fragment.md
2026-08-04T07:59:44.540Z - [32minfo[39m: Synchronizing opened pages list before reload
2026-08-04T07:59:44.540Z - [32minfo[39m: Current opened pages, from most-to-least recent:
2026-08-04T07:59:44.540Z - [32minfo[39m: 1. projectDuke/index
2026-08-04T07:59:44.677Z - [32minfo[39m: [15:59:44] Reload for file add: /Users/damithch/Repos/nus-cs2103/cs2103-website-base/book/projectDuke/index.md
2026-08-04T07:59:44.677Z - [32minfo[39m: Synchronizing opened pages list before reload
2026-08-04T07:59:44.677Z - [32minfo[39m: Current opened pages, from most-to-least recent:
2026-08-04T07:59:44.677Z - [32minfo[39m: 1. projectDuke/index
2026-08-04T07:59:44.776Z - [32minfo[39m: [15:59:44] Reload for file add: /Users/damithch/Repos/nus-cs2103/cs2103-website-base/book/projectDuke/path.md
2026-08-04T07:59:44.776Z - [32minfo[39m: Synchronizing opened pages list before reload
2026-08-04T07:59:44.776Z - [32minfo[39m: Current opened pages, from most-to-least recent:
2026-08-04T07:59:44.776Z - [32minfo[39m: 1. projectDuke/index
2026-08-04T07:59:44.871Z - [32minfo[39m: [15:59:44] Reload for file add: /Users/damithch/Repos/nus-cs2103/cs2103-website-base/book/projectDuke/print.md
2026-08-04T07:59:44.871Z - [32minfo[39m: Synchronizing opened pages list before reload
2026-08-04T07:59:44.871Z - [32minfo[39m: Current opened pages, from most-to-least recent:
2026-08-04T07:59:44.871Z - [32minfo[39m: 1. projectDuke/index
2026-08-04T07:59:44.964Z - [32minfo[39m: [15:59:44] Reload for file add: /Users/damithch/Repos/nus-cs2103/cs2103-website-base/book/projectDuke/text.md
2026-08-04T07:59:44.964Z - [32minfo[39m: Synchronizing opened pages list before reload
2026-08-04T07:59:44.964Z - [32minfo[39m: Current opened pages, from most-to-least recent:
2026-08-04T07:59:44.964Z - [32minfo[39m: 1. projectDuke/index
2026-08-04T07:59:45.058Z - [32minfo[39m: No pages needed to be rebuilt
2026-08-04T07:59:45.061Z - [32minfo[39m: Assets built
2026-08-04T07:59:45.785Z - [32minfo[39m: Pages or site config modified, updating pages...
2026-08-04T07:59:46.965Z - [32minfo[39m: Building /Users/damithch/Repos/nus-cs2103/cs2103-website-base/projectDuke/index as some of its dependencies were changed since the last visit
2026-08-04T07:59:47.271Z - [36mverbose[39m: Rendering page: /Users/damithch/Repos/nus-cs2103/cs2103-website-base/projectDuke/index.md
2026-08-04T07:59:47.295Z - [32minfo[39m: Site data built
2026-08-04T07:59:47.295Z - [32minfo[39m: Lazy website regeneration complete! Total build time: 0.33s
2026-08-04T07:59:54.744Z - [32minfo[39m: [15:59:54] Reload for file change: /Users/damithch/Repos/nus-cs2103/cs2103-website-base/book/README.md
2026-08-04T07:59:54.745Z - [32minfo[39m: Synchronizing opened pages list before reload
2026-08-04T07:59:54.745Z - [32minfo[39m: Current opened pages, from most-to-least recent:
2026-08-04T07:59:54.745Z - [32minfo[39m: 1. projectDuke/index
2026-08-04T07:59:54.755Z - [32minfo[39m: [15:59:54] Reload for file deletion: /Users/damithch/Repos/nus-cs2103/cs2103-website-base/book/projectDuke/text.md
2026-08-04T07:59:54.755Z - [32minfo[39m: Synchronizing opened pages list before reload
2026-08-04T07:59:54.755Z - [32minfo[39m: Current opened pages, from most-to-least recent:
2026-08-04T07:59:54.755Z - [32minfo[39m: 1. projectDuke/index
2026-08-04T07:59:54.881Z - [32minfo[39m: [15:59:54] Reload for file deletion: /Users/damithch/Repos/nus-cs2103/cs2103-website-base/book/projectDuke/index.md
2026-08-04T07:59:54.881Z - [32minfo[39m: Synchronizing opened pages list before reload
2026-08-04T07:59:54.881Z - [32minfo[39m: Current opened pages, from most-to-least recent:
2026-08-04T07:59:54.881Z - [32minfo[39m: 1. projectDuke/index
2026-08-04T07:59:54.981Z - [32minfo[39m: [15:59:54] Reload for file deletion: /Users/damithch/Repos/nus-cs2103/cs2103-website-base/book/projectDuke/path.md
2026-08-04T07:59:54.981Z - [32minfo[39m: Synchronizing opened pages list before reload
2026-08-04T07:59:54.981Z - [32minfo[39m: Current opened pages, from most-to-least recent:
2026-08-04T07:59:54.981Z - [32minfo[39m: 1. projectDuke/index
2026-08-04T07:59:55.080Z - [32minfo[39m: [15:59:55] Reload for file deletion: /Users/damithch/Repos/nus-cs2103/cs2103-website-base/book/_markbind/boilerplates/level_thumb.md
2026-08-04T07:59:55.080Z - [32minfo[39m: Synchronizing opened pages list before reload
2026-08-04T07:59:55.080Z - [32minfo[39m: Current opened pages, from most-to-least recent:
2026-08-04T07:59:55.080Z - [32minfo[39m: 1. projectDuke/index
2026-08-04T07:59:55.178Z - [32minfo[39m: [15:59:55] Reload for file deletion: /Users/damithch/Repos/nus-cs2103/cs2103-website-base/book/projectDuke/print.md
2026-08-04T07:59:55.178Z - [32minfo[39m: Synchronizing opened pages list before reload
2026-08-04T07:59:55.178Z - [32minfo[39m: Current opened pages, from most-to-least recent:
2026-08-04T07:59:55.178Z - [32minfo[39m: 1. projectDuke/index
2026-08-04T07:59:55.292Z - [32minfo[39m: [15:59:55] Reload for file deletion: /Users/damithch/Repos/nus-cs2103/cs2103-website-base/book/_markbind/boilerplates/dukeExtensionTitle.md
2026-08-04T07:59:55.292Z - [32minfo[39m: Synchronizing opened pages list before reload
2026-08-04T07:59:55.292Z - [32minfo[39m: Current opened pages, from most-to-least recent:
2026-08-04T07:59:55.292Z - [32minfo[39m: 1. projectDuke/index
2026-08-04T07:59:55.402Z - [32minfo[39m: [15:59:55] Reload for file deletion: /Users/damithch/Repos/nus-cs2103/cs2103-website-base/book/_markbind/boilerplates/dukeNestedFragment.md
2026-08-04T07:59:55.402Z - [32minfo[39m: Synchronizing opened pages list before reload
2026-08-04T07:59:55.402Z - [32minfo[39m: Current opened pages, from most-to-least recent:
2026-08-04T07:59:55.402Z - [32minfo[39m: 1. projectDuke/index
2026-08-04T07:59:55.754Z - [32minfo[39m: Assets built
2026-08-04T07:59:55.884Z - [34mdebug[39m: Assets removed
2026-08-04T07:59:55.982Z - [32minfo[39m: Pages or site config modified, updating pages...
2026-08-04T07:59:57.100Z - [34mdebug[39m: Assets removed
2026-08-04T07:59:57.123Z - [32minfo[39m: Building /Users/damithch/Repos/nus-cs2103/cs2103-website-base/projectDuke/index as some of its dependencies were changed since the last visit
2026-08-04T07:59:57.368Z - [36mverbose[39m: Rendering page: /Users/damithch/Repos/nus-cs2103/cs2103-website-base/projectDuke/index.md
2026-08-04T07:59:57.390Z - [32minfo[39m: Site data built
2026-08-04T07:59:57.390Z - [32minfo[39m: Lazy website regeneration complete! Total build time: 0.267s
2026-08-04T08:01:01.940Z - [32minfo[39m: [16:01:01] Reload for file deletion: /Users/damithch/Repos/nus-cs2103/cs2103-website-base/book/projectDuke/extensions-fragment.md
2026-08-04T08:01:01.942Z - [32minfo[39m: Synchronizing opened pages list before reload
2026-08-04T08:01:01.943Z - [32minfo[39m: Current opened pages, from most-to-least recent:
2026-08-04T08:01:01.943Z - [32minfo[39m: 1. projectDuke/index
2026-08-04T08:01:03.165Z - [34mdebug[39m: Assets removed
2026-08-04T08:06:03.304Z - [32minfo[39m: Website generation (lazy) started at 16:06:03
2026-08-04T08:06:03.904Z - [32minfo[39m: Building assets...
2026-08-04T08:06:04.281Z - [32minfo[39m: Assets built
2026-08-04T08:06:04.281Z - [32minfo[39m: Generating landing page...
2026-08-04T08:06:04.508Z - [36mverbose[39m: Rendering page: /Users/damithch/Repos/nus-cs2103/cs2103-website-base/index.md
2026-08-04T08:06:04.541Z - [32minfo[39m: Landing page built, other pages will be built as you navigate to them!
2026-08-04T08:06:04.627Z - [32minfo[39m: Site data built
2026-08-04T08:06:04.628Z - [32minfo[39m: Website generation (lazy) complete! Total build time: 1.586s
2026-08-04T08:06:04.642Z - [32minfo[39m: Serving "/Users/damithch/Repos/nus-cs2103/cs2103-website-base/_site" at http://127.0.0.1:8080
2026-08-04T08:06:04.642Z - [32minfo[39m: Press CTRL+C to stop ...
2026-08-04T08:06:09.402Z - [32minfo[39m: Building /Users/damithch/Repos/nus-cs2103/cs2103-website-base/projectDuke/index as some of its dependencies were changed since the last visit
2026-08-04T08:06:09.710Z - [36mverbose[39m: Rendering page: /Users/damithch/Repos/nus-cs2103/cs2103-website-base/projectDuke/index.md
2026-08-04T08:06:09.740Z - [32minfo[39m: Site data built
2026-08-04T08:06:09.740Z - [32minfo[39m: Lazy website regeneration complete! Total build time: 0.339s
2026-08-04T08:08:49.810Z - [32minfo[39m: [16:08:49] Reload for file change: /Users/damithch/Repos/nus-cs2103/cs2103-website-base/projectDuke/Level-1-fragment.md
2026-08-04T08:08:49.817Z - [32minfo[39m: Synchronizing opened pages list before reload
2026-08-04T08:08:49.818Z - [32minfo[39m: Current opened pages, from most-to-least recent:
2026-08-04T08:08:49.818Z - [32minfo[39m: 1. projectDuke/index
2026-08-04T08:08:50.826Z - [32minfo[39m: Rebuilding 1 pages
2026-08-04T08:08:51.119Z - [36mverbose[39m: Rendering page: /Users/damithch/Repos/nus-cs2103/cs2103-website-base/projectDuke/index.md
2026-08-04T08:08:51.146Z - [32minfo[39m: Site data built
2026-08-04T08:08:51.146Z - [32minfo[39m: Pages rebuilt
2026-08-04T08:08:51.146Z - [32minfo[39m: Website regeneration complete! Total build time: 0.324s
2026-08-04T08:10:47.570Z - [32minfo[39m: [16:10:47] Reload for file change: /Users/damithch/Repos/nus-cs2103/cs2103-website-base/projectDuke/Level-0-fragment.md
2026-08-04T08:10:47.573Z - [32minfo[39m: Synchronizing opened pages list before reload
2026-08-04T08:10:47.575Z - [32minfo[39m: Current opened pages, from most-to-least recent:
2026-08-04T08:10:47.576Z - [32minfo[39m: 1. projectDuke/index
2026-08-04T08:10:47.578Z - [32minfo[39m: [16:10:47] Reload for file change: /Users/damithch/Repos/nus-cs2103/cs2103-website-base/projectDuke/Level-1-fragment.md
2026-08-04T08:10:47.579Z - [32minfo[39m: Synchronizing opened pages list before reload
2026-08-04T08:10:47.579Z - [32minfo[39m: Current opened pages, from most-to-least recent:
2026-08-04T08:10:47.579Z - [32minfo[39m: 1. projectDuke/index
2026-08-04T08:10:48.589Z - [32minfo[39m: Rebuilding 1 pages
2026-08-04T08:10:48.879Z - [36mverbose[39m: Rendering page: /Users/damithch/Repos/nus-cs2103/cs2103-website-base/projectDuke/index.md
2026-08-04T08:10:48.907Z - [32minfo[39m: Site data built
2026-08-04T08:10:48.907Z - [32minfo[39m: Pages rebuilt
2026-08-04T08:10:48.907Z - [32minfo[39m: Website regeneration complete! Total build time: 0.327s
2026-08-04T08:13:27.986Z - [32minfo[39m: [16:13:27] Reload for file change: /Users/damithch/Repos/nus-cs2103/cs2103-website-base/projectDuke/Level-1-fragment.md
2026-08-04T08:13:27.988Z - [32minfo[39m: Synchronizing opened pages list before reload
2026-08-04T08:13:27.989Z - [32minfo[39m: Current opened pages, from most-to-least recent:
2026-08-04T08:13:27.989Z - [32minfo[39m: 1. projectDuke/index
2026-08-04T08:13:28.999Z - [32minfo[39m: Rebuilding 1 pages
2026-08-04T08:13:29.299Z - [36mverbose[39m: Rendering page: /Users/damithch/Repos/nus-cs2103/cs2103-website-base/projectDuke/index.md
2026-08-04T08:13:29.325Z - [32minfo[39m: Site data built
2026-08-04T08:13:29.325Z - [32minfo[39m: Pages rebuilt
2026-08-04T08:13:29.325Z - [32minfo[39m: Website regeneration complete! Total build time: 0.332s
2026-08-04T08:15:34.750Z - [32minfo[39m: [16:15:34] Reload for file change: /Users/damithch/Repos/nus-cs2103/cs2103-website-base/projectDuke/Level-1-fragment.md
2026-08-04T08:15:34.764Z - [32minfo[39m: Synchronizing opened pages list before reload
2026-08-04T08:15:34.788Z - [32minfo[39m: Current opened pages, from most-to-least recent:
2026-08-04T08:15:34.795Z - [32minfo[39m: 1. projectDuke/index
2026-08-04T08:15:35.817Z - [32minfo[39m: Rebuilding 1 pages
2026-08-04T08:15:36.109Z - [36mverbose[39m: Rendering page: /Users/damithch/Repos/nus-cs2103/cs2103-website-base/projectDuke/index.md
2026-08-04T08:15:36.141Z - [32minfo[39m: Site data built
2026-08-04T08:15:36.141Z - [32minfo[39m: Pages rebuilt
2026-08-04T08:15:36.141Z - [32minfo[39m: Website regeneration complete! Total build time: 0.328s
2026-08-04T08:16:20.261Z - [32minfo[39m: [16:16:20] Reload for file change: /Users/damithch/Repos/nus-cs2103/cs2103-website-base/projectDuke/Level-1-fragment.md
2026-08-04T08:16:20.267Z - [32minfo[39m: Synchronizing opened pages list before reload
2026-08-04T08:16:20.268Z - [32minfo[39m: Current opened pages, from most-to-least recent:
2026-08-04T08:16:20.268Z - [32minfo[39m: 1. projectDuke/index
2026-08-04T08:16:21.293Z - [32minfo[39m: Rebuilding 1 pages
2026-08-04T08:16:21.600Z - [36mverbose[39m: Rendering page: /Users/damithch/Repos/nus-cs2103/cs2103-website-base/projectDuke/index.md
2026-08-04T08:16:21.628Z - [32minfo[39m: Site data built
2026-08-04T08:16:21.628Z - [32minfo[39m: Pages rebuilt
2026-08-04T08:16:21.628Z - [32minfo[39m: Website regeneration complete! Total build time: 0.352s
2026-08-04T08:16:56.440Z - [32minfo[39m: [16:16:56] Reload for file change: /Users/damithch/Repos/nus-cs2103/cs2103-website-base/projectDuke/Level-1-fragment.md
2026-08-04T08:16:56.443Z - [32minfo[39m: Synchronizing opened pages list before reload
2026-08-04T08:16:56.450Z - [32minfo[39m: Current opened pages, from most-to-least recent:
2026-08-04T08:16:56.451Z - [32minfo[39m: 1. projectDuke/index
2026-08-04T08:16:57.468Z - [32minfo[39m: Rebuilding 1 pages
2026-08-04T08:16:57.916Z - [36mverbose[39m: Rendering page: /Users/damithch/Repos/nus-cs2103/cs2103-website-base/projectDuke/index.md
2026-08-04T08:16:57.941Z - [32minfo[39m: Site data built
2026-08-04T08:16:57.941Z - [32minfo[39m: Pages rebuilt
2026-08-04T08:16:57.941Z - [32minfo[39m: Website regeneration complete! Total build time: 0.483s
2026-08-04T08:41:46.223Z - [32minfo[39m: [16:41:46] Reload for file change: /Users/damithch/Repos/nus-cs2103/cs2103-website-base/projectDuke/Level-0-fragment.md
2026-08-04T08:41:46.241Z - [32minfo[39m: Synchronizing opened pages list before reload
2026-08-04T08:41:46.248Z - [32minfo[39m: Current opened pages, from most-to-least recent:
2026-08-04T08:41:46.248Z - [32minfo[39m: 1. projectDuke/index
2026-08-04T08:41:47.331Z - [32minfo[39m: Rebuilding 1 pages
2026-08-04T08:41:47.695Z - [36mverbose[39m: Rendering page: /Users/damithch/Repos/nus-cs2103/cs2103-website-base/projectDuke/index.md
2026-08-04T08:41:47.725Z - [32minfo[39m: Site data built
2026-08-04T08:41:47.725Z - [32minfo[39m: Pages rebuilt
2026-08-04T08:41:47.725Z - [32minfo[39m: Website regeneration complete! Total build time: 0.452s
2026-08-04T08:47:19.020Z - [32minfo[39m: [16:47:19] Reload for file change: /Users/damithch/Repos/nus-cs2103/cs2103-website-base/projectDuke/Level-1-fragment.md
2026-08-04T08:47:19.024Z - [32minfo[39m: Synchronizing opened pages list before reload
2026-08-04T08:47:19.024Z - [32minfo[39m: Current opened pages, from most-to-least recent:
2026-08-04T08:47:19.024Z - [32minfo[39m: 1. projectDuke/index
2026-08-04T08:47:20.047Z - [32minfo[39m: Rebuilding 1 pages
2026-08-04T08:47:20.383Z - [36mverbose[39m: Rendering page: /Users/damithch/Repos/nus-cs2103/cs2103-website-base/projectDuke/index.md
2026-08-04T08:47:20.423Z - [32minfo[39m: Site data built
2026-08-04T08:47:20.423Z - [32minfo[39m: Pages rebuilt
2026-08-04T08:47:20.423Z - [32minfo[39m: Website regeneration complete! Total build time: 0.394s
2026-08-04T08:49:00.372Z - [32minfo[39m: [16:49:00] Reload for file change: /Users/damithch/Repos/nus-cs2103/cs2103-website-base/projectDuke/Level-0-fragment.md
2026-08-04T08:49:00.373Z - [32minfo[39m: Synchronizing opened pages list before reload
2026-08-04T08:49:00.373Z - [32minfo[39m: Current opened pages, from most-to-least recent:
2026-08-04T08:49:00.373Z - [32minfo[39m: 1. projectDuke/index
2026-08-04T08:49:00.374Z - [32minfo[39m: [16:49:00] Reload for file change: /Users/damithch/Repos/nus-cs2103/cs2103-website-base/projectDuke/Level-1-fragment.md
2026-08-04T08:49:00.375Z - [32minfo[39m: Synchronizing opened pages list before reload
2026-08-04T08:49:00.375Z - [32minfo[39m: Current opened pages, from most-to-least recent:
2026-08-04T08:49:00.375Z - [32minfo[39m: 1. projectDuke/index
2026-08-04T08:49:01.378Z - [32minfo[39m: Rebuilding 1 pages
2026-08-04T08:49:01.684Z - [36mverbose[39m: Rendering page: /Users/damithch/Repos/nus-cs2103/cs2103-website-base/projectDuke/index.md
2026-08-04T08:49:01.712Z - [32minfo[39m: Site data built
2026-08-04T08:49:01.713Z - [32minfo[39m: Pages rebuilt
2026-08-04T08:49:01.713Z - [32minfo[39m: Website regeneration complete! Total build time: 0.338s
2026-08-04T08:53:03.024Z - [32minfo[39m: [16:53:03] Reload for file change: /Users/damithch/Repos/nus-cs2103/cs2103-website-base/projectDuke/Level-0-fragment.md
2026-08-04T08:53:03.027Z - [32minfo[39m: Synchronizing opened pages list before reload
2026-08-04T08:53:03.028Z - [32minfo[39m: Current opened pages, from most-to-least recent:
2026-08-04T08:53:03.028Z - [32minfo[39m: 1. projectDuke/index
2026-08-04T08:53:04.058Z - [32minfo[39m: Rebuilding 1 pages
2026-08-04T08:53:04.359Z - [36mverbose[39m: Rendering page: /Users/damithch/Repos/nus-cs2103/cs2103-website-base/projectDuke/index.md
2026-08-04T08:53:04.389Z - [32minfo[39m: Site data built
2026-08-04T08:53:04.389Z - [32minfo[39m: Pages rebuilt
2026-08-04T08:53:04.389Z - [32minfo[39m: Website regeneration complete! Total build time: 0.352s
2026-08-04T08:54:09.433Z - [32minfo[39m: [16:54:09] Reload for file change: /Users/damithch/Repos/nus-cs2103/cs2103-website-base/projectDuke/Level-0-fragment.md
2026-08-04T08:54:09.435Z - [32minfo[39m: Synchronizing opened pages list before reload
2026-08-04T08:54:09.436Z - [32minfo[39m: Current opened pages, from most-to-least recent:
2026-08-04T08:54:09.437Z - [32minfo[39m: 1. projectDuke/index
2026-08-04T08:54:10.442Z - [32minfo[39m: Rebuilding 1 pages
2026-08-04T08:54:10.728Z - [36mverbose[39m: Rendering page: /Users/damithch/Repos/nus-cs2103/cs2103-website-base/projectDuke/index.md
2026-08-04T08:54:10.753Z - [32minfo[39m: Site data built
2026-08-04T08:54:10.753Z - [32minfo[39m: Pages rebuilt
2026-08-04T08:54:10.753Z - [32minfo[39m: Website regeneration complete! Total build time: 0.314s
2026-08-04T08:55:41.739Z - [32minfo[39m: [16:55:41] Reload for file change: /Users/damithch/Repos/nus-cs2103/cs2103-website-base/projectDuke/Level-0-fragment.md
2026-08-04T08:55:41.741Z - [32minfo[39m: Synchronizing opened pages list before reload
2026-08-04T08:55:41.742Z - [32minfo[39m: Current opened pages, from most-to-least recent:
2026-08-04T08:55:41.742Z - [32minfo[39m: 1. projectDuke/index
2026-08-04T08:55:42.749Z - [32minfo[39m: Rebuilding 1 pages
2026-08-04T08:55:43.051Z - [36mverbose[39m: Rendering page: /Users/damithch/Repos/nus-cs2103/cs2103-website-base/projectDuke/index.md
2026-08-04T08:55:43.078Z - [32minfo[39m: Site data built
2026-08-04T08:55:43.078Z - [32minfo[39m: Pages rebuilt
2026-08-04T08:55:43.078Z - [32minfo[39m: Website regeneration complete! Total build time: 0.335s
2026-08-04T08:55:57.344Z - [32minfo[39m: [16:55:57] Reload for file change: /Users/damithch/Repos/nus-cs2103/cs2103-website-base/projectDuke/Level-1-fragment.md
2026-08-04T08:55:57.349Z - [32minfo[39m: Synchronizing opened pages list before reload
2026-08-04T08:55:57.351Z - [32minfo[39m: Current opened pages, from most-to-least recent:
2026-08-04T08:55:57.355Z - [32minfo[39m: 1. projectDuke/index
2026-08-04T08:55:58.361Z - [32minfo[39m: Rebuilding 1 pages
2026-08-04T08:55:58.701Z - [36mverbose[39m: Rendering page: /Users/damithch/Repos/nus-cs2103/cs2103-website-base/projectDuke/index.md
2026-08-04T08:55:58.727Z - [32minfo[39m: Site data built
2026-08-04T08:55:58.727Z - [32minfo[39m: Pages rebuilt
2026-08-04T08:55:58.727Z - [32minfo[39m: Website regeneration complete! Total build time: 0.37s
2026-08-04T09:00:57.171Z - [32minfo[39m: [17:00:57] Reload for file change: /Users/damithch/Repos/nus-cs2103/cs2103-website-base/projectDuke/Level-0-fragment.md
2026-08-04T09:00:57.172Z - [32minfo[39m: Synchronizing opened pages list before reload
2026-08-04T09:00:57.173Z - [32minfo[39m: Current opened pages, from most-to-least recent:
2026-08-04T09:00:57.173Z - [32minfo[39m: 1. projectDuke/index
2026-08-04T09:00:57.174Z - [32minfo[39m: [17:00:57] Reload for file change: /Users/damithch/Repos/nus-cs2103/cs2103-website-base/projectDuke/Level-1-fragment.md
2026-08-04T09:00:57.175Z - [32minfo[39m: Synchronizing opened pages list before reload
2026-08-04T09:00:57.175Z - [32minfo[39m: Current opened pages, from most-to-least recent:
2026-08-04T09:00:57.175Z - [32minfo[39m: 1. projectDuke/index
2026-08-04T09:00:57.176Z - [32minfo[39m: [17:00:57] Reload for file change: /Users/damithch/Repos/nus-cs2103/cs2103-website-base/common/admin.njk
2026-08-04T09:00:57.176Z - [32minfo[39m: Synchronizing opened pages list before reload
2026-08-04T09:00:57.176Z - [32minfo[39m: Current opened pages, from most-to-least recent:
2026-08-04T09:00:57.176Z - [32minfo[39m: 1. projectDuke/index
2026-08-04T09:00:57.176Z - [32minfo[39m: [17:00:57] Reload for file change: /Users/damithch/Repos/nus-cs2103/cs2103-website-base/common/macros.njk
2026-08-04T09:00:57.176Z - [32minfo[39m: Synchronizing opened pages list before reload
2026-08-04T09:00:57.176Z - [32minfo[39m: Current opened pages, from most-to-least recent:
2026-08-04T09:00:57.176Z - [32minfo[39m: 1. projectDuke/index
2026-08-04T09:00:58.292Z - [32minfo[39m: Rebuilding 1 pages
2026-08-04T09:00:58.540Z - [36mverbose[39m: Rendering page: /Users/damithch/Repos/nus-cs2103/cs2103-website-base/projectDuke/index.md
2026-08-04T09:00:58.582Z - [32minfo[39m: Site data built
2026-08-04T09:00:58.582Z - [32minfo[39m: Pages rebuilt
2026-08-04T09:00:58.582Z - [32minfo[39m: Website regeneration complete! Total build time: 0.291s
2026-08-04T09:02:29.182Z - [32minfo[39m: [17:02:29] Reload for file change: /Users/damithch/Repos/nus-cs2103/cs2103-website-base/projectDuke/Level-1-fragment.md
2026-08-04T09:02:29.184Z - [32minfo[39m: Synchronizing opened pages list before reload
2026-08-04T09:02:29.185Z - [32minfo[39m: No pages are currently opened
2026-08-04T09:02:30.190Z - [32minfo[39m: No pages needed to be rebuilt
2026-08-04T09:02:42.144Z - [32minfo[39m: Building /Users/damithch/Repos/nus-cs2103/cs2103-website-base/projectDuke/index as some of its dependencies were changed since the last visit
2026-08-04T09:02:42.504Z - [36mverbose[39m: Rendering page: /Users/damithch/Repos/nus-cs2103/cs2103-website-base/projectDuke/index.md
2026-08-04T09:02:42.532Z - [32minfo[39m: Site data built
2026-08-04T09:02:42.532Z - [32minfo[39m: Lazy website regeneration complete! Total build time: 0.389s
2026-08-04T09:09:03.283Z - [32minfo[39m: [17:09:03] Reload for file change: /Users/damithch/Repos/nus-cs2103/cs2103-website-base/projectDuke/Level-1-fragment.md
2026-08-04T09:09:03.289Z - [32minfo[39m: Synchronizing opened pages list before reload
2026-08-04T09:09:03.289Z - [32minfo[39m: Current opened pages, from most-to-least recent:
2026-08-04T09:09:03.289Z - [32minfo[39m: 1. projectDuke/index
2026-08-04T09:09:04.324Z - [32minfo[39m: Rebuilding 1 pages
2026-08-04T09:09:04.768Z - [36mverbose[39m: Rendering page: /Users/damithch/Repos/nus-cs2103/cs2103-website-base/projectDuke/index.md
2026-08-04T09:09:04.796Z - [32minfo[39m: Site data built
2026-08-04T09:09:04.796Z - [32minfo[39m: Pages rebuilt
2026-08-04T09:09:04.797Z - [32minfo[39m: Website regeneration complete! Total build time: 0.504s
2026-08-04T09:10:06.009Z - [32minfo[39m: [17:10:06] Reload for file change: /Users/damithch/Repos/nus-cs2103/cs2103-website-base/projectDuke/Level-1-fragment.md
2026-08-04T09:10:06.010Z - [32minfo[39m: Synchronizing opened pages list before reload
2026-08-04T09:10:06.011Z - [32minfo[39m: Current opened pages, from most-to-least recent:
2026-08-04T09:10:06.011Z - [32minfo[39m: 1. projectDuke/index
2026-08-04T09:10:07.020Z - [32minfo[39m: Rebuilding 1 pages
2026-08-04T09:10:07.286Z - [36mverbose[39m: Rendering page: /Users/damithch/Repos/nus-cs2103/cs2103-website-base/projectDuke/index.md
2026-08-04T09:10:07.317Z - [32minfo[39m: Site data built
2026-08-04T09:10:07.317Z - [32minfo[39m: Pages rebuilt
2026-08-04T09:10:07.317Z - [32minfo[39m: Website regeneration complete! Total build time: 0.304s
2026-08-04T09:10:21.169Z - [32minfo[39m: [17:10:21] Reload for file change: /Users/damithch/Repos/nus-cs2103/cs2103-website-base/projectDuke/Level-1-fragment.md
2026-08-04T09:10:21.170Z - [32minfo[39m: Synchronizing opened pages list before reload
2026-08-04T09:10:21.171Z - [32minfo[39m: Current opened pages, from most-to-least recent:
2026-08-04T09:10:21.171Z - [32minfo[39m: 1. projectDuke/index
2026-08-04T09:10:22.176Z - [32minfo[39m: Rebuilding 1 pages
2026-08-04T09:10:22.262Z - [31merror[39m: Template render error: (/Users/damithch/Repos/nus-cs2103/cs2103-website-base/projectDuke/Level-1-fragment.md) [Line 52, Column 186]
  Template render error: (/Users/damithch/Repos/nus-cs2103/cs2103-website-base/projectDuke/Level-1-fragment.md) [Line 235, Column 9]
  Template render error: (/Users/damithch/Repos/nus-cs2103/cs2103-website-base/projectDuke/Level-1-fragment.md)
  Template render error: (/Users/damithch/Repos/nus-cs2103/cs2103-website-base/projectDuke/Level-1-fragment.md)
  Error: filter not found: strip
    at Object._prettifyError (/opt/homebrew/lib/node_modules/markbind-cli/node_modules/nunjucks/src/lib.js:32:11)
    at file:///opt/homebrew/lib/node_modules/markbind-cli/node_modules/@markbind/core/src/patches/nunjucks/context-overrides-frame.js:336:23
    at Template.root [as rootRenderFunc] (eval at _compile (/opt/homebrew/lib/node_modules/markbind-cli/node_modules/nunjucks/src/environment.js:527:18), <anonymous>:95:3)
    at Template.render (file:///opt/homebrew/lib/node_modules/markbind-cli/node_modules/@markbind/core/src/patches/nunjucks/context-overrides-frame.js:326:10)
    at file:///opt/homebrew/lib/node_modules/markbind-cli/node_modules/@markbind/core/src/patches/nunjucks/context-overrides-frame.js:55:31
    at createTemplate (file:///opt/homebrew/lib/node_modules/markbind-cli/node_modules/@markbind/core/src/patches/nunjucks/load-event.js:110:13)
    at handle (file:///opt/homebrew/lib/node_modules/markbind-cli/node_modules/@markbind/core/src/patches/nunjucks/load-event.js:123:17)
    at file:///opt/homebrew/lib/node_modules/markbind-cli/node_modules/@markbind/core/src/patches/nunjucks/load-event.js:134:13
    at next (/opt/homebrew/lib/node_modules/markbind-cli/node_modules/nunjucks/src/lib.js:258:7)
    at Object.asyncIter (/opt/homebrew/lib/node_modules/markbind-cli/node_modules/nunjucks/src/lib.js:263:3)
2026-08-04T09:10:22.472Z - [36mverbose[39m: Rendering page: /Users/damithch/Repos/nus-cs2103/cs2103-website-base/projectDuke/index.md
2026-08-04T09:10:22.505Z - [32minfo[39m: Site data built
2026-08-04T09:10:22.505Z - [32minfo[39m: Pages rebuilt
2026-08-04T09:10:22.505Z - [32minfo[39m: Website regeneration complete! Total build time: 0.333s
2026-08-04T09:11:21.938Z - [32minfo[39m: [17:11:21] Reload for file change: /Users/damithch/Repos/nus-cs2103/cs2103-website-base/projectDuke/Level-1-fragment.md
2026-08-04T09:11:21.940Z - [32minfo[39m: Synchronizing opened pages list before reload
2026-08-04T09:11:21.941Z - [32minfo[39m: Current opened pages, from most-to-least recent:
2026-08-04T09:11:21.942Z - [32minfo[39m: 1. projectDuke/index
2026-08-04T09:11:22.951Z - [32minfo[39m: Rebuilding 1 pages
2026-08-04T09:11:23.021Z - [31merror[39m: Template render error: (/Users/damithch/Repos/nus-cs2103/cs2103-website-base/projectDuke/Level-1-fragment.md) [Line 52, Column 186]
  Template render error: (/Users/damithch/Repos/nus-cs2103/cs2103-website-base/projectDuke/Level-1-fragment.md) [Line 235, Column 9]
  Template render error: (/Users/damithch/Repos/nus-cs2103/cs2103-website-base/projectDuke/Level-1-fragment.md)
  Template render error: (/Users/damithch/Repos/nus-cs2103/cs2103-website-base/projectDuke/Level-1-fragment.md)
  Error: filter not found: strip
    at Object._prettifyError (/opt/homebrew/lib/node_modules/markbind-cli/node_modules/nunjucks/src/lib.js:32:11)
    at file:///opt/homebrew/lib/node_modules/markbind-cli/node_modules/@markbind/core/src/patches/nunjucks/context-overrides-frame.js:336:23
    at Template.root [as rootRenderFunc] (eval at _compile (/opt/homebrew/lib/node_modules/markbind-cli/node_modules/nunjucks/src/environment.js:527:18), <anonymous>:95:3)
    at Template.render (file:///opt/homebrew/lib/node_modules/markbind-cli/node_modules/@markbind/core/src/patches/nunjucks/context-overrides-frame.js:326:10)
    at file:///opt/homebrew/lib/node_modules/markbind-cli/node_modules/@markbind/core/src/patches/nunjucks/context-overrides-frame.js:55:31
    at createTemplate (file:///opt/homebrew/lib/node_modules/markbind-cli/node_modules/@markbind/core/src/patches/nunjucks/load-event.js:110:13)
    at handle (file:///opt/homebrew/lib/node_modules/markbind-cli/node_modules/@markbind/core/src/patches/nunjucks/load-event.js:123:17)
    at file:///opt/homebrew/lib/node_modules/markbind-cli/node_modules/@markbind/core/src/patches/nunjucks/load-event.js:134:13
    at next (/opt/homebrew/lib/node_modules/markbind-cli/node_modules/nunjucks/src/lib.js:258:7)
    at Object.asyncIter (/opt/homebrew/lib/node_modules/markbind-cli/node_modules/nunjucks/src/lib.js:263:3)
2026-08-04T09:11:23.242Z - [36mverbose[39m: Rendering page: /Users/damithch/Repos/nus-cs2103/cs2103-website-base/projectDuke/index.md
2026-08-04T09:11:23.267Z - [32minfo[39m: Site data built
2026-08-04T09:11:23.267Z - [32minfo[39m: Pages rebuilt
2026-08-04T09:11:23.267Z - [32minfo[39m: Website regeneration complete! Total build time: 0.323s
2026-08-04T09:11:30.696Z - [32minfo[39m: [17:11:30] Reload for file change: /Users/damithch/Repos/nus-cs2103/cs2103-website-base/projectDuke/Level-1-fragment.md
2026-08-04T09:11:30.697Z - [32minfo[39m: Synchronizing opened pages list before reload
2026-08-04T09:11:30.697Z - [32minfo[39m: Current opened pages, from most-to-least recent:
2026-08-04T09:11:30.697Z - [32minfo[39m: 1. projectDuke/index
2026-08-04T09:11:31.713Z - [32minfo[39m: Rebuilding 1 pages
2026-08-04T09:11:31.790Z - [31merror[39m: Template render error: (/Users/damithch/Repos/nus-cs2103/cs2103-website-base/projectDuke/Level-1-fragment.md) [Line 52, Column 186]
  Template render error: (/Users/damithch/Repos/nus-cs2103/cs2103-website-base/projectDuke/Level-1-fragment.md) [Line 235, Column 9]
  Template render error: (/Users/damithch/Repos/nus-cs2103/cs2103-website-base/projectDuke/Level-1-fragment.md)
  Template render error: (/Users/damithch/Repos/nus-cs2103/cs2103-website-base/projectDuke/Level-1-fragment.md)
  Error: filter not found: strip
    at Object._prettifyError (/opt/homebrew/lib/node_modules/markbind-cli/node_modules/nunjucks/src/lib.js:32:11)
    at file:///opt/homebrew/lib/node_modules/markbind-cli/node_modules/@markbind/core/src/patches/nunjucks/context-overrides-frame.js:336:23
    at Template.root [as rootRenderFunc] (eval at _compile (/opt/homebrew/lib/node_modules/markbind-cli/node_modules/nunjucks/src/environment.js:527:18), <anonymous>:95:3)
    at Template.render (file:///opt/homebrew/lib/node_modules/markbind-cli/node_modules/@markbind/core/src/patches/nunjucks/context-overrides-frame.js:326:10)
    at file:///opt/homebrew/lib/node_modules/markbind-cli/node_modules/@markbind/core/src/patches/nunjucks/context-overrides-frame.js:55:31
    at createTemplate (file:///opt/homebrew/lib/node_modules/markbind-cli/node_modules/@markbind/core/src/patches/nunjucks/load-event.js:110:13)
    at handle (file:///opt/homebrew/lib/node_modules/markbind-cli/node_modules/@markbind/core/src/patches/nunjucks/load-event.js:123:17)
    at file:///opt/homebrew/lib/node_modules/markbind-cli/node_modules/@markbind/core/src/patches/nunjucks/load-event.js:134:13
    at next (/opt/homebrew/lib/node_modules/markbind-cli/node_modules/nunjucks/src/lib.js:258:7)
    at Object.asyncIter (/opt/homebrew/lib/node_modules/markbind-cli/node_modules/nunjucks/src/lib.js:263:3)
2026-08-04T09:11:31.977Z - [36mverbose[39m: Rendering page: /Users/damithch/Repos/nus-cs2103/cs2103-website-base/projectDuke/index.md
2026-08-04T09:11:32.000Z - [32minfo[39m: Site data built
2026-08-04T09:11:32.000Z - [32minfo[39m: Pages rebuilt
2026-08-04T09:11:32.000Z - [32minfo[39m: Website regeneration complete! Total build time: 0.289s
2026-08-04T09:12:16.082Z - [32minfo[39m: Website generation (lazy) started at 17:12:15
2026-08-04T09:12:16.720Z - [32minfo[39m: Building assets...
2026-08-04T09:12:17.074Z - [32minfo[39m: Assets built
2026-08-04T09:12:17.075Z - [32minfo[39m: Generating landing page...
2026-08-04T09:12:17.299Z - [36mverbose[39m: Rendering page: /Users/damithch/Repos/nus-cs2103/cs2103-website-base/index.md
2026-08-04T09:12:17.334Z - [32minfo[39m: Landing page built, other pages will be built as you navigate to them!
2026-08-04T09:12:17.412Z - [32minfo[39m: Site data built
2026-08-04T09:12:17.412Z - [32minfo[39m: Website generation (lazy) complete! Total build time: 1.51s
2026-08-04T09:12:17.422Z - [32minfo[39m: Serving "/Users/damithch/Repos/nus-cs2103/cs2103-website-base/_site" at http://127.0.0.1:8080
2026-08-04T09:12:17.422Z - [32minfo[39m: Press CTRL+C to stop ...
2026-08-04T09:12:27.620Z - [32minfo[39m: Building /Users/damithch/Repos/nus-cs2103/cs2103-website-base/projectDuke/index as some of its dependencies were changed since the last visit
2026-08-04T09:12:27.740Z - [31merror[39m: Template render error: (/Users/damithch/Repos/nus-cs2103/cs2103-website-base/projectDuke/Level-1-fragment.md) [Line 52, Column 186]
  Template render error: (/Users/damithch/Repos/nus-cs2103/cs2103-website-base/projectDuke/Level-1-fragment.md) [Line 235, Column 9]
  Template render error: (/Users/damithch/Repos/nus-cs2103/cs2103-website-base/projectDuke/Level-1-fragment.md)
  Template render error: (/Users/damithch/Repos/nus-cs2103/cs2103-website-base/projectDuke/Level-1-fragment.md)
  Error: filter not found: strip
    at Object._prettifyError (/opt/homebrew/lib/node_modules/markbind-cli/node_modules/nunjucks/src/lib.js:32:11)
    at file:///opt/homebrew/lib/node_modules/markbind-cli/node_modules/@markbind/core/src/patches/nunjucks/context-overrides-frame.js:336:23
    at Template.root [as rootRenderFunc] (eval at _compile (/opt/homebrew/lib/node_modules/markbind-cli/node_modules/nunjucks/src/environment.js:527:18), <anonymous>:95:3)
    at Template.render (file:///opt/homebrew/lib/node_modules/markbind-cli/node_modules/@markbind/core/src/patches/nunjucks/context-overrides-frame.js:326:10)
    at file:///opt/homebrew/lib/node_modules/markbind-cli/node_modules/@markbind/core/src/patches/nunjucks/context-overrides-frame.js:55:31
    at createTemplate (file:///opt/homebrew/lib/node_modules/markbind-cli/node_modules/@markbind/core/src/patches/nunjucks/load-event.js:110:13)
    at handle (file:///opt/homebrew/lib/node_modules/markbind-cli/node_modules/@markbind/core/src/patches/nunjucks/load-event.js:123:17)
    at file:///opt/homebrew/lib/node_modules/markbind-cli/node_modules/@markbind/core/src/patches/nunjucks/load-event.js:134:13
    at next (/opt/homebrew/lib/node_modules/markbind-cli/node_modules/nunjucks/src/lib.js:258:7)
    at Object.asyncIter (/opt/homebrew/lib/node_modules/markbind-cli/node_modules/nunjucks/src/lib.js:263:3)
2026-08-04T09:12:28.044Z - [36mverbose[39m: Rendering page: /Users/damithch/Repos/nus-cs2103/cs2103-website-base/projectDuke/index.md
2026-08-04T09:12:28.075Z - [32minfo[39m: Site data built
2026-08-04T09:12:28.075Z - [32minfo[39m: Lazy website regeneration complete! Total build time: 0.457s
2026-08-04T09:12:47.422Z - [32minfo[39m: [17:12:47] Reload for file change: /Users/damithch/Repos/nus-cs2103/cs2103-website-base/projectDuke/Level-1-fragment.md
2026-08-04T09:12:47.424Z - [32minfo[39m: Synchronizing opened pages list before reload
2026-08-04T09:12:47.428Z - [32minfo[39m: Current opened pages, from most-to-least recent:
2026-08-04T09:12:47.428Z - [32minfo[39m: 1. projectDuke/index
2026-08-04T09:12:47.428Z - [32minfo[39m: 2. index
2026-08-04T09:12:48.434Z - [32minfo[39m: Rebuilding 1 pages
2026-08-04T09:12:48.731Z - [36mverbose[39m: Rendering page: /Users/damithch/Repos/nus-cs2103/cs2103-website-base/projectDuke/index.md
2026-08-04T09:12:48.758Z - [32minfo[39m: Site data built
2026-08-04T09:12:48.758Z - [32minfo[39m: Pages rebuilt
2026-08-04T09:12:48.758Z - [32minfo[39m: Website regeneration complete! Total build time: 0.327s
2026-08-04T09:13:27.338Z - [32minfo[39m: [17:13:27] Reload for file change: /Users/damithch/Repos/nus-cs2103/cs2103-website-base/projectDuke/Level-1-fragment.md
2026-08-04T09:13:27.339Z - [32minfo[39m: Synchronizing opened pages list before reload
2026-08-04T09:13:27.340Z - [32minfo[39m: Current opened pages, from most-to-least recent:
2026-08-04T09:13:27.340Z - [32minfo[39m: 1. projectDuke/index
2026-08-04T09:13:28.345Z - [32minfo[39m: Rebuilding 1 pages
2026-08-04T09:13:28.636Z - [36mverbose[39m: Rendering page: /Users/damithch/Repos/nus-cs2103/cs2103-website-base/projectDuke/index.md
2026-08-04T09:13:28.661Z - [32minfo[39m: Site data built
2026-08-04T09:13:28.661Z - [32minfo[39m: Pages rebuilt
2026-08-04T09:13:28.661Z - [32minfo[39m: Website regeneration complete! Total build time: 0.319s
2026-08-04T09:21:24.857Z - [32minfo[39m: [17:21:24] Reload for file change: /Users/damithch/Repos/nus-cs2103/cs2103-website-base/_markbind/variables.md
2026-08-04T09:21:24.862Z - [32minfo[39m: Synchronizing opened pages list before reload
2026-08-04T09:21:24.862Z - [32minfo[39m: Current opened pages, from most-to-least recent:
2026-08-04T09:21:24.862Z - [32minfo[39m: 1. projectDuke/index
2026-08-04T09:21:24.866Z - [32minfo[39m: [17:21:24] Reload for file change: /Users/damithch/Repos/nus-cs2103/cs2103-website-base/projectDuke/Level-1-fragment.md
2026-08-04T09:21:24.866Z - [32minfo[39m: Synchronizing opened pages list before reload
2026-08-04T09:21:24.866Z - [32minfo[39m: Current opened pages, from most-to-least recent:
2026-08-04T09:21:24.866Z - [32minfo[39m: 1. projectDuke/index
2026-08-04T09:21:25.917Z - [33mwarn[39m: Rebuilding all pages as variables file was changed, or the --force-reload flag was set
2026-08-04T09:21:25.928Z - [32minfo[39m: Rebuilding 1 pages
2026-08-04T09:21:26.204Z - [36mverbose[39m: Rendering page: /Users/damithch/Repos/nus-cs2103/cs2103-website-base/projectDuke/index.md
2026-08-04T09:21:26.232Z - [32minfo[39m: Site data built
2026-08-04T09:21:26.232Z - [32minfo[39m: Pages rebuilt
2026-08-04T09:21:26.232Z - [32minfo[39m: Website regeneration complete! Total build time: 0.365s
2026-08-04T09:23:09.636Z - [32minfo[39m: [17:23:09] Reload for file change: /Users/damithch/Repos/nus-cs2103/cs2103-website-base/_markbind/variables.md
2026-08-04T09:23:09.639Z - [32minfo[39m: Synchronizing opened pages list before reload
2026-08-04T09:23:09.641Z - [32minfo[39m: Current opened pages, from most-to-least recent:
2026-08-04T09:23:09.641Z - [32minfo[39m: 1. projectDuke/index
2026-08-04T09:23:10.708Z - [33mwarn[39m: Rebuilding all pages as variables file was changed, or the --force-reload flag was set
2026-08-04T09:23:10.712Z - [32minfo[39m: Rebuilding 1 pages
2026-08-04T09:23:11.022Z - [36mverbose[39m: Rendering page: /Users/damithch/Repos/nus-cs2103/cs2103-website-base/projectDuke/index.md
2026-08-04T09:23:11.049Z - [32minfo[39m: Site data built
2026-08-04T09:23:11.050Z - [32minfo[39m: Pages rebuilt
2026-08-04T09:23:11.050Z - [32minfo[39m: Website regeneration complete! Total build time: 0.393s
2026-08-04T09:23:54.415Z - [32minfo[39m: [17:23:54] Reload for file change: /Users/damithch/Repos/nus-cs2103/cs2103-website-base/_markbind/variables.md
2026-08-04T09:23:54.419Z - [32minfo[39m: Synchronizing opened pages list before reload
2026-08-04T09:23:54.420Z - [32minfo[39m: Current opened pages, from most-to-least recent:
2026-08-04T09:23:54.420Z - [32minfo[39m: 1. projectDuke/index
2026-08-04T09:23:54.427Z - [32minfo[39m: [17:23:54] Reload for file change: /Users/damithch/Repos/nus-cs2103/cs2103-website-base/projectDuke/Level-0-fragment.md
2026-08-04T09:23:54.427Z - [32minfo[39m: Synchronizing opened pages list before reload
2026-08-04T09:23:54.427Z - [32minfo[39m: Current opened pages, from most-to-least recent:
2026-08-04T09:23:54.427Z - [32minfo[39m: 1. projectDuke/index
2026-08-04T09:23:55.471Z - [33mwarn[39m: Rebuilding all pages as variables file was changed, or the --force-reload flag was set
2026-08-04T09:23:55.472Z - [32minfo[39m: Rebuilding 1 pages
2026-08-04T09:23:55.746Z - [36mverbose[39m: Rendering page: /Users/damithch/Repos/nus-cs2103/cs2103-website-base/projectDuke/index.md
2026-08-04T09:23:55.769Z - [32minfo[39m: Site data built
2026-08-04T09:23:55.769Z - [32minfo[39m: Pages rebuilt
2026-08-04T09:23:55.769Z - [32minfo[39m: Website regeneration complete! Total build time: 0.34s
2026-08-04T09:24:58.296Z - [32minfo[39m: [17:24:58] Reload for file change: /Users/damithch/Repos/nus-cs2103/cs2103-website-base/_markbind/variables.md
2026-08-04T09:24:58.297Z - [32minfo[39m: Synchronizing opened pages list before reload
2026-08-04T09:24:58.297Z - [32minfo[39m: Current opened pages, from most-to-least recent:
2026-08-04T09:24:58.298Z - [32minfo[39m: 1. projectDuke/index
2026-08-04T09:24:58.313Z - [32minfo[39m: [17:24:58] Reload for file change: /Users/damithch/Repos/nus-cs2103/cs2103-website-base/projectDuke/Level-1-fragment.md
2026-08-04T09:24:58.314Z - [32minfo[39m: Synchronizing opened pages list before reload
2026-08-04T09:24:58.314Z - [32minfo[39m: Current opened pages, from most-to-least recent:
2026-08-04T09:24:58.315Z - [32minfo[39m: 1. projectDuke/index
2026-08-04T09:24:59.339Z - [33mwarn[39m: Rebuilding all pages as variables file was changed, or the --force-reload flag was set
2026-08-04T09:24:59.340Z - [32minfo[39m: Rebuilding 1 pages
2026-08-04T09:24:59.599Z - [36mverbose[39m: Rendering page: /Users/damithch/Repos/nus-cs2103/cs2103-website-base/projectDuke/index.md
2026-08-04T09:24:59.626Z - [32minfo[39m: Site data built
2026-08-04T09:24:59.626Z - [32minfo[39m: Pages rebuilt
2026-08-04T09:24:59.626Z - [32minfo[39m: Website regeneration complete! Total build time: 0.316s
2026-08-04T09:26:43.710Z - [32minfo[39m: [17:26:43] Reload for file change: /Users/damithch/Repos/nus-cs2103/cs2103-website-base/projectDuke/Level-1-fragment.md
2026-08-04T09:26:43.715Z - [32minfo[39m: Synchronizing opened pages list before reload
2026-08-04T09:26:43.717Z - [32minfo[39m: Current opened pages, from most-to-least recent:
2026-08-04T09:26:43.718Z - [32minfo[39m: 1. projectDuke/index
2026-08-04T09:26:43.785Z - [32minfo[39m: [17:26:43] Reload for file change: /Users/damithch/Repos/nus-cs2103/cs2103-website-base/_markbind/variables.md
2026-08-04T09:26:43.785Z - [32minfo[39m: Synchronizing opened pages list before reload
2026-08-04T09:26:43.785Z - [32minfo[39m: Current opened pages, from most-to-least recent:
2026-08-04T09:26:43.785Z - [32minfo[39m: 1. projectDuke/index
2026-08-04T09:26:44.759Z - [33mwarn[39m: Rebuilding all pages as variables file was changed, or the --force-reload flag was set
2026-08-04T09:26:44.761Z - [32minfo[39m: Rebuilding 1 pages
2026-08-04T09:26:45.026Z - [36mverbose[39m: Rendering page: /Users/damithch/Repos/nus-cs2103/cs2103-website-base/projectDuke/index.md
2026-08-04T09:26:45.056Z - [32minfo[39m: Site data built
2026-08-04T09:26:45.056Z - [32minfo[39m: Pages rebuilt
2026-08-04T09:26:45.056Z - [32minfo[39m: Website regeneration complete! Total build time: 0.334s
2026-08-04T09:26:58.255Z - [32minfo[39m: [17:26:58] Reload for file change: /Users/damithch/Repos/nus-cs2103/cs2103-website-base/projectDuke/Level-1-fragment.md
2026-08-04T09:26:58.256Z - [32minfo[39m: Synchronizing opened pages list before reload
2026-08-04T09:26:58.256Z - [32minfo[39m: Current opened pages, from most-to-least recent:
2026-08-04T09:26:58.256Z - [32minfo[39m: 1. projectDuke/index
2026-08-04T09:26:59.258Z - [32minfo[39m: Rebuilding 1 pages
2026-08-04T09:26:59.552Z - [36mverbose[39m: Rendering page: /Users/damithch/Repos/nus-cs2103/cs2103-website-base/projectDuke/index.md
2026-08-04T09:26:59.578Z - [32minfo[39m: Site data built
2026-08-04T09:26:59.578Z - [32minfo[39m: Pages rebuilt
2026-08-04T09:26:59.578Z - [32minfo[39m: Website regeneration complete! Total build time: 0.321s
2026-08-04T09:46:27.572Z - [32minfo[39m: Building /Users/damithch/Repos/nus-cs2103/cs2103-website-base/index as some of its dependencies were changed since the last visit
2026-08-04T09:46:27.789Z - [36mverbose[39m: Rendering page: /Users/damithch/Repos/nus-cs2103/cs2103-website-base/index.md
2026-08-04T09:46:27.805Z - [32minfo[39m: Site data built
2026-08-04T09:46:27.805Z - [32minfo[39m: Lazy website regeneration complete! Total build time: 0.235s
2026-08-04T09:50:37.452Z - [32minfo[39m: [17:50:37] Reload for file add: /Users/damithch/Repos/nus-cs2103/cs2103-website-base/projectDuke/Level-2-fragment.md
2026-08-04T09:50:37.454Z - [32minfo[39m: Synchronizing opened pages list before reload
2026-08-04T09:50:37.455Z - [32minfo[39m: Current opened pages, from most-to-least recent:
2026-08-04T09:50:37.455Z - [32minfo[39m: 1. projectDuke/index
2026-08-04T09:50:38.732Z - [32minfo[39m: Assets built
2026-08-04T09:52:39.536Z - [32minfo[39m: [17:52:39] Reload for file change: /Users/damithch/Repos/nus-cs2103/cs2103-website-base/projectDuke/Level-2-fragment.md
2026-08-04T09:52:39.544Z - [32minfo[39m: Synchronizing opened pages list before reload
2026-08-04T09:52:39.546Z - [32minfo[39m: Current opened pages, from most-to-least recent:
2026-08-04T09:52:39.546Z - [32minfo[39m: 1. projectDuke/index
2026-08-04T09:52:39.551Z - [32minfo[39m: [17:52:39] Reload for file change: /Users/damithch/Repos/nus-cs2103/cs2103-website-base/projectDuke/text.md
2026-08-04T09:52:39.551Z - [32minfo[39m: Synchronizing opened pages list before reload
2026-08-04T09:52:39.551Z - [32minfo[39m: Current opened pages, from most-to-least recent:
2026-08-04T09:52:39.552Z - [32minfo[39m: 1. projectDuke/index
2026-08-04T09:52:40.551Z - [32minfo[39m: Assets built
2026-08-04T09:52:40.566Z - [32minfo[39m: Rebuilding 1 pages
2026-08-04T09:52:40.861Z - [36mverbose[39m: Rendering page: /Users/damithch/Repos/nus-cs2103/cs2103-website-base/projectDuke/index.md
2026-08-04T09:52:40.904Z - [32minfo[39m: Site data built
2026-08-04T09:52:40.904Z - [32minfo[39m: Pages rebuilt
2026-08-04T09:52:40.904Z - [32minfo[39m: Website regeneration complete! Total build time: 0.35s
2026-08-04T09:55:52.767Z - [32minfo[39m: [17:55:52] Reload for file change: /Users/damithch/Repos/nus-cs2103/cs2103-website-base/projectDuke/Level-0-fragment.md
2026-08-04T09:55:52.783Z - [32minfo[39m: Synchronizing opened pages list before reload
2026-08-04T09:55:52.792Z - [32minfo[39m: Current opened pages, from most-to-least recent:
2026-08-04T09:55:52.797Z - [32minfo[39m: 1. projectDuke/index
2026-08-04T09:55:53.809Z - [32minfo[39m: Rebuilding 1 pages
2026-08-04T09:55:54.139Z - [36mverbose[39m: Rendering page: /Users/damithch/Repos/nus-cs2103/cs2103-website-base/projectDuke/index.md
2026-08-04T09:55:54.169Z - [32minfo[39m: Site data built
2026-08-04T09:55:54.169Z - [32minfo[39m: Pages rebuilt
2026-08-04T09:55:54.169Z - [32minfo[39m: Website regeneration complete! Total build time: 0.365s
2026-08-04T09:56:53.794Z - [32minfo[39m: [17:56:53] Reload for file change: /Users/damithch/Repos/nus-cs2103/cs2103-website-base/projectDuke/Level-0-fragment.md
2026-08-04T09:56:53.797Z - [32minfo[39m: Synchronizing opened pages list before reload
2026-08-04T09:56:53.798Z - [32minfo[39m: Current opened pages, from most-to-least recent:
2026-08-04T09:56:53.799Z - [32minfo[39m: 1. projectDuke/index
2026-08-04T09:56:54.808Z - [32minfo[39m: Rebuilding 1 pages
2026-08-04T09:56:55.093Z - [36mverbose[39m: Rendering page: /Users/damithch/Repos/nus-cs2103/cs2103-website-base/projectDuke/index.md
2026-08-04T09:56:55.119Z - [32minfo[39m: Site data built
2026-08-04T09:56:55.120Z - [32minfo[39m: Pages rebuilt
2026-08-04T09:56:55.120Z - [32minfo[39m: Website regeneration complete! Total build time: 0.317s
2026-08-04T09:58:39.560Z - [32minfo[39m: [17:58:39] Reload for file change: /Users/damithch/Repos/nus-cs2103/cs2103-website-base/projectDuke/Level-0-fragment.md
2026-08-04T09:58:39.561Z - [32minfo[39m: Synchronizing opened pages list before reload
2026-08-04T09:58:39.561Z - [32minfo[39m: Current opened pages, from most-to-least recent:
2026-08-04T09:58:39.562Z - [32minfo[39m: 1. projectDuke/index
2026-08-04T09:58:40.567Z - [32minfo[39m: Rebuilding 1 pages
2026-08-04T09:58:40.858Z - [36mverbose[39m: Rendering page: /Users/damithch/Repos/nus-cs2103/cs2103-website-base/projectDuke/index.md
2026-08-04T09:58:40.896Z - [32minfo[39m: Site data built
2026-08-04T09:58:40.896Z - [32minfo[39m: Pages rebuilt
2026-08-04T09:58:40.896Z - [32minfo[39m: Website regeneration complete! Total build time: 0.332s
2026-08-04T09:59:03.491Z - [32minfo[39m: [17:59:03] Reload for file change: /Users/damithch/Repos/nus-cs2103/cs2103-website-base/projectDuke/Level-0-fragment.md
2026-08-04T09:59:03.492Z - [32minfo[39m: Synchronizing opened pages list before reload
2026-08-04T09:59:03.492Z - [32minfo[39m: Current opened pages, from most-to-least recent:
2026-08-04T09:59:03.492Z - [32minfo[39m: 1. projectDuke/index
2026-08-04T09:59:04.497Z - [32minfo[39m: Rebuilding 1 pages
2026-08-04T09:59:04.824Z - [36mverbose[39m: Rendering page: /Users/damithch/Repos/nus-cs2103/cs2103-website-base/projectDuke/index.md
2026-08-04T09:59:04.853Z - [32minfo[39m: Site data built
2026-08-04T09:59:04.853Z - [32minfo[39m: Pages rebuilt
2026-08-04T09:59:04.853Z - [32minfo[39m: Website regeneration complete! Total build time: 0.36s
2026-08-04T10:01:05.816Z - [32minfo[39m: [18:01:05] Reload for file change: /Users/damithch/Repos/nus-cs2103/cs2103-website-base/projectDuke/Level-0-fragment.md
2026-08-04T10:01:05.823Z - [32minfo[39m: Synchronizing opened pages list before reload
2026-08-04T10:01:05.823Z - [32minfo[39m: Current opened pages, from most-to-least recent:
2026-08-04T10:01:05.824Z - [32minfo[39m: 1. projectDuke/index
2026-08-04T10:01:06.851Z - [32minfo[39m: Rebuilding 1 pages
2026-08-04T10:01:07.157Z - [36mverbose[39m: Rendering page: /Users/damithch/Repos/nus-cs2103/cs2103-website-base/projectDuke/index.md
2026-08-04T10:01:07.187Z - [32minfo[39m: Site data built
2026-08-04T10:01:07.187Z - [32minfo[39m: Pages rebuilt
2026-08-04T10:01:07.187Z - [32minfo[39m: Website regeneration complete! Total build time: 0.358s
2026-08-04T10:01:40.243Z - [32minfo[39m: [18:01:40] Reload for file change: /Users/damithch/Repos/nus-cs2103/cs2103-website-base/projectDuke/Level-0-fragment.md
2026-08-04T10:01:40.244Z - [32minfo[39m: Synchronizing opened pages list before reload
2026-08-04T10:01:40.245Z - [32minfo[39m: Current opened pages, from most-to-least recent:
2026-08-04T10:01:40.246Z - [32minfo[39m: 1. projectDuke/index
2026-08-04T10:01:41.253Z - [32minfo[39m: Rebuilding 1 pages
2026-08-04T10:01:41.563Z - [36mverbose[39m: Rendering page: /Users/damithch/Repos/nus-cs2103/cs2103-website-base/projectDuke/index.md
2026-08-04T10:01:41.590Z - [32minfo[39m: Site data built
2026-08-04T10:01:41.590Z - [32minfo[39m: Pages rebuilt
2026-08-04T10:01:41.590Z - [32minfo[39m: Website regeneration complete! Total build time: 0.342s
2026-08-04T10:03:24.189Z - [32minfo[39m: [18:03:24] Reload for file change: /Users/damithch/Repos/nus-cs2103/cs2103-website-base/projectDuke/Level-0-fragment.md
2026-08-04T10:03:24.190Z - [32minfo[39m: Synchronizing opened pages list before reload
2026-08-04T10:03:24.191Z - [32minfo[39m: Current opened pages, from most-to-least recent:
2026-08-04T10:03:24.191Z - [32minfo[39m: 1. projectDuke/index
2026-08-04T10:03:24.192Z - [32minfo[39m: [18:03:24] Reload for file change: /Users/damithch/Repos/nus-cs2103/cs2103-website-base/projectDuke/Level-1-fragment.md
2026-08-04T10:03:24.192Z - [32minfo[39m: Synchronizing opened pages list before reload
2026-08-04T10:03:24.193Z - [32minfo[39m: Current opened pages, from most-to-least recent:
2026-08-04T10:03:24.193Z - [32minfo[39m: 1. projectDuke/index
2026-08-04T10:03:25.195Z - [32minfo[39m: Rebuilding 1 pages
2026-08-04T10:03:25.503Z - [36mverbose[39m: Rendering page: /Users/damithch/Repos/nus-cs2103/cs2103-website-base/projectDuke/index.md
2026-08-04T10:03:25.537Z - [32minfo[39m: Site data built
2026-08-04T10:03:25.537Z - [32minfo[39m: Pages rebuilt
2026-08-04T10:03:25.537Z - [32minfo[39m: Website regeneration complete! Total build time: 0.344s
2026-08-04T10:03:44.773Z - [32minfo[39m: [18:03:44] Reload for file change: /Users/damithch/Repos/nus-cs2103/cs2103-website-base/projectDuke/Level-1-fragment.md
2026-08-04T10:03:44.777Z - [32minfo[39m: Synchronizing opened pages list before reload
2026-08-04T10:03:44.777Z - [32minfo[39m: Current opened pages, from most-to-least recent:
2026-08-04T10:03:44.777Z - [32minfo[39m: 1. projectDuke/index
2026-08-04T10:03:45.781Z - [32minfo[39m: Rebuilding 1 pages
2026-08-04T10:03:46.097Z - [36mverbose[39m: Rendering page: /Users/damithch/Repos/nus-cs2103/cs2103-website-base/projectDuke/index.md
2026-08-04T10:03:46.125Z - [32minfo[39m: Site data built
2026-08-04T10:03:46.125Z - [32minfo[39m: Pages rebuilt
2026-08-04T10:03:46.125Z - [32minfo[39m: Website regeneration complete! Total build time: 0.346s
2026-08-04T12:29:02.782Z - [32minfo[39m: [20:29:02] Reload for file change: /Users/damithch/Repos/nus-cs2103/cs2103-website-base/projectDuke/Level-2-fragment.md
2026-08-04T12:29:02.785Z - [32minfo[39m: Synchronizing opened pages list before reload
2026-08-04T12:29:02.786Z - [32minfo[39m: Current opened pages, from most-to-least recent:
2026-08-04T12:29:02.786Z - [32minfo[39m: 1. projectDuke/index
2026-08-04T12:29:03.819Z - [32minfo[39m: Rebuilding 1 pages
2026-08-04T12:29:04.197Z - [36mverbose[39m: Rendering page: /Users/damithch/Repos/nus-cs2103/cs2103-website-base/projectDuke/index.md
2026-08-04T12:29:04.258Z - [32minfo[39m: Site data built
2026-08-04T12:29:04.259Z - [32minfo[39m: Pages rebuilt
2026-08-04T12:29:04.259Z - [32minfo[39m: Website regeneration complete! Total build time: 0.466s
2026-08-04T12:31:24.297Z - [32minfo[39m: [20:31:24] Reload for file change: /Users/damithch/Repos/nus-cs2103/cs2103-website-base/projectDuke/Level-2-fragment.md
2026-08-04T12:31:24.301Z - [32minfo[39m: Synchronizing opened pages list before reload
2026-08-04T12:31:24.301Z - [32minfo[39m: Current opened pages, from most-to-least recent:
2026-08-04T12:31:24.301Z - [32minfo[39m: 1. projectDuke/index
2026-08-04T12:31:25.309Z - [32minfo[39m: Rebuilding 1 pages
2026-08-04T12:31:25.602Z - [36mverbose[39m: Rendering page: /Users/damithch/Repos/nus-cs2103/cs2103-website-base/projectDuke/index.md
2026-08-04T12:31:25.626Z - [32minfo[39m: Site data built
2026-08-04T12:31:25.626Z - [32minfo[39m: Pages rebuilt
2026-08-04T12:31:25.626Z - [32minfo[39m: Website regeneration complete! Total build time: 0.32s
2026-08-04T12:31:48.923Z - [32minfo[39m: [20:31:48] Reload for file change: /Users/damithch/Repos/nus-cs2103/cs2103-website-base/projectDuke/Level-2-fragment.md
2026-08-04T12:31:48.925Z - [32minfo[39m: Synchronizing opened pages list before reload
2026-08-04T12:31:48.925Z - [32minfo[39m: Current opened pages, from most-to-least recent:
2026-08-04T12:31:48.925Z - [32minfo[39m: 1. projectDuke/index
2026-08-04T12:31:49.936Z - [32minfo[39m: Rebuilding 1 pages
2026-08-04T12:31:50.264Z - [36mverbose[39m: Rendering page: /Users/damithch/Repos/nus-cs2103/cs2103-website-base/projectDuke/index.md
2026-08-04T12:31:50.287Z - [32minfo[39m: Site data built
2026-08-04T12:31:50.287Z - [32minfo[39m: Pages rebuilt
2026-08-04T12:31:50.287Z - [32minfo[39m: Website regeneration complete! Total build time: 0.36s
2026-08-04T12:31:57.235Z - [32minfo[39m: [20:31:57] Reload for file change: /Users/damithch/Repos/nus-cs2103/cs2103-website-base/projectDuke/Level-2-fragment.md
2026-08-04T12:31:57.236Z - [32minfo[39m: Synchronizing opened pages list before reload
2026-08-04T12:31:57.237Z - [32minfo[39m: Current opened pages, from most-to-least recent:
2026-08-04T12:31:57.237Z - [32minfo[39m: 1. projectDuke/index
2026-08-04T12:31:58.242Z - [32minfo[39m: Rebuilding 1 pages
2026-08-04T12:31:58.483Z - [36mverbose[39m: Rendering page: /Users/damithch/Repos/nus-cs2103/cs2103-website-base/projectDuke/index.md
2026-08-04T12:31:58.512Z - [32minfo[39m: Site data built
2026-08-04T12:31:58.512Z - [32minfo[39m: Pages rebuilt
2026-08-04T12:31:58.512Z - [32minfo[39m: Website regeneration complete! Total build time: 0.273s
2026-08-04T12:32:34.627Z - [32minfo[39m: [20:32:34] Reload for file change: /Users/damithch/Repos/nus-cs2103/cs2103-website-base/projectDuke/Level-2-fragment.md
2026-08-04T12:32:34.636Z - [32minfo[39m: Synchronizing opened pages list before reload
2026-08-04T12:32:34.637Z - [32minfo[39m: Current opened pages, from most-to-least recent:
2026-08-04T12:32:34.637Z - [32minfo[39m: 1. projectDuke/index
2026-08-04T12:32:35.649Z - [32minfo[39m: Rebuilding 1 pages
2026-08-04T12:32:35.932Z - [36mverbose[39m: Rendering page: /Users/damithch/Repos/nus-cs2103/cs2103-website-base/projectDuke/index.md
2026-08-04T12:32:35.959Z - [32minfo[39m: Site data built
2026-08-04T12:32:35.959Z - [32minfo[39m: Pages rebuilt
2026-08-04T12:32:35.959Z - [32minfo[39m: Website regeneration complete! Total build time: 0.318s
2026-08-04T12:36:48.429Z - [32minfo[39m: [20:36:48] Reload for file change: /Users/damithch/Repos/nus-cs2103/cs2103-website-base/projectDuke/Level-2-fragment.md
2026-08-04T12:36:48.470Z - [32minfo[39m: Synchronizing opened pages list before reload
2026-08-04T12:36:48.508Z - [32minfo[39m: Current opened pages, from most-to-least recent:
2026-08-04T12:36:48.517Z - [32minfo[39m: 1. projectDuke/index
2026-08-04T12:36:49.524Z - [32minfo[39m: Rebuilding 1 pages
2026-08-04T12:36:49.612Z - [31merror[39m: Template render error: (/Users/damithch/Repos/nus-cs2103/cs2103-website-base/projectDuke/Level-2-fragment.md) [Line 52, Column 186]
  Template render error: (/Users/damithch/Repos/nus-cs2103/cs2103-website-base/projectDuke/Level-2-fragment.md) [Line 235, Column 9]
  Template render error: (/Users/damithch/Repos/nus-cs2103/cs2103-website-base/projectDuke/Level-2-fragment.md)
  Template render error: (/Users/damithch/Repos/nus-cs2103/cs2103-website-base/projectDuke/Level-2-fragment.md)
  TypeError: Cannot read properties of undefined (reading 'replace')
    at Object._prettifyError (/opt/homebrew/lib/node_modules/markbind-cli/node_modules/nunjucks/src/lib.js:32:11)
    at file:///opt/homebrew/lib/node_modules/markbind-cli/node_modules/@markbind/core/src/patches/nunjucks/context-overrides-frame.js:336:23
    at Template.root [as rootRenderFunc] (eval at _compile (/opt/homebrew/lib/node_modules/markbind-cli/node_modules/nunjucks/src/environment.js:527:18), <anonymous>:107:3)
    at Template.render (file:///opt/homebrew/lib/node_modules/markbind-cli/node_modules/@markbind/core/src/patches/nunjucks/context-overrides-frame.js:326:10)
    at file:///opt/homebrew/lib/node_modules/markbind-cli/node_modules/@markbind/core/src/patches/nunjucks/context-overrides-frame.js:55:31
    at createTemplate (file:///opt/homebrew/lib/node_modules/markbind-cli/node_modules/@markbind/core/src/patches/nunjucks/load-event.js:110:13)
    at handle (file:///opt/homebrew/lib/node_modules/markbind-cli/node_modules/@markbind/core/src/patches/nunjucks/load-event.js:123:17)
    at file:///opt/homebrew/lib/node_modules/markbind-cli/node_modules/@markbind/core/src/patches/nunjucks/load-event.js:134:13
    at next (/opt/homebrew/lib/node_modules/markbind-cli/node_modules/nunjucks/src/lib.js:258:7)
    at Object.asyncIter (/opt/homebrew/lib/node_modules/markbind-cli/node_modules/nunjucks/src/lib.js:263:3)
2026-08-04T12:36:49.845Z - [36mverbose[39m: Rendering page: /Users/damithch/Repos/nus-cs2103/cs2103-website-base/projectDuke/index.md
2026-08-04T12:36:49.877Z - [32minfo[39m: Site data built
2026-08-04T12:36:49.877Z - [32minfo[39m: Pages rebuilt
2026-08-04T12:36:49.877Z - [32minfo[39m: Website regeneration complete! Total build time: 0.358s
2026-08-04T12:37:37.670Z - [32minfo[39m: [20:37:37] Reload for file change: /Users/damithch/Repos/nus-cs2103/cs2103-website-base/projectDuke/Level-2-fragment.md
2026-08-04T12:37:37.671Z - [32minfo[39m: Synchronizing opened pages list before reload
2026-08-04T12:37:37.672Z - [32minfo[39m: Current opened pages, from most-to-least recent:
2026-08-04T12:37:37.672Z - [32minfo[39m: 1. projectDuke/index
2026-08-04T12:37:38.680Z - [32minfo[39m: Rebuilding 1 pages
2026-08-04T12:37:38.982Z - [36mverbose[39m: Rendering page: /Users/damithch/Repos/nus-cs2103/cs2103-website-base/projectDuke/index.md
2026-08-04T12:37:39.012Z - [32minfo[39m: Site data built
2026-08-04T12:37:39.012Z - [32minfo[39m: Pages rebuilt
2026-08-04T12:37:39.012Z - [32minfo[39m: Website regeneration complete! Total build time: 0.335s
2026-08-04T12:38:19.005Z - [32minfo[39m: [20:38:18] Reload for file change: /Users/damithch/Repos/nus-cs2103/cs2103-website-base/projectDuke/Level-2-fragment.md
2026-08-04T12:38:19.010Z - [32minfo[39m: Synchronizing opened pages list before reload
2026-08-04T12:38:19.013Z - [32minfo[39m: Current opened pages, from most-to-least recent:
2026-08-04T12:38:19.014Z - [32minfo[39m: 1. projectDuke/index
2026-08-04T12:38:20.052Z - [32minfo[39m: Rebuilding 1 pages
2026-08-04T12:38:20.359Z - [36mverbose[39m: Rendering page: /Users/damithch/Repos/nus-cs2103/cs2103-website-base/projectDuke/index.md
2026-08-04T12:38:20.387Z - [32minfo[39m: Site data built
2026-08-04T12:38:20.387Z - [32minfo[39m: Pages rebuilt
2026-08-04T12:38:20.387Z - [32minfo[39m: Website regeneration complete! Total build time: 0.339s
2026-08-04T12:38:28.326Z - [32minfo[39m: [20:38:28] Reload for file change: /Users/damithch/Repos/nus-cs2103/cs2103-website-base/projectDuke/Level-2-fragment.md
2026-08-04T12:38:28.327Z - [32minfo[39m: Synchronizing opened pages list before reload
2026-08-04T12:38:28.328Z - [32minfo[39m: Current opened pages, from most-to-least recent:
2026-08-04T12:38:28.328Z - [32minfo[39m: 1. projectDuke/index
2026-08-04T12:38:29.332Z - [32minfo[39m: Rebuilding 1 pages
2026-08-04T12:38:29.584Z - [36mverbose[39m: Rendering page: /Users/damithch/Repos/nus-cs2103/cs2103-website-base/projectDuke/index.md
2026-08-04T12:38:29.620Z - [32minfo[39m: Site data built
2026-08-04T12:38:29.620Z - [32minfo[39m: Pages rebuilt
2026-08-04T12:38:29.620Z - [32minfo[39m: Website regeneration complete! Total build time: 0.29s
2026-08-04T12:38:51.704Z - [32minfo[39m: [20:38:51] Reload for file change: /Users/damithch/Repos/nus-cs2103/cs2103-website-base/projectDuke/Level-2-fragment.md
2026-08-04T12:38:51.705Z - [32minfo[39m: Synchronizing opened pages list before reload
2026-08-04T12:38:51.705Z - [32minfo[39m: Current opened pages, from most-to-least recent:
2026-08-04T12:38:51.706Z - [32minfo[39m: 1. projectDuke/index
2026-08-04T12:38:52.720Z - [32minfo[39m: Rebuilding 1 pages
2026-08-04T12:38:53.020Z - [36mverbose[39m: Rendering page: /Users/damithch/Repos/nus-cs2103/cs2103-website-base/projectDuke/index.md
2026-08-04T12:38:53.048Z - [32minfo[39m: Site data built
2026-08-04T12:38:53.048Z - [32minfo[39m: Pages rebuilt
2026-08-04T12:38:53.048Z - [32minfo[39m: Website regeneration complete! Total build time: 0.332s
2026-08-04T12:38:59.266Z - [32minfo[39m: [20:38:59] Reload for file change: /Users/damithch/Repos/nus-cs2103/cs2103-website-base/projectDuke/Level-2-fragment.md
2026-08-04T12:38:59.270Z - [32minfo[39m: Synchronizing opened pages list before reload
2026-08-04T12:38:59.270Z - [32minfo[39m: Current opened pages, from most-to-least recent:
2026-08-04T12:38:59.271Z - [32minfo[39m: 1. projectDuke/index
2026-08-04T12:39:00.279Z - [32minfo[39m: Rebuilding 1 pages
2026-08-04T12:39:00.555Z - [36mverbose[39m: Rendering page: /Users/damithch/Repos/nus-cs2103/cs2103-website-base/projectDuke/index.md
2026-08-04T12:39:00.583Z - [32minfo[39m: Site data built
2026-08-04T12:39:00.583Z - [32minfo[39m: Pages rebuilt
2026-08-04T12:39:00.583Z - [32minfo[39m: Website regeneration complete! Total build time: 0.31s
2026-08-04T12:39:36.999Z - [32minfo[39m: [20:39:36] Reload for file change: /Users/damithch/Repos/nus-cs2103/cs2103-website-base/projectDuke/Level-2-fragment.md
2026-08-04T12:39:37.001Z - [32minfo[39m: Synchronizing opened pages list before reload
2026-08-04T12:39:37.002Z - [32minfo[39m: Current opened pages, from most-to-least recent:
2026-08-04T12:39:37.002Z - [32minfo[39m: 1. projectDuke/index
2026-08-04T12:39:38.016Z - [32minfo[39m: Rebuilding 1 pages
2026-08-04T12:39:38.312Z - [36mverbose[39m: Rendering page: /Users/damithch/Repos/nus-cs2103/cs2103-website-base/projectDuke/index.md
2026-08-04T12:39:38.341Z - [32minfo[39m: Site data built
2026-08-04T12:39:38.341Z - [32minfo[39m: Pages rebuilt
2026-08-04T12:39:38.341Z - [32minfo[39m: Website regeneration complete! Total build time: 0.334s
2026-08-04T12:39:58.098Z - [32minfo[39m: [20:39:58] Reload for file change: /Users/damithch/Repos/nus-cs2103/cs2103-website-base/projectDuke/Level-1-fragment.md
2026-08-04T12:39:58.100Z - [32minfo[39m: Synchronizing opened pages list before reload
2026-08-04T12:39:58.101Z - [32minfo[39m: Current opened pages, from most-to-least recent:
2026-08-04T12:39:58.101Z - [32minfo[39m: 1. projectDuke/index
2026-08-04T12:39:59.115Z - [32minfo[39m: Rebuilding 1 pages
2026-08-04T12:39:59.426Z - [36mverbose[39m: Rendering page: /Users/damithch/Repos/nus-cs2103/cs2103-website-base/projectDuke/index.md
2026-08-04T12:39:59.456Z - [32minfo[39m: Site data built
2026-08-04T12:39:59.456Z - [32minfo[39m: Pages rebuilt
2026-08-04T12:39:59.456Z - [32minfo[39m: Website regeneration complete! Total build time: 0.351s
2026-08-04T12:41:07.603Z - [32minfo[39m: [20:41:07] Reload for file change: /Users/damithch/Repos/nus-cs2103/cs2103-website-base/projectDuke/Level-2-fragment.md
2026-08-04T12:41:07.604Z - [32minfo[39m: Synchronizing opened pages list before reload
2026-08-04T12:41:07.605Z - [32minfo[39m: Current opened pages, from most-to-least recent:
2026-08-04T12:41:07.606Z - [32minfo[39m: 1. projectDuke/index
2026-08-04T12:41:08.612Z - [32minfo[39m: Rebuilding 1 pages
2026-08-04T12:41:08.915Z - [36mverbose[39m: Rendering page: /Users/damithch/Repos/nus-cs2103/cs2103-website-base/projectDuke/index.md
2026-08-04T12:41:08.946Z - [32minfo[39m: Site data built
2026-08-04T12:41:08.946Z - [32minfo[39m: Pages rebuilt
2026-08-04T12:41:08.946Z - [32minfo[39m: Website regeneration complete! Total build time: 0.337s
2026-08-04T12:43:19.820Z - [32minfo[39m: [20:43:19] Reload for file change: /Users/damithch/Repos/nus-cs2103/cs2103-website-base/projectDuke/Level-2-fragment.md
2026-08-04T12:43:19.824Z - [32minfo[39m: Synchronizing opened pages list before reload
2026-08-04T12:43:19.826Z - [32minfo[39m: Current opened pages, from most-to-least recent:
2026-08-04T12:43:19.826Z - [32minfo[39m: 1. projectDuke/index
2026-08-04T12:43:20.838Z - [32minfo[39m: Rebuilding 1 pages
2026-08-04T12:43:21.166Z - [36mverbose[39m: Rendering page: /Users/damithch/Repos/nus-cs2103/cs2103-website-base/projectDuke/index.md
2026-08-04T12:43:21.201Z - [32minfo[39m: Site data built
2026-08-04T12:43:21.202Z - [32minfo[39m: Pages rebuilt
2026-08-04T12:43:21.202Z - [32minfo[39m: Website regeneration complete! Total build time: 0.372s
2026-08-04T12:47:45.932Z - [32minfo[39m: [20:47:45] Reload for file change: /Users/damithch/Repos/nus-cs2103/cs2103-website-base/common/macros.njk
2026-08-04T12:47:45.946Z - [32minfo[39m: Synchronizing opened pages list before reload
2026-08-04T12:47:45.947Z - [32minfo[39m: Current opened pages, from most-to-least recent:
2026-08-04T12:47:45.947Z - [32minfo[39m: 1. projectDuke/index
2026-08-04T12:47:45.959Z - [32minfo[39m: [20:47:45] Reload for file change: /Users/damithch/Repos/nus-cs2103/cs2103-website-base/projectDuke/Level-2-fragment.md
2026-08-04T12:47:45.959Z - [32minfo[39m: Synchronizing opened pages list before reload
2026-08-04T12:47:45.959Z - [32minfo[39m: Current opened pages, from most-to-least recent:
2026-08-04T12:47:45.959Z - [32minfo[39m: 1. projectDuke/index
2026-08-04T12:47:47.110Z - [32minfo[39m: Rebuilding 1 pages
2026-08-04T12:47:47.378Z - [36mverbose[39m: Rendering page: /Users/damithch/Repos/nus-cs2103/cs2103-website-base/projectDuke/index.md
2026-08-04T12:47:47.422Z - [32minfo[39m: Site data built
2026-08-04T12:47:47.422Z - [32minfo[39m: Pages rebuilt
2026-08-04T12:47:47.422Z - [32minfo[39m: Website regeneration complete! Total build time: 0.322s
2026-08-04T12:51:31.810Z - [32minfo[39m: [20:51:31] Reload for file change: /Users/damithch/Repos/nus-cs2103/cs2103-website-base/common/macros.njk
2026-08-04T12:51:31.814Z - [32minfo[39m: Synchronizing opened pages list before reload
2026-08-04T12:51:31.815Z - [32minfo[39m: Current opened pages, from most-to-least recent:
2026-08-04T12:51:31.815Z - [32minfo[39m: 1. projectDuke/index
2026-08-04T12:51:31.820Z - [32minfo[39m: [20:51:31] Reload for file change: /Users/damithch/Repos/nus-cs2103/cs2103-website-base/projectDuke/Level-2-fragment.md
2026-08-04T12:51:31.820Z - [32minfo[39m: Synchronizing opened pages list before reload
2026-08-04T12:51:31.820Z - [32minfo[39m: Current opened pages, from most-to-least recent:
2026-08-04T12:51:31.820Z - [32minfo[39m: 1. projectDuke/index
2026-08-04T12:51:33.012Z - [32minfo[39m: Rebuilding 1 pages
2026-08-04T12:51:33.268Z - [36mverbose[39m: Rendering page: /Users/damithch/Repos/nus-cs2103/cs2103-website-base/projectDuke/index.md
2026-08-04T12:51:33.312Z - [32minfo[39m: Site data built
2026-08-04T12:51:33.312Z - [32minfo[39m: Pages rebuilt
2026-08-04T12:51:33.312Z - [32minfo[39m: Website regeneration complete! Total build time: 0.316s
2026-08-04T12:53:19.183Z - [32minfo[39m: [20:53:19] Reload for file change: /Users/damithch/Repos/nus-cs2103/cs2103-website-base/projectDuke/Level-1-fragment.md
2026-08-04T12:53:19.185Z - [32minfo[39m: Synchronizing opened pages list before reload
2026-08-04T12:53:19.186Z - [32minfo[39m: Current opened pages, from most-to-least recent:
2026-08-04T12:53:19.187Z - [32minfo[39m: 1. projectDuke/index
2026-08-04T12:53:20.193Z - [32minfo[39m: Rebuilding 1 pages
2026-08-04T12:53:20.500Z - [36mverbose[39m: Rendering page: /Users/damithch/Repos/nus-cs2103/cs2103-website-base/projectDuke/index.md
2026-08-04T12:53:20.531Z - [32minfo[39m: Site data built
2026-08-04T12:53:20.531Z - [32minfo[39m: Pages rebuilt
2026-08-04T12:53:20.531Z - [32minfo[39m: Website regeneration complete! Total build time: 0.341s
2026-08-04T12:54:40.594Z - [32minfo[39m: [20:54:40] Reload for file change: /Users/damithch/Repos/nus-cs2103/cs2103-website-base/_markbind/variables.md
2026-08-04T12:54:40.596Z - [32minfo[39m: Synchronizing opened pages list before reload
2026-08-04T12:54:40.597Z - [32minfo[39m: Current opened pages, from most-to-least recent:
2026-08-04T12:54:40.597Z - [32minfo[39m: 1. projectDuke/index
2026-08-04T12:54:41.638Z - [33mwarn[39m: Rebuilding all pages as variables file was changed, or the --force-reload flag was set
2026-08-04T12:54:41.640Z - [32minfo[39m: Rebuilding 1 pages
2026-08-04T12:54:41.911Z - [36mverbose[39m: Rendering page: /Users/damithch/Repos/nus-cs2103/cs2103-website-base/projectDuke/index.md
2026-08-04T12:54:41.941Z - [32minfo[39m: Site data built
2026-08-04T12:54:41.941Z - [32minfo[39m: Pages rebuilt
2026-08-04T12:54:41.941Z - [32minfo[39m: Website regeneration complete! Total build time: 0.34s
2026-08-04T13:26:03.584Z - [32minfo[39m: [21:26:03] Reload for file add: /Users/damithch/Repos/nus-cs2103/cs2103-website-base/projectDuke/Level-3-fragment.md
2026-08-04T13:26:03.592Z - [32minfo[39m: Synchronizing opened pages list before reload
2026-08-04T13:26:03.594Z - [32minfo[39m: Current opened pages, from most-to-least recent:
2026-08-04T13:26:03.594Z - [32minfo[39m: 1. projectDuke/index
2026-08-04T13:26:04.980Z - [32minfo[39m: Assets built
2026-08-04T13:27:48.776Z - [32minfo[39m: [21:27:48] Reload for file change: /Users/damithch/Repos/nus-cs2103/cs2103-website-base/projectDuke/Level-3-fragment.md
2026-08-04T13:27:48.779Z - [32minfo[39m: Synchronizing opened pages list before reload
2026-08-04T13:27:48.780Z - [32minfo[39m: Current opened pages, from most-to-least recent:
2026-08-04T13:27:48.780Z - [32minfo[39m: 1. projectDuke/index
2026-08-04T13:27:48.840Z - [32minfo[39m: [21:27:48] Reload for file change: /Users/damithch/Repos/nus-cs2103/cs2103-website-base/projectDuke/text.md
2026-08-04T13:27:48.840Z - [32minfo[39m: Synchronizing opened pages list before reload
2026-08-04T13:27:48.840Z - [32minfo[39m: Current opened pages, from most-to-least recent:
2026-08-04T13:27:48.840Z - [32minfo[39m: 1. projectDuke/index
2026-08-04T13:27:49.793Z - [32minfo[39m: Assets built
2026-08-04T13:27:49.868Z - [32minfo[39m: Rebuilding 1 pages
2026-08-04T13:27:50.005Z - [31merror[39m: Template render error: (/Users/damithch/Repos/nus-cs2103/cs2103-website-base/projectDuke/Level-3-fragment.md) [Line 38, Column 20]
  Template render error: (/Users/damithch/Repos/nus-cs2103/cs2103-website-base/projectDuke/Level-3-fragment.md) [Line 235, Column 9]
  Template render error: (/Users/damithch/Repos/nus-cs2103/cs2103-website-base/projectDuke/Level-3-fragment.md)
  Template render error: (/Users/damithch/Repos/nus-cs2103/cs2103-website-base/projectDuke/Level-3-fragment.md)
  TypeError: Cannot read properties of undefined (reading 'replace')
    at Object._prettifyError (/opt/homebrew/lib/node_modules/markbind-cli/node_modules/nunjucks/src/lib.js:32:11)
    at file:///opt/homebrew/lib/node_modules/markbind-cli/node_modules/@markbind/core/src/patches/nunjucks/context-overrides-frame.js:336:23
    at Template.root [as rootRenderFunc] (eval at _compile (/opt/homebrew/lib/node_modules/markbind-cli/node_modules/nunjucks/src/environment.js:527:18), <anonymous>:69:3)
    at Template.render (file:///opt/homebrew/lib/node_modules/markbind-cli/node_modules/@markbind/core/src/patches/nunjucks/context-overrides-frame.js:326:10)
    at file:///opt/homebrew/lib/node_modules/markbind-cli/node_modules/@markbind/core/src/patches/nunjucks/context-overrides-frame.js:55:31
    at createTemplate (file:///opt/homebrew/lib/node_modules/markbind-cli/node_modules/@markbind/core/src/patches/nunjucks/load-event.js:110:13)
    at handle (file:///opt/homebrew/lib/node_modules/markbind-cli/node_modules/@markbind/core/src/patches/nunjucks/load-event.js:123:17)
    at file:///opt/homebrew/lib/node_modules/markbind-cli/node_modules/@markbind/core/src/patches/nunjucks/load-event.js:134:13
    at next (/opt/homebrew/lib/node_modules/markbind-cli/node_modules/nunjucks/src/lib.js:258:7)
    at Object.asyncIter (/opt/homebrew/lib/node_modules/markbind-cli/node_modules/nunjucks/src/lib.js:263:3)
2026-08-04T13:27:50.247Z - [36mverbose[39m: Rendering page: /Users/damithch/Repos/nus-cs2103/cs2103-website-base/projectDuke/index.md
2026-08-04T13:27:50.302Z - [32minfo[39m: Site data built
2026-08-04T13:27:50.302Z - [32minfo[39m: Pages rebuilt
2026-08-04T13:27:50.302Z - [32minfo[39m: Website regeneration complete! Total build time: 0.456s
2026-08-04T13:28:07.187Z - [32minfo[39m: [21:28:07] Reload for file change: /Users/damithch/Repos/nus-cs2103/cs2103-website-base/projectDuke/text.md
2026-08-04T13:28:07.187Z - [32minfo[39m: Synchronizing opened pages list before reload
2026-08-04T13:28:07.188Z - [32minfo[39m: Current opened pages, from most-to-least recent:
2026-08-04T13:28:07.188Z - [32minfo[39m: 1. projectDuke/index
2026-08-04T13:28:08.195Z - [32minfo[39m: Rebuilding 1 pages
2026-08-04T13:28:08.282Z - [31merror[39m: Template render error: (/Users/damithch/Repos/nus-cs2103/cs2103-website-base/projectDuke/Level-3-fragment.md) [Line 38, Column 20]
  Template render error: (/Users/damithch/Repos/nus-cs2103/cs2103-website-base/projectDuke/Level-3-fragment.md) [Line 235, Column 9]
  Template render error: (/Users/damithch/Repos/nus-cs2103/cs2103-website-base/projectDuke/Level-3-fragment.md)
  Template render error: (/Users/damithch/Repos/nus-cs2103/cs2103-website-base/projectDuke/Level-3-fragment.md)
  TypeError: Cannot read properties of undefined (reading 'replace')
    at Object._prettifyError (/opt/homebrew/lib/node_modules/markbind-cli/node_modules/nunjucks/src/lib.js:32:11)
    at file:///opt/homebrew/lib/node_modules/markbind-cli/node_modules/@markbind/core/src/patches/nunjucks/context-overrides-frame.js:336:23
    at Template.root [as rootRenderFunc] (eval at _compile (/opt/homebrew/lib/node_modules/markbind-cli/node_modules/nunjucks/src/environment.js:527:18), <anonymous>:69:3)
    at Template.render (file:///opt/homebrew/lib/node_modules/markbind-cli/node_modules/@markbind/core/src/patches/nunjucks/context-overrides-frame.js:326:10)
    at file:///opt/homebrew/lib/node_modules/markbind-cli/node_modules/@markbind/core/src/patches/nunjucks/context-overrides-frame.js:55:31
    at createTemplate (file:///opt/homebrew/lib/node_modules/markbind-cli/node_modules/@markbind/core/src/patches/nunjucks/load-event.js:110:13)
    at handle (file:///opt/homebrew/lib/node_modules/markbind-cli/node_modules/@markbind/core/src/patches/nunjucks/load-event.js:123:17)
    at file:///opt/homebrew/lib/node_modules/markbind-cli/node_modules/@markbind/core/src/patches/nunjucks/load-event.js:134:13
    at next (/opt/homebrew/lib/node_modules/markbind-cli/node_modules/nunjucks/src/lib.js:258:7)
    at Object.asyncIter (/opt/homebrew/lib/node_modules/markbind-cli/node_modules/nunjucks/src/lib.js:263:3)
2026-08-04T13:28:08.499Z - [36mverbose[39m: Rendering page: /Users/damithch/Repos/nus-cs2103/cs2103-website-base/projectDuke/index.md
2026-08-04T13:28:08.524Z - [32minfo[39m: Site data built
2026-08-04T13:28:08.525Z - [32minfo[39m: Pages rebuilt
2026-08-04T13:28:08.525Z - [32minfo[39m: Website regeneration complete! Total build time: 0.332s
2026-08-04T13:28:40.935Z - [32minfo[39m: [21:28:40] Reload for file change: /Users/damithch/Repos/nus-cs2103/cs2103-website-base/projectDuke/Level-3-fragment.md
2026-08-04T13:28:40.937Z - [32minfo[39m: Synchronizing opened pages list before reload
2026-08-04T13:28:40.937Z - [32minfo[39m: Current opened pages, from most-to-least recent:
2026-08-04T13:28:40.938Z - [32minfo[39m: 1. projectDuke/index
2026-08-04T13:28:41.948Z - [32minfo[39m: Rebuilding 1 pages
2026-08-04T13:28:42.043Z - [31merror[39m: Template render error: (/Users/damithch/Repos/nus-cs2103/cs2103-website-base/projectDuke/Level-3-fragment.md) [Line 40, Column 20]
  Template render error: (/Users/damithch/Repos/nus-cs2103/cs2103-website-base/projectDuke/Level-3-fragment.md) [Line 235, Column 9]
  Template render error: (/Users/damithch/Repos/nus-cs2103/cs2103-website-base/projectDuke/Level-3-fragment.md)
  Template render error: (/Users/damithch/Repos/nus-cs2103/cs2103-website-base/projectDuke/Level-3-fragment.md)
  TypeError: Cannot read properties of undefined (reading 'replace')
    at Object._prettifyError (/opt/homebrew/lib/node_modules/markbind-cli/node_modules/nunjucks/src/lib.js:32:11)
    at file:///opt/homebrew/lib/node_modules/markbind-cli/node_modules/@markbind/core/src/patches/nunjucks/context-overrides-frame.js:336:23
    at Template.root [as rootRenderFunc] (eval at _compile (/opt/homebrew/lib/node_modules/markbind-cli/node_modules/nunjucks/src/environment.js:527:18), <anonymous>:69:3)
    at Template.render (file:///opt/homebrew/lib/node_modules/markbind-cli/node_modules/@markbind/core/src/patches/nunjucks/context-overrides-frame.js:326:10)
    at file:///opt/homebrew/lib/node_modules/markbind-cli/node_modules/@markbind/core/src/patches/nunjucks/context-overrides-frame.js:55:31
    at createTemplate (file:///opt/homebrew/lib/node_modules/markbind-cli/node_modules/@markbind/core/src/patches/nunjucks/load-event.js:110:13)
    at handle (file:///opt/homebrew/lib/node_modules/markbind-cli/node_modules/@markbind/core/src/patches/nunjucks/load-event.js:123:17)
    at file:///opt/homebrew/lib/node_modules/markbind-cli/node_modules/@markbind/core/src/patches/nunjucks/load-event.js:134:13
    at next (/opt/homebrew/lib/node_modules/markbind-cli/node_modules/nunjucks/src/lib.js:258:7)
    at Object.asyncIter (/opt/homebrew/lib/node_modules/markbind-cli/node_modules/nunjucks/src/lib.js:263:3)
2026-08-04T13:28:42.261Z - [36mverbose[39m: Rendering page: /Users/damithch/Repos/nus-cs2103/cs2103-website-base/projectDuke/index.md
2026-08-04T13:28:42.288Z - [32minfo[39m: Site data built
2026-08-04T13:28:42.288Z - [32minfo[39m: Pages rebuilt
2026-08-04T13:28:42.289Z - [32minfo[39m: Website regeneration complete! Total build time: 0.345s
2026-08-04T13:30:35.798Z - [32minfo[39m: [21:30:35] Reload for file change: /Users/damithch/Repos/nus-cs2103/cs2103-website-base/projectDuke/Level-3-fragment.md
2026-08-04T13:30:35.804Z - [32minfo[39m: Synchronizing opened pages list before reload
2026-08-04T13:30:35.806Z - [32minfo[39m: Current opened pages, from most-to-least recent:
2026-08-04T13:30:35.833Z - [32minfo[39m: 1. projectDuke/index
2026-08-04T13:30:36.846Z - [32minfo[39m: Rebuilding 1 pages
2026-08-04T13:30:37.184Z - [36mverbose[39m: Rendering page: /Users/damithch/Repos/nus-cs2103/cs2103-website-base/projectDuke/index.md
2026-08-04T13:30:37.213Z - [32minfo[39m: Site data built
2026-08-04T13:30:37.213Z - [32minfo[39m: Pages rebuilt
2026-08-04T13:30:37.213Z - [32minfo[39m: Website regeneration complete! Total build time: 0.373s
2026-08-04T13:30:44.047Z - [32minfo[39m: [21:30:44] Reload for file change: /Users/damithch/Repos/nus-cs2103/cs2103-website-base/projectDuke/Level-3-fragment.md
2026-08-04T13:30:44.048Z - [32minfo[39m: Synchronizing opened pages list before reload
2026-08-04T13:30:44.049Z - [32minfo[39m: Current opened pages, from most-to-least recent:
2026-08-04T13:30:44.049Z - [32minfo[39m: 1. projectDuke/index
2026-08-04T13:30:45.052Z - [32minfo[39m: Rebuilding 1 pages
2026-08-04T13:30:45.298Z - [36mverbose[39m: Rendering page: /Users/damithch/Repos/nus-cs2103/cs2103-website-base/projectDuke/index.md
2026-08-04T13:30:45.325Z - [32minfo[39m: Site data built
2026-08-04T13:30:45.325Z - [32minfo[39m: Pages rebuilt
2026-08-04T13:30:45.326Z - [32minfo[39m: Website regeneration complete! Total build time: 0.274s
2026-08-04T13:33:21.849Z - [32minfo[39m: [21:33:21] Reload for file change: /Users/damithch/Repos/nus-cs2103/cs2103-website-base/projectDuke/Level-3-fragment.md
2026-08-04T13:33:21.852Z - [32minfo[39m: Synchronizing opened pages list before reload
2026-08-04T13:33:21.856Z - [32minfo[39m: Current opened pages, from most-to-least recent:
2026-08-04T13:33:21.856Z - [32minfo[39m: 1. projectDuke/index
2026-08-04T13:33:22.873Z - [32minfo[39m: Rebuilding 1 pages
2026-08-04T13:33:23.186Z - [36mverbose[39m: Rendering page: /Users/damithch/Repos/nus-cs2103/cs2103-website-base/projectDuke/index.md
2026-08-04T13:33:23.216Z - [32minfo[39m: Site data built
2026-08-04T13:33:23.216Z - [32minfo[39m: Pages rebuilt
2026-08-04T13:33:23.216Z - [32minfo[39m: Website regeneration complete! Total build time: 0.358s
2026-08-04T13:33:55.585Z - [32minfo[39m: [21:33:55] Reload for file change: /Users/damithch/Repos/nus-cs2103/cs2103-website-base/projectDuke/Level-3-fragment.md
2026-08-04T13:33:55.586Z - [32minfo[39m: Synchronizing opened pages list before reload
2026-08-04T13:33:55.586Z - [32minfo[39m: Current opened pages, from most-to-least recent:
2026-08-04T13:33:55.586Z - [32minfo[39m: 1. projectDuke/index
2026-08-04T13:33:56.599Z - [32minfo[39m: Rebuilding 1 pages
2026-08-04T13:33:56.935Z - [36mverbose[39m: Rendering page: /Users/damithch/Repos/nus-cs2103/cs2103-website-base/projectDuke/index.md
2026-08-04T13:33:56.962Z - [32minfo[39m: Site data built
2026-08-04T13:33:56.962Z - [32minfo[39m: Pages rebuilt
2026-08-04T13:33:56.962Z - [32minfo[39m: Website regeneration complete! Total build time: 0.368s
2026-08-04T13:52:54.607Z - [32minfo[39m: [21:52:54] Reload for file change: /Users/damithch/Repos/nus-cs2103/cs2103-website-base/projectDuke/Level-3-fragment.md
2026-08-04T13:52:54.620Z - [32minfo[39m: Synchronizing opened pages list before reload
2026-08-04T13:52:54.624Z - [32minfo[39m: Current opened pages, from most-to-least recent:
2026-08-04T13:52:54.624Z - [32minfo[39m: 1. projectDuke/index
2026-08-04T13:52:55.642Z - [32minfo[39m: Rebuilding 1 pages
2026-08-04T13:52:55.999Z - [36mverbose[39m: Rendering page: /Users/damithch/Repos/nus-cs2103/cs2103-website-base/projectDuke/index.md
2026-08-04T13:52:56.032Z - [32minfo[39m: Site data built
2026-08-04T13:52:56.032Z - [32minfo[39m: Pages rebuilt
2026-08-04T13:52:56.032Z - [32minfo[39m: Website regeneration complete! Total build time: 0.404s
2026-08-04T14:01:22.554Z - [32minfo[39m: [22:01:22] Reload for file change: /Users/damithch/Repos/nus-cs2103/cs2103-website-base/projectDuke/Level-3-fragment.md
2026-08-04T14:01:22.562Z - [32minfo[39m: Synchronizing opened pages list before reload
2026-08-04T14:01:22.562Z - [32minfo[39m: No pages are currently opened
2026-08-04T14:01:23.568Z - [32minfo[39m: No pages needed to be rebuilt
2026-08-04T14:03:33.490Z - [32minfo[39m: Building /Users/damithch/Repos/nus-cs2103/cs2103-website-base/projectDuke/index as some of its dependencies were changed since the last visit
2026-08-04T14:03:33.883Z - [36mverbose[39m: Rendering page: /Users/damithch/Repos/nus-cs2103/cs2103-website-base/projectDuke/index.md
2026-08-04T14:03:33.922Z - [32minfo[39m: Site data built
2026-08-04T14:03:33.923Z - [32minfo[39m: Lazy website regeneration complete! Total build time: 0.437s
2026-08-04T14:04:49.603Z - [32minfo[39m: [22:04:49] Reload for file change: /Users/damithch/Repos/nus-cs2103/cs2103-website-base/_markbind/variables.md
2026-08-04T14:04:49.613Z - [32minfo[39m: Synchronizing opened pages list before reload
2026-08-04T14:04:49.619Z - [32minfo[39m: Current opened pages, from most-to-least recent:
2026-08-04T14:04:49.620Z - [32minfo[39m: 1. projectDuke/index
2026-08-04T14:04:50.704Z - [33mwarn[39m: Rebuilding all pages as variables file was changed, or the --force-reload flag was set
2026-08-04T14:04:50.716Z - [32minfo[39m: Rebuilding 1 pages
2026-08-04T14:04:51.004Z - [36mverbose[39m: Rendering page: /Users/damithch/Repos/nus-cs2103/cs2103-website-base/projectDuke/index.md
2026-08-04T14:04:51.050Z - [32minfo[39m: Site data built
2026-08-04T14:04:51.050Z - [32minfo[39m: Pages rebuilt
2026-08-04T14:04:51.050Z - [32minfo[39m: Website regeneration complete! Total build time: 0.402s
2026-08-04T14:46:50.973Z - [32minfo[39m: [22:46:50] Reload for file change: /Users/damithch/Repos/nus-cs2103/cs2103-website-base/projectDuke/Level-3-fragment.md
2026-08-04T14:46:50.993Z - [32minfo[39m: Synchronizing opened pages list before reload
2026-08-04T14:46:50.999Z - [32minfo[39m: Current opened pages, from most-to-least recent:
2026-08-04T14:46:51.000Z - [32minfo[39m: 1. projectDuke/index
2026-08-04T14:46:52.073Z - [32minfo[39m: Rebuilding 1 pages
2026-08-04T14:46:52.464Z - [36mverbose[39m: Rendering page: /Users/damithch/Repos/nus-cs2103/cs2103-website-base/projectDuke/index.md
2026-08-04T14:46:52.520Z - [32minfo[39m: Site data built
2026-08-04T14:46:52.520Z - [32minfo[39m: Pages rebuilt
2026-08-04T14:46:52.520Z - [32minfo[39m: Website regeneration complete! Total build time: 0.489s
2026-08-04T14:49:37.329Z - [32minfo[39m: [22:49:37] Reload for file change: /Users/damithch/Repos/nus-cs2103/cs2103-website-base/projectDuke/Level-3-fragment.md
2026-08-04T14:49:37.332Z - [32minfo[39m: Synchronizing opened pages list before reload
2026-08-04T14:49:37.333Z - [32minfo[39m: Current opened pages, from most-to-least recent:
2026-08-04T14:49:37.334Z - [32minfo[39m: 1. projectDuke/index
2026-08-04T14:49:38.350Z - [32minfo[39m: Rebuilding 1 pages
2026-08-04T14:49:38.677Z - [36mverbose[39m: Rendering page: /Users/damithch/Repos/nus-cs2103/cs2103-website-base/projectDuke/index.md
2026-08-04T14:49:38.711Z - [32minfo[39m: Site data built
2026-08-04T14:49:38.711Z - [32minfo[39m: Pages rebuilt
2026-08-04T14:49:38.711Z - [32minfo[39m: Website regeneration complete! Total build time: 0.376s
2026-08-04T14:49:55.618Z - [32minfo[39m: [22:49:55] Reload for file change: /Users/damithch/Repos/nus-cs2103/cs2103-website-base/projectDuke/Level-3-fragment.md
2026-08-04T14:49:55.619Z - [32minfo[39m: Synchronizing opened pages list before reload
2026-08-04T14:49:55.619Z - [32minfo[39m: Current opened pages, from most-to-least recent:
2026-08-04T14:49:55.620Z - [32minfo[39m: 1. projectDuke/index
2026-08-04T14:49:56.630Z - [32minfo[39m: Rebuilding 1 pages
2026-08-04T14:49:56.952Z - [36mverbose[39m: Rendering page: /Users/damithch/Repos/nus-cs2103/cs2103-website-base/projectDuke/index.md
2026-08-04T14:49:56.982Z - [32minfo[39m: Site data built
2026-08-04T14:49:56.982Z - [32minfo[39m: Pages rebuilt
2026-08-04T14:49:56.982Z - [32minfo[39m: Website regeneration complete! Total build time: 0.359s
2026-08-04T14:52:32.165Z - [32minfo[39m: [22:52:32] Reload for file change: /Users/damithch/Repos/nus-cs2103/cs2103-website-base/common/macros.njk
2026-08-04T14:52:32.166Z - [32minfo[39m: Synchronizing opened pages list before reload
2026-08-04T14:52:32.166Z - [32minfo[39m: Current opened pages, from most-to-least recent:
2026-08-04T14:52:32.166Z - [32minfo[39m: 1. projectDuke/index
2026-08-04T14:52:32.167Z - [32minfo[39m: [22:52:32] Reload for file change: /Users/damithch/Repos/nus-cs2103/cs2103-website-base/projectDuke/Level-3-fragment.md
2026-08-04T14:52:32.167Z - [32minfo[39m: Synchronizing opened pages list before reload
2026-08-04T14:52:32.167Z - [32minfo[39m: Current opened pages, from most-to-least recent:
2026-08-04T14:52:32.167Z - [32minfo[39m: 1. projectDuke/index
2026-08-04T14:52:33.292Z - [32minfo[39m: Rebuilding 1 pages
2026-08-04T14:52:33.316Z - [31merror[39m: Template render error: (/Users/damithch/Repos/nus-cs2103/cs2103-website-base/projectDuke/Level-3-fragment.md) [Line 45, Column 4]
  unknown block tag: show_example
    at Object._prettifyError (/opt/homebrew/lib/node_modules/markbind-cli/node_modules/nunjucks/src/lib.js:32:11)
    at Template.render (file:///opt/homebrew/lib/node_modules/markbind-cli/node_modules/@markbind/core/src/patches/nunjucks/context-overrides-frame.js:313:23)
    at file:///opt/homebrew/lib/node_modules/markbind-cli/node_modules/@markbind/core/src/patches/nunjucks/context-overrides-frame.js:55:31
    at createTemplate (file:///opt/homebrew/lib/node_modules/markbind-cli/node_modules/@markbind/core/src/patches/nunjucks/load-event.js:110:13)
    at handle (file:///opt/homebrew/lib/node_modules/markbind-cli/node_modules/@markbind/core/src/patches/nunjucks/load-event.js:123:17)
    at file:///opt/homebrew/lib/node_modules/markbind-cli/node_modules/@markbind/core/src/patches/nunjucks/load-event.js:134:13
    at next (/opt/homebrew/lib/node_modules/markbind-cli/node_modules/nunjucks/src/lib.js:258:7)
    at Object.asyncIter (/opt/homebrew/lib/node_modules/markbind-cli/node_modules/nunjucks/src/lib.js:263:3)
    at Environment.getTemplate (file:///opt/homebrew/lib/node_modules/markbind-cli/node_modules/@markbind/core/src/patches/nunjucks/load-event.js:116:9)
    at Environment.render (file:///opt/homebrew/lib/node_modules/markbind-cli/node_modules/@markbind/core/src/patches/nunjucks/context-overrides-frame.js:47:10)
2026-08-04T14:52:33.517Z - [36mverbose[39m: Rendering page: /Users/damithch/Repos/nus-cs2103/cs2103-website-base/projectDuke/index.md
2026-08-04T14:52:33.547Z - [32minfo[39m: Site data built
2026-08-04T14:52:33.547Z - [32minfo[39m: Pages rebuilt
2026-08-04T14:52:33.547Z - [32minfo[39m: Website regeneration complete! Total build time: 0.256s
2026-08-04T14:54:28.470Z - [32minfo[39m: [22:54:28] Reload for file change: /Users/damithch/Repos/nus-cs2103/cs2103-website-base/projectDuke/Level-3-fragment.md
2026-08-04T14:54:28.470Z - [32minfo[39m: Synchronizing opened pages list before reload
2026-08-04T14:54:28.471Z - [32minfo[39m: Current opened pages, from most-to-least recent:
2026-08-04T14:54:28.471Z - [32minfo[39m: 1. projectDuke/index
2026-08-04T14:54:29.478Z - [32minfo[39m: Rebuilding 1 pages
2026-08-04T14:54:29.804Z - [36mverbose[39m: Rendering page: /Users/damithch/Repos/nus-cs2103/cs2103-website-base/projectDuke/index.md
2026-08-04T14:54:29.840Z - [32minfo[39m: Site data built
2026-08-04T14:54:29.840Z - [32minfo[39m: Pages rebuilt
2026-08-04T14:54:29.840Z - [32minfo[39m: Website regeneration complete! Total build time: 0.366s
2026-08-04T14:57:00.091Z - [32minfo[39m: [22:57:00] Reload for file change: /Users/damithch/Repos/nus-cs2103/cs2103-website-base/projectDuke/Level-3-fragment.md
2026-08-04T14:57:00.092Z - [32minfo[39m: Synchronizing opened pages list before reload
2026-08-04T14:57:00.094Z - [32minfo[39m: Current opened pages, from most-to-least recent:
2026-08-04T14:57:00.097Z - [32minfo[39m: 1. projectDuke/index
2026-08-04T14:57:01.104Z - [32minfo[39m: Rebuilding 1 pages
2026-08-04T14:57:01.446Z - [36mverbose[39m: Rendering page: /Users/damithch/Repos/nus-cs2103/cs2103-website-base/projectDuke/index.md
2026-08-04T14:57:01.487Z - [32minfo[39m: Site data built
2026-08-04T14:57:01.487Z - [32minfo[39m: Pages rebuilt
2026-08-04T14:57:01.487Z - [32minfo[39m: Website regeneration complete! Total build time: 0.386s
2026-08-04T14:58:29.786Z - [32minfo[39m: [22:58:29] Reload for file change: /Users/damithch/Repos/nus-cs2103/cs2103-website-base/projectDuke/Level-3-fragment.md
2026-08-04T14:58:29.788Z - [32minfo[39m: Synchronizing opened pages list before reload
2026-08-04T14:58:29.788Z - [32minfo[39m: Current opened pages, from most-to-least recent:
2026-08-04T14:58:29.789Z - [32minfo[39m: 1. projectDuke/index
2026-08-04T14:58:30.814Z - [32minfo[39m: Rebuilding 1 pages
2026-08-04T14:58:31.176Z - [36mverbose[39m: Rendering page: /Users/damithch/Repos/nus-cs2103/cs2103-website-base/projectDuke/index.md
2026-08-04T14:58:31.214Z - [32minfo[39m: Site data built
2026-08-04T14:58:31.214Z - [32minfo[39m: Pages rebuilt
2026-08-04T14:58:31.214Z - [32minfo[39m: Website regeneration complete! Total build time: 0.405s
2026-08-04T14:58:37.266Z - [32minfo[39m: [22:58:37] Reload for file change: /Users/damithch/Repos/nus-cs2103/cs2103-website-base/projectDuke/Level-3-fragment.md
2026-08-04T14:58:37.267Z - [32minfo[39m: Synchronizing opened pages list before reload
2026-08-04T14:58:37.268Z - [32minfo[39m: No pages are currently opened
2026-08-04T14:58:38.279Z - [32minfo[39m: No pages needed to be rebuilt
2026-08-04T14:58:44.296Z - [32minfo[39m: Building /Users/damithch/Repos/nus-cs2103/cs2103-website-base/projectDuke/index as some of its dependencies were changed since the last visit
2026-08-04T14:58:44.602Z - [36mverbose[39m: Rendering page: /Users/damithch/Repos/nus-cs2103/cs2103-website-base/projectDuke/index.md
2026-08-04T14:58:44.634Z - [32minfo[39m: Site data built
2026-08-04T14:58:44.634Z - [32minfo[39m: Lazy website regeneration complete! Total build time: 0.34s
2026-08-04T14:59:10.923Z - [32minfo[39m: [22:59:10] Reload for file change: /Users/damithch/Repos/nus-cs2103/cs2103-website-base/projectDuke/Level-3-fragment.md
2026-08-04T14:59:10.925Z - [32minfo[39m: Synchronizing opened pages list before reload
2026-08-04T14:59:10.927Z - [32minfo[39m: Current opened pages, from most-to-least recent:
2026-08-04T14:59:10.927Z - [32minfo[39m: 1. projectDuke/index
2026-08-04T14:59:11.932Z - [32minfo[39m: Rebuilding 1 pages
2026-08-04T14:59:12.235Z - [36mverbose[39m: Rendering page: /Users/damithch/Repos/nus-cs2103/cs2103-website-base/projectDuke/index.md
2026-08-04T14:59:12.268Z - [32minfo[39m: Site data built
2026-08-04T14:59:12.268Z - [32minfo[39m: Pages rebuilt
2026-08-04T14:59:12.268Z - [32minfo[39m: Website regeneration complete! Total build time: 0.339s
2026-08-04T14:59:58.853Z - [32minfo[39m: [22:59:58] Reload for file change: /Users/damithch/Repos/nus-cs2103/cs2103-website-base/projectDuke/Level-3-fragment.md
2026-08-04T14:59:58.857Z - [32minfo[39m: Synchronizing opened pages list before reload
2026-08-04T14:59:58.858Z - [32minfo[39m: Current opened pages, from most-to-least recent:
2026-08-04T14:59:58.858Z - [32minfo[39m: 1. projectDuke/index
2026-08-04T14:59:59.863Z - [32minfo[39m: Rebuilding 1 pages
2026-08-04T15:00:00.208Z - [36mverbose[39m: Rendering page: /Users/damithch/Repos/nus-cs2103/cs2103-website-base/projectDuke/index.md
2026-08-04T15:00:00.244Z - [32minfo[39m: Site data built
2026-08-04T15:00:00.244Z - [32minfo[39m: Pages rebuilt
2026-08-04T15:00:00.244Z - [32minfo[39m: Website regeneration complete! Total build time: 0.384s
2026-08-04T15:01:11.910Z - [32minfo[39m: [23:01:11] Reload for file change: /Users/damithch/Repos/nus-cs2103/cs2103-website-base/projectDuke/Level-3-fragment.md
2026-08-04T15:01:11.917Z - [32minfo[39m: Synchronizing opened pages list before reload
2026-08-04T15:01:11.918Z - [32minfo[39m: Current opened pages, from most-to-least recent:
2026-08-04T15:01:11.923Z - [32minfo[39m: 1. projectDuke/index
2026-08-04T15:01:12.945Z - [32minfo[39m: Rebuilding 1 pages
2026-08-04T15:01:13.289Z - [36mverbose[39m: Rendering page: /Users/damithch/Repos/nus-cs2103/cs2103-website-base/projectDuke/index.md
2026-08-04T15:01:13.325Z - [32minfo[39m: Site data built
2026-08-04T15:01:13.325Z - [32minfo[39m: Pages rebuilt
2026-08-04T15:01:13.325Z - [32minfo[39m: Website regeneration complete! Total build time: 0.398s
2026-08-04T15:03:26.876Z - [32minfo[39m: [23:03:26] Reload for file change: /Users/damithch/Repos/nus-cs2103/cs2103-website-base/projectDuke/Level-3-fragment.md
2026-08-04T15:03:26.879Z - [32minfo[39m: Synchronizing opened pages list before reload
2026-08-04T15:03:26.879Z - [32minfo[39m: Current opened pages, from most-to-least recent:
2026-08-04T15:03:26.879Z - [32minfo[39m: 1. projectDuke/index
2026-08-04T15:03:27.901Z - [32minfo[39m: Rebuilding 1 pages
2026-08-04T15:03:28.238Z - [36mverbose[39m: Rendering page: /Users/damithch/Repos/nus-cs2103/cs2103-website-base/projectDuke/index.md
2026-08-04T15:03:28.271Z - [32minfo[39m: Site data built
2026-08-04T15:03:28.271Z - [32minfo[39m: Pages rebuilt
2026-08-04T15:03:28.271Z - [32minfo[39m: Website regeneration complete! Total build time: 0.386s
2026-08-04T15:08:56.398Z - [32minfo[39m: [23:08:56] Reload for file change: /Users/damithch/Repos/nus-cs2103/cs2103-website-base/projectDuke/Level-3-fragment.md
2026-08-04T15:08:56.401Z - [32minfo[39m: Synchronizing opened pages list before reload
2026-08-04T15:08:56.402Z - [32minfo[39m: Current opened pages, from most-to-least recent:
2026-08-04T15:08:56.402Z - [32minfo[39m: 1. projectDuke/index
2026-08-04T15:08:57.430Z - [32minfo[39m: Rebuilding 1 pages
2026-08-04T15:08:57.783Z - [36mverbose[39m: Rendering page: /Users/damithch/Repos/nus-cs2103/cs2103-website-base/projectDuke/index.md
2026-08-04T15:08:57.818Z - [32minfo[39m: Site data built
2026-08-04T15:08:57.819Z - [32minfo[39m: Pages rebuilt
2026-08-04T15:08:57.819Z - [32minfo[39m: Website regeneration complete! Total build time: 0.414s
2026-08-04T15:15:52.815Z - [32minfo[39m: [23:15:52] Reload for file change: /Users/damithch/Repos/nus-cs2103/cs2103-website-base/projectDuke/Level-3-fragment.md
2026-08-04T15:15:52.821Z - [32minfo[39m: Synchronizing opened pages list before reload
2026-08-04T15:15:52.821Z - [32minfo[39m: Current opened pages, from most-to-least recent:
2026-08-04T15:15:52.822Z - [32minfo[39m: 1. projectDuke/index
2026-08-04T15:15:53.855Z - [32minfo[39m: Rebuilding 1 pages
2026-08-04T15:15:54.222Z - [36mverbose[39m: Rendering page: /Users/damithch/Repos/nus-cs2103/cs2103-website-base/projectDuke/index.md
2026-08-04T15:15:54.256Z - [32minfo[39m: Site data built
2026-08-04T15:15:54.256Z - [32minfo[39m: Pages rebuilt
2026-08-04T15:15:54.256Z - [32minfo[39m: Website regeneration complete! Total build time: 0.429s
2026-08-04T15:17:04.972Z - [32minfo[39m: [23:17:04] Reload for file change: /Users/damithch/Repos/nus-cs2103/cs2103-website-base/projectDuke/Level-3-fragment.md
2026-08-04T15:17:04.973Z - [32minfo[39m: Synchronizing opened pages list before reload
2026-08-04T15:17:04.973Z - [32minfo[39m: Current opened pages, from most-to-least recent:
2026-08-04T15:17:04.973Z - [32minfo[39m: 1. projectDuke/index
2026-08-04T15:17:05.979Z - [32minfo[39m: Rebuilding 1 pages
2026-08-04T15:17:06.364Z - [36mverbose[39m: Rendering page: /Users/damithch/Repos/nus-cs2103/cs2103-website-base/projectDuke/index.md
2026-08-04T15:17:06.402Z - [32minfo[39m: Site data built
2026-08-04T15:17:06.402Z - [32minfo[39m: Pages rebuilt
2026-08-04T15:17:06.402Z - [32minfo[39m: Website regeneration complete! Total build time: 0.426s
2026-08-04T15:18:46.815Z - [32minfo[39m: [23:18:46] Reload for file change: /Users/damithch/Repos/nus-cs2103/cs2103-website-base/projectDuke/Level-3-fragment.md
2026-08-04T15:18:46.816Z - [32minfo[39m: Synchronizing opened pages list before reload
2026-08-04T15:18:46.817Z - [32minfo[39m: Current opened pages, from most-to-least recent:
2026-08-04T15:18:46.817Z - [32minfo[39m: 1. projectDuke/index
2026-08-04T15:18:47.834Z - [32minfo[39m: Rebuilding 1 pages
2026-08-04T15:18:48.165Z - [36mverbose[39m: Rendering page: /Users/damithch/Repos/nus-cs2103/cs2103-website-base/projectDuke/index.md
2026-08-04T15:18:48.201Z - [32minfo[39m: Site data built
2026-08-04T15:18:48.201Z - [32minfo[39m: Pages rebuilt
2026-08-04T15:18:48.201Z - [32minfo[39m: Website regeneration complete! Total build time: 0.376s
2026-08-04T15:22:01.850Z - [32minfo[39m: [23:22:01] Reload for file change: /Users/damithch/Repos/nus-cs2103/cs2103-website-base/projectDuke/Level-3-fragment.md
2026-08-04T15:22:01.851Z - [32minfo[39m: Synchronizing opened pages list before reload
2026-08-04T15:22:01.852Z - [32minfo[39m: Current opened pages, from most-to-least recent:
2026-08-04T15:22:01.852Z - [32minfo[39m: 1. projectDuke/index
2026-08-04T15:22:02.859Z - [32minfo[39m: Rebuilding 1 pages
2026-08-04T15:22:03.173Z - [36mverbose[39m: Rendering page: /Users/damithch/Repos/nus-cs2103/cs2103-website-base/projectDuke/index.md
2026-08-04T15:22:03.207Z - [32minfo[39m: Site data built
2026-08-04T15:22:03.207Z - [32minfo[39m: Pages rebuilt
2026-08-04T15:22:03.207Z - [32minfo[39m: Website regeneration complete! Total build time: 0.352s
2026-08-04T15:24:38.742Z - [32minfo[39m: [23:24:38] Reload for file change: /Users/damithch/Repos/nus-cs2103/cs2103-website-base/projectDuke/Level-3-fragment.md
2026-08-04T15:24:38.748Z - [32minfo[39m: Synchronizing opened pages list before reload
2026-08-04T15:24:38.749Z - [32minfo[39m: Current opened pages, from most-to-least recent:
2026-08-04T15:24:38.751Z - [32minfo[39m: 1. projectDuke/index
2026-08-04T15:24:39.759Z - [32minfo[39m: Rebuilding 1 pages
2026-08-04T15:24:40.111Z - [36mverbose[39m: Rendering page: /Users/damithch/Repos/nus-cs2103/cs2103-website-base/projectDuke/index.md
2026-08-04T15:24:40.146Z - [32minfo[39m: Site data built
2026-08-04T15:24:40.146Z - [32minfo[39m: Pages rebuilt
2026-08-04T15:24:40.146Z - [32minfo[39m: Website regeneration complete! Total build time: 0.39s
2026-08-04T15:26:13.439Z - [32minfo[39m: [23:26:13] Reload for file change: /Users/damithch/Repos/nus-cs2103/cs2103-website-base/projectDuke/Level-3-fragment.md
2026-08-04T15:26:13.441Z - [32minfo[39m: Synchronizing opened pages list before reload
2026-08-04T15:26:13.442Z - [32minfo[39m: Current opened pages, from most-to-least recent:
2026-08-04T15:26:13.443Z - [32minfo[39m: 1. projectDuke/index
2026-08-04T15:26:14.450Z - [32minfo[39m: Rebuilding 1 pages
2026-08-04T15:26:14.768Z - [36mverbose[39m: Rendering page: /Users/damithch/Repos/nus-cs2103/cs2103-website-base/projectDuke/index.md
2026-08-04T15:26:14.800Z - [32minfo[39m: Site data built
2026-08-04T15:26:14.800Z - [32minfo[39m: Pages rebuilt
2026-08-04T15:26:14.800Z - [32minfo[39m: Website regeneration complete! Total build time: 0.355s
2026-08-04T15:27:06.888Z - [32minfo[39m: [23:27:06] Reload for file change: /Users/damithch/Repos/nus-cs2103/cs2103-website-base/projectDuke/Level-3-fragment.md
2026-08-04T15:27:06.896Z - [32minfo[39m: Synchronizing opened pages list before reload
2026-08-04T15:27:06.900Z - [32minfo[39m: Current opened pages, from most-to-least recent:
2026-08-04T15:27:06.902Z - [32minfo[39m: 1. projectDuke/index
2026-08-04T15:27:07.918Z - [32minfo[39m: Rebuilding 1 pages
2026-08-04T15:27:08.247Z - [36mverbose[39m: Rendering page: /Users/damithch/Repos/nus-cs2103/cs2103-website-base/projectDuke/index.md
2026-08-04T15:27:08.282Z - [32minfo[39m: Site data built
2026-08-04T15:27:08.282Z - [32minfo[39m: Pages rebuilt
2026-08-04T15:27:08.282Z - [32minfo[39m: Website regeneration complete! Total build time: 0.366s
2026-08-04T15:28:22.949Z - [32minfo[39m: [23:28:22] Reload for file change: /Users/damithch/Repos/nus-cs2103/cs2103-website-base/projectDuke/Level-3-fragment.md
2026-08-04T15:28:22.951Z - [32minfo[39m: Synchronizing opened pages list before reload
2026-08-04T15:28:22.951Z - [32minfo[39m: Current opened pages, from most-to-least recent:
2026-08-04T15:28:22.952Z - [32minfo[39m: 1. projectDuke/index
2026-08-04T15:28:23.959Z - [32minfo[39m: Rebuilding 1 pages
2026-08-04T15:28:24.299Z - [36mverbose[39m: Rendering page: /Users/damithch/Repos/nus-cs2103/cs2103-website-base/projectDuke/index.md
2026-08-04T15:28:24.333Z - [32minfo[39m: Site data built
2026-08-04T15:28:24.333Z - [32minfo[39m: Pages rebuilt
2026-08-04T15:28:24.333Z - [32minfo[39m: Website regeneration complete! Total build time: 0.38s
2026-08-04T15:28:49.819Z - [32minfo[39m: [23:28:49] Reload for file change: /Users/damithch/Repos/nus-cs2103/cs2103-website-base/projectDuke/Level-3-fragment.md
2026-08-04T15:28:49.820Z - [32minfo[39m: Synchronizing opened pages list before reload
2026-08-04T15:28:49.821Z - [32minfo[39m: Current opened pages, from most-to-least recent:
2026-08-04T15:28:49.821Z - [32minfo[39m: 1. projectDuke/index
2026-08-04T15:28:50.827Z - [32minfo[39m: Rebuilding 1 pages
2026-08-04T15:28:51.176Z - [36mverbose[39m: Rendering page: /Users/damithch/Repos/nus-cs2103/cs2103-website-base/projectDuke/index.md
2026-08-04T15:28:51.215Z - [32minfo[39m: Site data built
2026-08-04T15:28:51.215Z - [32minfo[39m: Pages rebuilt
2026-08-04T15:28:51.215Z - [32minfo[39m: Website regeneration complete! Total build time: 0.391s
2026-08-04T15:29:04.253Z - [32minfo[39m: [23:29:04] Reload for file change: /Users/damithch/Repos/nus-cs2103/cs2103-website-base/projectDuke/Level-3-fragment.md
2026-08-04T15:29:04.254Z - [32minfo[39m: Synchronizing opened pages list before reload
2026-08-04T15:29:04.255Z - [32minfo[39m: Current opened pages, from most-to-least recent:
2026-08-04T15:29:04.255Z - [32minfo[39m: 1. projectDuke/index
2026-08-04T15:29:05.260Z - [32minfo[39m: Rebuilding 1 pages
2026-08-04T15:29:05.572Z - [36mverbose[39m: Rendering page: /Users/damithch/Repos/nus-cs2103/cs2103-website-base/projectDuke/index.md
2026-08-04T15:29:05.606Z - [32minfo[39m: Site data built
2026-08-04T15:29:05.606Z - [32minfo[39m: Pages rebuilt
2026-08-04T15:29:05.606Z - [32minfo[39m: Website regeneration complete! Total build time: 0.35s
2026-08-04T15:30:05.383Z - [32minfo[39m: [23:30:05] Reload for file change: /Users/damithch/Repos/nus-cs2103/cs2103-website-base/projectDuke/Level-3-fragment.md
2026-08-04T15:30:05.395Z - [32minfo[39m: Synchronizing opened pages list before reload
2026-08-04T15:30:05.397Z - [32minfo[39m: Current opened pages, from most-to-least recent:
2026-08-04T15:30:05.397Z - [32minfo[39m: 1. projectDuke/index
2026-08-04T15:30:06.401Z - [32minfo[39m: Rebuilding 1 pages
2026-08-04T15:30:06.741Z - [36mverbose[39m: Rendering page: /Users/damithch/Repos/nus-cs2103/cs2103-website-base/projectDuke/index.md
2026-08-04T15:30:06.781Z - [32minfo[39m: Site data built
2026-08-04T15:30:06.781Z - [32minfo[39m: Pages rebuilt
2026-08-04T15:30:06.781Z - [32minfo[39m: Website regeneration complete! Total build time: 0.383s
2026-08-04T15:30:59.607Z - [32minfo[39m: [23:30:59] Reload for file change: /Users/damithch/Repos/nus-cs2103/cs2103-website-base/projectDuke/Level-3-fragment.md
2026-08-04T15:30:59.609Z - [32minfo[39m: Synchronizing opened pages list before reload
2026-08-04T15:30:59.610Z - [32minfo[39m: Current opened pages, from most-to-least recent:
2026-08-04T15:30:59.610Z - [32minfo[39m: 1. projectDuke/index
2026-08-04T15:31:00.619Z - [32minfo[39m: Rebuilding 1 pages
2026-08-04T15:31:00.983Z - [36mverbose[39m: Rendering page: /Users/damithch/Repos/nus-cs2103/cs2103-website-base/projectDuke/index.md
2026-08-04T15:31:01.026Z - [32minfo[39m: Site data built
2026-08-04T15:31:01.026Z - [32minfo[39m: Pages rebuilt
2026-08-04T15:31:01.026Z - [32minfo[39m: Website regeneration complete! Total build time: 0.41s
2026-08-04T15:32:08.461Z - [32minfo[39m: [23:32:08] Reload for file change: /Users/damithch/Repos/nus-cs2103/cs2103-website-base/projectDuke/Level-3-fragment.md
2026-08-04T15:32:08.463Z - [32minfo[39m: Synchronizing opened pages list before reload
2026-08-04T15:32:08.464Z - [32minfo[39m: Current opened pages, from most-to-least recent:
2026-08-04T15:32:08.464Z - [32minfo[39m: 1. projectDuke/index
2026-08-04T15:32:09.478Z - [32minfo[39m: Rebuilding 1 pages
2026-08-04T15:32:09.822Z - [36mverbose[39m: Rendering page: /Users/damithch/Repos/nus-cs2103/cs2103-website-base/projectDuke/index.md
2026-08-04T15:32:09.857Z - [32minfo[39m: Site data built
2026-08-04T15:32:09.857Z - [32minfo[39m: Pages rebuilt
2026-08-04T15:32:09.857Z - [32minfo[39m: Website regeneration complete! Total build time: 0.389s
2026-08-04T15:36:26.468Z - [32minfo[39m: [23:36:26] Reload for file change: /Users/damithch/Repos/nus-cs2103/cs2103-website-base/projectDuke/Level-3-fragment.md
2026-08-04T15:36:26.471Z - [32minfo[39m: Synchronizing opened pages list before reload
2026-08-04T15:36:26.472Z - [32minfo[39m: Current opened pages, from most-to-least recent:
2026-08-04T15:36:26.473Z - [32minfo[39m: 1. projectDuke/index
2026-08-04T15:36:27.491Z - [32minfo[39m: Rebuilding 1 pages
2026-08-04T15:36:27.839Z - [36mverbose[39m: Rendering page: /Users/damithch/Repos/nus-cs2103/cs2103-website-base/projectDuke/index.md
2026-08-04T15:36:27.872Z - [32minfo[39m: Site data built
2026-08-04T15:36:27.872Z - [32minfo[39m: Pages rebuilt
2026-08-04T15:36:27.872Z - [32minfo[39m: Website regeneration complete! Total build time: 0.397s
2026-08-04T15:37:15.659Z - [32minfo[39m: [23:37:15] Reload for file change: /Users/damithch/Repos/nus-cs2103/cs2103-website-base/projectDuke/Level-3-fragment.md
2026-08-04T15:37:15.668Z - [32minfo[39m: Synchronizing opened pages list before reload
2026-08-04T15:37:15.671Z - [32minfo[39m: Current opened pages, from most-to-least recent:
2026-08-04T15:37:15.672Z - [32minfo[39m: 1. projectDuke/index
2026-08-04T15:37:16.680Z - [32minfo[39m: Rebuilding 1 pages
2026-08-04T15:37:17.013Z - [36mverbose[39m: Rendering page: /Users/damithch/Repos/nus-cs2103/cs2103-website-base/projectDuke/index.md
2026-08-04T15:37:17.045Z - [32minfo[39m: Site data built
2026-08-04T15:37:17.045Z - [32minfo[39m: Pages rebuilt
2026-08-04T15:37:17.045Z - [32minfo[39m: Website regeneration complete! Total build time: 0.371s
