2026-08-30T23:32:19.976Z - [32minfo[39m: Website generation started at 7:32:15 am
2026-08-30T23:32:21.625Z - [32minfo[39m: Building assets...
2026-08-30T23:32:23.399Z - [32minfo[39m: Assets built
2026-08-30T23:32:23.399Z - [32minfo[39m: Generating pages...
2026-08-30T23:32:24.102Z - [36mverbose[39m: Rendering page: D:\Workspace\CS2113\AY2627-S1\ay2627s1-website\admin\acknowledgements.md
2026-08-30T23:32:24.133Z - [36mverbose[39m: Rendering page: D:\Workspace\CS2113\AY2627-S1\ay2627s1-website\admin\CP3108A-option.md
2026-08-30T23:32:24.145Z - [36mverbose[39m: Rendering page: D:\Workspace\CS2113\AY2627-S1\ay2627s1-website\admin\appendixA-principles.md
2026-08-30T23:32:24.190Z - [36mverbose[39m: Rendering page: D:\Workspace\CS2113\AY2627-S1\ay2627s1-website\admin\appendixB-policies.md
2026-08-30T23:32:32.129Z - [34mdebug[39m: 
2026-08-30T23:32:32.130Z - [34mdebug[39m: 
2026-08-30T23:32:32.130Z - [34mdebug[39m: 
2026-08-30T23:32:32.131Z - [34mdebug[39m: 
2026-08-30T23:32:32.131Z - [34mdebug[39m: 
2026-08-30T23:32:32.131Z - [34mdebug[39m: 
2026-08-30T23:32:32.131Z - [34mdebug[39m: 
2026-08-30T23:32:32.132Z - [34mdebug[39m: 
2026-08-30T23:32:32.132Z - [34mdebug[39m: 
2026-08-30T23:32:32.132Z - [34mdebug[39m: 
2026-08-30T23:32:32.133Z - [34mdebug[39m: 
2026-08-30T23:32:32.133Z - [34mdebug[39m: 
2026-08-30T23:32:32.133Z - [34mdebug[39m: 
2026-08-30T23:32:32.133Z - [34mdebug[39m: 
2026-08-30T23:32:32.134Z - [34mdebug[39m: 
2026-08-30T23:32:32.134Z - [34mdebug[39m: 
2026-08-30T23:32:32.172Z - [34mdebug[39m: 
2026-08-30T23:32:32.181Z - [36mverbose[39m: Rendering page: D:\Workspace\CS2113\AY2627-S1\ay2627s1-website\se-book-adapted\print.md
2026-08-30T23:32:32.380Z - [36mverbose[39m: Rendering page: D:\Workspace\CS2113\AY2627-S1\ay2627s1-website\index.md
2026-08-30T23:32:32.392Z - [36mverbose[39m: Rendering page: D:\Workspace\CS2113\AY2627-S1\ay2627s1-website\book\uml\stereotypes\index.md
2026-08-30T23:32:32.401Z - [36mverbose[39m: Rendering page: D:\Workspace\CS2113\AY2627-S1\ay2627s1-website\book\uml\stereotypes\what\index.md
2026-08-30T23:32:32.548Z - [36mverbose[39m: Rendering page: D:\Workspace\CS2113\AY2627-S1\ay2627s1-website\book\uml\sequenceDiagrams\selfInvocation\index.md
2026-08-30T23:32:32.557Z - [36mverbose[39m: Rendering page: D:\Workspace\CS2113\AY2627-S1\ay2627s1-website\book\uml\sequenceDiagrams\staticMethods\index.md
2026-08-30T23:32:32.565Z - [36mverbose[39m: Rendering page: D:\Workspace\CS2113\AY2627-S1\ay2627s1-website\book\uml\sequenceDiagrams\parallelPaths\index.md
2026-08-30T23:32:32.572Z - [36mverbose[39m: Rendering page: D:\Workspace\CS2113\AY2627-S1\ay2627s1-website\book\uml\sequenceDiagrams\referenceFrames\index.md
2026-08-30T23:32:32.690Z - [36mverbose[39m: Rendering page: D:\Workspace\CS2113\AY2627-S1\ay2627s1-website\book\uml\sequenceDiagrams\optionalPaths\index.md
2026-08-30T23:32:32.698Z - [36mverbose[39m: Rendering page: D:\Workspace\CS2113\AY2627-S1\ay2627s1-website\book\uml\sequenceDiagrams\objectCreation\index.md
2026-08-30T23:32:32.705Z - [36mverbose[39m: Rendering page: D:\Workspace\CS2113\AY2627-S1\ay2627s1-website\book\uml\sequenceDiagrams\objectDeletion\index.md
2026-08-30T23:32:32.712Z - [36mverbose[39m: Rendering page: D:\Workspace\CS2113\AY2627-S1\ay2627s1-website\book\uml\sequenceDiagrams\minimalNotation\index.md
2026-08-30T23:32:32.901Z - [36mverbose[39m: Rendering page: D:\Workspace\CS2113\AY2627-S1\ay2627s1-website\book\uml\sequenceDiagrams\basic\index.md
2026-08-30T23:32:32.909Z - [36mverbose[39m: Rendering page: D:\Workspace\CS2113\AY2627-S1\ay2627s1-website\book\uml\sequenceDiagrams\loops\index.md
2026-08-30T23:32:32.915Z - [36mverbose[39m: Rendering page: D:\Workspace\CS2113\AY2627-S1\ay2627s1-website\book\uml\sequenceDiagrams\introduction\index.md
2026-08-30T23:32:32.922Z - [36mverbose[39m: Rendering page: D:\Workspace\CS2113\AY2627-S1\ay2627s1-website\book\uml\sequenceDiagrams\index.md
2026-08-30T23:32:33.058Z - [36mverbose[39m: Rendering page: D:\Workspace\CS2113\AY2627-S1\ay2627s1-website\book\uml\objectDiagrams\index.md
2026-08-30T23:32:33.067Z - [36mverbose[39m: Rendering page: D:\Workspace\CS2113\AY2627-S1\ay2627s1-website\book\uml\sequenceDiagrams\alternativePaths\index.md
2026-08-30T23:32:33.073Z - [36mverbose[39m: Rendering page: D:\Workspace\CS2113\AY2627-S1\ay2627s1-website\book\uml\objectDiagrams\objects\index.md
2026-08-30T23:32:33.079Z - [36mverbose[39m: Rendering page: D:\Workspace\CS2113\AY2627-S1\ay2627s1-website\book\uml\objectDiagrams\introduction\index.md
2026-08-30T23:32:33.206Z - [36mverbose[39m: Rendering page: D:\Workspace\CS2113\AY2627-S1\ay2627s1-website\book\uml\notes\constraints\index.md
2026-08-30T23:32:33.214Z - [36mverbose[39m: Rendering page: D:\Workspace\CS2113\AY2627-S1\ay2627s1-website\book\uml\objectDiagrams\associations\index.md
2026-08-30T23:32:33.220Z - [36mverbose[39m: Rendering page: D:\Workspace\CS2113\AY2627-S1\ay2627s1-website\book\uml\notes\notes\index.md
2026-08-30T23:32:33.227Z - [36mverbose[39m: Rendering page: D:\Workspace\CS2113\AY2627-S1\ay2627s1-website\book\uml\notes\index.md
2026-08-30T23:32:35.152Z - [34mdebug[39m: 
2026-08-30T23:32:35.152Z - [34mdebug[39m: 
2026-08-30T23:32:35.179Z - [34mdebug[39m: 
2026-08-30T23:32:35.180Z - [34mdebug[39m: 
2026-08-30T23:32:35.186Z - [34mdebug[39m: 
2026-08-30T23:32:35.194Z - [34mdebug[39m: 
2026-08-30T23:32:35.547Z - [34mdebug[39m: 
2026-08-30T23:32:35.565Z - [36mverbose[39m: Rendering page: D:\Workspace\CS2113\AY2627-S1\ay2627s1-website\book\uml\classDiagrams\introduction\what\index.md
2026-08-30T23:32:35.571Z - [36mverbose[39m: Rendering page: D:\Workspace\CS2113\AY2627-S1\ay2627s1-website\book\uml\miscellaneous\index.md
2026-08-30T23:32:35.578Z - [36mverbose[39m: Rendering page: D:\Workspace\CS2113\AY2627-S1\ay2627s1-website\book\uml\miscellaneous\objectVsClassDiagrams\index.md
2026-08-30T23:32:35.585Z - [36mverbose[39m: Rendering page: D:\Workspace\CS2113\AY2627-S1\ay2627s1-website\book\uml\index.md
2026-08-30T23:32:35.972Z - [36mverbose[39m: Rendering page: D:\Workspace\CS2113\AY2627-S1\ay2627s1-website\book\uml\classDiagrams\interfaces\index.md
2026-08-30T23:32:35.980Z - [36mverbose[39m: Rendering page: D:\Workspace\CS2113\AY2627-S1\ay2627s1-website\book\uml\classDiagrams\interfaces\what\index.md
2026-08-30T23:32:35.986Z - [36mverbose[39m: Rendering page: D:\Workspace\CS2113\AY2627-S1\ay2627s1-website\book\uml\classDiagrams\introduction\index.md
2026-08-30T23:32:35.992Z - [36mverbose[39m: Rendering page: D:\Workspace\CS2113\AY2627-S1\ay2627s1-website\book\uml\classDiagrams\index.md
2026-08-30T23:32:36.135Z - [36mverbose[39m: Rendering page: D:\Workspace\CS2113\AY2627-S1\ay2627s1-website\book\uml\classDiagrams\enumerations\what\index.md
2026-08-30T23:32:36.142Z - [36mverbose[39m: Rendering page: D:\Workspace\CS2113\AY2627-S1\ay2627s1-website\book\uml\classDiagrams\enumerations\index.md
2026-08-30T23:32:36.148Z - [36mverbose[39m: Rendering page: D:\Workspace\CS2113\AY2627-S1\ay2627s1-website\book\uml\classDiagrams\dependencies\what\index.md
2026-08-30T23:32:36.154Z - [36mverbose[39m: Rendering page: D:\Workspace\CS2113\AY2627-S1\ay2627s1-website\book\uml\classDiagrams\dependencies\index.md
2026-08-30T23:32:36.295Z - [36mverbose[39m: Rendering page: D:\Workspace\CS2113\AY2627-S1\ay2627s1-website\book\uml\classDiagrams\combine\basic\index.md
2026-08-30T23:32:36.304Z - [36mverbose[39m: Rendering page: D:\Workspace\CS2113\AY2627-S1\ay2627s1-website\book\uml\classDiagrams\combine\index.md
2026-08-30T23:32:36.312Z - [36mverbose[39m: Rendering page: D:\Workspace\CS2113\AY2627-S1\ay2627s1-website\book\uml\classDiagrams\composition\index.md
2026-08-30T23:32:36.318Z - [36mverbose[39m: Rendering page: D:\Workspace\CS2113\AY2627-S1\ay2627s1-website\book\uml\classDiagrams\composition\what\index.md
2026-08-30T23:32:36.492Z - [36mverbose[39m: Rendering page: D:\Workspace\CS2113\AY2627-S1\ay2627s1-website\book\uml\classDiagrams\classLevelMembers\index.md
2026-08-30T23:32:36.499Z - [36mverbose[39m: Rendering page: D:\Workspace\CS2113\AY2627-S1\ay2627s1-website\book\uml\classDiagrams\classLevelMembers\what\index.md
2026-08-30T23:32:36.505Z - [36mverbose[39m: Rendering page: D:\Workspace\CS2113\AY2627-S1\ay2627s1-website\book\uml\classDiagrams\classes\what\index.md
2026-08-30T23:32:36.514Z - [36mverbose[39m: Rendering page: D:\Workspace\CS2113\AY2627-S1\ay2627s1-website\book\uml\classDiagrams\classes\index.md
2026-08-30T23:32:36.642Z - [36mverbose[39m: Rendering page: D:\Workspace\CS2113\AY2627-S1\ay2627s1-website\book\uml\classDiagrams\associationsAsAttributes\index.md
2026-08-30T23:32:36.650Z - [36mverbose[39m: Rendering page: D:\Workspace\CS2113\AY2627-S1\ay2627s1-website\book\uml\classDiagrams\associationsAsAttributes\what\index.md
2026-08-30T23:32:36.658Z - [36mverbose[39m: Rendering page: D:\Workspace\CS2113\AY2627-S1\ay2627s1-website\book\uml\classDiagrams\classInheritance\what\index.md
2026-08-30T23:32:36.663Z - [36mverbose[39m: Rendering page: D:\Workspace\CS2113\AY2627-S1\ay2627s1-website\book\uml\classDiagrams\classInheritance\index.md
2026-08-30T23:32:36.793Z - [36mverbose[39m: Rendering page: D:\Workspace\CS2113\AY2627-S1\ay2627s1-website\book\uml\classDiagrams\associations\what\index.md
2026-08-30T23:32:36.799Z - [36mverbose[39m: Rendering page: D:\Workspace\CS2113\AY2627-S1\ay2627s1-website\book\uml\classDiagrams\associations\multiplicity\index.md
2026-08-30T23:32:36.806Z - [36mverbose[39m: Rendering page: D:\Workspace\CS2113\AY2627-S1\ay2627s1-website\book\uml\classDiagrams\associations\roles\index.md
2026-08-30T23:32:36.812Z - [36mverbose[39m: Rendering page: D:\Workspace\CS2113\AY2627-S1\ay2627s1-website\book\uml\classDiagrams\associations\navigability\index.md
2026-08-30T23:32:36.953Z - [36mverbose[39m: Rendering page: D:\Workspace\CS2113\AY2627-S1\ay2627s1-website\book\uml\classDiagrams\associations\labels\index.md
2026-08-30T23:32:36.960Z - [36mverbose[39m: Rendering page: D:\Workspace\CS2113\AY2627-S1\ay2627s1-website\book\uml\classDiagrams\associationClasses\what\index.md
2026-08-30T23:32:36.966Z - [36mverbose[39m: Rendering page: D:\Workspace\CS2113\AY2627-S1\ay2627s1-website\book\uml\classDiagrams\associationClasses\index.md
2026-08-30T23:32:36.973Z - [36mverbose[39m: Rendering page: D:\Workspace\CS2113\AY2627-S1\ay2627s1-website\book\uml\classDiagrams\associations\index.md
2026-08-30T23:32:37.106Z - [36mverbose[39m: Rendering page: D:\Workspace\CS2113\AY2627-S1\ay2627s1-website\book\uml\classDiagrams\abstractClasses\index.md
2026-08-30T23:32:37.115Z - [36mverbose[39m: Rendering page: D:\Workspace\CS2113\AY2627-S1\ay2627s1-website\book\uml\classDiagrams\abstractClasses\what\index.md
2026-08-30T23:32:37.121Z - [36mverbose[39m: Rendering page: D:\Workspace\CS2113\AY2627-S1\ay2627s1-website\book\uml\classDiagrams\aggregation\what\index.md
2026-08-30T23:32:37.126Z - [36mverbose[39m: Rendering page: D:\Workspace\CS2113\AY2627-S1\ay2627s1-website\book\uml\classDiagrams\aggregation\index.md
2026-08-30T23:32:37.298Z - [36mverbose[39m: Rendering page: D:\Workspace\CS2113\AY2627-S1\ay2627s1-website\book\uml\activityDiagrams\introduction\index.md
2026-08-30T23:32:37.305Z - [36mverbose[39m: Rendering page: D:\Workspace\CS2113\AY2627-S1\ay2627s1-website\book\uml\activityDiagrams\basicNotations\swimlanes\index.md
2026-08-30T23:32:37.311Z - [36mverbose[39m: Rendering page: D:\Workspace\CS2113\AY2627-S1\ay2627s1-website\book\uml\activityDiagrams\introduction\what\index.md
2026-08-30T23:32:37.317Z - [36mverbose[39m: Rendering page: D:\Workspace\CS2113\AY2627-S1\ay2627s1-website\book\uml\activityDiagrams\index.md
2026-08-30T23:32:37.479Z - [36mverbose[39m: Rendering page: D:\Workspace\CS2113\AY2627-S1\ay2627s1-website\book\uml\activityDiagrams\basicNotations\linearPaths\index.md
2026-08-30T23:32:37.487Z - [36mverbose[39m: Rendering page: D:\Workspace\CS2113\AY2627-S1\ay2627s1-website\book\uml\activityDiagrams\basicNotations\rakes\index.md
2026-08-30T23:32:37.494Z - [36mverbose[39m: Rendering page: D:\Workspace\CS2113\AY2627-S1\ay2627s1-website\book\uml\activityDiagrams\basicNotations\parallelPaths\index.md
2026-08-30T23:32:37.501Z - [36mverbose[39m: Rendering page: D:\Workspace\CS2113\AY2627-S1\ay2627s1-website\book\uml\activityDiagrams\basicNotations\index.md
2026-08-30T23:32:37.722Z - [36mverbose[39m: Rendering page: D:\Workspace\CS2113\AY2627-S1\ay2627s1-website\book\uml\activityDiagrams\basicNotations\alternatePaths\index.md
2026-08-30T23:32:37.730Z - [36mverbose[39m: Rendering page: D:\Workspace\CS2113\AY2627-S1\ay2627s1-website\book\testing\testingTypes\unitTesting\stubs\index.md
2026-08-30T23:32:37.739Z - [36mverbose[39m: Rendering page: D:\Workspace\CS2113\AY2627-S1\ay2627s1-website\book\testing\testingTypes\unitTesting\what\index.md
2026-08-30T23:32:37.746Z - [36mverbose[39m: Rendering page: D:\Workspace\CS2113\AY2627-S1\ay2627s1-website\book\testing\testingTypes\unitTesting\index.md
2026-08-30T23:32:37.890Z - [36mverbose[39m: Rendering page: D:\Workspace\CS2113\AY2627-S1\ay2627s1-website\book\testing\testingTypes\systemTesting\index.md
2026-08-30T23:32:37.898Z - [36mverbose[39m: Rendering page: D:\Workspace\CS2113\AY2627-S1\ay2627s1-website\book\testing\testingTypes\regressionTesting\index.md
2026-08-30T23:32:37.904Z - [36mverbose[39m: Rendering page: D:\Workspace\CS2113\AY2627-S1\ay2627s1-website\book\testing\testingTypes\systemTesting\what\index.md
2026-08-30T23:32:37.910Z - [36mverbose[39m: Rendering page: D:\Workspace\CS2113\AY2627-S1\ay2627s1-website\book\testing\testingTypes\regressionTesting\what\index.md
2026-08-30T23:32:38.215Z - [36mverbose[39m: Rendering page: D:\Workspace\CS2113\AY2627-S1\ay2627s1-website\book\testing\testingTypes\index.md
2026-08-30T23:32:38.237Z - [36mverbose[39m: Rendering page: D:\Workspace\CS2113\AY2627-S1\ay2627s1-website\book\testing\testingTypes\integrationTesting\index.md
2026-08-30T23:32:38.244Z - [36mverbose[39m: Rendering page: D:\Workspace\CS2113\AY2627-S1\ay2627s1-website\book\testing\testingTypes\integrationTesting\how\index.md
2026-08-30T23:32:38.250Z - [36mverbose[39m: Rendering page: D:\Workspace\CS2113\AY2627-S1\ay2627s1-website\book\testing\testingTypes\integrationTesting\what\index.md
2026-08-30T23:32:38.424Z - [36mverbose[39m: Rendering page: D:\Workspace\CS2113\AY2627-S1\ay2627s1-website\book\testing\testingTypes\exploratoryVsScriptedTesting\index.md
2026-08-30T23:32:38.435Z - [36mverbose[39m: Rendering page: D:\Workspace\CS2113\AY2627-S1\ay2627s1-website\book\testing\testingTypes\exploratoryVsScriptedTesting\when\index.md
2026-08-30T23:32:38.442Z - [36mverbose[39m: Rendering page: D:\Workspace\CS2113\AY2627-S1\ay2627s1-website\book\testing\testingTypes\exploratoryVsScriptedTesting\what\index.md
2026-08-30T23:32:38.450Z - [36mverbose[39m: Rendering page: D:\Workspace\CS2113\AY2627-S1\ay2627s1-website\book\testing\testingTypes\dogfooding\what\index.md
2026-08-30T23:32:38.586Z - [36mverbose[39m: Rendering page: D:\Workspace\CS2113\AY2627-S1\ay2627s1-website\book\testing\testingTypes\developerTesting\index.md
2026-08-30T23:32:38.593Z - [36mverbose[39m: Rendering page: D:\Workspace\CS2113\AY2627-S1\ay2627s1-website\book\testing\testingTypes\developerTesting\why\index.md
2026-08-30T23:32:38.599Z - [36mverbose[39m: Rendering page: D:\Workspace\CS2113\AY2627-S1\ay2627s1-website\book\testing\testingTypes\dogfooding\index.md
2026-08-30T23:32:38.605Z - [36mverbose[39m: Rendering page: D:\Workspace\CS2113\AY2627-S1\ay2627s1-website\book\testing\testingTypes\developerTesting\what\index.md
2026-08-30T23:32:38.720Z - [36mverbose[39m: Rendering page: D:\Workspace\CS2113\AY2627-S1\ay2627s1-website\book\testing\testingTypes\alphaBetaTesting\index.md
2026-08-30T23:32:38.727Z - [36mverbose[39m: Rendering page: D:\Workspace\CS2113\AY2627-S1\ay2627s1-website\book\testing\testingTypes\acceptanceTesting\index.md
2026-08-30T23:32:38.733Z - [36mverbose[39m: Rendering page: D:\Workspace\CS2113\AY2627-S1\ay2627s1-website\book\testing\testingTypes\alphaBetaTesting\what\index.md
2026-08-30T23:32:38.738Z - [36mverbose[39m: Rendering page: D:\Workspace\CS2113\AY2627-S1\ay2627s1-website\book\testing\testingTypes\acceptanceTesting\what\index.md
2026-08-30T23:32:38.892Z - [36mverbose[39m: Rendering page: D:\Workspace\CS2113\AY2627-S1\ay2627s1-website\book\testing\testCoverage\how\index.md
2026-08-30T23:32:38.898Z - [36mverbose[39m: Rendering page: D:\Workspace\CS2113\AY2627-S1\ay2627s1-website\book\testing\testingTypes\acceptanceTesting\acceptanceVsSystemTesting\index.md
2026-08-30T23:32:38.903Z - [36mverbose[39m: Rendering page: D:\Workspace\CS2113\AY2627-S1\ay2627s1-website\book\testing\testCoverage\index.md
2026-08-30T23:32:38.910Z - [36mverbose[39m: Rendering page: D:\Workspace\CS2113\AY2627-S1\ay2627s1-website\book\testing\testCoverage\what\index.md
2026-08-30T23:32:39.029Z - [36mverbose[39m: Rendering page: D:\Workspace\CS2113\AY2627-S1\ay2627s1-website\book\testing\testAutomation\what\index.md
2026-08-30T23:32:39.034Z - [36mverbose[39m: Rendering page: D:\Workspace\CS2113\AY2627-S1\ay2627s1-website\book\testing\testAutomation\tools\index.md
2026-08-30T23:32:39.040Z - [36mverbose[39m: Rendering page: D:\Workspace\CS2113\AY2627-S1\ay2627s1-website\book\testing\testAutomation\usingTestDrivers\index.md
2026-08-30T23:32:39.046Z - [36mverbose[39m: Rendering page: D:\Workspace\CS2113\AY2627-S1\ay2627s1-website\book\testing\testAutomation\testingTextUis\index.md
2026-08-30T23:32:39.253Z - [36mverbose[39m: Rendering page: D:\Workspace\CS2113\AY2627-S1\ay2627s1-website\book\testing\testAutomation\testingGuis\index.md
2026-08-30T23:32:39.261Z - [36mverbose[39m: Rendering page: D:\Workspace\CS2113\AY2627-S1\ay2627s1-website\book\testing\tdd\index.md
2026-08-30T23:32:39.268Z - [36mverbose[39m: Rendering page: D:\Workspace\CS2113\AY2627-S1\ay2627s1-website\book\testing\testAutomation\index.md
2026-08-30T23:32:39.279Z - [36mverbose[39m: Rendering page: D:\Workspace\CS2113\AY2627-S1\ay2627s1-website\book\testing\tdd\what\index.md
2026-08-30T23:32:39.415Z - [36mverbose[39m: Rendering page: D:\Workspace\CS2113\AY2627-S1\ay2627s1-website\book\testing\introduction\what\index.md
2026-08-30T23:32:39.423Z - [36mverbose[39m: Rendering page: D:\Workspace\CS2113\AY2627-S1\ay2627s1-website\book\testing\tdd\how\index.md
2026-08-30T23:32:39.430Z - [36mverbose[39m: Rendering page: D:\Workspace\CS2113\AY2627-S1\ay2627s1-website\book\testing\introduction\index.md
2026-08-30T23:32:39.437Z - [36mverbose[39m: Rendering page: D:\Workspace\CS2113\AY2627-S1\ay2627s1-website\book\testing\introduction\testability\index.md
2026-08-30T23:32:40.071Z - [36mverbose[39m: Rendering page: D:\Workspace\CS2113\AY2627-S1\ay2627s1-website\book\testing\dependencyInjection\what\index.md
2026-08-30T23:32:40.081Z - [36mverbose[39m: Rendering page: D:\Workspace\CS2113\AY2627-S1\ay2627s1-website\book\testing\dependencyInjection\index.md
2026-08-30T23:32:40.092Z - [36mverbose[39m: Rendering page: D:\Workspace\CS2113\AY2627-S1\ay2627s1-website\book\testing\dependencyInjection\how\index.md
2026-08-30T23:32:40.100Z - [36mverbose[39m: Rendering page: D:\Workspace\CS2113\AY2627-S1\ay2627s1-website\book\testing\index.md
2026-08-30T23:32:40.362Z - [36mverbose[39m: Rendering page: D:\Workspace\CS2113\AY2627-S1\ay2627s1-website\book\testCaseDesign\summary\recap\index.md
2026-08-30T23:32:40.370Z - [36mverbose[39m: Rendering page: D:\Workspace\CS2113\AY2627-S1\ay2627s1-website\book\testCaseDesign\summary\exercises\index.md
2026-08-30T23:32:40.378Z - [36mverbose[39m: Rendering page: D:\Workspace\CS2113\AY2627-S1\ay2627s1-website\book\testCaseDesign\summary\index.md
2026-08-30T23:32:40.388Z - [36mverbose[39m: Rendering page: D:\Workspace\CS2113\AY2627-S1\ay2627s1-website\book\testCaseDesign\more\testingUseCases\index.md
2026-08-30T23:32:40.560Z - [36mverbose[39m: Rendering page: D:\Workspace\CS2113\AY2627-S1\ay2627s1-website\book\testCaseDesign\more\index.md
2026-08-30T23:32:40.568Z - [36mverbose[39m: Rendering page: D:\Workspace\CS2113\AY2627-S1\ay2627s1-website\book\testCaseDesign\introduction\positiveVsNegative\index.md
2026-08-30T23:32:40.575Z - [36mverbose[39m: Rendering page: D:\Workspace\CS2113\AY2627-S1\ay2627s1-website\book\testCaseDesign\introduction\index.md
2026-08-30T23:32:40.584Z - [36mverbose[39m: Rendering page: D:\Workspace\CS2113\AY2627-S1\ay2627s1-website\book\testCaseDesign\introduction\what\index.md
2026-08-30T23:32:41.000Z - [36mverbose[39m: Rendering page: D:\Workspace\CS2113\AY2627-S1\ay2627s1-website\book\testCaseDesign\introduction\blackVsGlass\index.md
2026-08-30T23:32:41.007Z - [36mverbose[39m: Rendering page: D:\Workspace\CS2113\AY2627-S1\ay2627s1-website\book\testCaseDesign\equivalencePartitions\intermediate\index.md
2026-08-30T23:32:41.013Z - [36mverbose[39m: Rendering page: D:\Workspace\CS2113\AY2627-S1\ay2627s1-website\book\testCaseDesign\equivalencePartitions\what\index.md
2026-08-30T23:32:41.035Z - [36mverbose[39m: Rendering page: D:\Workspace\CS2113\AY2627-S1\ay2627s1-website\book\testCaseDesign\index.md
2026-08-30T23:32:41.668Z - [36mverbose[39m: Rendering page: D:\Workspace\CS2113\AY2627-S1\ay2627s1-website\book\testCaseDesign\equivalencePartitions\index.md
2026-08-30T23:32:41.700Z - [36mverbose[39m: Rendering page: D:\Workspace\CS2113\AY2627-S1\ay2627s1-website\book\testCaseDesign\equivalencePartitions\basic\index.md
2026-08-30T23:32:41.730Z - [36mverbose[39m: Rendering page: D:\Workspace\CS2113\AY2627-S1\ay2627s1-website\book\testCaseDesign\combiningTestInputs\why\index.md
2026-08-30T23:32:41.775Z - [36mverbose[39m: Rendering page: D:\Workspace\CS2113\AY2627-S1\ay2627s1-website\book\testCaseDesign\combiningTestInputs\mix\index.md
2026-08-30T23:32:42.531Z - [36mverbose[39m: Rendering page: D:\Workspace\CS2113\AY2627-S1\ay2627s1-website\book\testCaseDesign\combiningTestInputs\index.md
2026-08-30T23:32:42.574Z - [36mverbose[39m: Rendering page: D:\Workspace\CS2113\AY2627-S1\ay2627s1-website\book\testCaseDesign\combiningTestInputs\heuristicValid\index.md
2026-08-30T23:32:42.599Z - [36mverbose[39m: Rendering page: D:\Workspace\CS2113\AY2627-S1\ay2627s1-website\book\testCaseDesign\combiningTestInputs\heuristicInvalid\index.md
2026-08-30T23:32:42.621Z - [36mverbose[39m: Rendering page: D:\Workspace\CS2113\AY2627-S1\ay2627s1-website\book\testCaseDesign\combiningTestInputs\combinationStrategies\index.md
2026-08-30T23:32:43.076Z - [36mverbose[39m: Rendering page: D:\Workspace\CS2113\AY2627-S1\ay2627s1-website\book\teamwork\teamStructures\index.md
2026-08-30T23:32:43.100Z - [36mverbose[39m: Rendering page: D:\Workspace\CS2113\AY2627-S1\ay2627s1-website\book\testCaseDesign\boundaryValueAnalysis\how\index.md
2026-08-30T23:32:43.118Z - [36mverbose[39m: Rendering page: D:\Workspace\CS2113\AY2627-S1\ay2627s1-website\book\testCaseDesign\boundaryValueAnalysis\index.md
2026-08-30T23:32:43.134Z - [36mverbose[39m: Rendering page: D:\Workspace\CS2113\AY2627-S1\ay2627s1-website\book\testCaseDesign\boundaryValueAnalysis\what\index.md
2026-08-30T23:32:43.336Z - [36mverbose[39m: Rendering page: D:\Workspace\CS2113\AY2627-S1\ay2627s1-website\book\teamwork\index.md
2026-08-30T23:32:43.344Z - [36mverbose[39m: Rendering page: D:\Workspace\CS2113\AY2627-S1\ay2627s1-website\book\specifyingRequirements\userStories\introduction\index.md
2026-08-30T23:32:43.505Z - [36mverbose[39m: Rendering page: D:\Workspace\CS2113\AY2627-S1\ay2627s1-website\book\specifyingRequirements\userStories\usage\index.md
2026-08-30T23:32:43.651Z - [36mverbose[39m: Rendering page: D:\Workspace\CS2113\AY2627-S1\ay2627s1-website\book\specifyingRequirements\userStories\index.md
2026-08-30T23:32:43.720Z - [36mverbose[39m: Rendering page: D:\Workspace\CS2113\AY2627-S1\ay2627s1-website\book\specifyingRequirements\userStories\details\index.md
2026-08-30T23:32:43.739Z - [36mverbose[39m: Rendering page: D:\Workspace\CS2113\AY2627-S1\ay2627s1-website\book\specifyingRequirements\useCases\introduction\index.md
2026-08-30T23:32:43.752Z - [36mverbose[39m: Rendering page: D:\Workspace\CS2113\AY2627-S1\ay2627s1-website\book\specifyingRequirements\useCases\usage\index.md
2026-08-30T23:32:44.080Z - [36mverbose[39m: Rendering page: D:\Workspace\CS2113\AY2627-S1\ay2627s1-website\book\specifyingRequirements\useCases\index.md
2026-08-30T23:32:44.116Z - [36mverbose[39m: Rendering page: D:\Workspace\CS2113\AY2627-S1\ay2627s1-website\book\specifyingRequirements\useCases\identifying\index.md
2026-08-30T23:32:44.129Z - [36mverbose[39m: Rendering page: D:\Workspace\CS2113\AY2627-S1\ay2627s1-website\book\specifyingRequirements\useCases\details\index.md
2026-08-30T23:32:44.153Z - [36mverbose[39m: Rendering page: D:\Workspace\CS2113\AY2627-S1\ay2627s1-website\book\specifyingRequirements\supplementaryRequirements\what\index.md
2026-08-30T23:32:44.242Z - [36mverbose[39m: Rendering page: D:\Workspace\CS2113\AY2627-S1\ay2627s1-website\book\specifyingRequirements\supplementaryRequirements\index.md
2026-08-30T23:32:44.387Z - [36mverbose[39m: Rendering page: D:\Workspace\CS2113\AY2627-S1\ay2627s1-website\book\specifyingRequirements\requirementsDocument\index.md
2026-08-30T23:32:44.395Z - [36mverbose[39m: Rendering page: D:\Workspace\CS2113\AY2627-S1\ay2627s1-website\book\specifyingRequirements\prose\what\index.md
2026-08-30T23:32:44.405Z - [36mverbose[39m: Rendering page: D:\Workspace\CS2113\AY2627-S1\ay2627s1-website\book\specifyingRequirements\requirementsDocument\what\index.md
2026-08-30T23:32:44.693Z - [36mverbose[39m: Rendering page: D:\Workspace\CS2113\AY2627-S1\ay2627s1-website\book\specifyingRequirements\prose\index.md
2026-08-30T23:32:44.751Z - [36mverbose[39m: Rendering page: D:\Workspace\CS2113\AY2627-S1\ay2627s1-website\book\specifyingRequirements\glossary\index.md
2026-08-30T23:32:44.756Z - [36mverbose[39m: Rendering page: D:\Workspace\CS2113\AY2627-S1\ay2627s1-website\book\specifyingRequirements\glossary\what\index.md
2026-08-30T23:32:44.760Z - [36mverbose[39m: Rendering page: D:\Workspace\CS2113\AY2627-S1\ay2627s1-website\book\specifyingRequirements\index.md
2026-08-30T23:32:44.839Z - [36mverbose[39m: Rendering page: D:\Workspace\CS2113\AY2627-S1\ay2627s1-website\book\specifyingRequirements\featureList\what\index.md
2026-08-30T23:32:44.885Z - [36mverbose[39m: Rendering page: D:\Workspace\CS2113\AY2627-S1\ay2627s1-website\book\specifyingRequirements\featureList\index.md
2026-08-30T23:32:44.892Z - [36mverbose[39m: Rendering page: D:\Workspace\CS2113\AY2627-S1\ay2627s1-website\book\softwareEngineering\introduction\index.md
2026-08-30T23:32:44.923Z - [36mverbose[39m: Rendering page: D:\Workspace\CS2113\AY2627-S1\ay2627s1-website\book\softwareEngineering\introduction\prosAndCons\index.md
2026-08-30T23:32:44.939Z - [36mverbose[39m: Rendering page: D:\Workspace\CS2113\AY2627-S1\ay2627s1-website\book\softwareEngineering\index.md
2026-08-30T23:32:45.056Z - [36mverbose[39m: Rendering page: D:\Workspace\CS2113\AY2627-S1\ay2627s1-website\book\security\when\index.md
2026-08-30T23:32:45.062Z - [36mverbose[39m: Rendering page: D:\Workspace\CS2113\AY2627-S1\ay2627s1-website\book\security\wrapUp\index.md
2026-08-30T23:32:45.068Z - [36mverbose[39m: Rendering page: D:\Workspace\CS2113\AY2627-S1\ay2627s1-website\book\security\why\index.md
2026-08-30T23:32:45.302Z - [36mverbose[39m: Rendering page: D:\Workspace\CS2113\AY2627-S1\ay2627s1-website\book\security\what\index.md
2026-08-30T23:32:45.383Z - [36mverbose[39m: Rendering page: D:\Workspace\CS2113\AY2627-S1\ay2627s1-website\book\security\ai\index.md
2026-08-30T23:32:45.390Z - [36mverbose[39m: Rendering page: D:\Workspace\CS2113\AY2627-S1\ay2627s1-website\book\security\how\index.md
2026-08-30T23:32:45.404Z - [36mverbose[39m: Rendering page: D:\Workspace\CS2113\AY2627-S1\ay2627s1-website\book\security\index.md
2026-08-30T23:32:45.490Z - [36mverbose[39m: Rendering page: D:\Workspace\CS2113\AY2627-S1\ay2627s1-website\book\reuse\platforms\what\index.md
2026-08-30T23:32:45.543Z - [36mverbose[39m: Rendering page: D:\Workspace\CS2113\AY2627-S1\ay2627s1-website\book\reuse\platforms\index.md
2026-08-30T23:32:45.567Z - [36mverbose[39m: Rendering page: D:\Workspace\CS2113\AY2627-S1\ay2627s1-website\book\reuse\libraries\index.md
2026-08-30T23:32:45.574Z - [36mverbose[39m: Rendering page: D:\Workspace\CS2113\AY2627-S1\ay2627s1-website\book\reuse\libraries\what\index.md
2026-08-30T23:32:45.636Z - [36mverbose[39m: Rendering page: D:\Workspace\CS2113\AY2627-S1\ay2627s1-website\book\reuse\libraries\how\index.md
2026-08-30T23:32:45.687Z - [36mverbose[39m: Rendering page: D:\Workspace\CS2113\AY2627-S1\ay2627s1-website\book\reuse\introduction\index.md
2026-08-30T23:32:45.834Z - [36mverbose[39m: Rendering page: D:\Workspace\CS2113\AY2627-S1\ay2627s1-website\book\reuse\introduction\when\index.md
2026-08-30T23:32:45.839Z - [36mverbose[39m: Rendering page: D:\Workspace\CS2113\AY2627-S1\ay2627s1-website\book\reuse\introduction\what\index.md
2026-08-30T23:32:45.877Z - [36mverbose[39m: Rendering page: D:\Workspace\CS2113\AY2627-S1\ay2627s1-website\book\reuse\index.md
2026-08-30T23:32:45.969Z - [36mverbose[39m: Rendering page: D:\Workspace\CS2113\AY2627-S1\ay2627s1-website\book\reuse\frameworks\frameworksVsLibraries\index.md
2026-08-30T23:32:45.975Z - [36mverbose[39m: Rendering page: D:\Workspace\CS2113\AY2627-S1\ay2627s1-website\book\reuse\frameworks\what\index.md
2026-08-30T23:32:45.980Z - [36mverbose[39m: Rendering page: D:\Workspace\CS2113\AY2627-S1\ay2627s1-website\book\reuse\frameworks\index.md
2026-08-30T23:32:46.089Z - [36mverbose[39m: Rendering page: D:\Workspace\CS2113\AY2627-S1\ay2627s1-website\book\reuse\cloudComputing\what\index.md
2026-08-30T23:32:46.117Z - [36mverbose[39m: Rendering page: D:\Workspace\CS2113\AY2627-S1\ay2627s1-website\book\reuse\cloudComputing\index.md
2026-08-30T23:32:46.153Z - [36mverbose[39m: Rendering page: D:\Workspace\CS2113\AY2627-S1\ay2627s1-website\book\reuse\cloudComputing\services\index.md
2026-08-30T23:32:46.160Z - [36mverbose[39m: Rendering page: D:\Workspace\CS2113\AY2627-S1\ay2627s1-website\book\reuse\apis\what\index.md
2026-08-30T23:32:46.178Z - [36mverbose[39m: Rendering page: D:\Workspace\CS2113\AY2627-S1\ay2627s1-website\book\reuse\apis\index.md
2026-08-30T23:32:46.293Z - [36mverbose[39m: Rendering page: D:\Workspace\CS2113\AY2627-S1\ay2627s1-website\book\reuse\apis\designingAPIs\index.md
2026-08-30T23:32:46.300Z - [36mverbose[39m: Rendering page: D:\Workspace\CS2113\AY2627-S1\ay2627s1-website\book\requirements\quality\index.md
2026-08-30T23:32:46.307Z - [36mverbose[39m: Rendering page: D:\Workspace\CS2113\AY2627-S1\ay2627s1-website\book\requirements\prioritizing\index.md
2026-08-30T23:32:46.359Z - [36mverbose[39m: Rendering page: D:\Workspace\CS2113\AY2627-S1\ay2627s1-website\book\requirements\nonFunctionalRequirements\index.md
2026-08-30T23:32:46.494Z - [36mverbose[39m: Rendering page: D:\Workspace\CS2113\AY2627-S1\ay2627s1-website\book\requirements\index.md
2026-08-30T23:32:46.505Z - [36mverbose[39m: Rendering page: D:\Workspace\CS2113\AY2627-S1\ay2627s1-website\book\requirements\introduction\index.md
2026-08-30T23:32:46.511Z - [36mverbose[39m: Rendering page: D:\Workspace\CS2113\AY2627-S1\ay2627s1-website\book\requirements\changing\index.md
2026-08-30T23:32:46.658Z - [36mverbose[39m: Rendering page: D:\Workspace\CS2113\AY2627-S1\ay2627s1-website\book\refactoring\when\index.md
2026-08-30T23:32:46.694Z - [36mverbose[39m: Rendering page: D:\Workspace\CS2113\AY2627-S1\ay2627s1-website\book\refactoring\how\index.md
2026-08-30T23:32:46.699Z - [36mverbose[39m: Rendering page: D:\Workspace\CS2113\AY2627-S1\ay2627s1-website\book\refactoring\what\index.md
2026-08-30T23:32:46.706Z - [36mverbose[39m: Rendering page: D:\Workspace\CS2113\AY2627-S1\ay2627s1-website\book\refactoring\index.md
2026-08-30T23:32:46.746Z - [36mverbose[39m: Rendering page: D:\Workspace\CS2113\AY2627-S1\ay2627s1-website\book\qualityAssurance\staticAnalysis\what\index.md
2026-08-30T23:32:46.800Z - [36mverbose[39m: Rendering page: D:\Workspace\CS2113\AY2627-S1\ay2627s1-website\book\qualityAssurance\staticAnalysis\index.md
2026-08-30T23:32:46.825Z - [36mverbose[39m: Rendering page: D:\Workspace\CS2113\AY2627-S1\ay2627s1-website\book\qualityAssurance\introduction\validationVsVerification\index.md
2026-08-30T23:32:46.830Z - [36mverbose[39m: Rendering page: D:\Workspace\CS2113\AY2627-S1\ay2627s1-website\book\qualityAssurance\introduction\what\index.md
2026-08-30T23:32:46.843Z - [36mverbose[39m: Rendering page: D:\Workspace\CS2113\AY2627-S1\ay2627s1-website\book\qualityAssurance\introduction\index.md
2026-08-30T23:32:46.973Z - [36mverbose[39m: Rendering page: D:\Workspace\CS2113\AY2627-S1\ay2627s1-website\book\qualityAssurance\index.md
2026-08-30T23:32:46.980Z - [36mverbose[39m: Rendering page: D:\Workspace\CS2113\AY2627-S1\ay2627s1-website\book\qualityAssurance\formalVerification\index.md
2026-08-30T23:32:46.985Z - [36mverbose[39m: Rendering page: D:\Workspace\CS2113\AY2627-S1\ay2627s1-website\book\qualityAssurance\formalVerification\what\index.md
2026-08-30T23:32:47.063Z - [36mverbose[39m: Rendering page: D:\Workspace\CS2113\AY2627-S1\ay2627s1-website\book\qualityAssurance\codeReviews\what\index.md
2026-08-30T23:32:47.097Z - [36mverbose[39m: Rendering page: D:\Workspace\CS2113\AY2627-S1\ay2627s1-website\book\projectPlanning\pertCharts\index.md
2026-08-30T23:32:47.102Z - [36mverbose[39m: Rendering page: D:\Workspace\CS2113\AY2627-S1\ay2627s1-website\book\qualityAssurance\codeReviews\index.md
2026-08-30T23:32:47.106Z - [36mverbose[39m: Rendering page: D:\Workspace\CS2113\AY2627-S1\ay2627s1-website\book\projectPlanning\workBreakdownStructure\index.md
2026-08-30T23:32:47.213Z - [36mverbose[39m: Rendering page: D:\Workspace\CS2113\AY2627-S1\ay2627s1-website\book\projectPlanning\milestones\index.md
2026-08-30T23:32:47.239Z - [36mverbose[39m: Rendering page: D:\Workspace\CS2113\AY2627-S1\ay2627s1-website\book\projectPlanning\issueTrackers\index.md
2026-08-30T23:32:47.262Z - [36mverbose[39m: Rendering page: D:\Workspace\CS2113\AY2627-S1\ay2627s1-website\book\projectPlanning\ganttCharts\index.md
2026-08-30T23:32:47.267Z - [36mverbose[39m: Rendering page: D:\Workspace\CS2113\AY2627-S1\ay2627s1-website\book\projectPlanning\index.md
2026-08-30T23:32:47.289Z - [36mverbose[39m: Rendering page: D:\Workspace\CS2113\AY2627-S1\ay2627s1-website\book\projectPlanning\buffers\index.md
2026-08-30T23:32:47.453Z - [36mverbose[39m: Rendering page: D:\Workspace\CS2113\AY2627-S1\ay2627s1-website\book\processModels\more\index.md
2026-08-30T23:32:47.459Z - [36mverbose[39m: Rendering page: D:\Workspace\CS2113\AY2627-S1\ay2627s1-website\book\processModels\summary\index.md
2026-08-30T23:32:47.466Z - [36mverbose[39m: Rendering page: D:\Workspace\CS2113\AY2627-S1\ay2627s1-website\book\processModels\summary\recap\index.md
2026-08-30T23:32:47.504Z - [36mverbose[39m: Rendering page: D:\Workspace\CS2113\AY2627-S1\ay2627s1-website\book\processModels\more\continuousApproaches\index.md
2026-08-30T23:32:47.569Z - [36mverbose[39m: Rendering page: D:\Workspace\CS2113\AY2627-S1\ay2627s1-website\book\processModels\introduction\sequentialModels\index.md
2026-08-30T23:32:47.575Z - [36mverbose[39m: Rendering page: D:\Workspace\CS2113\AY2627-S1\ay2627s1-website\book\processModels\more\cmmi\index.md
2026-08-30T23:32:47.600Z - [36mverbose[39m: Rendering page: D:\Workspace\CS2113\AY2627-S1\ay2627s1-website\book\processModels\introduction\what\index.md
2026-08-30T23:32:47.617Z - [36mverbose[39m: Rendering page: D:\Workspace\CS2113\AY2627-S1\ay2627s1-website\book\processModels\introduction\iterativeModels\index.md
2026-08-30T23:32:47.823Z - [36mverbose[39m: Rendering page: D:\Workspace\CS2113\AY2627-S1\ay2627s1-website\book\processModels\introduction\agileModels\index.md
2026-08-30T23:32:47.828Z - [36mverbose[39m: Rendering page: D:\Workspace\CS2113\AY2627-S1\ay2627s1-website\book\processModels\introduction\index.md
2026-08-30T23:32:47.836Z - [36mverbose[39m: Rendering page: D:\Workspace\CS2113\AY2627-S1\ay2627s1-website\book\processModels\index.md
2026-08-30T23:32:47.874Z - [36mverbose[39m: Rendering page: D:\Workspace\CS2113\AY2627-S1\ay2627s1-website\book\processModels\exampleProcessModels\xp\index.md
2026-08-30T23:32:47.973Z - [36mverbose[39m: Rendering page: D:\Workspace\CS2113\AY2627-S1\ay2627s1-website\book\processModels\exampleProcessModels\scrum\index.md
2026-08-30T23:32:47.978Z - [36mverbose[39m: Rendering page: D:\Workspace\CS2113\AY2627-S1\ay2627s1-website\book\processModels\exampleProcessModels\unifiedProcess\index.md
2026-08-30T23:32:47.983Z - [36mverbose[39m: Rendering page: D:\Workspace\CS2113\AY2627-S1\ay2627s1-website\book\processModels\exampleProcessModels\index.md
2026-08-30T23:32:48.001Z - [36mverbose[39m: Rendering page: D:\Workspace\CS2113\AY2627-S1\ay2627s1-website\book\processModels\exampleProcessModels\choosing\index.md
2026-08-30T23:32:48.209Z - [36mverbose[39m: Rendering page: D:\Workspace\CS2113\AY2627-S1\ay2627s1-website\book\principles\singleResponsibilityPrinciple\index.md
2026-08-30T23:32:48.215Z - [36mverbose[39m: Rendering page: D:\Workspace\CS2113\AY2627-S1\ay2627s1-website\book\principles\yagniPrinciple\index.md
2026-08-30T23:32:48.221Z - [36mverbose[39m: Rendering page: D:\Workspace\CS2113\AY2627-S1\ay2627s1-website\book\principles\solidPrinciples\index.md
2026-08-30T23:32:48.384Z - [36mverbose[39m: Rendering page: D:\Workspace\CS2113\AY2627-S1\ay2627s1-website\book\principles\separationOfConcernsPrinciple\index.md
2026-08-30T23:32:48.526Z - [36mverbose[39m: Rendering page: D:\Workspace\CS2113\AY2627-S1\ay2627s1-website\book\principles\openClosedPrinciple\index.md
2026-08-30T23:32:48.533Z - [36mverbose[39m: Rendering page: D:\Workspace\CS2113\AY2627-S1\ay2627s1-website\book\principles\liskovSubstitutionPrinciple\index.md
2026-08-30T23:32:48.582Z - [36mverbose[39m: Rendering page: D:\Workspace\CS2113\AY2627-S1\ay2627s1-website\book\principles\lawOfDemeter\index.md
2026-08-30T23:32:48.590Z - [36mverbose[39m: Rendering page: D:\Workspace\CS2113\AY2627-S1\ay2627s1-website\book\principles\review\index.md
2026-08-30T23:32:48.905Z - [36mverbose[39m: Rendering page: D:\Workspace\CS2113\AY2627-S1\ay2627s1-website\book\principles\interfaceSegregationPrinciple\index.md
2026-08-30T23:32:48.957Z - [36mverbose[39m: Rendering page: D:\Workspace\CS2113\AY2627-S1\ay2627s1-website\book\principles\index.md
2026-08-30T23:32:49.002Z - [36mverbose[39m: Rendering page: D:\Workspace\CS2113\AY2627-S1\ay2627s1-website\book\principles\dependencyInversionPrinciple\index.md
2026-08-30T23:32:49.038Z - [36mverbose[39m: Rendering page: D:\Workspace\CS2113\AY2627-S1\ay2627s1-website\book\principles\dryPrinciple\index.md
2026-08-30T23:32:49.147Z - [36mverbose[39m: Rendering page: D:\Workspace\CS2113\AY2627-S1\ay2627s1-website\book\principles\brooksLaw\index.md
2026-08-30T23:32:49.155Z - [36mverbose[39m: Rendering page: D:\Workspace\CS2113\AY2627-S1\ay2627s1-website\book\oop\polymorphism\what\index.md
2026-08-30T23:32:49.202Z - [36mverbose[39m: Rendering page: D:\Workspace\CS2113\AY2627-S1\ay2627s1-website\book\oop\polymorphism\index.md
2026-08-30T23:32:49.351Z - [36mverbose[39m: Rendering page: D:\Workspace\CS2113\AY2627-S1\ay2627s1-website\book\oop\polymorphism\how\index.md
2026-08-30T23:32:49.421Z - [36mverbose[39m: Rendering page: D:\Workspace\CS2113\AY2627-S1\ay2627s1-website\book\oop\objects\index.md
2026-08-30T23:32:49.431Z - [36mverbose[39m: Rendering page: D:\Workspace\CS2113\AY2627-S1\ay2627s1-website\book\oop\objects\what\index.md
2026-08-30T23:32:49.491Z - [36mverbose[39m: Rendering page: D:\Workspace\CS2113\AY2627-S1\ay2627s1-website\book\oop\objects\abstraction\index.md
2026-08-30T23:32:49.497Z - [36mverbose[39m: Rendering page: D:\Workspace\CS2113\AY2627-S1\ay2627s1-website\book\oop\objects\encapsulation\index.md
2026-08-30T23:32:49.568Z - [36mverbose[39m: Rendering page: D:\Workspace\CS2113\AY2627-S1\ay2627s1-website\book\oop\more\review\index.md
2026-08-30T23:32:49.575Z - [36mverbose[39m: Rendering page: D:\Workspace\CS2113\AY2627-S1\ay2627s1-website\book\oop\more\miscellaneous\index.md
2026-08-30T23:32:49.634Z - [36mverbose[39m: Rendering page: D:\Workspace\CS2113\AY2627-S1\ay2627s1-website\book\oop\more\index.md
2026-08-30T23:32:49.697Z - [36mverbose[39m: Rendering page: D:\Workspace\CS2113\AY2627-S1\ay2627s1-website\book\oop\introduction\what\index.md
2026-08-30T23:32:49.743Z - [36mverbose[39m: Rendering page: D:\Workspace\CS2113\AY2627-S1\ay2627s1-website\book\oop\introduction\index.md
2026-08-30T23:32:49.781Z - [36mverbose[39m: Rendering page: D:\Workspace\CS2113\AY2627-S1\ay2627s1-website\book\oop\inheritance\what\index.md
2026-08-30T23:32:49.808Z - [36mverbose[39m: Rendering page: D:\Workspace\CS2113\AY2627-S1\ay2627s1-website\book\oop\inheritance\overriding\index.md
2026-08-30T23:32:49.815Z - [36mverbose[39m: Rendering page: D:\Workspace\CS2113\AY2627-S1\ay2627s1-website\book\oop\inheritance\substitutability\index.md
2026-08-30T23:32:49.878Z - [36mverbose[39m: Rendering page: D:\Workspace\CS2113\AY2627-S1\ay2627s1-website\book\oop\inheritance\overloading\index.md
2026-08-30T23:32:50.067Z - [36mverbose[39m: Rendering page: D:\Workspace\CS2113\AY2627-S1\ay2627s1-website\book\oop\inheritance\interfaces\index.md
2026-08-30T23:32:50.113Z - [36mverbose[39m: Rendering page: D:\Workspace\CS2113\AY2627-S1\ay2627s1-website\book\oop\inheritance\index.md
2026-08-30T23:32:50.128Z - [36mverbose[39m: Rendering page: D:\Workspace\CS2113\AY2627-S1\ay2627s1-website\book\oop\inheritance\dynamicAndStaticBinding\index.md
2026-08-30T23:32:50.568Z - [36mverbose[39m: Rendering page: D:\Workspace\CS2113\AY2627-S1\ay2627s1-website\book\oop\inheritance\abstractClasses\index.md
2026-08-30T23:32:50.623Z - [36mverbose[39m: Rendering page: D:\Workspace\CS2113\AY2627-S1\ay2627s1-website\book\oop\index.md
2026-08-30T23:32:50.695Z - [36mverbose[39m: Rendering page: D:\Workspace\CS2113\AY2627-S1\ay2627s1-website\book\oop\classes\what\index.md
2026-08-30T23:32:50.707Z - [36mverbose[39m: Rendering page: D:\Workspace\CS2113\AY2627-S1\ay2627s1-website\book\oop\classes\index.md
2026-08-30T23:32:50.753Z - [36mverbose[39m: Rendering page: D:\Workspace\CS2113\AY2627-S1\ay2627s1-website\book\oop\classes\enumerations\index.md
2026-08-30T23:32:50.809Z - [36mverbose[39m: Rendering page: D:\Workspace\CS2113\AY2627-S1\ay2627s1-website\book\oop\classes\classLevelMembers\index.md
2026-08-30T23:32:50.831Z - [36mverbose[39m: Rendering page: D:\Workspace\CS2113\AY2627-S1\ay2627s1-website\book\oop\associations\what\index.md
2026-08-30T23:32:50.958Z - [36mverbose[39m: Rendering page: D:\Workspace\CS2113\AY2627-S1\ay2627s1-website\book\oop\associations\navigability\index.md
2026-08-30T23:32:51.029Z - [36mverbose[39m: Rendering page: D:\Workspace\CS2113\AY2627-S1\ay2627s1-website\book\oop\associations\multiplicity\index.md
2026-08-30T23:32:51.038Z - [36mverbose[39m: Rendering page: D:\Workspace\CS2113\AY2627-S1\ay2627s1-website\book\oop\associations\index.md
2026-08-30T23:32:51.073Z - [36mverbose[39m: Rendering page: D:\Workspace\CS2113\AY2627-S1\ay2627s1-website\book\oop\associations\composition\index.md
2026-08-30T23:32:51.080Z - [36mverbose[39m: Rendering page: D:\Workspace\CS2113\AY2627-S1\ay2627s1-website\book\oop\associations\dependencies\index.md
2026-08-30T23:32:51.166Z - [36mverbose[39m: Rendering page: D:\Workspace\CS2113\AY2627-S1\ay2627s1-website\book\oop\associations\aggregation\index.md
2026-08-30T23:32:51.197Z - [36mverbose[39m: Rendering page: D:\Workspace\CS2113\AY2627-S1\ay2627s1-website\book\oop\associations\associationClasses\index.md
2026-08-30T23:32:51.219Z - [36mverbose[39m: Rendering page: D:\Workspace\CS2113\AY2627-S1\ay2627s1-website\book\modeling\modelingStructures\packageDiagrams\index.md
2026-08-30T23:32:51.299Z - [36mverbose[39m: Rendering page: D:\Workspace\CS2113\AY2627-S1\ay2627s1-website\book\modeling\modelingStructures\ooStructures\index.md
2026-08-30T23:32:52.464Z - [34mdebug[39m: 
2026-08-30T23:32:52.477Z - [36mverbose[39m: Rendering page: D:\Workspace\CS2113\AY2627-S1\ay2627s1-website\book\modeling\modelingStructures\objectDiagrams\index.md
2026-08-30T23:32:52.485Z - [36mverbose[39m: Rendering page: D:\Workspace\CS2113\AY2627-S1\ay2627s1-website\book\modeling\modelingStructures\objectOrientedDomainModels\index.md
2026-08-30T23:32:52.518Z - [36mverbose[39m: Rendering page: D:\Workspace\CS2113\AY2627-S1\ay2627s1-website\book\modeling\modelingStructures\deploymentDiagrams\index.md
2026-08-30T23:32:52.524Z - [36mverbose[39m: Rendering page: D:\Workspace\CS2113\AY2627-S1\ay2627s1-website\book\modeling\modelingStructures\index.md
2026-08-30T23:32:52.605Z - [36mverbose[39m: Rendering page: D:\Workspace\CS2113\AY2627-S1\ay2627s1-website\book\modeling\modelingStructures\compositeStructureDiagrams\index.md
2026-08-30T23:32:52.611Z - [36mverbose[39m: Rendering page: D:\Workspace\CS2113\AY2627-S1\ay2627s1-website\book\modeling\modelingStructures\customisingUml\index.md
2026-08-30T23:32:52.706Z - [36mverbose[39m: Rendering page: D:\Workspace\CS2113\AY2627-S1\ay2627s1-website\book\modeling\modelingStructures\componentDiagrams\index.md
2026-08-30T23:32:52.812Z - [36mverbose[39m: Rendering page: D:\Workspace\CS2113\AY2627-S1\ay2627s1-website\book\modeling\modelingStructures\classDiagramsIntermediate\index.md
2026-08-30T23:32:52.838Z - [36mverbose[39m: Rendering page: D:\Workspace\CS2113\AY2627-S1\ay2627s1-website\book\modeling\modelingStructures\classDiagramsAdvanced\index.md
2026-08-30T23:32:52.860Z - [36mverbose[39m: Rendering page: D:\Workspace\CS2113\AY2627-S1\ay2627s1-website\book\modeling\modelingStructures\classDiagramsBasic\index.md
2026-08-30T23:32:53.893Z - [34mdebug[39m: 
2026-08-30T23:32:53.908Z - [36mverbose[39m: Rendering page: D:\Workspace\CS2113\AY2627-S1\ay2627s1-website\book\modeling\modelingStructures\addingMoreInfo\index.md
2026-08-30T23:32:53.914Z - [36mverbose[39m: Rendering page: D:\Workspace\CS2113\AY2627-S1\ay2627s1-website\book\modeling\modelingBehaviors\useCaseDiagrams\index.md
2026-08-30T23:32:54.025Z - [36mverbose[39m: Rendering page: D:\Workspace\CS2113\AY2627-S1\ay2627s1-website\book\modeling\modelingBehaviors\timingDiagrams\index.md
2026-08-30T23:32:54.031Z - [36mverbose[39m: Rendering page: D:\Workspace\CS2113\AY2627-S1\ay2627s1-website\book\modeling\modelingBehaviors\stateMachineDiagrams\index.md
2026-08-30T23:32:54.066Z - [36mverbose[39m: Rendering page: D:\Workspace\CS2113\AY2627-S1\ay2627s1-website\book\modeling\modelingBehaviors\sequenceDiagramsIntermediate\index.md
2026-08-30T23:32:54.100Z - [36mverbose[39m: Rendering page: D:\Workspace\CS2113\AY2627-S1\ay2627s1-website\book\modeling\modelingBehaviors\sequenceDiagramsBasic\index.md
2026-08-30T23:32:54.270Z - [36mverbose[39m: Rendering page: D:\Workspace\CS2113\AY2627-S1\ay2627s1-website\book\modeling\modelingBehaviors\interactionOverviewDiagrams\index.md
2026-08-30T23:32:54.391Z - [36mverbose[39m: Rendering page: D:\Workspace\CS2113\AY2627-S1\ay2627s1-website\book\modeling\modelingBehaviors\communicationDiagrams\index.md
2026-08-30T23:32:54.421Z - [36mverbose[39m: Rendering page: D:\Workspace\CS2113\AY2627-S1\ay2627s1-website\book\modeling\modelingBehaviors\sequenceDiagramsAdvanced\index.md
2026-08-30T23:32:54.499Z - [36mverbose[39m: Rendering page: D:\Workspace\CS2113\AY2627-S1\ay2627s1-website\book\modeling\modelingBehaviors\activityDiagramsIntermediate\index.md
2026-08-30T23:32:54.505Z - [36mverbose[39m: Rendering page: D:\Workspace\CS2113\AY2627-S1\ay2627s1-website\book\modeling\modelingBehaviors\index.md
2026-08-30T23:32:54.542Z - [36mverbose[39m: Rendering page: D:\Workspace\CS2113\AY2627-S1\ay2627s1-website\book\modeling\modelingBehaviors\activityDiagrams\index.md
2026-08-30T23:32:54.583Z - [36mverbose[39m: Rendering page: D:\Workspace\CS2113\AY2627-S1\ay2627s1-website\book\modeling\modelingASolution\introduction\index.md
2026-08-30T23:32:54.679Z - [36mverbose[39m: Rendering page: D:\Workspace\CS2113\AY2627-S1\ay2627s1-website\book\modeling\modelingASolution\intermediate\index.md
2026-08-30T23:32:54.720Z - [36mverbose[39m: Rendering page: D:\Workspace\CS2113\AY2627-S1\ay2627s1-website\book\modeling\modelingASolution\index.md
2026-08-30T23:32:54.750Z - [36mverbose[39m: Rendering page: D:\Workspace\CS2113\AY2627-S1\ay2627s1-website\book\modeling\modelingASolution\basic\index.md
2026-08-30T23:32:54.775Z - [36mverbose[39m: Rendering page: D:\Workspace\CS2113\AY2627-S1\ay2627s1-website\book\modeling\introduction\what\index.md
2026-08-30T23:32:55.348Z - [36mverbose[39m: Rendering page: D:\Workspace\CS2113\AY2627-S1\ay2627s1-website\book\modeling\introduction\index.md
2026-08-30T23:32:55.358Z - [36mverbose[39m: Rendering page: D:\Workspace\CS2113\AY2627-S1\ay2627s1-website\book\modeling\introduction\umlModels\index.md
2026-08-30T23:32:55.385Z - [36mverbose[39m: Rendering page: D:\Workspace\CS2113\AY2627-S1\ay2627s1-website\book\modeling\introduction\how\index.md
2026-08-30T23:32:55.428Z - [36mverbose[39m: Rendering page: D:\Workspace\CS2113\AY2627-S1\ay2627s1-website\book\modeling\index.md
2026-08-30T23:32:55.515Z - [36mverbose[39m: Rendering page: D:\Workspace\CS2113\AY2627-S1\ay2627s1-website\book\intellij\refactoring\index.md
2026-08-30T23:32:55.521Z - [36mverbose[39m: Rendering page: D:\Workspace\CS2113\AY2627-S1\ay2627s1-website\book\intellij\projectSetup\index.md
2026-08-30T23:32:55.588Z - [36mverbose[39m: Rendering page: D:\Workspace\CS2113\AY2627-S1\ay2627s1-website\book\intellij\productivityShortcuts\index.md
2026-08-30T23:32:55.594Z - [36mverbose[39m: Rendering page: D:\Workspace\CS2113\AY2627-S1\ay2627s1-website\book\intellij\index.md
2026-08-30T23:32:55.721Z - [36mverbose[39m: Rendering page: D:\Workspace\CS2113\AY2627-S1\ay2627s1-website\book\intellij\codeNavigation\index.md
2026-08-30T23:32:55.727Z - [36mverbose[39m: Rendering page: D:\Workspace\CS2113\AY2627-S1\ay2627s1-website\book\intellij\debuggingBasic\index.md
2026-08-30T23:32:55.843Z - [36mverbose[39m: Rendering page: D:\Workspace\CS2113\AY2627-S1\ay2627s1-website\book\integration\introduction\index.md
2026-08-30T23:32:55.848Z - [36mverbose[39m: Rendering page: D:\Workspace\CS2113\AY2627-S1\ay2627s1-website\book\integration\more\index.md
2026-08-30T23:32:55.853Z - [36mverbose[39m: Rendering page: D:\Workspace\CS2113\AY2627-S1\ay2627s1-website\book\integration\more\review\index.md
2026-08-30T23:32:55.857Z - [36mverbose[39m: Rendering page: D:\Workspace\CS2113\AY2627-S1\ay2627s1-website\book\integration\introduction\what\index.md
2026-08-30T23:32:56.075Z - [36mverbose[39m: Rendering page: D:\Workspace\CS2113\AY2627-S1\ay2627s1-website\book\integration\index.md
2026-08-30T23:32:56.101Z - [36mverbose[39m: Rendering page: D:\Workspace\CS2113\AY2627-S1\ay2627s1-website\book\integration\buildAutomation\what\index.md
2026-08-30T23:32:56.108Z - [36mverbose[39m: Rendering page: D:\Workspace\CS2113\AY2627-S1\ay2627s1-website\book\integration\buildAutomation\continuousIntegrationDeployment\index.md
2026-08-30T23:32:56.141Z - [36mverbose[39m: Rendering page: D:\Workspace\CS2113\AY2627-S1\ay2627s1-website\book\integration\buildAutomation\index.md
2026-08-30T23:32:56.628Z - [36mverbose[39m: Rendering page: D:\Workspace\CS2113\AY2627-S1\ay2627s1-website\book\integration\approaches\index.md
2026-08-30T23:32:56.765Z - [36mverbose[39m: Rendering page: D:\Workspace\CS2113\AY2627-S1\ay2627s1-website\book\integration\approaches\lateVsEarly\index.md
2026-08-30T23:32:56.802Z - [36mverbose[39m: Rendering page: D:\Workspace\CS2113\AY2627-S1\ay2627s1-website\book\integration\approaches\topDownVsBottomUp\index.md
2026-08-30T23:32:56.813Z - [36mverbose[39m: Rendering page: D:\Workspace\CS2113\AY2627-S1\ay2627s1-website\book\integration\approaches\bigBangVsIncremental\index.md
2026-08-30T23:32:57.011Z - [36mverbose[39m: Rendering page: D:\Workspace\CS2113\AY2627-S1\ay2627s1-website\book\index.md
2026-08-30T23:32:57.027Z - [36mverbose[39m: Rendering page: D:\Workspace\CS2113\AY2627-S1\ay2627s1-website\book\ides\introduction\index.md
2026-08-30T23:32:57.047Z - [36mverbose[39m: Rendering page: D:\Workspace\CS2113\AY2627-S1\ay2627s1-website\book\ides\index.md
2026-08-30T23:32:57.067Z - [36mverbose[39m: Rendering page: D:\Workspace\CS2113\AY2627-S1\ay2627s1-website\book\ides\introduction\what\index.md
2026-08-30T23:32:57.262Z - [36mverbose[39m: Rendering page: D:\Workspace\CS2113\AY2627-S1\ay2627s1-website\book\ides\debugging\index.md
2026-08-30T23:32:57.278Z - [36mverbose[39m: Rendering page: D:\Workspace\CS2113\AY2627-S1\ay2627s1-website\book\ides\debugging\what\index.md
2026-08-30T23:32:57.287Z - [36mverbose[39m: Rendering page: D:\Workspace\CS2113\AY2627-S1\ay2627s1-website\book\gitAndGithub\trail\workingWithRemotes\index.md
2026-08-30T23:32:57.313Z - [36mverbose[39m: Rendering page: D:\Workspace\CS2113\AY2627-S1\ay2627s1-website\book\gitAndGithub\trail\usingRevisionHistory\index.md
2026-08-30T23:32:57.624Z - [36mverbose[39m: Rendering page: D:\Workspace\CS2113\AY2627-S1\ay2627s1-website\book\gitAndGithub\trail\remoteBranches\index.md
2026-08-30T23:32:57.817Z - [36mverbose[39m: Rendering page: D:\Workspace\CS2113\AY2627-S1\ay2627s1-website\book\gitAndGithub\trail\syncingBranches\index.md
2026-08-30T23:32:57.851Z - [36mverbose[39m: Rendering page: D:\Workspace\CS2113\AY2627-S1\ay2627s1-website\book\gitAndGithub\trail\recordingFolderHistory\index.md
2026-08-30T23:32:57.899Z - [36mverbose[39m: Rendering page: D:\Workspace\CS2113\AY2627-S1\ay2627s1-website\book\gitAndGithub\trail\index.md
2026-08-30T23:32:58.085Z - [36mverbose[39m: Rendering page: D:\Workspace\CS2113\AY2627-S1\ay2627s1-website\book\gitAndGithub\trail\fineTuningHistory\index.md
2026-08-30T23:32:58.102Z - [36mverbose[39m: Rendering page: D:\Workspace\CS2113\AY2627-S1\ay2627s1-website\book\gitAndGithub\trail\branchingLocally\index.md
2026-08-30T23:32:58.118Z - [36mverbose[39m: Rendering page: D:\Workspace\CS2113\AY2627-S1\ay2627s1-website\book\gitAndGithub\trail\backingUpOnCloud\index.md
2026-08-30T23:32:58.162Z - [36mverbose[39m: Rendering page: D:\Workspace\CS2113\AY2627-S1\ay2627s1-website\book\gitAndGithub\reviewPRs\index.md
2026-08-30T23:32:58.267Z - [36mverbose[39m: Rendering page: D:\Workspace\CS2113\AY2627-S1\ay2627s1-website\book\gitAndGithub\index.md
2026-08-30T23:32:58.275Z - [36mverbose[39m: Rendering page: D:\Workspace\CS2113\AY2627-S1\ay2627s1-website\book\gitAndGithub\mergeConflicts\index.md
2026-08-30T23:32:58.280Z - [36mverbose[39m: Rendering page: D:\Workspace\CS2113\AY2627-S1\ay2627s1-website\book\gitAndGithub\managePRs\index.md
2026-08-30T23:32:58.451Z - [36mverbose[39m: Rendering page: D:\Workspace\CS2113\AY2627-S1\ay2627s1-website\book\gitAndGithub\forkingWorkflow\index.md
2026-08-30T23:32:58.503Z - [36mverbose[39m: Rendering page: D:\Workspace\CS2113\AY2627-S1\ay2627s1-website\book\gitAndGithub\createPRs\index.md
2026-08-30T23:32:58.518Z - [36mverbose[39m: Rendering page: D:\Workspace\CS2113\AY2627-S1\ay2627s1-website\book\gatheringRequirements\validation\index.md
2026-08-30T23:32:58.525Z - [36mverbose[39m: Rendering page: D:\Workspace\CS2113\AY2627-S1\ay2627s1-website\book\gatheringRequirements\userSurveys\index.md
2026-08-30T23:32:58.723Z - [36mverbose[39m: Rendering page: D:\Workspace\CS2113\AY2627-S1\ay2627s1-website\book\gatheringRequirements\prototyping\index.md
2026-08-30T23:32:58.986Z - [36mverbose[39m: Rendering page: D:\Workspace\CS2113\AY2627-S1\ay2627s1-website\book\gatheringRequirements\interviews\index.md
2026-08-30T23:32:58.998Z - [36mverbose[39m: Rendering page: D:\Workspace\CS2113\AY2627-S1\ay2627s1-website\book\gatheringRequirements\productSurveys\index.md
2026-08-30T23:32:59.016Z - [36mverbose[39m: Rendering page: D:\Workspace\CS2113\AY2627-S1\ay2627s1-website\book\gatheringRequirements\observation\index.md
2026-08-30T23:32:59.143Z - [36mverbose[39m: Rendering page: D:\Workspace\CS2113\AY2627-S1\ay2627s1-website\book\gatheringRequirements\index.md
2026-08-30T23:32:59.231Z - [36mverbose[39m: Rendering page: D:\Workspace\CS2113\AY2627-S1\ay2627s1-website\book\gatheringRequirements\focusGroups\index.md
2026-08-30T23:32:59.299Z - [36mverbose[39m: Rendering page: D:\Workspace\CS2113\AY2627-S1\ay2627s1-website\book\gatheringRequirements\brainstorming\index.md
2026-08-30T23:32:59.309Z - [36mverbose[39m: Rendering page: D:\Workspace\CS2113\AY2627-S1\ay2627s1-website\book\errorHandling\logging\what\index.md
2026-08-30T23:32:59.332Z - [36mverbose[39m: Rendering page: D:\Workspace\CS2113\AY2627-S1\ay2627s1-website\book\errorHandling\logging\index.md
2026-08-30T23:32:59.852Z - [36mverbose[39m: Rendering page: D:\Workspace\CS2113\AY2627-S1\ay2627s1-website\book\errorHandling\introduction\what\index.md
2026-08-30T23:32:59.857Z - [36mverbose[39m: Rendering page: D:\Workspace\CS2113\AY2627-S1\ay2627s1-website\book\errorHandling\logging\how\index.md
2026-08-30T23:32:59.864Z - [36mverbose[39m: Rendering page: D:\Workspace\CS2113\AY2627-S1\ay2627s1-website\book\errorHandling\introduction\index.md
2026-08-30T23:32:59.950Z - [36mverbose[39m: Rendering page: D:\Workspace\CS2113\AY2627-S1\ay2627s1-website\book\errorHandling\index.md
2026-08-30T23:32:59.994Z - [36mverbose[39m: Rendering page: D:\Workspace\CS2113\AY2627-S1\ay2627s1-website\book\errorHandling\exceptions\index.md
2026-08-30T23:33:00.002Z - [36mverbose[39m: Rendering page: D:\Workspace\CS2113\AY2627-S1\ay2627s1-website\book\errorHandling\exceptions\what\index.md
2026-08-30T23:33:00.006Z - [36mverbose[39m: Rendering page: D:\Workspace\CS2113\AY2627-S1\ay2627s1-website\book\errorHandling\exceptions\when\index.md
2026-08-30T23:33:00.045Z - [36mverbose[39m: Rendering page: D:\Workspace\CS2113\AY2627-S1\ay2627s1-website\book\errorHandling\exceptions\how\index.md
2026-08-30T23:33:00.141Z - [36mverbose[39m: Rendering page: D:\Workspace\CS2113\AY2627-S1\ay2627s1-website\book\errorHandling\designByContract\index.md
2026-08-30T23:33:00.146Z - [36mverbose[39m: Rendering page: D:\Workspace\CS2113\AY2627-S1\ay2627s1-website\book\errorHandling\defensiveProgramming\when\index.md
2026-08-30T23:33:00.151Z - [36mverbose[39m: Rendering page: D:\Workspace\CS2113\AY2627-S1\ay2627s1-website\book\errorHandling\designByContract\what\index.md
2026-08-30T23:33:00.166Z - [36mverbose[39m: Rendering page: D:\Workspace\CS2113\AY2627-S1\ay2627s1-website\book\errorHandling\defensiveProgramming\what\index.md
2026-08-30T23:33:00.465Z - [36mverbose[39m: Rendering page: D:\Workspace\CS2113\AY2627-S1\ay2627s1-website\book\errorHandling\defensiveProgramming\referentialIntegrity\index.md
2026-08-30T23:33:00.480Z - [36mverbose[39m: Rendering page: D:\Workspace\CS2113\AY2627-S1\ay2627s1-website\book\errorHandling\defensiveProgramming\compulsoryAssociations\index.md
2026-08-30T23:33:00.489Z - [36mverbose[39m: Rendering page: D:\Workspace\CS2113\AY2627-S1\ay2627s1-website\book\errorHandling\defensiveProgramming\index.md
2026-08-30T23:33:00.522Z - [36mverbose[39m: Rendering page: D:\Workspace\CS2113\AY2627-S1\ay2627s1-website\book\errorHandling\defensiveProgramming\1to1Associations\index.md
2026-08-30T23:33:00.688Z - [36mverbose[39m: Rendering page: D:\Workspace\CS2113\AY2627-S1\ay2627s1-website\book\errorHandling\assertions\index.md
2026-08-30T23:33:00.699Z - [36mverbose[39m: Rendering page: D:\Workspace\CS2113\AY2627-S1\ay2627s1-website\book\errorHandling\assertions\what\index.md
2026-08-30T23:33:00.705Z - [36mverbose[39m: Rendering page: D:\Workspace\CS2113\AY2627-S1\ay2627s1-website\book\errorHandling\assertions\when\index.md
2026-08-30T23:33:00.742Z - [36mverbose[39m: Rendering page: D:\Workspace\CS2113\AY2627-S1\ay2627s1-website\book\errorHandling\assertions\how\index.md
2026-08-30T23:33:00.832Z - [36mverbose[39m: Rendering page: D:\Workspace\CS2113\AY2627-S1\ay2627s1-website\book\documentation\tools\markdown\index.md
2026-08-30T23:33:00.837Z - [36mverbose[39m: Rendering page: D:\Workspace\CS2113\AY2627-S1\ay2627s1-website\book\documentation\tools\markdown\what\index.md
2026-08-30T23:33:00.841Z - [36mverbose[39m: Rendering page: D:\Workspace\CS2113\AY2627-S1\ay2627s1-website\book\documentation\tools\markdown\how\index.md
2026-08-30T23:33:00.858Z - [36mverbose[39m: Rendering page: D:\Workspace\CS2113\AY2627-S1\ay2627s1-website\book\documentation\tools\javaDoc\what\index.md
2026-08-30T23:33:01.016Z - [36mverbose[39m: Rendering page: D:\Workspace\CS2113\AY2627-S1\ay2627s1-website\book\documentation\tools\index.md
2026-08-30T23:33:01.027Z - [36mverbose[39m: Rendering page: D:\Workspace\CS2113\AY2627-S1\ay2627s1-website\book\documentation\tools\javaDoc\index.md
2026-08-30T23:33:01.034Z - [36mverbose[39m: Rendering page: D:\Workspace\CS2113\AY2627-S1\ay2627s1-website\book\documentation\tools\javaDoc\how\index.md
2026-08-30T23:33:01.128Z - [36mverbose[39m: Rendering page: D:\Workspace\CS2113\AY2627-S1\ay2627s1-website\book\documentation\tools\asciiDoc\what\index.md
2026-08-30T23:33:01.149Z - [36mverbose[39m: Rendering page: D:\Workspace\CS2113\AY2627-S1\ay2627s1-website\book\documentation\tools\asciiDoc\index.md
2026-08-30T23:33:01.306Z - [36mverbose[39m: Rendering page: D:\Workspace\CS2113\AY2627-S1\ay2627s1-website\book\documentation\introduction\what\index.md
2026-08-30T23:33:01.313Z - [36mverbose[39m: Rendering page: D:\Workspace\CS2113\AY2627-S1\ay2627s1-website\book\documentation\introduction\index.md
2026-08-30T23:33:01.336Z - [36mverbose[39m: Rendering page: D:\Workspace\CS2113\AY2627-S1\ay2627s1-website\book\documentation\index.md
2026-08-30T23:33:01.461Z - [36mverbose[39m: Rendering page: D:\Workspace\CS2113\AY2627-S1\ay2627s1-website\book\documentation\guidelines\index.md
2026-08-30T23:33:01.471Z - [36mverbose[39m: Rendering page: D:\Workspace\CS2113\AY2627-S1\ay2627s1-website\book\documentation\guidelines\goTopDown\why\index.md
2026-08-30T23:33:01.476Z - [36mverbose[39m: Rendering page: D:\Workspace\CS2113\AY2627-S1\ay2627s1-website\book\documentation\guidelines\goTopDown\what\index.md
2026-08-30T23:33:01.521Z - [36mverbose[39m: Rendering page: D:\Workspace\CS2113\AY2627-S1\ay2627s1-website\book\documentation\guidelines\goTopDown\index.md
2026-08-30T23:33:01.627Z - [36mverbose[39m: Rendering page: D:\Workspace\CS2113\AY2627-S1\ay2627s1-website\book\documentation\guidelines\documentMinimally\index.md
2026-08-30T23:33:01.633Z - [36mverbose[39m: Rendering page: D:\Workspace\CS2113\AY2627-S1\ay2627s1-website\book\documentation\guidelines\goTopDown\how\index.md
2026-08-30T23:33:01.639Z - [36mverbose[39m: Rendering page: D:\Workspace\CS2113\AY2627-S1\ay2627s1-website\book\documentation\guidelines\documentMinimally\what\index.md
2026-08-30T23:33:01.728Z - [36mverbose[39m: Rendering page: D:\Workspace\CS2113\AY2627-S1\ay2627s1-website\book\documentation\guidelines\documentMinimally\how\index.md
2026-08-30T23:33:01.785Z - [36mverbose[39m: Rendering page: D:\Workspace\CS2113\AY2627-S1\ay2627s1-website\book\documentation\guidelines\aimForComprehensibility\index.md
2026-08-30T23:33:01.791Z - [36mverbose[39m: Rendering page: D:\Workspace\CS2113\AY2627-S1\ay2627s1-website\book\documentation\guidelines\aimForComprehensibility\how\index.md
2026-08-30T23:33:01.798Z - [36mverbose[39m: Rendering page: D:\Workspace\CS2113\AY2627-S1\ay2627s1-website\book\documentation\guidelines\aimForComprehensibility\what\index.md
2026-08-30T23:33:01.817Z - [36mverbose[39m: Rendering page: D:\Workspace\CS2113\AY2627-S1\ay2627s1-website\book\designPatterns\singleton\what\index.md
2026-08-30T23:33:01.966Z - [36mverbose[39m: Rendering page: D:\Workspace\CS2113\AY2627-S1\ay2627s1-website\book\designPatterns\singleton\index.md
2026-08-30T23:33:01.975Z - [36mverbose[39m: Rendering page: D:\Workspace\CS2113\AY2627-S1\ay2627s1-website\book\designPatterns\singleton\evaluation\index.md
2026-08-30T23:33:01.981Z - [36mverbose[39m: Rendering page: D:\Workspace\CS2113\AY2627-S1\ay2627s1-website\book\designPatterns\singleton\implementation\index.md
2026-08-30T23:33:02.003Z - [36mverbose[39m: Rendering page: D:\Workspace\CS2113\AY2627-S1\ay2627s1-website\book\designPatterns\observer\what\index.md
2026-08-30T23:33:02.119Z - [36mverbose[39m: Rendering page: D:\Workspace\CS2113\AY2627-S1\ay2627s1-website\book\designPatterns\observer\index.md
2026-08-30T23:33:02.153Z - [36mverbose[39m: Rendering page: D:\Workspace\CS2113\AY2627-S1\ay2627s1-website\book\designPatterns\more\vsPrinciples\index.md
2026-08-30T23:33:02.159Z - [36mverbose[39m: Rendering page: D:\Workspace\CS2113\AY2627-S1\ay2627s1-website\book\designPatterns\more\usingDesignPatterns\index.md
2026-08-30T23:33:02.249Z - [36mverbose[39m: Rendering page: D:\Workspace\CS2113\AY2627-S1\ay2627s1-website\book\designPatterns\more\otherTypesOfPatterns\index.md
2026-08-30T23:33:02.322Z - [36mverbose[39m: Rendering page: D:\Workspace\CS2113\AY2627-S1\ay2627s1-website\book\designPatterns\more\otherDesignPatterns\index.md
2026-08-30T23:33:02.328Z - [36mverbose[39m: Rendering page: D:\Workspace\CS2113\AY2627-S1\ay2627s1-website\book\designPatterns\more\combiningDesignPatterns\index.md
2026-08-30T23:33:02.333Z - [36mverbose[39m: Rendering page: D:\Workspace\CS2113\AY2627-S1\ay2627s1-website\book\designPatterns\more\index.md
2026-08-30T23:33:02.357Z - [36mverbose[39m: Rendering page: D:\Workspace\CS2113\AY2627-S1\ay2627s1-website\book\designPatterns\modelViewController\what\index.md
2026-08-30T23:33:02.481Z - [36mverbose[39m: Rendering page: D:\Workspace\CS2113\AY2627-S1\ay2627s1-website\book\designPatterns\modelViewController\index.md
2026-08-30T23:33:02.508Z - [36mverbose[39m: Rendering page: D:\Workspace\CS2113\AY2627-S1\ay2627s1-website\book\designPatterns\introduction\index.md
2026-08-30T23:33:02.515Z - [36mverbose[39m: Rendering page: D:\Workspace\CS2113\AY2627-S1\ay2627s1-website\book\designPatterns\introduction\what\index.md
2026-08-30T23:33:02.798Z - [36mverbose[39m: Rendering page: D:\Workspace\CS2113\AY2627-S1\ay2627s1-website\book\designPatterns\introduction\format\index.md
2026-08-30T23:33:02.824Z - [36mverbose[39m: Rendering page: D:\Workspace\CS2113\AY2627-S1\ay2627s1-website\book\designPatterns\facade\what\index.md
2026-08-30T23:33:02.850Z - [36mverbose[39m: Rendering page: D:\Workspace\CS2113\AY2627-S1\ay2627s1-website\book\designPatterns\facade\index.md
2026-08-30T23:33:02.858Z - [36mverbose[39m: Rendering page: D:\Workspace\CS2113\AY2627-S1\ay2627s1-website\book\designPatterns\index.md
2026-08-30T23:33:02.893Z - [36mverbose[39m: Rendering page: D:\Workspace\CS2113\AY2627-S1\ay2627s1-website\book\designPatterns\command\what\index.md
2026-08-30T23:33:03.115Z - [36mverbose[39m: Rendering page: D:\Workspace\CS2113\AY2627-S1\ay2627s1-website\book\designPatterns\abstractionOccurrence\index.md
2026-08-30T23:33:03.123Z - [36mverbose[39m: Rendering page: D:\Workspace\CS2113\AY2627-S1\ay2627s1-website\book\designPatterns\command\index.md
2026-08-30T23:33:03.130Z - [36mverbose[39m: Rendering page: D:\Workspace\CS2113\AY2627-S1\ay2627s1-website\book\designPatterns\abstractionOccurrence\what\index.md
2026-08-30T23:33:03.181Z - [36mverbose[39m: Rendering page: D:\Workspace\CS2113\AY2627-S1\ay2627s1-website\book\designFundamentals\index.md
2026-08-30T23:33:03.302Z - [36mverbose[39m: Rendering page: D:\Workspace\CS2113\AY2627-S1\ay2627s1-website\book\designFundamentals\coupling\types\index.md
2026-08-30T23:33:03.310Z - [36mverbose[39m: Rendering page: D:\Workspace\CS2113\AY2627-S1\ay2627s1-website\book\designFundamentals\coupling\what\index.md
2026-08-30T23:33:03.317Z - [36mverbose[39m: Rendering page: D:\Workspace\CS2113\AY2627-S1\ay2627s1-website\book\designFundamentals\coupling\index.md
2026-08-30T23:33:03.422Z - [36mverbose[39m: Rendering page: D:\Workspace\CS2113\AY2627-S1\ay2627s1-website\book\designFundamentals\coupling\how\index.md
2026-08-30T23:33:03.536Z - [36mverbose[39m: Rendering page: D:\Workspace\CS2113\AY2627-S1\ay2627s1-website\book\designFundamentals\cohesion\index.md
2026-08-30T23:33:03.549Z - [36mverbose[39m: Rendering page: D:\Workspace\CS2113\AY2627-S1\ay2627s1-website\book\designFundamentals\cohesion\what\index.md
2026-08-30T23:33:03.556Z - [36mverbose[39m: Rendering page: D:\Workspace\CS2113\AY2627-S1\ay2627s1-website\book\designFundamentals\cohesion\how\index.md
2026-08-30T23:33:03.677Z - [36mverbose[39m: Rendering page: D:\Workspace\CS2113\AY2627-S1\ay2627s1-website\book\designFundamentals\abstraction\what\index.md
2026-08-30T23:33:03.708Z - [36mverbose[39m: Rendering page: D:\Workspace\CS2113\AY2627-S1\ay2627s1-website\book\designFundamentals\abstraction\index.md
2026-08-30T23:33:03.737Z - [36mverbose[39m: Rendering page: D:\Workspace\CS2113\AY2627-S1\ay2627s1-website\book\designApproaches\topDownBottomUp\index.md
2026-08-30T23:33:03.744Z - [36mverbose[39m: Rendering page: D:\Workspace\CS2113\AY2627-S1\ay2627s1-website\book\designApproaches\topDownBottomUp\what\index.md
2026-08-30T23:33:03.862Z - [36mverbose[39m: Rendering page: D:\Workspace\CS2113\AY2627-S1\ay2627s1-website\book\designApproaches\multilevelDesign\what\index.md
2026-08-30T23:33:03.889Z - [36mverbose[39m: Rendering page: D:\Workspace\CS2113\AY2627-S1\ay2627s1-website\book\designApproaches\multilevelDesign\index.md
2026-08-30T23:33:03.920Z - [36mverbose[39m: Rendering page: D:\Workspace\CS2113\AY2627-S1\ay2627s1-website\book\designApproaches\index.md
2026-08-30T23:33:03.929Z - [36mverbose[39m: Rendering page: D:\Workspace\CS2113\AY2627-S1\ay2627s1-website\book\designApproaches\agileDesign\what\index.md
2026-08-30T23:33:03.950Z - [36mverbose[39m: Rendering page: D:\Workspace\CS2113\AY2627-S1\ay2627s1-website\book\designApproaches\agileDesign\index.md
2026-08-30T23:33:04.067Z - [36mverbose[39m: Rendering page: D:\Workspace\CS2113\AY2627-S1\ay2627s1-website\book\design\introduction\what\index.md
2026-08-30T23:33:04.073Z - [36mverbose[39m: Rendering page: D:\Workspace\CS2113\AY2627-S1\ay2627s1-website\book\design\introduction\index.md
2026-08-30T23:33:04.078Z - [36mverbose[39m: Rendering page: D:\Workspace\CS2113\AY2627-S1\ay2627s1-website\book\design\index.md
2026-08-30T23:33:04.125Z - [36mverbose[39m: Rendering page: D:\Workspace\CS2113\AY2627-S1\ay2627s1-website\book\debugging\what\index.md
2026-08-30T23:33:04.283Z - [36mverbose[39m: Rendering page: D:\Workspace\CS2113\AY2627-S1\ay2627s1-website\book\debugging\tools\index.md
2026-08-30T23:33:04.312Z - [36mverbose[39m: Rendering page: D:\Workspace\CS2113\AY2627-S1\ay2627s1-website\book\debugging\how\index.md
2026-08-30T23:33:04.326Z - [36mverbose[39m: Rendering page: D:\Workspace\CS2113\AY2627-S1\ay2627s1-website\book\debugging\index.md
2026-08-30T23:33:04.355Z - [36mverbose[39m: Rendering page: D:\Workspace\CS2113\AY2627-S1\ay2627s1-website\book\debugging\fixing\index.md
2026-08-30T23:33:04.584Z - [36mverbose[39m: Rendering page: D:\Workspace\CS2113\AY2627-S1\ay2627s1-website\book\debugging\advanced\index.md
2026-08-30T23:33:04.590Z - [36mverbose[39m: Rendering page: D:\Workspace\CS2113\AY2627-S1\ay2627s1-website\book\cppToJava\usefulClasses\wrapperClasses\index.md
2026-08-30T23:33:04.598Z - [36mverbose[39m: Rendering page: D:\Workspace\CS2113\AY2627-S1\ay2627s1-website\book\cppToJava\usefulClasses\stringClass\index.md
2026-08-30T23:33:04.795Z - [36mverbose[39m: Rendering page: D:\Workspace\CS2113\AY2627-S1\ay2627s1-website\book\cppToJava\usefulClasses\scannerClass\index.md
2026-08-30T23:33:04.906Z - [36mverbose[39m: Rendering page: D:\Workspace\CS2113\AY2627-S1\ay2627s1-website\book\cppToJava\usefulClasses\api\index.md
2026-08-30T23:33:04.912Z - [36mverbose[39m: Rendering page: D:\Workspace\CS2113\AY2627-S1\ay2627s1-website\book\cppToJava\usefulClasses\arraysClass\index.md
2026-08-30T23:33:04.920Z - [36mverbose[39m: Rendering page: D:\Workspace\CS2113\AY2627-S1\ay2627s1-website\book\cppToJava\usefulClasses\index.md
2026-08-30T23:33:05.050Z - [36mverbose[39m: Rendering page: D:\Workspace\CS2113\AY2627-S1\ay2627s1-website\book\cppToJava\objects\usingObjects\index.md
2026-08-30T23:33:05.192Z - [36mverbose[39m: Rendering page: D:\Workspace\CS2113\AY2627-S1\ay2627s1-website\book\cppToJava\objects\passingObjects\index.md
2026-08-30T23:33:05.203Z - [36mverbose[39m: Rendering page: D:\Workspace\CS2113\AY2627-S1\ay2627s1-website\book\cppToJava\objects\instanceMembers\index.md
2026-08-30T23:33:05.211Z - [36mverbose[39m: Rendering page: D:\Workspace\CS2113\AY2627-S1\ay2627s1-website\book\cppToJava\objects\index.md
2026-08-30T23:33:05.247Z - [36mverbose[39m: Rendering page: D:\Workspace\CS2113\AY2627-S1\ay2627s1-website\book\cppToJava\objects\garbageCollection\index.md
2026-08-30T23:33:05.397Z - [36mverbose[39m: Rendering page: D:\Workspace\CS2113\AY2627-S1\ay2627s1-website\book\cppToJava\misc\streams\index.md
2026-08-30T23:33:05.404Z - [36mverbose[39m: Rendering page: D:\Workspace\CS2113\AY2627-S1\ay2627s1-website\book\cppToJava\misc\varargs\index.md
2026-08-30T23:33:05.410Z - [36mverbose[39m: Rendering page: D:\Workspace\CS2113\AY2627-S1\ay2627s1-website\book\cppToJava\misc\packages\index.md
2026-08-30T23:33:05.540Z - [36mverbose[39m: Rendering page: D:\Workspace\CS2113\AY2627-S1\ay2627s1-website\book\cppToJava\misc\javaFX\part02\index.md
2026-08-30T23:33:05.572Z - [36mverbose[39m: Rendering page: D:\Workspace\CS2113\AY2627-S1\ay2627s1-website\book\cppToJava\misc\javaFX\index.md
2026-08-30T23:33:05.579Z - [36mverbose[39m: Rendering page: D:\Workspace\CS2113\AY2627-S1\ay2627s1-website\book\cppToJava\misc\jar\index.md
2026-08-30T23:33:05.585Z - [36mverbose[39m: Rendering page: D:\Workspace\CS2113\AY2627-S1\ay2627s1-website\book\cppToJava\misc\javaFX\part01\index.md
2026-08-30T23:33:05.847Z - [36mverbose[39m: Rendering page: D:\Workspace\CS2113\AY2627-S1\ay2627s1-website\book\cppToJava\misc\index.md
2026-08-30T23:33:05.909Z - [36mverbose[39m: Rendering page: D:\Workspace\CS2113\AY2627-S1\ay2627s1-website\book\cppToJava\misc\constants\index.md
2026-08-30T23:33:05.916Z - [36mverbose[39m: Rendering page: D:\Workspace\CS2113\AY2627-S1\ay2627s1-website\book\cppToJava\misc\enums\index.md
2026-08-30T23:33:05.923Z - [36mverbose[39m: Rendering page: D:\Workspace\CS2113\AY2627-S1\ay2627s1-website\book\cppToJava\misc\fileAccess\index.md
2026-08-30T23:33:06.023Z - [36mverbose[39m: Rendering page: D:\Workspace\CS2113\AY2627-S1\ay2627s1-website\book\cppToJava\misc\casting\index.md
2026-08-30T23:33:06.091Z - [36mverbose[39m: Rendering page: D:\Workspace\CS2113\AY2627-S1\ay2627s1-website\book\cppToJava\misc\accessModifiers\index.md
2026-08-30T23:33:06.099Z - [36mverbose[39m: Rendering page: D:\Workspace\CS2113\AY2627-S1\ay2627s1-website\book\cppToJava\junit\intermediate\index.md
2026-08-30T23:33:06.130Z - [36mverbose[39m: Rendering page: D:\Workspace\CS2113\AY2627-S1\ay2627s1-website\book\cppToJava\junit\index.md
2026-08-30T23:33:06.202Z - [36mverbose[39m: Rendering page: D:\Workspace\CS2113\AY2627-S1\ay2627s1-website\book\cppToJava\junit\basic\index.md
2026-08-30T23:33:06.249Z - [36mverbose[39m: Rendering page: D:\Workspace\CS2113\AY2627-S1\ay2627s1-website\book\cppToJava\javaWorld\index.md
2026-08-30T23:33:06.277Z - [36mverbose[39m: Rendering page: D:\Workspace\CS2113\AY2627-S1\ay2627s1-website\book\cppToJava\javaWorld\how\index.md
2026-08-30T23:33:06.283Z - [36mverbose[39m: Rendering page: D:\Workspace\CS2113\AY2627-S1\ay2627s1-website\book\cppToJava\javaWorld\what\index.md
2026-08-30T23:33:06.518Z - [36mverbose[39m: Rendering page: D:\Workspace\CS2113\AY2627-S1\ay2627s1-website\book\cppToJava\javaWorld\editions\index.md
2026-08-30T23:33:06.855Z - [36mverbose[39m: Rendering page: D:\Workspace\CS2113\AY2627-S1\ay2627s1-website\book\cppToJava\inheritance\objectClass\index.md
2026-08-30T23:33:06.868Z - [36mverbose[39m: Rendering page: D:\Workspace\CS2113\AY2627-S1\ay2627s1-website\book\cppToJava\inheritance\interfaces\index.md
2026-08-30T23:33:06.880Z - [36mverbose[39m: Rendering page: D:\Workspace\CS2113\AY2627-S1\ay2627s1-website\book\cppToJava\inheritance\polymorphism\index.md
2026-08-30T23:33:06.912Z - [36mverbose[39m: Rendering page: D:\Workspace\CS2113\AY2627-S1\ay2627s1-website\book\cppToJava\inheritance\index.md
2026-08-30T23:33:09.181Z - [36mverbose[39m: Rendering page: D:\Workspace\CS2113\AY2627-S1\ay2627s1-website\book\cppToJava\inheritance\abstractClassesAndMethods\index.md
2026-08-30T23:33:09.193Z - [36mverbose[39m: Rendering page: D:\Workspace\CS2113\AY2627-S1\ay2627s1-website\book\cppToJava\inheritance\basic\index.md
2026-08-30T23:33:09.205Z - [36mverbose[39m: Rendering page: D:\Workspace\CS2113\AY2627-S1\ay2627s1-website\book\cppToJava\index.md
2026-08-30T23:33:09.376Z - [36mverbose[39m: Rendering page: D:\Workspace\CS2113\AY2627-S1\ay2627s1-website\book\cppToJava\gettingStarted\running\index.md
2026-08-30T23:33:09.502Z - [36mverbose[39m: Rendering page: D:\Workspace\CS2113\AY2627-S1\ay2627s1-website\book\cppToJava\gettingStarted\installation\index.md
2026-08-30T23:33:09.507Z - [36mverbose[39m: Rendering page: D:\Workspace\CS2113\AY2627-S1\ay2627s1-website\book\cppToJava\gettingStarted\helloWorld\index.md
2026-08-30T23:33:09.512Z - [36mverbose[39m: Rendering page: D:\Workspace\CS2113\AY2627-S1\ay2627s1-website\book\cppToJava\gettingStarted\index.md
2026-08-30T23:33:09.599Z - [36mverbose[39m: Rendering page: D:\Workspace\CS2113\AY2627-S1\ay2627s1-website\book\cppToJava\gettingStarted\compiling\index.md
2026-08-30T23:33:09.661Z - [36mverbose[39m: Rendering page: D:\Workspace\CS2113\AY2627-S1\ay2627s1-website\book\cppToJava\generics\what\index.md
2026-08-30T23:33:09.666Z - [36mverbose[39m: Rendering page: D:\Workspace\CS2113\AY2627-S1\ay2627s1-website\book\cppToJava\generics\how\index.md
2026-08-30T23:33:09.677Z - [36mverbose[39m: Rendering page: D:\Workspace\CS2113\AY2627-S1\ay2627s1-website\book\cppToJava\generics\index.md
2026-08-30T23:33:09.750Z - [36mverbose[39m: Rendering page: D:\Workspace\CS2113\AY2627-S1\ay2627s1-website\book\cppToJava\exceptions\what\index.md
2026-08-30T23:33:09.881Z - [36mverbose[39m: Rendering page: D:\Workspace\CS2113\AY2627-S1\ay2627s1-website\book\cppToJava\exceptions\index.md
2026-08-30T23:33:09.893Z - [36mverbose[39m: Rendering page: D:\Workspace\CS2113\AY2627-S1\ay2627s1-website\book\cppToJava\exceptions\how\index.md
2026-08-30T23:33:09.903Z - [36mverbose[39m: Rendering page: D:\Workspace\CS2113\AY2627-S1\ay2627s1-website\book\cppToJava\dataTypes\variables\index.md
2026-08-30T23:33:09.957Z - [36mverbose[39m: Rendering page: D:\Workspace\CS2113\AY2627-S1\ay2627s1-website\book\cppToJava\dataTypes\primitiveTypes\index.md
2026-08-30T23:33:10.175Z - [36mverbose[39m: Rendering page: D:\Workspace\CS2113\AY2627-S1\ay2627s1-website\book\cppToJava\dataTypes\operators\index.md
2026-08-30T23:33:10.182Z - [36mverbose[39m: Rendering page: D:\Workspace\CS2113\AY2627-S1\ay2627s1-website\book\cppToJava\dataTypes\arrays\index.md
2026-08-30T23:33:10.192Z - [36mverbose[39m: Rendering page: D:\Workspace\CS2113\AY2627-S1\ay2627s1-website\book\cppToJava\dataTypes\index.md
2026-08-30T23:33:10.416Z - [36mverbose[39m: Rendering page: D:\Workspace\CS2113\AY2627-S1\ay2627s1-website\book\cppToJava\controlFlow\methods\index.md
2026-08-30T23:33:10.498Z - [36mverbose[39m: Rendering page: D:\Workspace\CS2113\AY2627-S1\ay2627s1-website\book\cppToJava\controlFlow\loops\index.md
2026-08-30T23:33:10.531Z - [36mverbose[39m: Rendering page: D:\Workspace\CS2113\AY2627-S1\ay2627s1-website\book\cppToJava\controlFlow\branching\index.md
2026-08-30T23:33:10.542Z - [36mverbose[39m: Rendering page: D:\Workspace\CS2113\AY2627-S1\ay2627s1-website\book\cppToJava\controlFlow\index.md
2026-08-30T23:33:10.713Z - [36mverbose[39m: Rendering page: D:\Workspace\CS2113\AY2627-S1\ay2627s1-website\book\cppToJava\collections\what\index.md
2026-08-30T23:33:10.888Z - [36mverbose[39m: Rendering page: D:\Workspace\CS2113\AY2627-S1\ay2627s1-website\book\cppToJava\collections\index.md
2026-08-30T23:33:10.905Z - [36mverbose[39m: Rendering page: D:\Workspace\CS2113\AY2627-S1\ay2627s1-website\book\cppToJava\collections\hashMapClass\index.md
2026-08-30T23:33:10.918Z - [36mverbose[39m: Rendering page: D:\Workspace\CS2113\AY2627-S1\ay2627s1-website\book\cppToJava\collections\arrayListClass\index.md
2026-08-30T23:33:11.006Z - [36mverbose[39m: Rendering page: D:\Workspace\CS2113\AY2627-S1\ay2627s1-website\book\cppToJava\classes\index.md
2026-08-30T23:33:11.182Z - [36mverbose[39m: Rendering page: D:\Workspace\CS2113\AY2627-S1\ay2627s1-website\book\cppToJava\classes\gettersAndSetters\index.md
2026-08-30T23:33:11.196Z - [36mverbose[39m: Rendering page: D:\Workspace\CS2113\AY2627-S1\ay2627s1-website\book\cppToJava\classes\classLevelMembers\index.md
2026-08-30T23:33:11.208Z - [36mverbose[39m: Rendering page: D:\Workspace\CS2113\AY2627-S1\ay2627s1-website\book\cppToJava\classes\definingClasses\index.md
2026-08-30T23:33:11.274Z - [36mverbose[39m: Rendering page: D:\Workspace\CS2113\AY2627-S1\ay2627s1-website\book\cppToJava\about\index.md
2026-08-30T23:33:11.466Z - [36mverbose[39m: Rendering page: D:\Workspace\CS2113\AY2627-S1\ay2627s1-website\book\codeQuality\nameWell\intermediate\notTooLongNorShort\index.md
2026-08-30T23:33:11.472Z - [36mverbose[39m: Rendering page: D:\Workspace\CS2113\AY2627-S1\ay2627s1-website\book\codeQuality\nameWell\intermediate\useNameExplain\index.md
2026-08-30T23:33:11.480Z - [36mverbose[39m: Rendering page: D:\Workspace\CS2113\AY2627-S1\ay2627s1-website\book\codeQuality\nameWell\introduction\index.md
2026-08-30T23:33:11.507Z - [36mverbose[39m: Rendering page: D:\Workspace\CS2113\AY2627-S1\ay2627s1-website\book\codeQuality\nameWell\intermediate\index.md
2026-08-30T23:33:11.788Z - [36mverbose[39m: Rendering page: D:\Workspace\CS2113\AY2627-S1\ay2627s1-website\book\codeQuality\nameWell\index.md
2026-08-30T23:33:11.851Z - [36mverbose[39m: Rendering page: D:\Workspace\CS2113\AY2627-S1\ay2627s1-website\book\codeQuality\nameWell\intermediate\avoidMisleadingNames\index.md
2026-08-30T23:33:11.871Z - [36mverbose[39m: Rendering page: D:\Workspace\CS2113\AY2627-S1\ay2627s1-website\book\codeQuality\nameWell\basic\useStandardWords\index.md
2026-08-30T23:33:11.995Z - [36mverbose[39m: Rendering page: D:\Workspace\CS2113\AY2627-S1\ay2627s1-website\book\codeQuality\nameWell\basic\nounsAndVerbsAsNames\index.md
2026-08-30T23:33:12.146Z - [36mverbose[39m: Rendering page: D:\Workspace\CS2113\AY2627-S1\ay2627s1-website\book\codeQuality\nameWell\basic\index.md
2026-08-30T23:33:12.154Z - [36mverbose[39m: Rendering page: D:\Workspace\CS2113\AY2627-S1\ay2627s1-website\book\codeQuality\maximizeReadability\intermediate\structureCodeLogically\index.md
2026-08-30T23:33:12.163Z - [36mverbose[39m: Rendering page: D:\Workspace\CS2113\AY2627-S1\ay2627s1-website\book\codeQuality\maximizeReadability\introduction\index.md
2026-08-30T23:33:12.418Z - [36mverbose[39m: Rendering page: D:\Workspace\CS2113\AY2627-S1\ay2627s1-website\book\codeQuality\maximizeReadability\intermediate\slapHard\index.md
2026-08-30T23:33:12.481Z - [36mverbose[39m: Rendering page: D:\Workspace\CS2113\AY2627-S1\ay2627s1-website\book\codeQuality\maximizeReadability\intermediate\practiceKISSing\index.md
2026-08-30T23:33:12.491Z - [36mverbose[39m: Rendering page: D:\Workspace\CS2113\AY2627-S1\ay2627s1-website\book\codeQuality\maximizeReadability\intermediate\dontTripReader\index.md
2026-08-30T23:33:12.500Z - [36mverbose[39m: Rendering page: D:\Workspace\CS2113\AY2627-S1\ay2627s1-website\book\codeQuality\maximizeReadability\intermediate\index.md
2026-08-30T23:33:12.938Z - [36mverbose[39m: Rendering page: D:\Workspace\CS2113\AY2627-S1\ay2627s1-website\book\codeQuality\maximizeReadability\intermediate\avoidPrematureOptimizations\index.md
2026-08-30T23:33:13.273Z - [36mverbose[39m: Rendering page: D:\Workspace\CS2113\AY2627-S1\ay2627s1-website\book\codeQuality\maximizeReadability\basic\makeCodeObvious\index.md
2026-08-30T23:33:13.285Z - [36mverbose[39m: Rendering page: D:\Workspace\CS2113\AY2627-S1\ay2627s1-website\book\codeQuality\maximizeReadability\basic\index.md
2026-08-30T23:33:13.308Z - [36mverbose[39m: Rendering page: D:\Workspace\CS2113\AY2627-S1\ay2627s1-website\book\codeQuality\maximizeReadability\index.md
2026-08-30T23:33:13.415Z - [36mverbose[39m: Rendering page: D:\Workspace\CS2113\AY2627-S1\ay2627s1-website\book\codeQuality\maximizeReadability\basic\avoidMagicNumbers\index.md
2026-08-30T23:33:13.650Z - [36mverbose[39m: Rendering page: D:\Workspace\CS2113\AY2627-S1\ay2627s1-website\book\codeQuality\maximizeReadability\basic\avoidComplicatedExpressions\index.md
2026-08-30T23:33:13.666Z - [36mverbose[39m: Rendering page: D:\Workspace\CS2113\AY2627-S1\ay2627s1-website\book\codeQuality\maximizeReadability\basic\avoidDeepNesting\index.md
2026-08-30T23:33:13.685Z - [36mverbose[39m: Rendering page: D:\Workspace\CS2113\AY2627-S1\ay2627s1-website\book\codeQuality\maximizeReadability\basic\avoidLongMethods\index.md
2026-08-30T23:33:13.788Z - [36mverbose[39m: Rendering page: D:\Workspace\CS2113\AY2627-S1\ay2627s1-website\book\codeQuality\maximizeReadability\advanced\makeHappyPathProminent\index.md
2026-08-30T23:33:14.286Z - [36mverbose[39m: Rendering page: D:\Workspace\CS2113\AY2627-S1\ay2627s1-website\book\codeQuality\maximizeReadability\advanced\index.md
2026-08-30T23:33:14.295Z - [36mverbose[39m: Rendering page: D:\Workspace\CS2113\AY2627-S1\ay2627s1-website\book\codeQuality\introduction\index.md
2026-08-30T23:33:14.307Z - [36mverbose[39m: Rendering page: D:\Workspace\CS2113\AY2627-S1\ay2627s1-website\book\codeQuality\introduction\basic\index.md
2026-08-30T23:33:14.438Z - [36mverbose[39m: Rendering page: D:\Workspace\CS2113\AY2627-S1\ay2627s1-website\book\codeQuality\index.md
2026-08-30T23:33:14.500Z - [36mverbose[39m: Rendering page: D:\Workspace\CS2113\AY2627-S1\ay2627s1-website\book\codeQuality\followStandard\intermediate\index.md
2026-08-30T23:33:14.508Z - [36mverbose[39m: Rendering page: D:\Workspace\CS2113\AY2627-S1\ay2627s1-website\book\codeQuality\followStandard\index.md
2026-08-30T23:33:14.517Z - [36mverbose[39m: Rendering page: D:\Workspace\CS2113\AY2627-S1\ay2627s1-website\book\codeQuality\followStandard\introduction\index.md
2026-08-30T23:33:14.643Z - [36mverbose[39m: Rendering page: D:\Workspace\CS2113\AY2627-S1\ay2627s1-website\book\codeQuality\followStandard\basic\index.md
2026-08-30T23:33:14.731Z - [36mverbose[39m: Rendering page: D:\Workspace\CS2113\AY2627-S1\ay2627s1-website\book\codeQuality\commentMinimally\introduction\index.md
2026-08-30T23:33:14.737Z - [36mverbose[39m: Rendering page: D:\Workspace\CS2113\AY2627-S1\ay2627s1-website\book\codeQuality\commentMinimally\intermediate\explainWhatWhyNotHow\index.md
2026-08-30T23:33:14.744Z - [36mverbose[39m: Rendering page: D:\Workspace\CS2113\AY2627-S1\ay2627s1-website\book\codeQuality\commentMinimally\intermediate\index.md
2026-08-30T23:33:14.788Z - [36mverbose[39m: Rendering page: D:\Workspace\CS2113\AY2627-S1\ay2627s1-website\book\codeQuality\commentMinimally\index.md
2026-08-30T23:33:14.870Z - [36mverbose[39m: Rendering page: D:\Workspace\CS2113\AY2627-S1\ay2627s1-website\book\codeQuality\commentMinimally\basic\writeToReader\index.md
2026-08-30T23:33:14.875Z - [36mverbose[39m: Rendering page: D:\Workspace\CS2113\AY2627-S1\ay2627s1-website\book\codeQuality\commentMinimally\basic\dontRepeatObvious\index.md
2026-08-30T23:33:14.894Z - [36mverbose[39m: Rendering page: D:\Workspace\CS2113\AY2627-S1\ay2627s1-website\book\codeQuality\commentMinimally\basic\index.md
2026-08-30T23:33:14.926Z - [36mverbose[39m: Rendering page: D:\Workspace\CS2113\AY2627-S1\ay2627s1-website\book\codeQuality\avoidShortcuts\introduction\index.md
2026-08-30T23:33:15.060Z - [36mverbose[39m: Rendering page: D:\Workspace\CS2113\AY2627-S1\ay2627s1-website\book\codeQuality\avoidShortcuts\intermediate\index.md
2026-08-30T23:33:15.066Z - [36mverbose[39m: Rendering page: D:\Workspace\CS2113\AY2627-S1\ay2627s1-website\book\codeQuality\avoidShortcuts\intermediate\minimiseCodeDuplication\index.md
2026-08-30T23:33:15.072Z - [36mverbose[39m: Rendering page: D:\Workspace\CS2113\AY2627-S1\ay2627s1-website\book\codeQuality\avoidShortcuts\intermediate\minimiseVariableScope\index.md
2026-08-30T23:33:15.170Z - [36mverbose[39m: Rendering page: D:\Workspace\CS2113\AY2627-S1\ay2627s1-website\book\codeQuality\avoidShortcuts\index.md
2026-08-30T23:33:15.219Z - [36mverbose[39m: Rendering page: D:\Workspace\CS2113\AY2627-S1\ay2627s1-website\book\codeQuality\avoidShortcuts\basic\dontRecycleVarsOrParams\index.md
2026-08-30T23:33:15.226Z - [36mverbose[39m: Rendering page: D:\Workspace\CS2113\AY2627-S1\ay2627s1-website\book\codeQuality\avoidShortcuts\basic\useDefaultBranch\index.md
2026-08-30T23:33:15.236Z - [36mverbose[39m: Rendering page: D:\Workspace\CS2113\AY2627-S1\ay2627s1-website\book\codeQuality\avoidShortcuts\basic\index.md
2026-08-30T23:33:15.273Z - [36mverbose[39m: Rendering page: D:\Workspace\CS2113\AY2627-S1\ay2627s1-website\book\codeQuality\avoidShortcuts\basic\deleteDeadCode\index.md
2026-08-30T23:33:15.362Z - [36mverbose[39m: Rendering page: D:\Workspace\CS2113\AY2627-S1\ay2627s1-website\book\architecture\introduction\why\index.md
2026-08-30T23:33:15.434Z - [36mverbose[39m: Rendering page: D:\Workspace\CS2113\AY2627-S1\ay2627s1-website\book\architecture\introduction\what\index.md
2026-08-30T23:33:15.442Z - [36mverbose[39m: Rendering page: D:\Workspace\CS2113\AY2627-S1\ay2627s1-website\book\codeQuality\avoidShortcuts\basic\avoidEmptyCatchBlocks\index.md
2026-08-30T23:33:17.238Z - [34mdebug[39m: 
2026-08-30T23:33:17.361Z - [34mdebug[39m: 
2026-08-30T23:33:17.435Z - [34mdebug[39m: 
2026-08-30T23:33:17.456Z - [34mdebug[39m: 
2026-08-30T23:33:17.495Z - [34mdebug[39m: 
2026-08-30T23:33:17.510Z - [34mdebug[39m: 
2026-08-30T23:33:17.510Z - [36mverbose[39m: Rendering page: D:\Workspace\CS2113\AY2627-S1\ay2627s1-website\book\architecture\introduction\index.md
2026-08-30T23:33:17.519Z - [36mverbose[39m: Rendering page: D:\Workspace\CS2113\AY2627-S1\ay2627s1-website\book\architecture\architectureDiagrams\views\index.md
2026-08-30T23:33:17.524Z - [36mverbose[39m: Rendering page: D:\Workspace\CS2113\AY2627-S1\ay2627s1-website\book\architecture\introduction\components\index.md
2026-08-30T23:33:17.536Z - [36mverbose[39m: Rendering page: D:\Workspace\CS2113\AY2627-S1\ay2627s1-website\book\architecture\index.md
2026-08-30T23:33:17.666Z - [36mverbose[39m: Rendering page: D:\Workspace\CS2113\AY2627-S1\ay2627s1-website\book\architecture\architectureDiagrams\drawing\index.md
2026-08-30T23:33:17.674Z - [36mverbose[39m: Rendering page: D:\Workspace\CS2113\AY2627-S1\ay2627s1-website\book\architecture\architectureDiagrams\index.md
2026-08-30T23:33:17.683Z - [36mverbose[39m: Rendering page: D:\Workspace\CS2113\AY2627-S1\ay2627s1-website\book\architecture\architectureDiagrams\reading\index.md
2026-08-30T23:33:17.737Z - [36mverbose[39m: Rendering page: D:\Workspace\CS2113\AY2627-S1\ay2627s1-website\book\architecture\architecturalStyles\serviceOriented\what\index.md
2026-08-30T23:33:17.847Z - [36mverbose[39m: Rendering page: D:\Workspace\CS2113\AY2627-S1\ay2627s1-website\book\architecture\architecturalStyles\serviceOriented\index.md
2026-08-30T23:33:17.854Z - [36mverbose[39m: Rendering page: D:\Workspace\CS2113\AY2627-S1\ay2627s1-website\book\architecture\architecturalStyles\more\usingStyles\index.md
2026-08-30T23:33:17.861Z - [36mverbose[39m: Rendering page: D:\Workspace\CS2113\AY2627-S1\ay2627s1-website\book\architecture\architecturalStyles\more\moreStyles\index.md
2026-08-30T23:33:17.911Z - [36mverbose[39m: Rendering page: D:\Workspace\CS2113\AY2627-S1\ay2627s1-website\book\architecture\architecturalStyles\more\index.md
2026-08-30T23:33:18.009Z - [36mverbose[39m: Rendering page: D:\Workspace\CS2113\AY2627-S1\ay2627s1-website\book\architecture\architecturalStyles\monolith\index.md
2026-08-30T23:33:18.015Z - [36mverbose[39m: Rendering page: D:\Workspace\CS2113\AY2627-S1\ay2627s1-website\book\architecture\architecturalStyles\monolith\what\index.md
2026-08-30T23:33:18.043Z - [36mverbose[39m: Rendering page: D:\Workspace\CS2113\AY2627-S1\ay2627s1-website\book\architecture\architecturalStyles\layered\what\index.md
2026-08-30T23:33:18.064Z - [36mverbose[39m: Rendering page: D:\Workspace\CS2113\AY2627-S1\ay2627s1-website\book\architecture\architecturalStyles\layered\index.md
2026-08-30T23:33:18.254Z - [36mverbose[39m: Rendering page: D:\Workspace\CS2113\AY2627-S1\ay2627s1-website\book\architecture\architecturalStyles\index.md
2026-08-30T23:33:18.270Z - [36mverbose[39m: Rendering page: D:\Workspace\CS2113\AY2627-S1\ay2627s1-website\book\architecture\architecturalStyles\introduction\index.md
2026-08-30T23:33:18.276Z - [36mverbose[39m: Rendering page: D:\Workspace\CS2113\AY2627-S1\ay2627s1-website\book\architecture\architecturalStyles\introduction\what\index.md
2026-08-30T23:33:18.315Z - [36mverbose[39m: Rendering page: D:\Workspace\CS2113\AY2627-S1\ay2627s1-website\book\architecture\architecturalStyles\eventDriven\what\index.md
2026-08-30T23:33:18.584Z - [36mverbose[39m: Rendering page: D:\Workspace\CS2113\AY2627-S1\ay2627s1-website\book\architecture\architecturalStyles\clientServer\what\index.md
2026-08-30T23:33:18.592Z - [36mverbose[39m: Rendering page: D:\Workspace\CS2113\AY2627-S1\ay2627s1-website\book\architecture\architecturalStyles\eventDriven\index.md
2026-08-30T23:33:18.598Z - [36mverbose[39m: Rendering page: D:\Workspace\CS2113\AY2627-S1\ay2627s1-website\book\architecture\architecturalStyles\clientServer\index.md
2026-08-30T23:33:19.185Z - [36mverbose[39m: Rendering page: D:\Workspace\CS2113\AY2627-S1\ay2627s1-website\book\combined\exercises.md
2026-08-30T23:33:19.195Z - [36mverbose[39m: Rendering page: D:\Workspace\CS2113\AY2627-S1\ay2627s1-website\se-book-adapted\git-trail\index.md
2026-08-30T23:33:19.201Z - [36mverbose[39m: Rendering page: D:\Workspace\CS2113\AY2627-S1\ay2627s1-website\se-book-adapted\common\definitions.md
2026-08-30T23:33:19.209Z - [36mverbose[39m: Rendering page: D:\Workspace\CS2113\AY2627-S1\ay2627s1-website\se-book-adapted\common\exercises.md
2026-08-30T23:33:19.743Z - [36mverbose[39m: Rendering page: D:\Workspace\CS2113\AY2627-S1\ay2627s1-website\se-book-adapted\chapters-printable\teamwork-printable.md
2026-08-30T23:33:19.750Z - [36mverbose[39m: Rendering page: D:\Workspace\CS2113\AY2627-S1\ay2627s1-website\se-book-adapted\chapters-printable\testing-printable.md
2026-08-30T23:33:19.769Z - [36mverbose[39m: Rendering page: D:\Workspace\CS2113\AY2627-S1\ay2627s1-website\se-book-adapted\chapters-printable\uml-printable.md
2026-08-30T23:33:19.797Z - [36mverbose[39m: Rendering page: D:\Workspace\CS2113\AY2627-S1\ay2627s1-website\se-book-adapted\chapters-printable\testCaseDesign-printable.md
2026-08-30T23:33:20.086Z - [36mverbose[39m: Rendering page: D:\Workspace\CS2113\AY2627-S1\ay2627s1-website\se-book-adapted\chapters-printable\reuse-printable.md
2026-08-30T23:33:20.092Z - [36mverbose[39m: Rendering page: D:\Workspace\CS2113\AY2627-S1\ay2627s1-website\se-book-adapted\chapters-printable\softwareEngineering-printable.md
2026-08-30T23:33:20.099Z - [36mverbose[39m: Rendering page: D:\Workspace\CS2113\AY2627-S1\ay2627s1-website\se-book-adapted\chapters-printable\security-printable.md
2026-08-30T23:33:20.107Z - [36mverbose[39m: Rendering page: D:\Workspace\CS2113\AY2627-S1\ay2627s1-website\se-book-adapted\chapters-printable\specifyingRequirements-printable.md
2026-08-30T23:33:20.334Z - [36mverbose[39m: Rendering page: D:\Workspace\CS2113\AY2627-S1\ay2627s1-website\se-book-adapted\chapters-printable\qualityAssurance-printable.md
2026-08-30T23:33:20.342Z - [36mverbose[39m: Rendering page: D:\Workspace\CS2113\AY2627-S1\ay2627s1-website\se-book-adapted\chapters-printable\projectPlanning-printable.md
2026-08-30T23:33:20.350Z - [36mverbose[39m: Rendering page: D:\Workspace\CS2113\AY2627-S1\ay2627s1-website\se-book-adapted\chapters-printable\requirements-printable.md
2026-08-30T23:33:20.358Z - [36mverbose[39m: Rendering page: D:\Workspace\CS2113\AY2627-S1\ay2627s1-website\se-book-adapted\chapters-printable\refactoring-printable.md
2026-08-30T23:33:20.973Z - [36mverbose[39m: Rendering page: D:\Workspace\CS2113\AY2627-S1\ay2627s1-website\se-book-adapted\chapters-printable\modeling-printable.md
2026-08-30T23:33:20.995Z - [36mverbose[39m: Rendering page: D:\Workspace\CS2113\AY2627-S1\ay2627s1-website\se-book-adapted\chapters-printable\processModels-printable.md
2026-08-30T23:33:21.004Z - [36mverbose[39m: Rendering page: D:\Workspace\CS2113\AY2627-S1\ay2627s1-website\se-book-adapted\chapters-printable\principles-printable.md
2026-08-30T23:33:21.015Z - [36mverbose[39m: Rendering page: D:\Workspace\CS2113\AY2627-S1\ay2627s1-website\se-book-adapted\chapters-printable\oop-printable.md
2026-08-30T23:33:21.228Z - [36mverbose[39m: Rendering page: D:\Workspace\CS2113\AY2627-S1\ay2627s1-website\se-book-adapted\chapters-printable\intellij-printable.md
2026-08-30T23:33:21.234Z - [36mverbose[39m: Rendering page: D:\Workspace\CS2113\AY2627-S1\ay2627s1-website\se-book-adapted\chapters-printable\ides-printable.md
2026-08-30T23:33:21.239Z - [36mverbose[39m: Rendering page: D:\Workspace\CS2113\AY2627-S1\ay2627s1-website\se-book-adapted\chapters-printable\integration-printable.md
2026-08-30T23:33:21.245Z - [36mverbose[39m: Rendering page: D:\Workspace\CS2113\AY2627-S1\ay2627s1-website\se-book-adapted\chapters-printable\gatheringRequirements-printable.md
2026-08-30T23:33:21.495Z - [36mverbose[39m: Rendering page: D:\Workspace\CS2113\AY2627-S1\ay2627s1-website\se-book-adapted\chapters-printable\designPatterns-printable.md
2026-08-30T23:33:21.503Z - [36mverbose[39m: Rendering page: D:\Workspace\CS2113\AY2627-S1\ay2627s1-website\se-book-adapted\chapters-printable\designFundamentals-printable.md
2026-08-30T23:33:21.511Z - [36mverbose[39m: Rendering page: D:\Workspace\CS2113\AY2627-S1\ay2627s1-website\se-book-adapted\chapters-printable\errorHandling-printable.md
2026-08-30T23:33:21.521Z - [36mverbose[39m: Rendering page: D:\Workspace\CS2113\AY2627-S1\ay2627s1-website\se-book-adapted\chapters-printable\documentation-printable.md
2026-08-30T23:33:22.398Z - [36mverbose[39m: Rendering page: D:\Workspace\CS2113\AY2627-S1\ay2627s1-website\se-book-adapted\chapters-printable\designApproaches-printable.md
2026-08-30T23:33:22.405Z - [36mverbose[39m: Rendering page: D:\Workspace\CS2113\AY2627-S1\ay2627s1-website\se-book-adapted\chapters-printable\design-printable.md
2026-08-30T23:33:22.411Z - [36mverbose[39m: Rendering page: D:\Workspace\CS2113\AY2627-S1\ay2627s1-website\se-book-adapted\chapters-printable\debugging-printable.md
2026-08-30T23:33:22.418Z - [36mverbose[39m: Rendering page: D:\Workspace\CS2113\AY2627-S1\ay2627s1-website\se-book-adapted\chapters-printable\cppToJava-printable.md
2026-08-30T23:33:23.733Z - [36mverbose[39m: Rendering page: D:\Workspace\CS2113\AY2627-S1\ay2627s1-website\se-book-adapted\chapters-printable\architecture-printable.md
2026-08-30T23:33:23.745Z - [36mverbose[39m: Rendering page: D:\Workspace\CS2113\AY2627-S1\ay2627s1-website\se-book-adapted\chapters-printable\codeQuality-printable.md
2026-08-30T23:33:23.775Z - [36mverbose[39m: Rendering page: D:\Workspace\CS2113\AY2627-S1\ay2627s1-website\se-book-adapted\chapters\testing.md
2026-08-30T23:33:23.818Z - [36mverbose[39m: Rendering page: D:\Workspace\CS2113\AY2627-S1\ay2627s1-website\se-book-adapted\chapters\uml.md
2026-08-30T23:33:24.451Z - [36mverbose[39m: Rendering page: D:\Workspace\CS2113\AY2627-S1\ay2627s1-website\se-book-adapted\chapters\test.md
2026-08-30T23:33:24.456Z - [36mverbose[39m: Rendering page: D:\Workspace\CS2113\AY2627-S1\ay2627s1-website\se-book-adapted\chapters\teamwork.md
2026-08-30T23:33:24.465Z - [36mverbose[39m: Rendering page: D:\Workspace\CS2113\AY2627-S1\ay2627s1-website\se-book-adapted\chapters\testCaseDesign.md
2026-08-30T23:33:24.488Z - [36mverbose[39m: Rendering page: D:\Workspace\CS2113\AY2627-S1\ay2627s1-website\se-book-adapted\chapters\specifyingRequirements.md
2026-08-30T23:33:24.883Z - [36mverbose[39m: Rendering page: D:\Workspace\CS2113\AY2627-S1\ay2627s1-website\se-book-adapted\chapters\softwareEngineering.md
2026-08-30T23:33:24.891Z - [36mverbose[39m: Rendering page: D:\Workspace\CS2113\AY2627-S1\ay2627s1-website\se-book-adapted\chapters\requirements.md
2026-08-30T23:33:24.902Z - [36mverbose[39m: Rendering page: D:\Workspace\CS2113\AY2627-S1\ay2627s1-website\se-book-adapted\chapters\reuse.md
2026-08-30T23:33:24.915Z - [36mverbose[39m: Rendering page: D:\Workspace\CS2113\AY2627-S1\ay2627s1-website\se-book-adapted\chapters\security.md
2026-08-30T23:33:25.292Z - [36mverbose[39m: Rendering page: D:\Workspace\CS2113\AY2627-S1\ay2627s1-website\se-book-adapted\chapters\qualityAssurance.md
2026-08-30T23:33:25.304Z - [36mverbose[39m: Rendering page: D:\Workspace\CS2113\AY2627-S1\ay2627s1-website\se-book-adapted\chapters\processModels.md
2026-08-30T23:33:25.317Z - [36mverbose[39m: Rendering page: D:\Workspace\CS2113\AY2627-S1\ay2627s1-website\se-book-adapted\chapters\projectPlanning.md
2026-08-30T23:33:25.328Z - [36mverbose[39m: Rendering page: D:\Workspace\CS2113\AY2627-S1\ay2627s1-website\se-book-adapted\chapters\refactoring.md
2026-08-30T23:33:26.837Z - [36mverbose[39m: Rendering page: D:\Workspace\CS2113\AY2627-S1\ay2627s1-website\se-book-adapted\chapters\intellij.md
2026-08-30T23:33:26.856Z - [36mverbose[39m: Rendering page: D:\Workspace\CS2113\AY2627-S1\ay2627s1-website\se-book-adapted\chapters\principles.md
2026-08-30T23:33:26.877Z - [36mverbose[39m: Rendering page: D:\Workspace\CS2113\AY2627-S1\ay2627s1-website\se-book-adapted\chapters\modeling.md
2026-08-30T23:33:27.315Z - [36mverbose[39m: Rendering page: D:\Workspace\CS2113\AY2627-S1\ay2627s1-website\se-book-adapted\chapters\oop.md
2026-08-30T23:33:28.658Z - [36mverbose[39m: Rendering page: D:\Workspace\CS2113\AY2627-S1\ay2627s1-website\se-book-adapted\chapters\ides.md
2026-08-30T23:33:28.671Z - [36mverbose[39m: Rendering page: D:\Workspace\CS2113\AY2627-S1\ay2627s1-website\se-book-adapted\chapters\gatheringRequirements.md
2026-08-30T23:33:28.687Z - [36mverbose[39m: Rendering page: D:\Workspace\CS2113\AY2627-S1\ay2627s1-website\se-book-adapted\chapters\integration.md
2026-08-30T23:33:28.699Z - [36mverbose[39m: Rendering page: D:\Workspace\CS2113\AY2627-S1\ay2627s1-website\se-book-adapted\chapters\errorHandling.md
2026-08-30T23:33:29.182Z - [36mverbose[39m: Rendering page: D:\Workspace\CS2113\AY2627-S1\ay2627s1-website\se-book-adapted\chapters\designApproaches.md
2026-08-30T23:33:29.194Z - [36mverbose[39m: Rendering page: D:\Workspace\CS2113\AY2627-S1\ay2627s1-website\se-book-adapted\chapters\designPatterns.md
2026-08-30T23:33:29.209Z - [36mverbose[39m: Rendering page: D:\Workspace\CS2113\AY2627-S1\ay2627s1-website\se-book-adapted\chapters\documentation.md
2026-08-30T23:33:29.221Z - [36mverbose[39m: Rendering page: D:\Workspace\CS2113\AY2627-S1\ay2627s1-website\se-book-adapted\chapters\designFundamentals.md
2026-08-30T23:33:31.816Z - [36mverbose[39m: Rendering page: D:\Workspace\CS2113\AY2627-S1\ay2627s1-website\se-book-adapted\chapters\design.md
2026-08-30T23:33:31.825Z - [36mverbose[39m: Rendering page: D:\Workspace\CS2113\AY2627-S1\ay2627s1-website\se-book-adapted\chapters\debugging.md
2026-08-30T23:33:31.841Z - [36mverbose[39m: Rendering page: D:\Workspace\CS2113\AY2627-S1\ay2627s1-website\se-book-adapted\chapters\codeQuality.md
2026-08-30T23:33:31.887Z - [36mverbose[39m: Rendering page: D:\Workspace\CS2113\AY2627-S1\ay2627s1-website\se-book-adapted\chapters\cppToJava.md
2026-08-30T23:33:32.352Z - [36mverbose[39m: Rendering page: D:\Workspace\CS2113\AY2627-S1\ay2627s1-website\book\about\acknowledgements.md
2026-08-30T23:33:32.359Z - [36mverbose[39m: Rendering page: D:\Workspace\CS2113\AY2627-S1\ay2627s1-website\se-book-adapted\index.md
2026-08-30T23:33:32.366Z - [36mverbose[39m: Rendering page: D:\Workspace\CS2113\AY2627-S1\ay2627s1-website\schedule\week9\tutorial.md
2026-08-30T23:33:32.374Z - [36mverbose[39m: Rendering page: D:\Workspace\CS2113\AY2627-S1\ay2627s1-website\se-book-adapted\chapters\architecture.md
2026-08-30T23:33:32.758Z - [36mverbose[39m: Rendering page: D:\Workspace\CS2113\AY2627-S1\ay2627s1-website\schedule\week6\tutorial.md
2026-08-30T23:33:32.766Z - [36mverbose[39m: Rendering page: D:\Workspace\CS2113\AY2627-S1\ay2627s1-website\schedule\week5\tutorial.md
2026-08-30T23:33:32.773Z - [36mverbose[39m: Rendering page: D:\Workspace\CS2113\AY2627-S1\ay2627s1-website\schedule\week8\tutorial.md
2026-08-30T23:33:32.781Z - [36mverbose[39m: Rendering page: D:\Workspace\CS2113\AY2627-S1\ay2627s1-website\schedule\week7\tutorial.md
2026-08-30T23:33:33.419Z - [36mverbose[39m: Rendering page: D:\Workspace\CS2113\AY2627-S1\ay2627s1-website\schedule\week13\tutorial.md
2026-08-30T23:33:33.425Z - [36mverbose[39m: Rendering page: D:\Workspace\CS2113\AY2627-S1\ay2627s1-website\schedule\week2\tutorial.md
2026-08-30T23:33:33.431Z - [36mverbose[39m: Rendering page: D:\Workspace\CS2113\AY2627-S1\ay2627s1-website\schedule\week3\tutorial.md
2026-08-30T23:33:33.441Z - [36mverbose[39m: Rendering page: D:\Workspace\CS2113\AY2627-S1\ay2627s1-website\schedule\week4\tutorial.md
2026-08-30T23:33:33.803Z - [36mverbose[39m: Rendering page: D:\Workspace\CS2113\AY2627-S1\ay2627s1-website\schedule\week11\tutorial.md
2026-08-30T23:33:33.814Z - [36mverbose[39m: Rendering page: D:\Workspace\CS2113\AY2627-S1\ay2627s1-website\schedule\week12\tutorial.md
2026-08-30T23:33:33.821Z - [36mverbose[39m: Rendering page: D:\Workspace\CS2113\AY2627-S1\ay2627s1-website\schedule\week1\tutorial.md
2026-08-30T23:33:33.826Z - [36mverbose[39m: Rendering page: D:\Workspace\CS2113\AY2627-S1\ay2627s1-website\schedule\week10\tutorial.md
2026-08-30T23:33:36.268Z - [36mverbose[39m: Rendering page: D:\Workspace\CS2113\AY2627-S1\ay2627s1-website\schedule\week7\topics.md
2026-08-30T23:33:36.289Z - [36mverbose[39m: Rendering page: D:\Workspace\CS2113\AY2627-S1\ay2627s1-website\schedule\week8\topics.md
2026-08-30T23:33:36.326Z - [36mverbose[39m: Rendering page: D:\Workspace\CS2113\AY2627-S1\ay2627s1-website\schedule\week9\topics.md
2026-08-30T23:33:36.360Z - [36mverbose[39m: Rendering page: D:\Workspace\CS2113\AY2627-S1\ay2627s1-website\schedule\week6\topics.md
2026-08-30T23:33:39.779Z - [36mverbose[39m: Rendering page: D:\Workspace\CS2113\AY2627-S1\ay2627s1-website\schedule\week5\topics.md
2026-08-30T23:33:39.830Z - [36mverbose[39m: Rendering page: D:\Workspace\CS2113\AY2627-S1\ay2627s1-website\schedule\week2\topics.md
2026-08-30T23:33:39.882Z - [36mverbose[39m: Rendering page: D:\Workspace\CS2113\AY2627-S1\ay2627s1-website\schedule\week4\topics.md
2026-08-30T23:33:39.958Z - [36mverbose[39m: Rendering page: D:\Workspace\CS2113\AY2627-S1\ay2627s1-website\schedule\week3\topics.md
2026-08-30T23:33:42.502Z - [36mverbose[39m: Rendering page: D:\Workspace\CS2113\AY2627-S1\ay2627s1-website\schedule\week13\topics.md
2026-08-30T23:33:42.508Z - [36mverbose[39m: Rendering page: D:\Workspace\CS2113\AY2627-S1\ay2627s1-website\schedule\week10\topics.md
2026-08-30T23:33:42.532Z - [36mverbose[39m: Rendering page: D:\Workspace\CS2113\AY2627-S1\ay2627s1-website\schedule\week12\topics.md
2026-08-30T23:33:42.568Z - [36mverbose[39m: Rendering page: D:\Workspace\CS2113\AY2627-S1\ay2627s1-website\schedule\week11\topics.md
2026-08-30T23:33:45.156Z - [36mverbose[39m: Rendering page: D:\Workspace\CS2113\AY2627-S1\ay2627s1-website\schedule\week1\topics.md
2026-08-30T23:33:45.163Z - [36mverbose[39m: Rendering page: D:\Workspace\CS2113\AY2627-S1\ay2627s1-website\schedule\week9\project.md
2026-08-30T23:33:45.172Z - [36mverbose[39m: Rendering page: D:\Workspace\CS2113\AY2627-S1\ay2627s1-website\schedule\week8\project.md
2026-08-30T23:33:45.182Z - [36mverbose[39m: Rendering page: D:\Workspace\CS2113\AY2627-S1\ay2627s1-website\schedule\week7\project.md
2026-08-30T23:33:48.129Z - [36mverbose[39m: Rendering page: D:\Workspace\CS2113\AY2627-S1\ay2627s1-website\schedule\week3\project.md
2026-08-30T23:33:48.143Z - [36mverbose[39m: Rendering page: D:\Workspace\CS2113\AY2627-S1\ay2627s1-website\schedule\week6\project.md
2026-08-30T23:33:48.157Z - [36mverbose[39m: Rendering page: D:\Workspace\CS2113\AY2627-S1\ay2627s1-website\schedule\week5\project.md
2026-08-30T23:33:48.178Z - [36mverbose[39m: Rendering page: D:\Workspace\CS2113\AY2627-S1\ay2627s1-website\schedule\week4\project.md
2026-08-30T23:33:51.718Z - [34mdebug[39m: 
2026-08-30T23:33:51.718Z - [34mdebug[39m: 
2026-08-30T23:33:51.759Z - [36mverbose[39m: Rendering page: D:\Workspace\CS2113\AY2627-S1\ay2627s1-website\schedule\week13\project.md
2026-08-30T23:33:51.766Z - [36mverbose[39m: Rendering page: D:\Workspace\CS2113\AY2627-S1\ay2627s1-website\schedule\week11\project.md
2026-08-30T23:33:51.783Z - [36mverbose[39m: Rendering page: D:\Workspace\CS2113\AY2627-S1\ay2627s1-website\schedule\week2\project.md
2026-08-30T23:33:51.798Z - [36mverbose[39m: Rendering page: D:\Workspace\CS2113\AY2627-S1\ay2627s1-website\schedule\week12\project.md
2026-08-30T23:33:52.655Z - [36mverbose[39m: Rendering page: D:\Workspace\CS2113\AY2627-S1\ay2627s1-website\schedule\week1\project.md
2026-08-30T23:33:52.662Z - [36mverbose[39m: Rendering page: D:\Workspace\CS2113\AY2627-S1\ay2627s1-website\schedule\week9\index.md
2026-08-30T23:33:52.671Z - [36mverbose[39m: Rendering page: D:\Workspace\CS2113\AY2627-S1\ay2627s1-website\schedule\week10\project.md
2026-08-30T23:33:52.683Z - [36mverbose[39m: Rendering page: D:\Workspace\CS2113\AY2627-S1\ay2627s1-website\schedule\week8\index.md
2026-08-30T23:33:53.583Z - [36mverbose[39m: Rendering page: D:\Workspace\CS2113\AY2627-S1\ay2627s1-website\schedule\week5\index.md
2026-08-30T23:33:53.593Z - [36mverbose[39m: Rendering page: D:\Workspace\CS2113\AY2627-S1\ay2627s1-website\schedule\week7\index.md
2026-08-30T23:33:53.601Z - [36mverbose[39m: Rendering page: D:\Workspace\CS2113\AY2627-S1\ay2627s1-website\schedule\week6\index.md
2026-08-30T23:33:53.610Z - [36mverbose[39m: Rendering page: D:\Workspace\CS2113\AY2627-S1\ay2627s1-website\schedule\week4\index.md
2026-08-30T23:33:54.286Z - [36mverbose[39m: Rendering page: D:\Workspace\CS2113\AY2627-S1\ay2627s1-website\schedule\week13\index.md
2026-08-30T23:33:54.294Z - [36mverbose[39m: Rendering page: D:\Workspace\CS2113\AY2627-S1\ay2627s1-website\schedule\week3\index.md
2026-08-30T23:33:54.301Z - [36mverbose[39m: Rendering page: D:\Workspace\CS2113\AY2627-S1\ay2627s1-website\schedule\week2\index.md
2026-08-30T23:33:54.311Z - [36mverbose[39m: Rendering page: D:\Workspace\CS2113\AY2627-S1\ay2627s1-website\schedule\week12\index.md
2026-08-30T23:33:54.923Z - [36mverbose[39m: Rendering page: D:\Workspace\CS2113\AY2627-S1\ay2627s1-website\schedule\week10\index.md
2026-08-30T23:33:54.931Z - [36mverbose[39m: Rendering page: D:\Workspace\CS2113\AY2627-S1\ay2627s1-website\schedule\week1\index.md
2026-08-30T23:33:54.937Z - [36mverbose[39m: Rendering page: D:\Workspace\CS2113\AY2627-S1\ay2627s1-website\schedule\week9\admin.md
2026-08-30T23:33:54.947Z - [36mverbose[39m: Rendering page: D:\Workspace\CS2113\AY2627-S1\ay2627s1-website\schedule\week11\index.md
2026-08-30T23:33:55.697Z - [36mverbose[39m: Rendering page: D:\Workspace\CS2113\AY2627-S1\ay2627s1-website\schedule\week7\admin.md
2026-08-30T23:33:55.704Z - [36mverbose[39m: Rendering page: D:\Workspace\CS2113\AY2627-S1\ay2627s1-website\schedule\week8\admin.md
2026-08-30T23:33:55.711Z - [36mverbose[39m: Rendering page: D:\Workspace\CS2113\AY2627-S1\ay2627s1-website\schedule\week6\admin.md
2026-08-30T23:33:55.719Z - [36mverbose[39m: Rendering page: D:\Workspace\CS2113\AY2627-S1\ay2627s1-website\schedule\week5\admin.md
2026-08-30T23:33:56.844Z - [36mverbose[39m: Rendering page: D:\Workspace\CS2113\AY2627-S1\ay2627s1-website\schedule\week13\admin.md
2026-08-30T23:33:56.852Z - [36mverbose[39m: Rendering page: D:\Workspace\CS2113\AY2627-S1\ay2627s1-website\schedule\week4\admin.md
2026-08-30T23:33:56.860Z - [36mverbose[39m: Rendering page: D:\Workspace\CS2113\AY2627-S1\ay2627s1-website\schedule\week2\admin.md
2026-08-30T23:33:56.873Z - [36mverbose[39m: Rendering page: D:\Workspace\CS2113\AY2627-S1\ay2627s1-website\schedule\week3\admin.md
2026-08-30T23:33:58.540Z - [34mdebug[39m: 
2026-08-30T23:33:58.589Z - [36mverbose[39m: Rendering page: D:\Workspace\CS2113\AY2627-S1\ay2627s1-website\schedule\week10\admin.md
2026-08-30T23:33:58.595Z - [36mverbose[39m: Rendering page: D:\Workspace\CS2113\AY2627-S1\ay2627s1-website\schedule\week11\admin.md
2026-08-30T23:33:58.601Z - [36mverbose[39m: Rendering page: D:\Workspace\CS2113\AY2627-S1\ay2627s1-website\schedule\week12\admin.md
2026-08-30T23:33:58.608Z - [36mverbose[39m: Rendering page: D:\Workspace\CS2113\AY2627-S1\ay2627s1-website\schedule\week1\admin.md
2026-08-30T23:34:01.366Z - [36mverbose[39m: Rendering page: D:\Workspace\CS2113\AY2627-S1\ay2627s1-website\projectDuke\print.md
2026-08-30T23:34:01.373Z - [36mverbose[39m: Rendering page: D:\Workspace\CS2113\AY2627-S1\ay2627s1-website\schedule\index.md
2026-08-30T23:34:01.383Z - [36mverbose[39m: Rendering page: D:\Workspace\CS2113\AY2627-S1\ay2627s1-website\schedule\timeline.md
2026-08-30T23:34:01.409Z - [36mverbose[39m: Rendering page: D:\Workspace\CS2113\AY2627-S1\ay2627s1-website\projectDuke\text.md
2026-08-30T23:34:01.998Z - [36mverbose[39m: Rendering page: D:\Workspace\CS2113\AY2627-S1\ay2627s1-website\projectDuke\path.md
2026-08-30T23:34:02.004Z - [36mverbose[39m: Rendering page: D:\Workspace\CS2113\AY2627-S1\ay2627s1-website\admin\weeklySchedule.md
2026-08-30T23:34:02.013Z - [36mverbose[39m: Rendering page: D:\Workspace\CS2113\AY2627-S1\ay2627s1-website\projectDuke\cs3227.md
2026-08-30T23:34:02.040Z - [36mverbose[39m: Rendering page: D:\Workspace\CS2113\AY2627-S1\ay2627s1-website\projectDuke\index.md
2026-08-30T23:34:02.503Z - [36mverbose[39m: Rendering page: D:\Workspace\CS2113\AY2627-S1\ay2627s1-website\admin\uml-reference-sheet.md
2026-08-30T23:34:02.508Z - [36mverbose[39m: Rendering page: D:\Workspace\CS2113\AY2627-S1\ay2627s1-website\admin\tutors-info.md
2026-08-30T23:34:02.514Z - [36mverbose[39m: Rendering page: D:\Workspace\CS2113\AY2627-S1\ay2627s1-website\admin\tutorials.md
2026-08-30T23:34:02.527Z - [36mverbose[39m: Rendering page: D:\Workspace\CS2113\AY2627-S1\ay2627s1-website\admin\usingThisWebsite.md
2026-08-30T23:34:04.897Z - [36mverbose[39m: Rendering page: D:\Workspace\CS2113\AY2627-S1\ay2627s1-website\admin\tp-w8.md
2026-08-30T23:34:04.909Z - [36mverbose[39m: Rendering page: D:\Workspace\CS2113\AY2627-S1\ay2627s1-website\admin\tp-w9.md
2026-08-30T23:34:04.919Z - [36mverbose[39m: Rendering page: D:\Workspace\CS2113\AY2627-S1\ay2627s1-website\admin\tp-w7.md
2026-08-30T23:34:04.931Z - [36mverbose[39m: Rendering page: D:\Workspace\CS2113\AY2627-S1\ay2627s1-website\admin\tp-w6.md
2026-08-30T23:34:06.365Z - [36mverbose[39m: Rendering page: D:\Workspace\CS2113\AY2627-S1\ay2627s1-website\admin\tp-w2.md
2026-08-30T23:34:06.371Z - [36mverbose[39m: Rendering page: D:\Workspace\CS2113\AY2627-S1\ay2627s1-website\admin\tp-w3.md
2026-08-30T23:34:06.380Z - [36mverbose[39m: Rendering page: D:\Workspace\CS2113\AY2627-S1\ay2627s1-website\admin\tp-w5.md
2026-08-30T23:34:06.393Z - [36mverbose[39m: Rendering page: D:\Workspace\CS2113\AY2627-S1\ay2627s1-website\admin\tp-w4.md
2026-08-30T23:34:09.396Z - [36mverbose[39m: Rendering page: D:\Workspace\CS2113\AY2627-S1\ay2627s1-website\admin\tp-w13.md
2026-08-30T23:34:09.406Z - [36mverbose[39m: Rendering page: D:\Workspace\CS2113\AY2627-S1\ay2627s1-website\admin\tp-w10.md
2026-08-30T23:34:09.419Z - [36mverbose[39m: Rendering page: D:\Workspace\CS2113\AY2627-S1\ay2627s1-website\admin\tp-w11.md
2026-08-30T23:34:09.435Z - [36mverbose[39m: Rendering page: D:\Workspace\CS2113\AY2627-S1\ay2627s1-website\admin\tp-w12.md
2026-08-30T23:34:10.901Z - [34mdebug[39m: 
2026-08-30T23:34:10.901Z - [34mdebug[39m: 
2026-08-30T23:34:10.967Z - [36mverbose[39m: Rendering page: D:\Workspace\CS2113\AY2627-S1\ay2627s1-website\admin\tp-timeline.md
2026-08-30T23:34:10.976Z - [36mverbose[39m: Rendering page: D:\Workspace\CS2113\AY2627-S1\ay2627s1-website\admin\tp-teams.md
2026-08-30T23:34:10.984Z - [36mverbose[39m: Rendering page: D:\Workspace\CS2113\AY2627-S1\ay2627s1-website\admin\tp-supervision.md
2026-08-30T23:34:10.992Z - [36mverbose[39m: Rendering page: D:\Workspace\CS2113\AY2627-S1\ay2627s1-website\admin\tp-ped.md
2026-08-30T23:34:12.897Z - [36mverbose[39m: Rendering page: D:\Workspace\CS2113\AY2627-S1\ay2627s1-website\admin\tp-overview.md
2026-08-30T23:34:12.907Z - [36mverbose[39m: Rendering page: D:\Workspace\CS2113\AY2627-S1\ay2627s1-website\admin\tp-expectations.md
2026-08-30T23:34:12.918Z - [36mverbose[39m: Rendering page: D:\Workspace\CS2113\AY2627-S1\ay2627s1-website\admin\tp-grading.md
2026-08-30T23:34:12.933Z - [36mverbose[39m: Rendering page: D:\Workspace\CS2113\AY2627-S1\ay2627s1-website\admin\tp-pe.md
2026-08-30T23:34:13.302Z - [36mverbose[39m: Rendering page: D:\Workspace\CS2113\AY2627-S1\ay2627s1-website\admin\tp-common-fragments.md
2026-08-30T23:34:13.308Z - [36mverbose[39m: Rendering page: D:\Workspace\CS2113\AY2627-S1\ay2627s1-website\admin\tp-constraints.md
2026-08-30T23:34:13.315Z - [36mverbose[39m: Rendering page: D:\Workspace\CS2113\AY2627-S1\ay2627s1-website\admin\tp-deliverables.md
2026-08-30T23:34:13.325Z - [36mverbose[39m: Rendering page: D:\Workspace\CS2113\AY2627-S1\ay2627s1-website\admin\tools.md
2026-08-30T23:34:13.451Z - [36mverbose[39m: Rendering page: D:\Workspace\CS2113\AY2627-S1\ay2627s1-website\admin\teamList.md
2026-08-30T23:34:13.456Z - [36mverbose[39m: Rendering page: D:\Workspace\CS2113\AY2627-S1\ay2627s1-website\admin\syllabus.md
2026-08-30T23:34:13.461Z - [36mverbose[39m: Rendering page: D:\Workspace\CS2113\AY2627-S1\ay2627s1-website\admin\textbooks.md
2026-08-30T23:34:13.467Z - [36mverbose[39m: Rendering page: D:\Workspace\CS2113\AY2627-S1\ay2627s1-website\admin\standardsAndConventions.md
2026-08-30T23:34:13.710Z - [36mverbose[39m: Rendering page: D:\Workspace\CS2113\AY2627-S1\ay2627s1-website\admin\reposenseAuthorAnnotation.md
2026-08-30T23:34:13.719Z - [36mverbose[39m: Rendering page: D:\Workspace\CS2113\AY2627-S1\ay2627s1-website\admin\programmingLanguages.md
2026-08-30T23:34:13.730Z - [36mverbose[39m: Rendering page: D:\Workspace\CS2113\AY2627-S1\ay2627s1-website\admin\peerEvaluations.md
2026-08-30T23:34:13.746Z - [36mverbose[39m: Rendering page: D:\Workspace\CS2113\AY2627-S1\ay2627s1-website\admin\participation.md
2026-08-30T23:34:13.962Z - [36mverbose[39m: Rendering page: D:\Workspace\CS2113\AY2627-S1\ay2627s1-website\admin\mid-semester-survey-results.md
2026-08-30T23:34:13.968Z - [36mverbose[39m: Rendering page: D:\Workspace\CS2113\AY2627-S1\ay2627s1-website\admin\lectures.md
2026-08-30T23:34:13.976Z - [36mverbose[39m: Rendering page: D:\Workspace\CS2113\AY2627-S1\ay2627s1-website\admin\ip-w8.md
2026-08-30T23:34:13.984Z - [36mverbose[39m: Rendering page: D:\Workspace\CS2113\AY2627-S1\ay2627s1-website\admin\overview-for-teachers.md
2026-08-30T23:34:15.009Z - [36mverbose[39m: Rendering page: D:\Workspace\CS2113\AY2627-S1\ay2627s1-website\admin\ip-w6.md
2026-08-30T23:34:15.020Z - [36mverbose[39m: Rendering page: D:\Workspace\CS2113\AY2627-S1\ay2627s1-website\admin\ip-w5.md
2026-08-30T23:34:15.034Z - [36mverbose[39m: Rendering page: D:\Workspace\CS2113\AY2627-S1\ay2627s1-website\admin\ip-w7.md
2026-08-30T23:34:15.047Z - [36mverbose[39m: Rendering page: D:\Workspace\CS2113\AY2627-S1\ay2627s1-website\admin\ip-w4.md
2026-08-30T23:34:15.897Z - [36mverbose[39m: Rendering page: D:\Workspace\CS2113\AY2627-S1\ay2627s1-website\admin\ip-showcase.md
2026-08-30T23:34:15.902Z - [36mverbose[39m: Rendering page: D:\Workspace\CS2113\AY2627-S1\ay2627s1-website\admin\ip-overview.md
2026-08-30T23:34:15.911Z - [36mverbose[39m: Rendering page: D:\Workspace\CS2113\AY2627-S1\ay2627s1-website\admin\ip-w3.md
2026-08-30T23:34:15.923Z - [36mverbose[39m: Rendering page: D:\Workspace\CS2113\AY2627-S1\ay2627s1-website\admin\ip-w2.md
2026-08-30T23:34:16.515Z - [36mverbose[39m: Rendering page: D:\Workspace\CS2113\AY2627-S1\ay2627s1-website\admin\instructors.md
2026-08-30T23:34:16.522Z - [36mverbose[39m: Rendering page: D:\Workspace\CS2113\AY2627-S1\ay2627s1-website\admin\index.md
2026-08-30T23:34:16.530Z - [36mverbose[39m: Rendering page: D:\Workspace\CS2113\AY2627-S1\ay2627s1-website\admin\ip-grading.md
2026-08-30T23:34:16.538Z - [36mverbose[39m: Rendering page: D:\Workspace\CS2113\AY2627-S1\ay2627s1-website\admin\gradeBreakdown.md
2026-08-30T23:34:16.824Z - [36mverbose[39m: Rendering page: D:\Workspace\CS2113\AY2627-S1\ay2627s1-website\admin\exam-reference-sheet.md
2026-08-30T23:34:16.830Z - [36mverbose[39m: Rendering page: D:\Workspace\CS2113\AY2627-S1\ay2627s1-website\admin\exam-pen-and-paper.md
2026-08-30T23:34:16.836Z - [36mverbose[39m: Rendering page: D:\Workspace\CS2113\AY2627-S1\ay2627s1-website\admin\exams-f2f.md
2026-08-30T23:34:16.843Z - [36mverbose[39m: Rendering page: D:\Workspace\CS2113\AY2627-S1\ay2627s1-website\admin\exams.md
2026-08-30T23:34:17.030Z - [36mverbose[39m: Rendering page: D:\Workspace\CS2113\AY2627-S1\ay2627s1-website\admin\appendixH-tipsFromStudents.md
2026-08-30T23:34:17.041Z - [36mverbose[39m: Rendering page: D:\Workspace\CS2113\AY2627-S1\ay2627s1-website\admin\courseExpectations.md
2026-08-30T23:34:17.050Z - [36mverbose[39m: Rendering page: D:\Workspace\CS2113\AY2627-S1\ay2627s1-website\admin\courseOverview.md
2026-08-30T23:34:17.057Z - [36mverbose[39m: Rendering page: D:\Workspace\CS2113\AY2627-S1\ay2627s1-website\admin\courseBriefings.md
2026-08-30T23:34:17.344Z - [36mverbose[39m: Rendering page: D:\Workspace\CS2113\AY2627-S1\ay2627s1-website\admin\appendixG-troubleshooting.md
2026-08-30T23:34:17.350Z - [36mverbose[39m: Rendering page: D:\Workspace\CS2113\AY2627-S1\ay2627s1-website\admin\appendixG-CS2103R.md
2026-08-30T23:34:17.355Z - [36mverbose[39m: Rendering page: D:\Workspace\CS2113\AY2627-S1\ay2627s1-website\admin\appendixF-teamworkIssues.md
2026-08-30T23:34:17.364Z - [36mverbose[39m: Rendering page: D:\Workspace\CS2113\AY2627-S1\ay2627s1-website\admin\appendixE-gitHub.md
2026-08-30T23:34:19.481Z - [36mverbose[39m: Rendering page: D:\Workspace\CS2113\AY2627-S1\ay2627s1-website\admin\appendixD-help.md
2026-08-30T23:34:19.494Z - [36mverbose[39m: Rendering page: D:\Workspace\CS2113\AY2627-S1\ay2627s1-website\admin\appendixC-faq.md
2026-08-30T23:34:19.573Z - [32minfo[39m: Pages built
2026-08-30T23:34:20.494Z - [32minfo[39m: Site data built
2026-08-30T23:34:20.494Z - [32minfo[39m: Website generation complete! Total build time: 125.145s
2026-08-30T23:34:20.494Z - [32minfo[39m: Build success!
2026-08-30T23:35:08.074Z - [31merror[39m: Error: spawn git ENOENT
    at ChildProcess._handle.onexit (node:internal/child_process:287:19)
    at onErrorNT (node:internal/child_process:525:16)
    at process.processTicksAndRejections (node:internal/process/task_queues:90:21)
2026-08-30T23:44:02.295Z - [32minfo[39m: Website generation started at 7:43:57 am
2026-08-30T23:44:03.390Z - [32minfo[39m: Building assets...
2026-08-30T23:44:05.117Z - [32minfo[39m: Assets built
2026-08-30T23:44:05.117Z - [32minfo[39m: Generating pages...
2026-08-30T23:44:05.705Z - [36mverbose[39m: Rendering page: D:\Workspace\CS2113\AY2627-S1\ay2627s1-website\admin\acknowledgements.md
2026-08-30T23:44:05.720Z - [36mverbose[39m: Rendering page: D:\Workspace\CS2113\AY2627-S1\ay2627s1-website\admin\CP3108A-option.md
2026-08-30T23:44:05.729Z - [36mverbose[39m: Rendering page: D:\Workspace\CS2113\AY2627-S1\ay2627s1-website\admin\appendixA-principles.md
2026-08-30T23:44:05.777Z - [36mverbose[39m: Rendering page: D:\Workspace\CS2113\AY2627-S1\ay2627s1-website\admin\appendixB-policies.md
2026-08-30T23:44:11.279Z - [34mdebug[39m: 
2026-08-30T23:44:11.280Z - [34mdebug[39m: 
2026-08-30T23:44:11.281Z - [34mdebug[39m: 
2026-08-30T23:44:11.284Z - [34mdebug[39m: 
2026-08-30T23:44:11.286Z - [34mdebug[39m: 
2026-08-30T23:44:11.296Z - [34mdebug[39m: 
2026-08-30T23:44:11.297Z - [34mdebug[39m: 
2026-08-30T23:44:11.298Z - [34mdebug[39m: 
2026-08-30T23:44:11.302Z - [34mdebug[39m: 
2026-08-30T23:44:11.332Z - [34mdebug[39m: 
2026-08-30T23:44:11.335Z - [34mdebug[39m: 
2026-08-30T23:44:11.348Z - [34mdebug[39m: 
2026-08-30T23:44:11.365Z - [34mdebug[39m: 
2026-08-30T23:44:11.373Z - [34mdebug[39m: 
2026-08-30T23:44:11.448Z - [34mdebug[39m: 
2026-08-30T23:44:11.529Z - [34mdebug[39m: 
2026-08-30T23:44:11.624Z - [34mdebug[39m: 
2026-08-30T23:44:11.658Z - [36mverbose[39m: Rendering page: D:\Workspace\CS2113\AY2627-S1\ay2627s1-website\se-book-adapted\print.md
2026-08-30T23:44:11.837Z - [36mverbose[39m: Rendering page: D:\Workspace\CS2113\AY2627-S1\ay2627s1-website\index.md
2026-08-30T23:44:11.849Z - [36mverbose[39m: Rendering page: D:\Workspace\CS2113\AY2627-S1\ay2627s1-website\book\uml\stereotypes\index.md
2026-08-30T23:44:11.857Z - [36mverbose[39m: Rendering page: D:\Workspace\CS2113\AY2627-S1\ay2627s1-website\book\uml\stereotypes\what\index.md
2026-08-30T23:44:12.022Z - [36mverbose[39m: Rendering page: D:\Workspace\CS2113\AY2627-S1\ay2627s1-website\book\uml\sequenceDiagrams\staticMethods\index.md
2026-08-30T23:44:12.031Z - [36mverbose[39m: Rendering page: D:\Workspace\CS2113\AY2627-S1\ay2627s1-website\book\uml\sequenceDiagrams\selfInvocation\index.md
2026-08-30T23:44:12.041Z - [36mverbose[39m: Rendering page: D:\Workspace\CS2113\AY2627-S1\ay2627s1-website\book\uml\sequenceDiagrams\parallelPaths\index.md
2026-08-30T23:44:12.049Z - [36mverbose[39m: Rendering page: D:\Workspace\CS2113\AY2627-S1\ay2627s1-website\book\uml\sequenceDiagrams\referenceFrames\index.md
2026-08-30T23:44:12.206Z - [36mverbose[39m: Rendering page: D:\Workspace\CS2113\AY2627-S1\ay2627s1-website\book\uml\sequenceDiagrams\minimalNotation\index.md
2026-08-30T23:44:12.217Z - [36mverbose[39m: Rendering page: D:\Workspace\CS2113\AY2627-S1\ay2627s1-website\book\uml\sequenceDiagrams\objectCreation\index.md
2026-08-30T23:44:12.223Z - [36mverbose[39m: Rendering page: D:\Workspace\CS2113\AY2627-S1\ay2627s1-website\book\uml\sequenceDiagrams\objectDeletion\index.md
2026-08-30T23:44:12.235Z - [36mverbose[39m: Rendering page: D:\Workspace\CS2113\AY2627-S1\ay2627s1-website\book\uml\sequenceDiagrams\optionalPaths\index.md
2026-08-30T23:44:12.481Z - [36mverbose[39m: Rendering page: D:\Workspace\CS2113\AY2627-S1\ay2627s1-website\book\uml\sequenceDiagrams\introduction\index.md
2026-08-30T23:44:12.489Z - [36mverbose[39m: Rendering page: D:\Workspace\CS2113\AY2627-S1\ay2627s1-website\book\uml\sequenceDiagrams\loops\index.md
2026-08-30T23:44:12.497Z - [36mverbose[39m: Rendering page: D:\Workspace\CS2113\AY2627-S1\ay2627s1-website\book\uml\sequenceDiagrams\basic\index.md
2026-08-30T23:44:12.506Z - [36mverbose[39m: Rendering page: D:\Workspace\CS2113\AY2627-S1\ay2627s1-website\book\uml\sequenceDiagrams\index.md
2026-08-30T23:44:12.665Z - [36mverbose[39m: Rendering page: D:\Workspace\CS2113\AY2627-S1\ay2627s1-website\book\uml\objectDiagrams\objects\index.md
2026-08-30T23:44:12.673Z - [36mverbose[39m: Rendering page: D:\Workspace\CS2113\AY2627-S1\ay2627s1-website\book\uml\objectDiagrams\introduction\index.md
2026-08-30T23:44:12.679Z - [36mverbose[39m: Rendering page: D:\Workspace\CS2113\AY2627-S1\ay2627s1-website\book\uml\sequenceDiagrams\alternativePaths\index.md
2026-08-30T23:44:12.685Z - [36mverbose[39m: Rendering page: D:\Workspace\CS2113\AY2627-S1\ay2627s1-website\book\uml\objectDiagrams\index.md
2026-08-30T23:44:12.822Z - [36mverbose[39m: Rendering page: D:\Workspace\CS2113\AY2627-S1\ay2627s1-website\book\uml\notes\index.md
2026-08-30T23:44:12.829Z - [36mverbose[39m: Rendering page: D:\Workspace\CS2113\AY2627-S1\ay2627s1-website\book\uml\notes\notes\index.md
2026-08-30T23:44:12.835Z - [36mverbose[39m: Rendering page: D:\Workspace\CS2113\AY2627-S1\ay2627s1-website\book\uml\objectDiagrams\associations\index.md
2026-08-30T23:44:12.841Z - [36mverbose[39m: Rendering page: D:\Workspace\CS2113\AY2627-S1\ay2627s1-website\book\uml\notes\constraints\index.md
2026-08-30T23:44:14.882Z - [34mdebug[39m: 
2026-08-30T23:44:15.008Z - [34mdebug[39m: 
2026-08-30T23:44:15.219Z - [34mdebug[39m: 
2026-08-30T23:44:15.220Z - [34mdebug[39m: 
2026-08-30T23:44:15.225Z - [34mdebug[39m: 
2026-08-30T23:44:15.227Z - [34mdebug[39m: 
2026-08-30T23:44:15.600Z - [34mdebug[39m: 
2026-08-30T23:44:15.702Z - [36mverbose[39m: Rendering page: D:\Workspace\CS2113\AY2627-S1\ay2627s1-website\book\uml\miscellaneous\index.md
2026-08-30T23:44:15.714Z - [36mverbose[39m: Rendering page: D:\Workspace\CS2113\AY2627-S1\ay2627s1-website\book\uml\miscellaneous\objectVsClassDiagrams\index.md
2026-08-30T23:44:15.721Z - [36mverbose[39m: Rendering page: D:\Workspace\CS2113\AY2627-S1\ay2627s1-website\book\uml\classDiagrams\introduction\what\index.md
2026-08-30T23:44:15.727Z - [36mverbose[39m: Rendering page: D:\Workspace\CS2113\AY2627-S1\ay2627s1-website\book\uml\index.md
2026-08-30T23:44:16.113Z - [36mverbose[39m: Rendering page: D:\Workspace\CS2113\AY2627-S1\ay2627s1-website\book\uml\classDiagrams\introduction\index.md
2026-08-30T23:44:16.120Z - [36mverbose[39m: Rendering page: D:\Workspace\CS2113\AY2627-S1\ay2627s1-website\book\uml\classDiagrams\interfaces\index.md
2026-08-30T23:44:16.126Z - [36mverbose[39m: Rendering page: D:\Workspace\CS2113\AY2627-S1\ay2627s1-website\book\uml\classDiagrams\interfaces\what\index.md
2026-08-30T23:44:16.132Z - [36mverbose[39m: Rendering page: D:\Workspace\CS2113\AY2627-S1\ay2627s1-website\book\uml\classDiagrams\index.md
2026-08-30T23:44:16.284Z - [36mverbose[39m: Rendering page: D:\Workspace\CS2113\AY2627-S1\ay2627s1-website\book\uml\classDiagrams\dependencies\what\index.md
2026-08-30T23:44:16.294Z - [36mverbose[39m: Rendering page: D:\Workspace\CS2113\AY2627-S1\ay2627s1-website\book\uml\classDiagrams\dependencies\index.md
2026-08-30T23:44:16.301Z - [36mverbose[39m: Rendering page: D:\Workspace\CS2113\AY2627-S1\ay2627s1-website\book\uml\classDiagrams\enumerations\what\index.md
2026-08-30T23:44:16.309Z - [36mverbose[39m: Rendering page: D:\Workspace\CS2113\AY2627-S1\ay2627s1-website\book\uml\classDiagrams\enumerations\index.md
2026-08-30T23:44:16.464Z - [36mverbose[39m: Rendering page: D:\Workspace\CS2113\AY2627-S1\ay2627s1-website\book\uml\classDiagrams\composition\index.md
2026-08-30T23:44:16.471Z - [36mverbose[39m: Rendering page: D:\Workspace\CS2113\AY2627-S1\ay2627s1-website\book\uml\classDiagrams\composition\what\index.md
2026-08-30T23:44:16.479Z - [36mverbose[39m: Rendering page: D:\Workspace\CS2113\AY2627-S1\ay2627s1-website\book\uml\classDiagrams\combine\index.md
2026-08-30T23:44:16.492Z - [36mverbose[39m: Rendering page: D:\Workspace\CS2113\AY2627-S1\ay2627s1-website\book\uml\classDiagrams\combine\basic\index.md
2026-08-30T23:44:16.729Z - [36mverbose[39m: Rendering page: D:\Workspace\CS2113\AY2627-S1\ay2627s1-website\book\uml\classDiagrams\classLevelMembers\what\index.md
2026-08-30T23:44:16.735Z - [36mverbose[39m: Rendering page: D:\Workspace\CS2113\AY2627-S1\ay2627s1-website\book\uml\classDiagrams\classLevelMembers\index.md
2026-08-30T23:44:16.741Z - [36mverbose[39m: Rendering page: D:\Workspace\CS2113\AY2627-S1\ay2627s1-website\book\uml\classDiagrams\classes\index.md
2026-08-30T23:44:16.749Z - [36mverbose[39m: Rendering page: D:\Workspace\CS2113\AY2627-S1\ay2627s1-website\book\uml\classDiagrams\classes\what\index.md
2026-08-30T23:44:16.876Z - [36mverbose[39m: Rendering page: D:\Workspace\CS2113\AY2627-S1\ay2627s1-website\book\uml\classDiagrams\classInheritance\what\index.md
2026-08-30T23:44:16.882Z - [36mverbose[39m: Rendering page: D:\Workspace\CS2113\AY2627-S1\ay2627s1-website\book\uml\classDiagrams\classInheritance\index.md
2026-08-30T23:44:16.888Z - [36mverbose[39m: Rendering page: D:\Workspace\CS2113\AY2627-S1\ay2627s1-website\book\uml\classDiagrams\associationsAsAttributes\what\index.md
2026-08-30T23:44:16.896Z - [36mverbose[39m: Rendering page: D:\Workspace\CS2113\AY2627-S1\ay2627s1-website\book\uml\classDiagrams\associationsAsAttributes\index.md
2026-08-30T23:44:17.033Z - [36mverbose[39m: Rendering page: D:\Workspace\CS2113\AY2627-S1\ay2627s1-website\book\uml\classDiagrams\associations\roles\index.md
2026-08-30T23:44:17.040Z - [36mverbose[39m: Rendering page: D:\Workspace\CS2113\AY2627-S1\ay2627s1-website\book\uml\classDiagrams\associations\what\index.md
2026-08-30T23:44:17.045Z - [36mverbose[39m: Rendering page: D:\Workspace\CS2113\AY2627-S1\ay2627s1-website\book\uml\classDiagrams\associations\multiplicity\index.md
2026-08-30T23:44:17.051Z - [36mverbose[39m: Rendering page: D:\Workspace\CS2113\AY2627-S1\ay2627s1-website\book\uml\classDiagrams\associations\navigability\index.md
2026-08-30T23:44:17.201Z - [36mverbose[39m: Rendering page: D:\Workspace\CS2113\AY2627-S1\ay2627s1-website\book\uml\classDiagrams\associationClasses\index.md
2026-08-30T23:44:17.210Z - [36mverbose[39m: Rendering page: D:\Workspace\CS2113\AY2627-S1\ay2627s1-website\book\uml\classDiagrams\associations\labels\index.md
2026-08-30T23:44:17.215Z - [36mverbose[39m: Rendering page: D:\Workspace\CS2113\AY2627-S1\ay2627s1-website\book\uml\classDiagrams\associationClasses\what\index.md
2026-08-30T23:44:17.220Z - [36mverbose[39m: Rendering page: D:\Workspace\CS2113\AY2627-S1\ay2627s1-website\book\uml\classDiagrams\associations\index.md
2026-08-30T23:44:17.366Z - [36mverbose[39m: Rendering page: D:\Workspace\CS2113\AY2627-S1\ay2627s1-website\book\uml\classDiagrams\abstractClasses\what\index.md
2026-08-30T23:44:17.372Z - [36mverbose[39m: Rendering page: D:\Workspace\CS2113\AY2627-S1\ay2627s1-website\book\uml\classDiagrams\aggregation\what\index.md
2026-08-30T23:44:17.380Z - [36mverbose[39m: Rendering page: D:\Workspace\CS2113\AY2627-S1\ay2627s1-website\book\uml\classDiagrams\abstractClasses\index.md
2026-08-30T23:44:17.387Z - [36mverbose[39m: Rendering page: D:\Workspace\CS2113\AY2627-S1\ay2627s1-website\book\uml\classDiagrams\aggregation\index.md
2026-08-30T23:44:17.585Z - [36mverbose[39m: Rendering page: D:\Workspace\CS2113\AY2627-S1\ay2627s1-website\book\uml\activityDiagrams\basicNotations\swimlanes\index.md
2026-08-30T23:44:17.591Z - [36mverbose[39m: Rendering page: D:\Workspace\CS2113\AY2627-S1\ay2627s1-website\book\uml\activityDiagrams\index.md
2026-08-30T23:44:17.602Z - [36mverbose[39m: Rendering page: D:\Workspace\CS2113\AY2627-S1\ay2627s1-website\book\uml\activityDiagrams\introduction\index.md
2026-08-30T23:44:17.609Z - [36mverbose[39m: Rendering page: D:\Workspace\CS2113\AY2627-S1\ay2627s1-website\book\uml\activityDiagrams\introduction\what\index.md
2026-08-30T23:44:17.755Z - [36mverbose[39m: Rendering page: D:\Workspace\CS2113\AY2627-S1\ay2627s1-website\book\uml\activityDiagrams\basicNotations\linearPaths\index.md
2026-08-30T23:44:17.761Z - [36mverbose[39m: Rendering page: D:\Workspace\CS2113\AY2627-S1\ay2627s1-website\book\uml\activityDiagrams\basicNotations\parallelPaths\index.md
2026-08-30T23:44:17.767Z - [36mverbose[39m: Rendering page: D:\Workspace\CS2113\AY2627-S1\ay2627s1-website\book\uml\activityDiagrams\basicNotations\rakes\index.md
2026-08-30T23:44:17.772Z - [36mverbose[39m: Rendering page: D:\Workspace\CS2113\AY2627-S1\ay2627s1-website\book\uml\activityDiagrams\basicNotations\index.md
2026-08-30T23:44:17.952Z - [36mverbose[39m: Rendering page: D:\Workspace\CS2113\AY2627-S1\ay2627s1-website\book\uml\activityDiagrams\basicNotations\alternatePaths\index.md
2026-08-30T23:44:17.959Z - [36mverbose[39m: Rendering page: D:\Workspace\CS2113\AY2627-S1\ay2627s1-website\book\testing\testingTypes\unitTesting\what\index.md
2026-08-30T23:44:17.965Z - [36mverbose[39m: Rendering page: D:\Workspace\CS2113\AY2627-S1\ay2627s1-website\book\testing\testingTypes\unitTesting\stubs\index.md
2026-08-30T23:44:17.972Z - [36mverbose[39m: Rendering page: D:\Workspace\CS2113\AY2627-S1\ay2627s1-website\book\testing\testingTypes\unitTesting\index.md
2026-08-30T23:44:18.091Z - [36mverbose[39m: Rendering page: D:\Workspace\CS2113\AY2627-S1\ay2627s1-website\book\testing\testingTypes\systemTesting\index.md
2026-08-30T23:44:18.097Z - [36mverbose[39m: Rendering page: D:\Workspace\CS2113\AY2627-S1\ay2627s1-website\book\testing\testingTypes\regressionTesting\what\index.md
2026-08-30T23:44:18.102Z - [36mverbose[39m: Rendering page: D:\Workspace\CS2113\AY2627-S1\ay2627s1-website\book\testing\testingTypes\regressionTesting\index.md
2026-08-30T23:44:18.106Z - [36mverbose[39m: Rendering page: D:\Workspace\CS2113\AY2627-S1\ay2627s1-website\book\testing\testingTypes\systemTesting\what\index.md
2026-08-30T23:44:18.353Z - [36mverbose[39m: Rendering page: D:\Workspace\CS2113\AY2627-S1\ay2627s1-website\book\testing\testingTypes\integrationTesting\index.md
2026-08-30T23:44:18.359Z - [36mverbose[39m: Rendering page: D:\Workspace\CS2113\AY2627-S1\ay2627s1-website\book\testing\testingTypes\integrationTesting\what\index.md
2026-08-30T23:44:18.363Z - [36mverbose[39m: Rendering page: D:\Workspace\CS2113\AY2627-S1\ay2627s1-website\book\testing\testingTypes\index.md
2026-08-30T23:44:18.379Z - [36mverbose[39m: Rendering page: D:\Workspace\CS2113\AY2627-S1\ay2627s1-website\book\testing\testingTypes\integrationTesting\how\index.md
2026-08-30T23:44:18.500Z - [36mverbose[39m: Rendering page: D:\Workspace\CS2113\AY2627-S1\ay2627s1-website\book\testing\testingTypes\exploratoryVsScriptedTesting\index.md
2026-08-30T23:44:18.507Z - [36mverbose[39m: Rendering page: D:\Workspace\CS2113\AY2627-S1\ay2627s1-website\book\testing\testingTypes\dogfooding\what\index.md
2026-08-30T23:44:18.513Z - [36mverbose[39m: Rendering page: D:\Workspace\CS2113\AY2627-S1\ay2627s1-website\book\testing\testingTypes\exploratoryVsScriptedTesting\when\index.md
2026-08-30T23:44:18.518Z - [36mverbose[39m: Rendering page: D:\Workspace\CS2113\AY2627-S1\ay2627s1-website\book\testing\testingTypes\exploratoryVsScriptedTesting\what\index.md
2026-08-30T23:44:18.636Z - [36mverbose[39m: Rendering page: D:\Workspace\CS2113\AY2627-S1\ay2627s1-website\book\testing\testingTypes\dogfooding\index.md
2026-08-30T23:44:18.643Z - [36mverbose[39m: Rendering page: D:\Workspace\CS2113\AY2627-S1\ay2627s1-website\book\testing\testingTypes\developerTesting\why\index.md
2026-08-30T23:44:18.650Z - [36mverbose[39m: Rendering page: D:\Workspace\CS2113\AY2627-S1\ay2627s1-website\book\testing\testingTypes\developerTesting\index.md
2026-08-30T23:44:18.658Z - [36mverbose[39m: Rendering page: D:\Workspace\CS2113\AY2627-S1\ay2627s1-website\book\testing\testingTypes\developerTesting\what\index.md
2026-08-30T23:44:18.834Z - [36mverbose[39m: Rendering page: D:\Workspace\CS2113\AY2627-S1\ay2627s1-website\book\testing\testingTypes\acceptanceTesting\index.md
2026-08-30T23:44:18.842Z - [36mverbose[39m: Rendering page: D:\Workspace\CS2113\AY2627-S1\ay2627s1-website\book\testing\testingTypes\alphaBetaTesting\what\index.md
2026-08-30T23:44:18.854Z - [36mverbose[39m: Rendering page: D:\Workspace\CS2113\AY2627-S1\ay2627s1-website\book\testing\testingTypes\acceptanceTesting\what\index.md
2026-08-30T23:44:18.863Z - [36mverbose[39m: Rendering page: D:\Workspace\CS2113\AY2627-S1\ay2627s1-website\book\testing\testingTypes\alphaBetaTesting\index.md
2026-08-30T23:44:19.053Z - [36mverbose[39m: Rendering page: D:\Workspace\CS2113\AY2627-S1\ay2627s1-website\book\testing\testingTypes\acceptanceTesting\acceptanceVsSystemTesting\index.md
2026-08-30T23:44:19.061Z - [36mverbose[39m: Rendering page: D:\Workspace\CS2113\AY2627-S1\ay2627s1-website\book\testing\testCoverage\how\index.md
2026-08-30T23:44:19.067Z - [36mverbose[39m: Rendering page: D:\Workspace\CS2113\AY2627-S1\ay2627s1-website\book\testing\testCoverage\what\index.md
2026-08-30T23:44:19.077Z - [36mverbose[39m: Rendering page: D:\Workspace\CS2113\AY2627-S1\ay2627s1-website\book\testing\testCoverage\index.md
2026-08-30T23:44:19.220Z - [36mverbose[39m: Rendering page: D:\Workspace\CS2113\AY2627-S1\ay2627s1-website\book\testing\testAutomation\what\index.md
2026-08-30T23:44:19.227Z - [36mverbose[39m: Rendering page: D:\Workspace\CS2113\AY2627-S1\ay2627s1-website\book\testing\testAutomation\tools\index.md
2026-08-30T23:44:19.236Z - [36mverbose[39m: Rendering page: D:\Workspace\CS2113\AY2627-S1\ay2627s1-website\book\testing\testAutomation\usingTestDrivers\index.md
2026-08-30T23:44:19.245Z - [36mverbose[39m: Rendering page: D:\Workspace\CS2113\AY2627-S1\ay2627s1-website\book\testing\testAutomation\testingTextUis\index.md
2026-08-30T23:44:19.496Z - [36mverbose[39m: Rendering page: D:\Workspace\CS2113\AY2627-S1\ay2627s1-website\book\testing\testAutomation\testingGuis\index.md
2026-08-30T23:44:19.505Z - [36mverbose[39m: Rendering page: D:\Workspace\CS2113\AY2627-S1\ay2627s1-website\book\testing\testAutomation\index.md
2026-08-30T23:44:19.517Z - [36mverbose[39m: Rendering page: D:\Workspace\CS2113\AY2627-S1\ay2627s1-website\book\testing\tdd\index.md
2026-08-30T23:44:19.526Z - [36mverbose[39m: Rendering page: D:\Workspace\CS2113\AY2627-S1\ay2627s1-website\book\testing\tdd\what\index.md
2026-08-30T23:44:19.700Z - [36mverbose[39m: Rendering page: D:\Workspace\CS2113\AY2627-S1\ay2627s1-website\book\testing\introduction\index.md
2026-08-30T23:44:19.732Z - [36mverbose[39m: Rendering page: D:\Workspace\CS2113\AY2627-S1\ay2627s1-website\book\testing\tdd\how\index.md
2026-08-30T23:44:19.749Z - [36mverbose[39m: Rendering page: D:\Workspace\CS2113\AY2627-S1\ay2627s1-website\book\testing\introduction\what\index.md
2026-08-30T23:44:19.759Z - [36mverbose[39m: Rendering page: D:\Workspace\CS2113\AY2627-S1\ay2627s1-website\book\testing\introduction\testability\index.md
2026-08-30T23:44:20.537Z - [36mverbose[39m: Rendering page: D:\Workspace\CS2113\AY2627-S1\ay2627s1-website\book\testing\dependencyInjection\what\index.md
2026-08-30T23:44:20.549Z - [36mverbose[39m: Rendering page: D:\Workspace\CS2113\AY2627-S1\ay2627s1-website\book\testing\dependencyInjection\how\index.md
2026-08-30T23:44:20.559Z - [36mverbose[39m: Rendering page: D:\Workspace\CS2113\AY2627-S1\ay2627s1-website\book\testing\dependencyInjection\index.md
2026-08-30T23:44:20.575Z - [36mverbose[39m: Rendering page: D:\Workspace\CS2113\AY2627-S1\ay2627s1-website\book\testing\index.md
2026-08-30T23:44:20.994Z - [36mverbose[39m: Rendering page: D:\Workspace\CS2113\AY2627-S1\ay2627s1-website\book\testCaseDesign\summary\index.md
2026-08-30T23:44:21.006Z - [36mverbose[39m: Rendering page: D:\Workspace\CS2113\AY2627-S1\ay2627s1-website\book\testCaseDesign\summary\exercises\index.md
2026-08-30T23:44:21.016Z - [36mverbose[39m: Rendering page: D:\Workspace\CS2113\AY2627-S1\ay2627s1-website\book\testCaseDesign\summary\recap\index.md
2026-08-30T23:44:21.026Z - [36mverbose[39m: Rendering page: D:\Workspace\CS2113\AY2627-S1\ay2627s1-website\book\testCaseDesign\more\testingUseCases\index.md
2026-08-30T23:44:21.291Z - [36mverbose[39m: Rendering page: D:\Workspace\CS2113\AY2627-S1\ay2627s1-website\book\testCaseDesign\more\index.md
2026-08-30T23:44:21.299Z - [36mverbose[39m: Rendering page: D:\Workspace\CS2113\AY2627-S1\ay2627s1-website\book\testCaseDesign\introduction\what\index.md
2026-08-30T23:44:21.309Z - [36mverbose[39m: Rendering page: D:\Workspace\CS2113\AY2627-S1\ay2627s1-website\book\testCaseDesign\introduction\positiveVsNegative\index.md
2026-08-30T23:44:21.316Z - [36mverbose[39m: Rendering page: D:\Workspace\CS2113\AY2627-S1\ay2627s1-website\book\testCaseDesign\introduction\index.md
2026-08-30T23:44:21.775Z - [36mverbose[39m: Rendering page: D:\Workspace\CS2113\AY2627-S1\ay2627s1-website\book\testCaseDesign\introduction\blackVsGlass\index.md
2026-08-30T23:44:21.783Z - [36mverbose[39m: Rendering page: D:\Workspace\CS2113\AY2627-S1\ay2627s1-website\book\testCaseDesign\index.md
2026-08-30T23:44:21.818Z - [36mverbose[39m: Rendering page: D:\Workspace\CS2113\AY2627-S1\ay2627s1-website\book\testCaseDesign\equivalencePartitions\intermediate\index.md
2026-08-30T23:44:21.825Z - [36mverbose[39m: Rendering page: D:\Workspace\CS2113\AY2627-S1\ay2627s1-website\book\testCaseDesign\equivalencePartitions\what\index.md
2026-08-30T23:44:21.977Z - [36mverbose[39m: Rendering page: D:\Workspace\CS2113\AY2627-S1\ay2627s1-website\book\testCaseDesign\equivalencePartitions\basic\index.md
2026-08-30T23:44:21.985Z - [36mverbose[39m: Rendering page: D:\Workspace\CS2113\AY2627-S1\ay2627s1-website\book\testCaseDesign\equivalencePartitions\index.md
2026-08-30T23:44:21.993Z - [36mverbose[39m: Rendering page: D:\Workspace\CS2113\AY2627-S1\ay2627s1-website\book\testCaseDesign\combiningTestInputs\why\index.md
2026-08-30T23:44:21.998Z - [36mverbose[39m: Rendering page: D:\Workspace\CS2113\AY2627-S1\ay2627s1-website\book\testCaseDesign\combiningTestInputs\mix\index.md
2026-08-30T23:44:22.178Z - [36mverbose[39m: Rendering page: D:\Workspace\CS2113\AY2627-S1\ay2627s1-website\book\testCaseDesign\combiningTestInputs\heuristicValid\index.md
2026-08-30T23:44:22.184Z - [36mverbose[39m: Rendering page: D:\Workspace\CS2113\AY2627-S1\ay2627s1-website\book\testCaseDesign\combiningTestInputs\heuristicInvalid\index.md
2026-08-30T23:44:22.190Z - [36mverbose[39m: Rendering page: D:\Workspace\CS2113\AY2627-S1\ay2627s1-website\book\testCaseDesign\combiningTestInputs\combinationStrategies\index.md
2026-08-30T23:44:22.196Z - [36mverbose[39m: Rendering page: D:\Workspace\CS2113\AY2627-S1\ay2627s1-website\book\testCaseDesign\combiningTestInputs\index.md
2026-08-30T23:44:22.318Z - [36mverbose[39m: Rendering page: D:\Workspace\CS2113\AY2627-S1\ay2627s1-website\book\teamwork\teamStructures\index.md
2026-08-30T23:44:22.324Z - [36mverbose[39m: Rendering page: D:\Workspace\CS2113\AY2627-S1\ay2627s1-website\book\testCaseDesign\boundaryValueAnalysis\index.md
2026-08-30T23:44:22.329Z - [36mverbose[39m: Rendering page: D:\Workspace\CS2113\AY2627-S1\ay2627s1-website\book\testCaseDesign\boundaryValueAnalysis\how\index.md
2026-08-30T23:44:22.334Z - [36mverbose[39m: Rendering page: D:\Workspace\CS2113\AY2627-S1\ay2627s1-website\book\testCaseDesign\boundaryValueAnalysis\what\index.md
2026-08-30T23:44:22.597Z - [36mverbose[39m: Rendering page: D:\Workspace\CS2113\AY2627-S1\ay2627s1-website\book\specifyingRequirements\userStories\introduction\index.md
2026-08-30T23:44:22.605Z - [36mverbose[39m: Rendering page: D:\Workspace\CS2113\AY2627-S1\ay2627s1-website\book\teamwork\index.md
2026-08-30T23:44:22.623Z - [36mverbose[39m: Rendering page: D:\Workspace\CS2113\AY2627-S1\ay2627s1-website\book\specifyingRequirements\userStories\usage\index.md
2026-08-30T23:44:22.644Z - [36mverbose[39m: Rendering page: D:\Workspace\CS2113\AY2627-S1\ay2627s1-website\book\specifyingRequirements\userStories\index.md
2026-08-30T23:44:22.967Z - [36mverbose[39m: Rendering page: D:\Workspace\CS2113\AY2627-S1\ay2627s1-website\book\specifyingRequirements\useCases\introduction\index.md
2026-08-30T23:44:22.973Z - [36mverbose[39m: Rendering page: D:\Workspace\CS2113\AY2627-S1\ay2627s1-website\book\specifyingRequirements\useCases\usage\index.md
2026-08-30T23:44:22.979Z - [36mverbose[39m: Rendering page: D:\Workspace\CS2113\AY2627-S1\ay2627s1-website\book\specifyingRequirements\userStories\details\index.md
2026-08-30T23:44:22.985Z - [36mverbose[39m: Rendering page: D:\Workspace\CS2113\AY2627-S1\ay2627s1-website\book\specifyingRequirements\useCases\index.md
2026-08-30T23:44:23.128Z - [36mverbose[39m: Rendering page: D:\Workspace\CS2113\AY2627-S1\ay2627s1-website\book\specifyingRequirements\supplementaryRequirements\index.md
2026-08-30T23:44:23.134Z - [36mverbose[39m: Rendering page: D:\Workspace\CS2113\AY2627-S1\ay2627s1-website\book\specifyingRequirements\supplementaryRequirements\what\index.md
2026-08-30T23:44:23.139Z - [36mverbose[39m: Rendering page: D:\Workspace\CS2113\AY2627-S1\ay2627s1-website\book\specifyingRequirements\useCases\details\index.md
2026-08-30T23:44:23.147Z - [36mverbose[39m: Rendering page: D:\Workspace\CS2113\AY2627-S1\ay2627s1-website\book\specifyingRequirements\useCases\identifying\index.md
2026-08-30T23:44:23.262Z - [36mverbose[39m: Rendering page: D:\Workspace\CS2113\AY2627-S1\ay2627s1-website\book\specifyingRequirements\requirementsDocument\index.md
2026-08-30T23:44:23.268Z - [36mverbose[39m: Rendering page: D:\Workspace\CS2113\AY2627-S1\ay2627s1-website\book\specifyingRequirements\prose\index.md
2026-08-30T23:44:23.274Z - [36mverbose[39m: Rendering page: D:\Workspace\CS2113\AY2627-S1\ay2627s1-website\book\specifyingRequirements\prose\what\index.md
2026-08-30T23:44:23.278Z - [36mverbose[39m: Rendering page: D:\Workspace\CS2113\AY2627-S1\ay2627s1-website\book\specifyingRequirements\requirementsDocument\what\index.md
2026-08-30T23:44:23.565Z - [36mverbose[39m: Rendering page: D:\Workspace\CS2113\AY2627-S1\ay2627s1-website\book\specifyingRequirements\glossary\index.md
2026-08-30T23:44:23.571Z - [36mverbose[39m: Rendering page: D:\Workspace\CS2113\AY2627-S1\ay2627s1-website\book\specifyingRequirements\glossary\what\index.md
2026-08-30T23:44:23.575Z - [36mverbose[39m: Rendering page: D:\Workspace\CS2113\AY2627-S1\ay2627s1-website\book\specifyingRequirements\featureList\what\index.md
2026-08-30T23:44:23.580Z - [36mverbose[39m: Rendering page: D:\Workspace\CS2113\AY2627-S1\ay2627s1-website\book\specifyingRequirements\index.md
2026-08-30T23:44:23.733Z - [36mverbose[39m: Rendering page: D:\Workspace\CS2113\AY2627-S1\ay2627s1-website\book\specifyingRequirements\featureList\index.md
2026-08-30T23:44:23.738Z - [36mverbose[39m: Rendering page: D:\Workspace\CS2113\AY2627-S1\ay2627s1-website\book\softwareEngineering\index.md
2026-08-30T23:44:23.745Z - [36mverbose[39m: Rendering page: D:\Workspace\CS2113\AY2627-S1\ay2627s1-website\book\softwareEngineering\introduction\index.md
2026-08-30T23:44:23.752Z - [36mverbose[39m: Rendering page: D:\Workspace\CS2113\AY2627-S1\ay2627s1-website\book\softwareEngineering\introduction\prosAndCons\index.md
2026-08-30T23:44:23.892Z - [36mverbose[39m: Rendering page: D:\Workspace\CS2113\AY2627-S1\ay2627s1-website\book\security\what\index.md
2026-08-30T23:44:23.898Z - [36mverbose[39m: Rendering page: D:\Workspace\CS2113\AY2627-S1\ay2627s1-website\book\security\when\index.md
2026-08-30T23:44:23.903Z - [36mverbose[39m: Rendering page: D:\Workspace\CS2113\AY2627-S1\ay2627s1-website\book\security\wrapUp\index.md
2026-08-30T23:44:23.908Z - [36mverbose[39m: Rendering page: D:\Workspace\CS2113\AY2627-S1\ay2627s1-website\book\security\why\index.md
2026-08-30T23:44:24.147Z - [36mverbose[39m: Rendering page: D:\Workspace\CS2113\AY2627-S1\ay2627s1-website\book\security\how\index.md
2026-08-30T23:44:24.159Z - [36mverbose[39m: Rendering page: D:\Workspace\CS2113\AY2627-S1\ay2627s1-website\book\security\index.md
2026-08-30T23:44:24.182Z - [36mverbose[39m: Rendering page: D:\Workspace\CS2113\AY2627-S1\ay2627s1-website\book\security\ai\index.md
2026-08-30T23:44:24.187Z - [36mverbose[39m: Rendering page: D:\Workspace\CS2113\AY2627-S1\ay2627s1-website\book\reuse\platforms\what\index.md
2026-08-30T23:44:24.268Z - [36mverbose[39m: Rendering page: D:\Workspace\CS2113\AY2627-S1\ay2627s1-website\book\reuse\platforms\index.md
2026-08-30T23:44:24.294Z - [36mverbose[39m: Rendering page: D:\Workspace\CS2113\AY2627-S1\ay2627s1-website\book\reuse\libraries\what\index.md
2026-08-30T23:44:24.307Z - [36mverbose[39m: Rendering page: D:\Workspace\CS2113\AY2627-S1\ay2627s1-website\book\reuse\libraries\index.md
2026-08-30T23:44:24.333Z - [36mverbose[39m: Rendering page: D:\Workspace\CS2113\AY2627-S1\ay2627s1-website\book\reuse\libraries\how\index.md
2026-08-30T23:44:24.390Z - [36mverbose[39m: Rendering page: D:\Workspace\CS2113\AY2627-S1\ay2627s1-website\book\reuse\introduction\what\index.md
2026-08-30T23:44:24.394Z - [36mverbose[39m: Rendering page: D:\Workspace\CS2113\AY2627-S1\ay2627s1-website\book\reuse\introduction\when\index.md
2026-08-30T23:44:24.533Z - [36mverbose[39m: Rendering page: D:\Workspace\CS2113\AY2627-S1\ay2627s1-website\book\reuse\introduction\index.md
2026-08-30T23:44:24.578Z - [36mverbose[39m: Rendering page: D:\Workspace\CS2113\AY2627-S1\ay2627s1-website\book\reuse\index.md
2026-08-30T23:44:24.605Z - [36mverbose[39m: Rendering page: D:\Workspace\CS2113\AY2627-S1\ay2627s1-website\book\reuse\frameworks\index.md
2026-08-30T23:44:24.629Z - [36mverbose[39m: Rendering page: D:\Workspace\CS2113\AY2627-S1\ay2627s1-website\book\reuse\frameworks\what\index.md
2026-08-30T23:44:24.702Z - [36mverbose[39m: Rendering page: D:\Workspace\CS2113\AY2627-S1\ay2627s1-website\book\reuse\frameworks\frameworksVsLibraries\index.md
2026-08-30T23:44:24.708Z - [36mverbose[39m: Rendering page: D:\Workspace\CS2113\AY2627-S1\ay2627s1-website\book\reuse\cloudComputing\what\index.md
2026-08-30T23:44:24.725Z - [36mverbose[39m: Rendering page: D:\Workspace\CS2113\AY2627-S1\ay2627s1-website\book\reuse\cloudComputing\services\index.md
2026-08-30T23:44:24.730Z - [36mverbose[39m: Rendering page: D:\Workspace\CS2113\AY2627-S1\ay2627s1-website\book\reuse\cloudComputing\index.md
2026-08-30T23:44:24.798Z - [36mverbose[39m: Rendering page: D:\Workspace\CS2113\AY2627-S1\ay2627s1-website\book\reuse\apis\index.md
2026-08-30T23:44:24.841Z - [36mverbose[39m: Rendering page: D:\Workspace\CS2113\AY2627-S1\ay2627s1-website\book\reuse\apis\what\index.md
2026-08-30T23:44:24.858Z - [36mverbose[39m: Rendering page: D:\Workspace\CS2113\AY2627-S1\ay2627s1-website\book\reuse\apis\designingAPIs\index.md
2026-08-30T23:44:24.900Z - [36mverbose[39m: Rendering page: D:\Workspace\CS2113\AY2627-S1\ay2627s1-website\book\requirements\quality\index.md
2026-08-30T23:44:24.941Z - [36mverbose[39m: Rendering page: D:\Workspace\CS2113\AY2627-S1\ay2627s1-website\book\requirements\prioritizing\index.md
2026-08-30T23:44:24.946Z - [36mverbose[39m: Rendering page: D:\Workspace\CS2113\AY2627-S1\ay2627s1-website\book\requirements\nonFunctionalRequirements\index.md
2026-08-30T23:44:25.051Z - [36mverbose[39m: Rendering page: D:\Workspace\CS2113\AY2627-S1\ay2627s1-website\book\requirements\index.md
2026-08-30T23:44:25.059Z - [36mverbose[39m: Rendering page: D:\Workspace\CS2113\AY2627-S1\ay2627s1-website\book\requirements\introduction\index.md
2026-08-30T23:44:25.167Z - [36mverbose[39m: Rendering page: D:\Workspace\CS2113\AY2627-S1\ay2627s1-website\book\refactoring\when\index.md
2026-08-30T23:44:25.173Z - [36mverbose[39m: Rendering page: D:\Workspace\CS2113\AY2627-S1\ay2627s1-website\book\requirements\changing\index.md
2026-08-30T23:44:25.225Z - [36mverbose[39m: Rendering page: D:\Workspace\CS2113\AY2627-S1\ay2627s1-website\book\refactoring\index.md
2026-08-30T23:44:25.234Z - [36mverbose[39m: Rendering page: D:\Workspace\CS2113\AY2627-S1\ay2627s1-website\book\refactoring\what\index.md
2026-08-30T23:44:25.256Z - [36mverbose[39m: Rendering page: D:\Workspace\CS2113\AY2627-S1\ay2627s1-website\book\refactoring\how\index.md
2026-08-30T23:44:25.279Z - [36mverbose[39m: Rendering page: D:\Workspace\CS2113\AY2627-S1\ay2627s1-website\book\qualityAssurance\staticAnalysis\what\index.md
2026-08-30T23:44:25.315Z - [36mverbose[39m: Rendering page: D:\Workspace\CS2113\AY2627-S1\ay2627s1-website\book\qualityAssurance\staticAnalysis\index.md
2026-08-30T23:44:25.358Z - [36mverbose[39m: Rendering page: D:\Workspace\CS2113\AY2627-S1\ay2627s1-website\book\qualityAssurance\introduction\what\index.md
2026-08-30T23:44:25.376Z - [36mverbose[39m: Rendering page: D:\Workspace\CS2113\AY2627-S1\ay2627s1-website\book\qualityAssurance\introduction\index.md
2026-08-30T23:44:25.462Z - [36mverbose[39m: Rendering page: D:\Workspace\CS2113\AY2627-S1\ay2627s1-website\book\qualityAssurance\introduction\validationVsVerification\index.md
2026-08-30T23:44:25.503Z - [36mverbose[39m: Rendering page: D:\Workspace\CS2113\AY2627-S1\ay2627s1-website\book\qualityAssurance\index.md
2026-08-30T23:44:25.531Z - [36mverbose[39m: Rendering page: D:\Workspace\CS2113\AY2627-S1\ay2627s1-website\book\qualityAssurance\formalVerification\what\index.md
2026-08-30T23:44:25.550Z - [36mverbose[39m: Rendering page: D:\Workspace\CS2113\AY2627-S1\ay2627s1-website\book\qualityAssurance\formalVerification\index.md
2026-08-30T23:44:25.603Z - [36mverbose[39m: Rendering page: D:\Workspace\CS2113\AY2627-S1\ay2627s1-website\book\qualityAssurance\codeReviews\what\index.md
2026-08-30T23:44:25.622Z - [36mverbose[39m: Rendering page: D:\Workspace\CS2113\AY2627-S1\ay2627s1-website\book\qualityAssurance\codeReviews\index.md
2026-08-30T23:44:25.661Z - [36mverbose[39m: Rendering page: D:\Workspace\CS2113\AY2627-S1\ay2627s1-website\book\projectPlanning\workBreakdownStructure\index.md
2026-08-30T23:44:25.740Z - [36mverbose[39m: Rendering page: D:\Workspace\CS2113\AY2627-S1\ay2627s1-website\book\projectPlanning\pertCharts\index.md
2026-08-30T23:44:25.746Z - [36mverbose[39m: Rendering page: D:\Workspace\CS2113\AY2627-S1\ay2627s1-website\book\projectPlanning\milestones\index.md
2026-08-30T23:44:25.763Z - [36mverbose[39m: Rendering page: D:\Workspace\CS2113\AY2627-S1\ay2627s1-website\book\projectPlanning\issueTrackers\index.md
2026-08-30T23:44:25.794Z - [36mverbose[39m: Rendering page: D:\Workspace\CS2113\AY2627-S1\ay2627s1-website\book\projectPlanning\index.md
2026-08-30T23:44:25.816Z - [36mverbose[39m: Rendering page: D:\Workspace\CS2113\AY2627-S1\ay2627s1-website\book\projectPlanning\buffers\index.md
2026-08-30T23:44:25.822Z - [36mverbose[39m: Rendering page: D:\Workspace\CS2113\AY2627-S1\ay2627s1-website\book\projectPlanning\ganttCharts\index.md
2026-08-30T23:44:25.963Z - [36mverbose[39m: Rendering page: D:\Workspace\CS2113\AY2627-S1\ay2627s1-website\book\processModels\summary\index.md
2026-08-30T23:44:25.969Z - [36mverbose[39m: Rendering page: D:\Workspace\CS2113\AY2627-S1\ay2627s1-website\book\processModels\summary\recap\index.md
2026-08-30T23:44:25.988Z - [36mverbose[39m: Rendering page: D:\Workspace\CS2113\AY2627-S1\ay2627s1-website\book\processModels\more\index.md
2026-08-30T23:44:26.020Z - [36mverbose[39m: Rendering page: D:\Workspace\CS2113\AY2627-S1\ay2627s1-website\book\processModels\more\continuousApproaches\index.md
2026-08-30T23:44:26.042Z - [36mverbose[39m: Rendering page: D:\Workspace\CS2113\AY2627-S1\ay2627s1-website\book\processModels\more\cmmi\index.md
2026-08-30T23:44:26.075Z - [36mverbose[39m: Rendering page: D:\Workspace\CS2113\AY2627-S1\ay2627s1-website\book\processModels\introduction\what\index.md
2026-08-30T23:44:26.148Z - [36mverbose[39m: Rendering page: D:\Workspace\CS2113\AY2627-S1\ay2627s1-website\book\processModels\introduction\sequentialModels\index.md
2026-08-30T23:44:26.153Z - [36mverbose[39m: Rendering page: D:\Workspace\CS2113\AY2627-S1\ay2627s1-website\book\processModels\introduction\iterativeModels\index.md
2026-08-30T23:44:26.268Z - [36mverbose[39m: Rendering page: D:\Workspace\CS2113\AY2627-S1\ay2627s1-website\book\processModels\introduction\index.md
2026-08-30T23:44:26.295Z - [36mverbose[39m: Rendering page: D:\Workspace\CS2113\AY2627-S1\ay2627s1-website\book\processModels\introduction\agileModels\index.md
2026-08-30T23:44:26.314Z - [36mverbose[39m: Rendering page: D:\Workspace\CS2113\AY2627-S1\ay2627s1-website\book\processModels\exampleProcessModels\xp\index.md
2026-08-30T23:44:26.351Z - [36mverbose[39m: Rendering page: D:\Workspace\CS2113\AY2627-S1\ay2627s1-website\book\processModels\index.md
2026-08-30T23:44:26.411Z - [36mverbose[39m: Rendering page: D:\Workspace\CS2113\AY2627-S1\ay2627s1-website\book\processModels\exampleProcessModels\scrum\index.md
2026-08-30T23:44:26.416Z - [36mverbose[39m: Rendering page: D:\Workspace\CS2113\AY2627-S1\ay2627s1-website\book\processModels\exampleProcessModels\unifiedProcess\index.md
2026-08-30T23:44:26.470Z - [36mverbose[39m: Rendering page: D:\Workspace\CS2113\AY2627-S1\ay2627s1-website\book\processModels\exampleProcessModels\index.md
2026-08-30T23:44:26.574Z - [36mverbose[39m: Rendering page: D:\Workspace\CS2113\AY2627-S1\ay2627s1-website\book\processModels\exampleProcessModels\choosing\index.md
2026-08-30T23:44:26.608Z - [36mverbose[39m: Rendering page: D:\Workspace\CS2113\AY2627-S1\ay2627s1-website\book\principles\yagniPrinciple\index.md
2026-08-30T23:44:26.656Z - [36mverbose[39m: Rendering page: D:\Workspace\CS2113\AY2627-S1\ay2627s1-website\book\principles\solidPrinciples\index.md
2026-08-30T23:44:26.763Z - [36mverbose[39m: Rendering page: D:\Workspace\CS2113\AY2627-S1\ay2627s1-website\book\principles\singleResponsibilityPrinciple\index.md
2026-08-30T23:44:26.770Z - [36mverbose[39m: Rendering page: D:\Workspace\CS2113\AY2627-S1\ay2627s1-website\book\principles\separationOfConcernsPrinciple\index.md
2026-08-30T23:44:26.916Z - [36mverbose[39m: Rendering page: D:\Workspace\CS2113\AY2627-S1\ay2627s1-website\book\principles\openClosedPrinciple\index.md
2026-08-30T23:44:26.949Z - [36mverbose[39m: Rendering page: D:\Workspace\CS2113\AY2627-S1\ay2627s1-website\book\principles\review\index.md
2026-08-30T23:44:26.955Z - [36mverbose[39m: Rendering page: D:\Workspace\CS2113\AY2627-S1\ay2627s1-website\book\principles\lawOfDemeter\index.md
2026-08-30T23:44:26.991Z - [36mverbose[39m: Rendering page: D:\Workspace\CS2113\AY2627-S1\ay2627s1-website\book\principles\liskovSubstitutionPrinciple\index.md
2026-08-30T23:44:27.013Z - [36mverbose[39m: Rendering page: D:\Workspace\CS2113\AY2627-S1\ay2627s1-website\book\principles\interfaceSegregationPrinciple\index.md
2026-08-30T23:44:27.447Z - [36mverbose[39m: Rendering page: D:\Workspace\CS2113\AY2627-S1\ay2627s1-website\book\principles\dependencyInversionPrinciple\index.md
2026-08-30T23:44:27.457Z - [36mverbose[39m: Rendering page: D:\Workspace\CS2113\AY2627-S1\ay2627s1-website\book\principles\index.md
2026-08-30T23:44:27.495Z - [36mverbose[39m: Rendering page: D:\Workspace\CS2113\AY2627-S1\ay2627s1-website\book\principles\dryPrinciple\index.md
2026-08-30T23:44:27.591Z - [36mverbose[39m: Rendering page: D:\Workspace\CS2113\AY2627-S1\ay2627s1-website\book\principles\brooksLaw\index.md
2026-08-30T23:44:27.680Z - [36mverbose[39m: Rendering page: D:\Workspace\CS2113\AY2627-S1\ay2627s1-website\book\oop\polymorphism\what\index.md
2026-08-30T23:44:27.686Z - [36mverbose[39m: Rendering page: D:\Workspace\CS2113\AY2627-S1\ay2627s1-website\book\oop\polymorphism\index.md
2026-08-30T23:44:27.785Z - [36mverbose[39m: Rendering page: D:\Workspace\CS2113\AY2627-S1\ay2627s1-website\book\oop\polymorphism\how\index.md
2026-08-30T23:44:27.791Z - [36mverbose[39m: Rendering page: D:\Workspace\CS2113\AY2627-S1\ay2627s1-website\book\oop\objects\what\index.md
2026-08-30T23:44:27.814Z - [36mverbose[39m: Rendering page: D:\Workspace\CS2113\AY2627-S1\ay2627s1-website\book\oop\objects\index.md
2026-08-30T23:44:27.872Z - [36mverbose[39m: Rendering page: D:\Workspace\CS2113\AY2627-S1\ay2627s1-website\book\oop\objects\encapsulation\index.md
2026-08-30T23:44:27.934Z - [36mverbose[39m: Rendering page: D:\Workspace\CS2113\AY2627-S1\ay2627s1-website\book\oop\more\review\index.md
2026-08-30T23:44:27.941Z - [36mverbose[39m: Rendering page: D:\Workspace\CS2113\AY2627-S1\ay2627s1-website\book\oop\objects\abstraction\index.md
2026-08-30T23:44:27.962Z - [36mverbose[39m: Rendering page: D:\Workspace\CS2113\AY2627-S1\ay2627s1-website\book\oop\more\index.md
2026-08-30T23:44:28.030Z - [36mverbose[39m: Rendering page: D:\Workspace\CS2113\AY2627-S1\ay2627s1-website\book\oop\more\miscellaneous\index.md
2026-08-30T23:44:28.092Z - [36mverbose[39m: Rendering page: D:\Workspace\CS2113\AY2627-S1\ay2627s1-website\book\oop\introduction\index.md
2026-08-30T23:44:28.098Z - [36mverbose[39m: Rendering page: D:\Workspace\CS2113\AY2627-S1\ay2627s1-website\book\oop\introduction\what\index.md
2026-08-30T23:44:28.144Z - [36mverbose[39m: Rendering page: D:\Workspace\CS2113\AY2627-S1\ay2627s1-website\book\oop\inheritance\what\index.md
2026-08-30T23:44:28.169Z - [36mverbose[39m: Rendering page: D:\Workspace\CS2113\AY2627-S1\ay2627s1-website\book\oop\inheritance\substitutability\index.md
2026-08-30T23:44:28.193Z - [36mverbose[39m: Rendering page: D:\Workspace\CS2113\AY2627-S1\ay2627s1-website\book\oop\inheritance\overriding\index.md
2026-08-30T23:44:28.330Z - [36mverbose[39m: Rendering page: D:\Workspace\CS2113\AY2627-S1\ay2627s1-website\book\oop\inheritance\overloading\index.md
2026-08-30T23:44:28.351Z - [36mverbose[39m: Rendering page: D:\Workspace\CS2113\AY2627-S1\ay2627s1-website\book\oop\inheritance\interfaces\index.md
2026-08-30T23:44:28.438Z - [36mverbose[39m: Rendering page: D:\Workspace\CS2113\AY2627-S1\ay2627s1-website\book\oop\inheritance\index.md
2026-08-30T23:44:28.836Z - [36mverbose[39m: Rendering page: D:\Workspace\CS2113\AY2627-S1\ay2627s1-website\book\oop\inheritance\abstractClasses\index.md
2026-08-30T23:44:28.850Z - [36mverbose[39m: Rendering page: D:\Workspace\CS2113\AY2627-S1\ay2627s1-website\book\oop\inheritance\dynamicAndStaticBinding\index.md
2026-08-30T23:44:28.948Z - [36mverbose[39m: Rendering page: D:\Workspace\CS2113\AY2627-S1\ay2627s1-website\book\oop\classes\what\index.md
2026-08-30T23:44:28.954Z - [36mverbose[39m: Rendering page: D:\Workspace\CS2113\AY2627-S1\ay2627s1-website\book\oop\index.md
2026-08-30T23:44:29.023Z - [36mverbose[39m: Rendering page: D:\Workspace\CS2113\AY2627-S1\ay2627s1-website\book\oop\classes\enumerations\index.md
2026-08-30T23:44:29.030Z - [36mverbose[39m: Rendering page: D:\Workspace\CS2113\AY2627-S1\ay2627s1-website\book\oop\classes\index.md
2026-08-30T23:44:29.116Z - [36mverbose[39m: Rendering page: D:\Workspace\CS2113\AY2627-S1\ay2627s1-website\book\oop\associations\what\index.md
2026-08-30T23:44:29.148Z - [36mverbose[39m: Rendering page: D:\Workspace\CS2113\AY2627-S1\ay2627s1-website\book\oop\classes\classLevelMembers\index.md
2026-08-30T23:44:29.277Z - [36mverbose[39m: Rendering page: D:\Workspace\CS2113\AY2627-S1\ay2627s1-website\book\oop\associations\multiplicity\index.md
2026-08-30T23:44:29.289Z - [36mverbose[39m: Rendering page: D:\Workspace\CS2113\AY2627-S1\ay2627s1-website\book\oop\associations\navigability\index.md
2026-08-30T23:44:29.319Z - [36mverbose[39m: Rendering page: D:\Workspace\CS2113\AY2627-S1\ay2627s1-website\book\oop\associations\dependencies\index.md
2026-08-30T23:44:29.368Z - [36mverbose[39m: Rendering page: D:\Workspace\CS2113\AY2627-S1\ay2627s1-website\book\oop\associations\index.md
2026-08-30T23:44:29.403Z - [36mverbose[39m: Rendering page: D:\Workspace\CS2113\AY2627-S1\ay2627s1-website\book\oop\associations\composition\index.md
2026-08-30T23:44:29.430Z - [36mverbose[39m: Rendering page: D:\Workspace\CS2113\AY2627-S1\ay2627s1-website\book\oop\associations\associationClasses\index.md
2026-08-30T23:44:29.473Z - [36mverbose[39m: Rendering page: D:\Workspace\CS2113\AY2627-S1\ay2627s1-website\book\modeling\modelingStructures\packageDiagrams\index.md
2026-08-30T23:44:29.479Z - [36mverbose[39m: Rendering page: D:\Workspace\CS2113\AY2627-S1\ay2627s1-website\book\oop\associations\aggregation\index.md
2026-08-30T23:44:29.558Z - [36mverbose[39m: Rendering page: D:\Workspace\CS2113\AY2627-S1\ay2627s1-website\book\modeling\modelingStructures\objectOrientedDomainModels\index.md
2026-08-30T23:44:29.564Z - [36mverbose[39m: Rendering page: D:\Workspace\CS2113\AY2627-S1\ay2627s1-website\book\modeling\modelingStructures\ooStructures\index.md
2026-08-30T23:44:30.998Z - [34mdebug[39m: 
2026-08-30T23:44:31.014Z - [36mverbose[39m: Rendering page: D:\Workspace\CS2113\AY2627-S1\ay2627s1-website\book\modeling\modelingStructures\objectDiagrams\index.md
2026-08-30T23:44:31.024Z - [36mverbose[39m: Rendering page: D:\Workspace\CS2113\AY2627-S1\ay2627s1-website\book\modeling\modelingStructures\index.md
2026-08-30T23:44:31.044Z - [36mverbose[39m: Rendering page: D:\Workspace\CS2113\AY2627-S1\ay2627s1-website\book\modeling\modelingStructures\deploymentDiagrams\index.md
2026-08-30T23:44:31.051Z - [36mverbose[39m: Rendering page: D:\Workspace\CS2113\AY2627-S1\ay2627s1-website\book\modeling\modelingStructures\customisingUml\index.md
2026-08-30T23:44:31.232Z - [36mverbose[39m: Rendering page: D:\Workspace\CS2113\AY2627-S1\ay2627s1-website\book\modeling\modelingStructures\componentDiagrams\index.md
2026-08-30T23:44:31.237Z - [36mverbose[39m: Rendering page: D:\Workspace\CS2113\AY2627-S1\ay2627s1-website\book\modeling\modelingStructures\compositeStructureDiagrams\index.md
2026-08-30T23:44:31.243Z - [36mverbose[39m: Rendering page: D:\Workspace\CS2113\AY2627-S1\ay2627s1-website\book\modeling\modelingStructures\classDiagramsBasic\index.md
2026-08-30T23:44:31.253Z - [36mverbose[39m: Rendering page: D:\Workspace\CS2113\AY2627-S1\ay2627s1-website\book\modeling\modelingStructures\classDiagramsIntermediate\index.md
2026-08-30T23:44:32.378Z - [34mdebug[39m: 
2026-08-30T23:44:32.481Z - [36mverbose[39m: Rendering page: D:\Workspace\CS2113\AY2627-S1\ay2627s1-website\book\modeling\modelingBehaviors\timingDiagrams\index.md
2026-08-30T23:44:32.486Z - [36mverbose[39m: Rendering page: D:\Workspace\CS2113\AY2627-S1\ay2627s1-website\book\modeling\modelingStructures\classDiagramsAdvanced\index.md
2026-08-30T23:44:32.492Z - [36mverbose[39m: Rendering page: D:\Workspace\CS2113\AY2627-S1\ay2627s1-website\book\modeling\modelingStructures\addingMoreInfo\index.md
2026-08-30T23:44:32.497Z - [36mverbose[39m: Rendering page: D:\Workspace\CS2113\AY2627-S1\ay2627s1-website\book\modeling\modelingBehaviors\useCaseDiagrams\index.md
2026-08-30T23:44:32.651Z - [36mverbose[39m: Rendering page: D:\Workspace\CS2113\AY2627-S1\ay2627s1-website\book\modeling\modelingBehaviors\stateMachineDiagrams\index.md
2026-08-30T23:44:32.656Z - [36mverbose[39m: Rendering page: D:\Workspace\CS2113\AY2627-S1\ay2627s1-website\book\modeling\modelingBehaviors\sequenceDiagramsIntermediate\index.md
2026-08-30T23:44:32.662Z - [36mverbose[39m: Rendering page: D:\Workspace\CS2113\AY2627-S1\ay2627s1-website\book\modeling\modelingBehaviors\sequenceDiagramsBasic\index.md
2026-08-30T23:44:32.681Z - [36mverbose[39m: Rendering page: D:\Workspace\CS2113\AY2627-S1\ay2627s1-website\book\modeling\modelingBehaviors\sequenceDiagramsAdvanced\index.md
2026-08-30T23:44:32.905Z - [36mverbose[39m: Rendering page: D:\Workspace\CS2113\AY2627-S1\ay2627s1-website\book\modeling\modelingBehaviors\interactionOverviewDiagrams\index.md
2026-08-30T23:44:32.911Z - [36mverbose[39m: Rendering page: D:\Workspace\CS2113\AY2627-S1\ay2627s1-website\book\modeling\modelingBehaviors\communicationDiagrams\index.md
2026-08-30T23:44:32.962Z - [36mverbose[39m: Rendering page: D:\Workspace\CS2113\AY2627-S1\ay2627s1-website\book\modeling\modelingBehaviors\activityDiagramsIntermediate\index.md
2026-08-30T23:44:32.983Z - [36mverbose[39m: Rendering page: D:\Workspace\CS2113\AY2627-S1\ay2627s1-website\book\modeling\modelingBehaviors\index.md
2026-08-30T23:44:33.010Z - [36mverbose[39m: Rendering page: D:\Workspace\CS2113\AY2627-S1\ay2627s1-website\book\modeling\modelingASolution\introduction\index.md
2026-08-30T23:44:33.015Z - [36mverbose[39m: Rendering page: D:\Workspace\CS2113\AY2627-S1\ay2627s1-website\book\modeling\modelingBehaviors\activityDiagrams\index.md
2026-08-30T23:44:33.147Z - [36mverbose[39m: Rendering page: D:\Workspace\CS2113\AY2627-S1\ay2627s1-website\book\modeling\modelingASolution\intermediate\index.md
2026-08-30T23:44:33.154Z - [36mverbose[39m: Rendering page: D:\Workspace\CS2113\AY2627-S1\ay2627s1-website\book\modeling\modelingASolution\index.md
2026-08-30T23:44:33.182Z - [36mverbose[39m: Rendering page: D:\Workspace\CS2113\AY2627-S1\ay2627s1-website\book\modeling\introduction\what\index.md
2026-08-30T23:44:33.187Z - [36mverbose[39m: Rendering page: D:\Workspace\CS2113\AY2627-S1\ay2627s1-website\book\modeling\modelingASolution\basic\index.md
2026-08-30T23:44:33.272Z - [36mverbose[39m: Rendering page: D:\Workspace\CS2113\AY2627-S1\ay2627s1-website\book\modeling\introduction\umlModels\index.md
2026-08-30T23:44:33.681Z - [36mverbose[39m: Rendering page: D:\Workspace\CS2113\AY2627-S1\ay2627s1-website\book\modeling\introduction\index.md
2026-08-30T23:44:33.751Z - [36mverbose[39m: Rendering page: D:\Workspace\CS2113\AY2627-S1\ay2627s1-website\book\modeling\introduction\how\index.md
2026-08-30T23:44:33.758Z - [36mverbose[39m: Rendering page: D:\Workspace\CS2113\AY2627-S1\ay2627s1-website\book\modeling\index.md
2026-08-30T23:44:33.821Z - [36mverbose[39m: Rendering page: D:\Workspace\CS2113\AY2627-S1\ay2627s1-website\book\intellij\refactoring\index.md
2026-08-30T23:44:33.826Z - [36mverbose[39m: Rendering page: D:\Workspace\CS2113\AY2627-S1\ay2627s1-website\book\intellij\projectSetup\index.md
2026-08-30T23:44:33.880Z - [36mverbose[39m: Rendering page: D:\Workspace\CS2113\AY2627-S1\ay2627s1-website\book\intellij\index.md
2026-08-30T23:44:33.887Z - [36mverbose[39m: Rendering page: D:\Workspace\CS2113\AY2627-S1\ay2627s1-website\book\intellij\productivityShortcuts\index.md
2026-08-30T23:44:33.985Z - [36mverbose[39m: Rendering page: D:\Workspace\CS2113\AY2627-S1\ay2627s1-website\book\intellij\codeNavigation\index.md
2026-08-30T23:44:33.989Z - [36mverbose[39m: Rendering page: D:\Workspace\CS2113\AY2627-S1\ay2627s1-website\book\intellij\debuggingBasic\index.md
2026-08-30T23:44:34.096Z - [36mverbose[39m: Rendering page: D:\Workspace\CS2113\AY2627-S1\ay2627s1-website\book\integration\more\review\index.md
2026-08-30T23:44:34.102Z - [36mverbose[39m: Rendering page: D:\Workspace\CS2113\AY2627-S1\ay2627s1-website\book\integration\introduction\index.md
2026-08-30T23:44:34.106Z - [36mverbose[39m: Rendering page: D:\Workspace\CS2113\AY2627-S1\ay2627s1-website\book\integration\introduction\what\index.md
2026-08-30T23:44:34.110Z - [36mverbose[39m: Rendering page: D:\Workspace\CS2113\AY2627-S1\ay2627s1-website\book\integration\more\index.md
2026-08-30T23:44:34.284Z - [36mverbose[39m: Rendering page: D:\Workspace\CS2113\AY2627-S1\ay2627s1-website\book\integration\index.md
2026-08-30T23:44:34.293Z - [36mverbose[39m: Rendering page: D:\Workspace\CS2113\AY2627-S1\ay2627s1-website\book\integration\buildAutomation\what\index.md
2026-08-30T23:44:34.298Z - [36mverbose[39m: Rendering page: D:\Workspace\CS2113\AY2627-S1\ay2627s1-website\book\integration\buildAutomation\continuousIntegrationDeployment\index.md
2026-08-30T23:44:34.303Z - [36mverbose[39m: Rendering page: D:\Workspace\CS2113\AY2627-S1\ay2627s1-website\book\integration\buildAutomation\index.md
2026-08-30T23:44:34.427Z - [36mverbose[39m: Rendering page: D:\Workspace\CS2113\AY2627-S1\ay2627s1-website\book\integration\approaches\lateVsEarly\index.md
2026-08-30T23:44:34.433Z - [36mverbose[39m: Rendering page: D:\Workspace\CS2113\AY2627-S1\ay2627s1-website\book\integration\approaches\topDownVsBottomUp\index.md
2026-08-30T23:44:34.439Z - [36mverbose[39m: Rendering page: D:\Workspace\CS2113\AY2627-S1\ay2627s1-website\book\integration\approaches\bigBangVsIncremental\index.md
2026-08-30T23:44:34.445Z - [36mverbose[39m: Rendering page: D:\Workspace\CS2113\AY2627-S1\ay2627s1-website\book\integration\approaches\index.md
2026-08-30T23:44:34.573Z - [36mverbose[39m: Rendering page: D:\Workspace\CS2113\AY2627-S1\ay2627s1-website\book\index.md
2026-08-30T23:44:34.579Z - [36mverbose[39m: Rendering page: D:\Workspace\CS2113\AY2627-S1\ay2627s1-website\book\ides\introduction\what\index.md
2026-08-30T23:44:34.584Z - [36mverbose[39m: Rendering page: D:\Workspace\CS2113\AY2627-S1\ay2627s1-website\book\ides\index.md
2026-08-30T23:44:34.589Z - [36mverbose[39m: Rendering page: D:\Workspace\CS2113\AY2627-S1\ay2627s1-website\book\ides\introduction\index.md
2026-08-30T23:44:34.687Z - [36mverbose[39m: Rendering page: D:\Workspace\CS2113\AY2627-S1\ay2627s1-website\book\ides\debugging\what\index.md
2026-08-30T23:44:34.692Z - [36mverbose[39m: Rendering page: D:\Workspace\CS2113\AY2627-S1\ay2627s1-website\book\ides\debugging\index.md
2026-08-30T23:44:34.696Z - [36mverbose[39m: Rendering page: D:\Workspace\CS2113\AY2627-S1\ay2627s1-website\book\gitAndGithub\trail\workingWithRemotes\index.md
2026-08-30T23:44:34.701Z - [36mverbose[39m: Rendering page: D:\Workspace\CS2113\AY2627-S1\ay2627s1-website\book\gitAndGithub\trail\usingRevisionHistory\index.md
2026-08-30T23:44:34.790Z - [36mverbose[39m: Rendering page: D:\Workspace\CS2113\AY2627-S1\ay2627s1-website\book\gitAndGithub\trail\syncingBranches\index.md
2026-08-30T23:44:34.795Z - [36mverbose[39m: Rendering page: D:\Workspace\CS2113\AY2627-S1\ay2627s1-website\book\gitAndGithub\trail\recordingFolderHistory\index.md
2026-08-30T23:44:34.800Z - [36mverbose[39m: Rendering page: D:\Workspace\CS2113\AY2627-S1\ay2627s1-website\book\gitAndGithub\trail\index.md
2026-08-30T23:44:34.804Z - [36mverbose[39m: Rendering page: D:\Workspace\CS2113\AY2627-S1\ay2627s1-website\book\gitAndGithub\trail\remoteBranches\index.md
2026-08-30T23:44:34.896Z - [36mverbose[39m: Rendering page: D:\Workspace\CS2113\AY2627-S1\ay2627s1-website\book\gitAndGithub\trail\branchingLocally\index.md
2026-08-30T23:44:34.901Z - [36mverbose[39m: Rendering page: D:\Workspace\CS2113\AY2627-S1\ay2627s1-website\book\gitAndGithub\reviewPRs\index.md
2026-08-30T23:44:34.905Z - [36mverbose[39m: Rendering page: D:\Workspace\CS2113\AY2627-S1\ay2627s1-website\book\gitAndGithub\trail\backingUpOnCloud\index.md
2026-08-30T23:44:34.909Z - [36mverbose[39m: Rendering page: D:\Workspace\CS2113\AY2627-S1\ay2627s1-website\book\gitAndGithub\trail\fineTuningHistory\index.md
2026-08-30T23:44:35.005Z - [36mverbose[39m: Rendering page: D:\Workspace\CS2113\AY2627-S1\ay2627s1-website\book\gitAndGithub\index.md
2026-08-30T23:44:35.010Z - [36mverbose[39m: Rendering page: D:\Workspace\CS2113\AY2627-S1\ay2627s1-website\book\gitAndGithub\mergeConflicts\index.md
2026-08-30T23:44:35.014Z - [36mverbose[39m: Rendering page: D:\Workspace\CS2113\AY2627-S1\ay2627s1-website\book\gitAndGithub\forkingWorkflow\index.md
2026-08-30T23:44:35.018Z - [36mverbose[39m: Rendering page: D:\Workspace\CS2113\AY2627-S1\ay2627s1-website\book\gitAndGithub\managePRs\index.md
2026-08-30T23:44:35.117Z - [36mverbose[39m: Rendering page: D:\Workspace\CS2113\AY2627-S1\ay2627s1-website\book\gatheringRequirements\validation\index.md
2026-08-30T23:44:35.123Z - [36mverbose[39m: Rendering page: D:\Workspace\CS2113\AY2627-S1\ay2627s1-website\book\gatheringRequirements\userSurveys\index.md
2026-08-30T23:44:35.127Z - [36mverbose[39m: Rendering page: D:\Workspace\CS2113\AY2627-S1\ay2627s1-website\book\gatheringRequirements\prototyping\index.md
2026-08-30T23:44:35.132Z - [36mverbose[39m: Rendering page: D:\Workspace\CS2113\AY2627-S1\ay2627s1-website\book\gitAndGithub\createPRs\index.md
2026-08-30T23:44:35.273Z - [36mverbose[39m: Rendering page: D:\Workspace\CS2113\AY2627-S1\ay2627s1-website\book\gatheringRequirements\interviews\index.md
2026-08-30T23:44:35.279Z - [36mverbose[39m: Rendering page: D:\Workspace\CS2113\AY2627-S1\ay2627s1-website\book\gatheringRequirements\productSurveys\index.md
2026-08-30T23:44:35.284Z - [36mverbose[39m: Rendering page: D:\Workspace\CS2113\AY2627-S1\ay2627s1-website\book\gatheringRequirements\observation\index.md
2026-08-30T23:44:35.288Z - [36mverbose[39m: Rendering page: D:\Workspace\CS2113\AY2627-S1\ay2627s1-website\book\gatheringRequirements\index.md
2026-08-30T23:44:35.416Z - [36mverbose[39m: Rendering page: D:\Workspace\CS2113\AY2627-S1\ay2627s1-website\book\gatheringRequirements\brainstorming\index.md
2026-08-30T23:44:35.421Z - [36mverbose[39m: Rendering page: D:\Workspace\CS2113\AY2627-S1\ay2627s1-website\book\gatheringRequirements\focusGroups\index.md
2026-08-30T23:44:35.426Z - [36mverbose[39m: Rendering page: D:\Workspace\CS2113\AY2627-S1\ay2627s1-website\book\errorHandling\logging\what\index.md
2026-08-30T23:44:35.432Z - [36mverbose[39m: Rendering page: D:\Workspace\CS2113\AY2627-S1\ay2627s1-website\book\errorHandling\logging\index.md
2026-08-30T23:44:35.778Z - [36mverbose[39m: Rendering page: D:\Workspace\CS2113\AY2627-S1\ay2627s1-website\book\errorHandling\introduction\what\index.md
2026-08-30T23:44:35.783Z - [36mverbose[39m: Rendering page: D:\Workspace\CS2113\AY2627-S1\ay2627s1-website\book\errorHandling\introduction\index.md
2026-08-30T23:44:35.787Z - [36mverbose[39m: Rendering page: D:\Workspace\CS2113\AY2627-S1\ay2627s1-website\book\errorHandling\logging\how\index.md
2026-08-30T23:44:35.793Z - [36mverbose[39m: Rendering page: D:\Workspace\CS2113\AY2627-S1\ay2627s1-website\book\errorHandling\index.md
2026-08-30T23:44:35.921Z - [36mverbose[39m: Rendering page: D:\Workspace\CS2113\AY2627-S1\ay2627s1-website\book\errorHandling\exceptions\when\index.md
2026-08-30T23:44:35.926Z - [36mverbose[39m: Rendering page: D:\Workspace\CS2113\AY2627-S1\ay2627s1-website\book\errorHandling\exceptions\how\index.md
2026-08-30T23:44:35.931Z - [36mverbose[39m: Rendering page: D:\Workspace\CS2113\AY2627-S1\ay2627s1-website\book\errorHandling\exceptions\index.md
2026-08-30T23:44:35.937Z - [36mverbose[39m: Rendering page: D:\Workspace\CS2113\AY2627-S1\ay2627s1-website\book\errorHandling\exceptions\what\index.md
2026-08-30T23:44:36.044Z - [36mverbose[39m: Rendering page: D:\Workspace\CS2113\AY2627-S1\ay2627s1-website\book\errorHandling\defensiveProgramming\what\index.md
2026-08-30T23:44:36.049Z - [36mverbose[39m: Rendering page: D:\Workspace\CS2113\AY2627-S1\ay2627s1-website\book\errorHandling\designByContract\what\index.md
2026-08-30T23:44:36.054Z - [36mverbose[39m: Rendering page: D:\Workspace\CS2113\AY2627-S1\ay2627s1-website\book\errorHandling\designByContract\index.md
2026-08-30T23:44:36.060Z - [36mverbose[39m: Rendering page: D:\Workspace\CS2113\AY2627-S1\ay2627s1-website\book\errorHandling\defensiveProgramming\when\index.md
2026-08-30T23:44:36.313Z - [36mverbose[39m: Rendering page: D:\Workspace\CS2113\AY2627-S1\ay2627s1-website\book\errorHandling\defensiveProgramming\1to1Associations\index.md
2026-08-30T23:44:36.319Z - [36mverbose[39m: Rendering page: D:\Workspace\CS2113\AY2627-S1\ay2627s1-website\book\errorHandling\defensiveProgramming\compulsoryAssociations\index.md
2026-08-30T23:44:36.326Z - [36mverbose[39m: Rendering page: D:\Workspace\CS2113\AY2627-S1\ay2627s1-website\book\errorHandling\defensiveProgramming\referentialIntegrity\index.md
2026-08-30T23:44:36.334Z - [36mverbose[39m: Rendering page: D:\Workspace\CS2113\AY2627-S1\ay2627s1-website\book\errorHandling\defensiveProgramming\index.md
2026-08-30T23:44:36.472Z - [36mverbose[39m: Rendering page: D:\Workspace\CS2113\AY2627-S1\ay2627s1-website\book\errorHandling\assertions\index.md
2026-08-30T23:44:36.479Z - [36mverbose[39m: Rendering page: D:\Workspace\CS2113\AY2627-S1\ay2627s1-website\book\errorHandling\assertions\how\index.md
2026-08-30T23:44:36.484Z - [36mverbose[39m: Rendering page: D:\Workspace\CS2113\AY2627-S1\ay2627s1-website\book\errorHandling\assertions\when\index.md
2026-08-30T23:44:36.489Z - [36mverbose[39m: Rendering page: D:\Workspace\CS2113\AY2627-S1\ay2627s1-website\book\errorHandling\assertions\what\index.md
2026-08-30T23:44:36.595Z - [36mverbose[39m: Rendering page: D:\Workspace\CS2113\AY2627-S1\ay2627s1-website\book\documentation\tools\javaDoc\what\index.md
2026-08-30T23:44:36.600Z - [36mverbose[39m: Rendering page: D:\Workspace\CS2113\AY2627-S1\ay2627s1-website\book\documentation\tools\markdown\how\index.md
2026-08-30T23:44:36.604Z - [36mverbose[39m: Rendering page: D:\Workspace\CS2113\AY2627-S1\ay2627s1-website\book\documentation\tools\markdown\what\index.md
2026-08-30T23:44:36.608Z - [36mverbose[39m: Rendering page: D:\Workspace\CS2113\AY2627-S1\ay2627s1-website\book\documentation\tools\markdown\index.md
2026-08-30T23:44:36.753Z - [36mverbose[39m: Rendering page: D:\Workspace\CS2113\AY2627-S1\ay2627s1-website\book\documentation\tools\javaDoc\how\index.md
2026-08-30T23:44:36.759Z - [36mverbose[39m: Rendering page: D:\Workspace\CS2113\AY2627-S1\ay2627s1-website\book\documentation\tools\index.md
2026-08-30T23:44:36.766Z - [36mverbose[39m: Rendering page: D:\Workspace\CS2113\AY2627-S1\ay2627s1-website\book\documentation\tools\asciiDoc\what\index.md
2026-08-30T23:44:36.770Z - [36mverbose[39m: Rendering page: D:\Workspace\CS2113\AY2627-S1\ay2627s1-website\book\documentation\tools\javaDoc\index.md
2026-08-30T23:44:36.982Z - [36mverbose[39m: Rendering page: D:\Workspace\CS2113\AY2627-S1\ay2627s1-website\book\documentation\tools\asciiDoc\index.md
2026-08-30T23:44:36.988Z - [36mverbose[39m: Rendering page: D:\Workspace\CS2113\AY2627-S1\ay2627s1-website\book\documentation\introduction\index.md
2026-08-30T23:44:36.993Z - [36mverbose[39m: Rendering page: D:\Workspace\CS2113\AY2627-S1\ay2627s1-website\book\documentation\index.md
2026-08-30T23:44:37.004Z - [36mverbose[39m: Rendering page: D:\Workspace\CS2113\AY2627-S1\ay2627s1-website\book\documentation\introduction\what\index.md
2026-08-30T23:44:37.134Z - [36mverbose[39m: Rendering page: D:\Workspace\CS2113\AY2627-S1\ay2627s1-website\book\documentation\guidelines\index.md
2026-08-30T23:44:37.141Z - [36mverbose[39m: Rendering page: D:\Workspace\CS2113\AY2627-S1\ay2627s1-website\book\documentation\guidelines\goTopDown\index.md
2026-08-30T23:44:37.147Z - [36mverbose[39m: Rendering page: D:\Workspace\CS2113\AY2627-S1\ay2627s1-website\book\documentation\guidelines\goTopDown\what\index.md
2026-08-30T23:44:37.151Z - [36mverbose[39m: Rendering page: D:\Workspace\CS2113\AY2627-S1\ay2627s1-website\book\documentation\guidelines\goTopDown\why\index.md
2026-08-30T23:44:37.246Z - [36mverbose[39m: Rendering page: D:\Workspace\CS2113\AY2627-S1\ay2627s1-website\book\documentation\guidelines\documentMinimally\index.md
2026-08-30T23:44:37.252Z - [36mverbose[39m: Rendering page: D:\Workspace\CS2113\AY2627-S1\ay2627s1-website\book\documentation\guidelines\goTopDown\how\index.md
2026-08-30T23:44:37.258Z - [36mverbose[39m: Rendering page: D:\Workspace\CS2113\AY2627-S1\ay2627s1-website\book\documentation\guidelines\documentMinimally\what\index.md
2026-08-30T23:44:37.262Z - [36mverbose[39m: Rendering page: D:\Workspace\CS2113\AY2627-S1\ay2627s1-website\book\documentation\guidelines\documentMinimally\how\index.md
2026-08-30T23:44:37.375Z - [36mverbose[39m: Rendering page: D:\Workspace\CS2113\AY2627-S1\ay2627s1-website\book\designPatterns\singleton\what\index.md
2026-08-30T23:44:37.380Z - [36mverbose[39m: Rendering page: D:\Workspace\CS2113\AY2627-S1\ay2627s1-website\book\documentation\guidelines\aimForComprehensibility\what\index.md
2026-08-30T23:44:37.385Z - [36mverbose[39m: Rendering page: D:\Workspace\CS2113\AY2627-S1\ay2627s1-website\book\documentation\guidelines\aimForComprehensibility\index.md
2026-08-30T23:44:37.390Z - [36mverbose[39m: Rendering page: D:\Workspace\CS2113\AY2627-S1\ay2627s1-website\book\documentation\guidelines\aimForComprehensibility\how\index.md
2026-08-30T23:44:37.527Z - [36mverbose[39m: Rendering page: D:\Workspace\CS2113\AY2627-S1\ay2627s1-website\book\designPatterns\singleton\implementation\index.md
2026-08-30T23:44:37.534Z - [36mverbose[39m: Rendering page: D:\Workspace\CS2113\AY2627-S1\ay2627s1-website\book\designPatterns\singleton\evaluation\index.md
2026-08-30T23:44:37.540Z - [36mverbose[39m: Rendering page: D:\Workspace\CS2113\AY2627-S1\ay2627s1-website\book\designPatterns\singleton\index.md
2026-08-30T23:44:37.546Z - [36mverbose[39m: Rendering page: D:\Workspace\CS2113\AY2627-S1\ay2627s1-website\book\designPatterns\observer\what\index.md
2026-08-30T23:44:37.701Z - [36mverbose[39m: Rendering page: D:\Workspace\CS2113\AY2627-S1\ay2627s1-website\book\designPatterns\more\vsPrinciples\index.md
2026-08-30T23:44:37.706Z - [36mverbose[39m: Rendering page: D:\Workspace\CS2113\AY2627-S1\ay2627s1-website\book\designPatterns\observer\index.md
2026-08-30T23:44:37.713Z - [36mverbose[39m: Rendering page: D:\Workspace\CS2113\AY2627-S1\ay2627s1-website\book\designPatterns\more\usingDesignPatterns\index.md
2026-08-30T23:44:37.718Z - [36mverbose[39m: Rendering page: D:\Workspace\CS2113\AY2627-S1\ay2627s1-website\book\designPatterns\more\otherTypesOfPatterns\index.md
2026-08-30T23:44:37.847Z - [36mverbose[39m: Rendering page: D:\Workspace\CS2113\AY2627-S1\ay2627s1-website\book\designPatterns\modelViewController\what\index.md
2026-08-30T23:44:37.852Z - [36mverbose[39m: Rendering page: D:\Workspace\CS2113\AY2627-S1\ay2627s1-website\book\designPatterns\more\combiningDesignPatterns\index.md
2026-08-30T23:44:37.857Z - [36mverbose[39m: Rendering page: D:\Workspace\CS2113\AY2627-S1\ay2627s1-website\book\designPatterns\more\otherDesignPatterns\index.md
2026-08-30T23:44:37.862Z - [36mverbose[39m: Rendering page: D:\Workspace\CS2113\AY2627-S1\ay2627s1-website\book\designPatterns\more\index.md
2026-08-30T23:44:37.991Z - [36mverbose[39m: Rendering page: D:\Workspace\CS2113\AY2627-S1\ay2627s1-website\book\designPatterns\modelViewController\index.md
2026-08-30T23:44:37.997Z - [36mverbose[39m: Rendering page: D:\Workspace\CS2113\AY2627-S1\ay2627s1-website\book\designPatterns\introduction\index.md
2026-08-30T23:44:38.002Z - [36mverbose[39m: Rendering page: D:\Workspace\CS2113\AY2627-S1\ay2627s1-website\book\designPatterns\introduction\what\index.md
2026-08-30T23:44:38.007Z - [36mverbose[39m: Rendering page: D:\Workspace\CS2113\AY2627-S1\ay2627s1-website\book\designPatterns\introduction\format\index.md
2026-08-30T23:44:38.274Z - [36mverbose[39m: Rendering page: D:\Workspace\CS2113\AY2627-S1\ay2627s1-website\book\designPatterns\facade\index.md
2026-08-30T23:44:38.280Z - [36mverbose[39m: Rendering page: D:\Workspace\CS2113\AY2627-S1\ay2627s1-website\book\designPatterns\facade\what\index.md
2026-08-30T23:44:38.285Z - [36mverbose[39m: Rendering page: D:\Workspace\CS2113\AY2627-S1\ay2627s1-website\book\designPatterns\command\what\index.md
2026-08-30T23:44:38.289Z - [36mverbose[39m: Rendering page: D:\Workspace\CS2113\AY2627-S1\ay2627s1-website\book\designPatterns\index.md
2026-08-30T23:44:38.494Z - [36mverbose[39m: Rendering page: D:\Workspace\CS2113\AY2627-S1\ay2627s1-website\book\designPatterns\abstractionOccurrence\index.md
2026-08-30T23:44:38.500Z - [36mverbose[39m: Rendering page: D:\Workspace\CS2113\AY2627-S1\ay2627s1-website\book\designPatterns\abstractionOccurrence\what\index.md
2026-08-30T23:44:38.506Z - [36mverbose[39m: Rendering page: D:\Workspace\CS2113\AY2627-S1\ay2627s1-website\book\designPatterns\command\index.md
2026-08-30T23:44:38.511Z - [36mverbose[39m: Rendering page: D:\Workspace\CS2113\AY2627-S1\ay2627s1-website\book\designFundamentals\index.md
2026-08-30T23:44:38.662Z - [36mverbose[39m: Rendering page: D:\Workspace\CS2113\AY2627-S1\ay2627s1-website\book\designFundamentals\coupling\types\index.md
2026-08-30T23:44:38.667Z - [36mverbose[39m: Rendering page: D:\Workspace\CS2113\AY2627-S1\ay2627s1-website\book\designFundamentals\coupling\index.md
2026-08-30T23:44:38.674Z - [36mverbose[39m: Rendering page: D:\Workspace\CS2113\AY2627-S1\ay2627s1-website\book\designFundamentals\coupling\how\index.md
2026-08-30T23:44:38.680Z - [36mverbose[39m: Rendering page: D:\Workspace\CS2113\AY2627-S1\ay2627s1-website\book\designFundamentals\coupling\what\index.md
2026-08-30T23:44:38.794Z - [36mverbose[39m: Rendering page: D:\Workspace\CS2113\AY2627-S1\ay2627s1-website\book\designFundamentals\cohesion\index.md
2026-08-30T23:44:38.800Z - [36mverbose[39m: Rendering page: D:\Workspace\CS2113\AY2627-S1\ay2627s1-website\book\designFundamentals\abstraction\what\index.md
2026-08-30T23:44:38.805Z - [36mverbose[39m: Rendering page: D:\Workspace\CS2113\AY2627-S1\ay2627s1-website\book\designFundamentals\cohesion\what\index.md
2026-08-30T23:44:38.809Z - [36mverbose[39m: Rendering page: D:\Workspace\CS2113\AY2627-S1\ay2627s1-website\book\designFundamentals\cohesion\how\index.md
2026-08-30T23:44:38.927Z - [36mverbose[39m: Rendering page: D:\Workspace\CS2113\AY2627-S1\ay2627s1-website\book\designFundamentals\abstraction\index.md
2026-08-30T23:44:38.933Z - [36mverbose[39m: Rendering page: D:\Workspace\CS2113\AY2627-S1\ay2627s1-website\book\designApproaches\multilevelDesign\what\index.md
2026-08-30T23:44:38.938Z - [36mverbose[39m: Rendering page: D:\Workspace\CS2113\AY2627-S1\ay2627s1-website\book\designApproaches\topDownBottomUp\index.md
2026-08-30T23:44:38.943Z - [36mverbose[39m: Rendering page: D:\Workspace\CS2113\AY2627-S1\ay2627s1-website\book\designApproaches\topDownBottomUp\what\index.md
2026-08-30T23:44:39.081Z - [36mverbose[39m: Rendering page: D:\Workspace\CS2113\AY2627-S1\ay2627s1-website\book\designApproaches\index.md
2026-08-30T23:44:39.089Z - [36mverbose[39m: Rendering page: D:\Workspace\CS2113\AY2627-S1\ay2627s1-website\book\designApproaches\agileDesign\index.md
2026-08-30T23:44:39.094Z - [36mverbose[39m: Rendering page: D:\Workspace\CS2113\AY2627-S1\ay2627s1-website\book\designApproaches\agileDesign\what\index.md
2026-08-30T23:44:39.099Z - [36mverbose[39m: Rendering page: D:\Workspace\CS2113\AY2627-S1\ay2627s1-website\book\designApproaches\multilevelDesign\index.md
2026-08-30T23:44:39.212Z - [36mverbose[39m: Rendering page: D:\Workspace\CS2113\AY2627-S1\ay2627s1-website\book\design\introduction\what\index.md
2026-08-30T23:44:39.217Z - [36mverbose[39m: Rendering page: D:\Workspace\CS2113\AY2627-S1\ay2627s1-website\book\debugging\what\index.md
2026-08-30T23:44:39.223Z - [36mverbose[39m: Rendering page: D:\Workspace\CS2113\AY2627-S1\ay2627s1-website\book\design\index.md
2026-08-30T23:44:39.229Z - [36mverbose[39m: Rendering page: D:\Workspace\CS2113\AY2627-S1\ay2627s1-website\book\design\introduction\index.md
2026-08-30T23:44:39.416Z - [36mverbose[39m: Rendering page: D:\Workspace\CS2113\AY2627-S1\ay2627s1-website\book\debugging\tools\index.md
2026-08-30T23:44:39.422Z - [36mverbose[39m: Rendering page: D:\Workspace\CS2113\AY2627-S1\ay2627s1-website\book\debugging\fixing\index.md
2026-08-30T23:44:39.428Z - [36mverbose[39m: Rendering page: D:\Workspace\CS2113\AY2627-S1\ay2627s1-website\book\debugging\index.md
2026-08-30T23:44:39.439Z - [36mverbose[39m: Rendering page: D:\Workspace\CS2113\AY2627-S1\ay2627s1-website\book\debugging\how\index.md
2026-08-30T23:44:39.628Z - [36mverbose[39m: Rendering page: D:\Workspace\CS2113\AY2627-S1\ay2627s1-website\book\debugging\advanced\index.md
2026-08-30T23:44:39.633Z - [36mverbose[39m: Rendering page: D:\Workspace\CS2113\AY2627-S1\ay2627s1-website\book\cppToJava\usefulClasses\wrapperClasses\index.md
2026-08-30T23:44:39.639Z - [36mverbose[39m: Rendering page: D:\Workspace\CS2113\AY2627-S1\ay2627s1-website\book\cppToJava\usefulClasses\stringClass\index.md
2026-08-30T23:44:39.650Z - [36mverbose[39m: Rendering page: D:\Workspace\CS2113\AY2627-S1\ay2627s1-website\book\cppToJava\usefulClasses\scannerClass\index.md
2026-08-30T23:44:39.904Z - [36mverbose[39m: Rendering page: D:\Workspace\CS2113\AY2627-S1\ay2627s1-website\book\cppToJava\usefulClasses\arraysClass\index.md
2026-08-30T23:44:39.911Z - [36mverbose[39m: Rendering page: D:\Workspace\CS2113\AY2627-S1\ay2627s1-website\book\cppToJava\usefulClasses\api\index.md
2026-08-30T23:44:39.916Z - [36mverbose[39m: Rendering page: D:\Workspace\CS2113\AY2627-S1\ay2627s1-website\book\cppToJava\objects\usingObjects\index.md
2026-08-30T23:44:39.922Z - [36mverbose[39m: Rendering page: D:\Workspace\CS2113\AY2627-S1\ay2627s1-website\book\cppToJava\usefulClasses\index.md
2026-08-30T23:44:40.155Z - [36mverbose[39m: Rendering page: D:\Workspace\CS2113\AY2627-S1\ay2627s1-website\book\cppToJava\objects\instanceMembers\index.md
2026-08-30T23:44:40.163Z - [36mverbose[39m: Rendering page: D:\Workspace\CS2113\AY2627-S1\ay2627s1-website\book\cppToJava\objects\passingObjects\index.md
2026-08-30T23:44:40.171Z - [36mverbose[39m: Rendering page: D:\Workspace\CS2113\AY2627-S1\ay2627s1-website\book\cppToJava\objects\garbageCollection\index.md
2026-08-30T23:44:40.175Z - [36mverbose[39m: Rendering page: D:\Workspace\CS2113\AY2627-S1\ay2627s1-website\book\cppToJava\objects\index.md
2026-08-30T23:44:40.329Z - [36mverbose[39m: Rendering page: D:\Workspace\CS2113\AY2627-S1\ay2627s1-website\book\cppToJava\misc\varargs\index.md
2026-08-30T23:44:40.334Z - [36mverbose[39m: Rendering page: D:\Workspace\CS2113\AY2627-S1\ay2627s1-website\book\cppToJava\misc\javaFX\part02\index.md
2026-08-30T23:44:40.343Z - [36mverbose[39m: Rendering page: D:\Workspace\CS2113\AY2627-S1\ay2627s1-website\book\cppToJava\misc\streams\index.md
2026-08-30T23:44:40.348Z - [36mverbose[39m: Rendering page: D:\Workspace\CS2113\AY2627-S1\ay2627s1-website\book\cppToJava\misc\packages\index.md
2026-08-30T23:44:40.592Z - [36mverbose[39m: Rendering page: D:\Workspace\CS2113\AY2627-S1\ay2627s1-website\book\cppToJava\misc\javaFX\index.md
2026-08-30T23:44:40.597Z - [36mverbose[39m: Rendering page: D:\Workspace\CS2113\AY2627-S1\ay2627s1-website\book\cppToJava\misc\javaFX\part01\index.md
2026-08-30T23:44:40.605Z - [36mverbose[39m: Rendering page: D:\Workspace\CS2113\AY2627-S1\ay2627s1-website\book\cppToJava\misc\jar\index.md
2026-08-30T23:44:40.610Z - [36mverbose[39m: Rendering page: D:\Workspace\CS2113\AY2627-S1\ay2627s1-website\book\cppToJava\misc\index.md
2026-08-30T23:44:40.763Z - [36mverbose[39m: Rendering page: D:\Workspace\CS2113\AY2627-S1\ay2627s1-website\book\cppToJava\misc\fileAccess\index.md
2026-08-30T23:44:40.770Z - [36mverbose[39m: Rendering page: D:\Workspace\CS2113\AY2627-S1\ay2627s1-website\book\cppToJava\misc\constants\index.md
2026-08-30T23:44:40.776Z - [36mverbose[39m: Rendering page: D:\Workspace\CS2113\AY2627-S1\ay2627s1-website\book\cppToJava\misc\enums\index.md
2026-08-30T23:44:40.782Z - [36mverbose[39m: Rendering page: D:\Workspace\CS2113\AY2627-S1\ay2627s1-website\book\cppToJava\misc\casting\index.md
2026-08-30T23:44:40.920Z - [36mverbose[39m: Rendering page: D:\Workspace\CS2113\AY2627-S1\ay2627s1-website\book\cppToJava\misc\accessModifiers\index.md
2026-08-30T23:44:40.926Z - [36mverbose[39m: Rendering page: D:\Workspace\CS2113\AY2627-S1\ay2627s1-website\book\cppToJava\junit\intermediate\index.md
2026-08-30T23:44:40.931Z - [36mverbose[39m: Rendering page: D:\Workspace\CS2113\AY2627-S1\ay2627s1-website\book\cppToJava\junit\basic\index.md
2026-08-30T23:44:40.936Z - [36mverbose[39m: Rendering page: D:\Workspace\CS2113\AY2627-S1\ay2627s1-website\book\cppToJava\junit\index.md
2026-08-30T23:44:41.052Z - [36mverbose[39m: Rendering page: D:\Workspace\CS2113\AY2627-S1\ay2627s1-website\book\cppToJava\javaWorld\index.md
2026-08-30T23:44:41.058Z - [36mverbose[39m: Rendering page: D:\Workspace\CS2113\AY2627-S1\ay2627s1-website\book\cppToJava\javaWorld\editions\index.md
2026-08-30T23:44:41.063Z - [36mverbose[39m: Rendering page: D:\Workspace\CS2113\AY2627-S1\ay2627s1-website\book\cppToJava\javaWorld\how\index.md
2026-08-30T23:44:41.067Z - [36mverbose[39m: Rendering page: D:\Workspace\CS2113\AY2627-S1\ay2627s1-website\book\cppToJava\javaWorld\what\index.md
2026-08-30T23:44:41.501Z - [36mverbose[39m: Rendering page: D:\Workspace\CS2113\AY2627-S1\ay2627s1-website\book\cppToJava\inheritance\interfaces\index.md
2026-08-30T23:44:41.510Z - [36mverbose[39m: Rendering page: D:\Workspace\CS2113\AY2627-S1\ay2627s1-website\book\cppToJava\inheritance\polymorphism\index.md
2026-08-30T23:44:41.519Z - [36mverbose[39m: Rendering page: D:\Workspace\CS2113\AY2627-S1\ay2627s1-website\book\cppToJava\inheritance\objectClass\index.md
2026-08-30T23:44:41.529Z - [36mverbose[39m: Rendering page: D:\Workspace\CS2113\AY2627-S1\ay2627s1-website\book\cppToJava\inheritance\index.md
2026-08-30T23:44:43.809Z - [36mverbose[39m: Rendering page: D:\Workspace\CS2113\AY2627-S1\ay2627s1-website\book\cppToJava\inheritance\basic\index.md
2026-08-30T23:44:43.821Z - [36mverbose[39m: Rendering page: D:\Workspace\CS2113\AY2627-S1\ay2627s1-website\book\cppToJava\gettingStarted\running\index.md
2026-08-30T23:44:43.829Z - [36mverbose[39m: Rendering page: D:\Workspace\CS2113\AY2627-S1\ay2627s1-website\book\cppToJava\index.md
2026-08-30T23:44:43.969Z - [36mverbose[39m: Rendering page: D:\Workspace\CS2113\AY2627-S1\ay2627s1-website\book\cppToJava\inheritance\abstractClassesAndMethods\index.md
2026-08-30T23:44:44.129Z - [36mverbose[39m: Rendering page: D:\Workspace\CS2113\AY2627-S1\ay2627s1-website\book\cppToJava\gettingStarted\helloWorld\index.md
2026-08-30T23:44:44.136Z - [36mverbose[39m: Rendering page: D:\Workspace\CS2113\AY2627-S1\ay2627s1-website\book\cppToJava\gettingStarted\installation\index.md
2026-08-30T23:44:44.141Z - [36mverbose[39m: Rendering page: D:\Workspace\CS2113\AY2627-S1\ay2627s1-website\book\cppToJava\gettingStarted\compiling\index.md
2026-08-30T23:44:44.146Z - [36mverbose[39m: Rendering page: D:\Workspace\CS2113\AY2627-S1\ay2627s1-website\book\cppToJava\gettingStarted\index.md
2026-08-30T23:44:44.310Z - [36mverbose[39m: Rendering page: D:\Workspace\CS2113\AY2627-S1\ay2627s1-website\book\cppToJava\generics\what\index.md
2026-08-30T23:44:44.316Z - [36mverbose[39m: Rendering page: D:\Workspace\CS2113\AY2627-S1\ay2627s1-website\book\cppToJava\exceptions\what\index.md
2026-08-30T23:44:44.321Z - [36mverbose[39m: Rendering page: D:\Workspace\CS2113\AY2627-S1\ay2627s1-website\book\cppToJava\generics\how\index.md
2026-08-30T23:44:44.329Z - [36mverbose[39m: Rendering page: D:\Workspace\CS2113\AY2627-S1\ay2627s1-website\book\cppToJava\generics\index.md
2026-08-30T23:44:44.517Z - [36mverbose[39m: Rendering page: D:\Workspace\CS2113\AY2627-S1\ay2627s1-website\book\cppToJava\exceptions\index.md
2026-08-30T23:44:44.528Z - [36mverbose[39m: Rendering page: D:\Workspace\CS2113\AY2627-S1\ay2627s1-website\book\cppToJava\exceptions\how\index.md
2026-08-30T23:44:44.537Z - [36mverbose[39m: Rendering page: D:\Workspace\CS2113\AY2627-S1\ay2627s1-website\book\cppToJava\dataTypes\primitiveTypes\index.md
2026-08-30T23:44:44.542Z - [36mverbose[39m: Rendering page: D:\Workspace\CS2113\AY2627-S1\ay2627s1-website\book\cppToJava\dataTypes\variables\index.md
2026-08-30T23:44:44.790Z - [36mverbose[39m: Rendering page: D:\Workspace\CS2113\AY2627-S1\ay2627s1-website\book\cppToJava\dataTypes\index.md
2026-08-30T23:44:44.803Z - [36mverbose[39m: Rendering page: D:\Workspace\CS2113\AY2627-S1\ay2627s1-website\book\cppToJava\dataTypes\operators\index.md
2026-08-30T23:44:44.809Z - [36mverbose[39m: Rendering page: D:\Workspace\CS2113\AY2627-S1\ay2627s1-website\book\cppToJava\dataTypes\arrays\index.md
2026-08-30T23:44:44.817Z - [36mverbose[39m: Rendering page: D:\Workspace\CS2113\AY2627-S1\ay2627s1-website\book\cppToJava\controlFlow\methods\index.md
2026-08-30T23:44:45.090Z - [36mverbose[39m: Rendering page: D:\Workspace\CS2113\AY2627-S1\ay2627s1-website\book\cppToJava\controlFlow\loops\index.md
2026-08-30T23:44:45.100Z - [36mverbose[39m: Rendering page: D:\Workspace\CS2113\AY2627-S1\ay2627s1-website\book\cppToJava\collections\what\index.md
2026-08-30T23:44:45.105Z - [36mverbose[39m: Rendering page: D:\Workspace\CS2113\AY2627-S1\ay2627s1-website\book\cppToJava\controlFlow\branching\index.md
2026-08-30T23:44:45.113Z - [36mverbose[39m: Rendering page: D:\Workspace\CS2113\AY2627-S1\ay2627s1-website\book\cppToJava\controlFlow\index.md
2026-08-30T23:44:45.427Z - [36mverbose[39m: Rendering page: D:\Workspace\CS2113\AY2627-S1\ay2627s1-website\book\cppToJava\collections\hashMapClass\index.md
2026-08-30T23:44:45.434Z - [36mverbose[39m: Rendering page: D:\Workspace\CS2113\AY2627-S1\ay2627s1-website\book\cppToJava\collections\index.md
2026-08-30T23:44:45.447Z - [36mverbose[39m: Rendering page: D:\Workspace\CS2113\AY2627-S1\ay2627s1-website\book\cppToJava\collections\arrayListClass\index.md
2026-08-30T23:44:45.459Z - [36mverbose[39m: Rendering page: D:\Workspace\CS2113\AY2627-S1\ay2627s1-website\book\cppToJava\classes\index.md
2026-08-30T23:44:45.644Z - [36mverbose[39m: Rendering page: D:\Workspace\CS2113\AY2627-S1\ay2627s1-website\book\cppToJava\about\index.md
2026-08-30T23:44:45.650Z - [36mverbose[39m: Rendering page: D:\Workspace\CS2113\AY2627-S1\ay2627s1-website\book\cppToJava\classes\classLevelMembers\index.md
2026-08-30T23:44:45.658Z - [36mverbose[39m: Rendering page: D:\Workspace\CS2113\AY2627-S1\ay2627s1-website\book\cppToJava\classes\definingClasses\index.md
2026-08-30T23:44:45.667Z - [36mverbose[39m: Rendering page: D:\Workspace\CS2113\AY2627-S1\ay2627s1-website\book\cppToJava\classes\gettersAndSetters\index.md
2026-08-30T23:44:45.813Z - [36mverbose[39m: Rendering page: D:\Workspace\CS2113\AY2627-S1\ay2627s1-website\book\codeQuality\nameWell\intermediate\useNameExplain\index.md
2026-08-30T23:44:45.821Z - [36mverbose[39m: Rendering page: D:\Workspace\CS2113\AY2627-S1\ay2627s1-website\book\codeQuality\nameWell\intermediate\notTooLongNorShort\index.md
2026-08-30T23:44:45.828Z - [36mverbose[39m: Rendering page: D:\Workspace\CS2113\AY2627-S1\ay2627s1-website\book\codeQuality\nameWell\intermediate\index.md
2026-08-30T23:44:45.837Z - [36mverbose[39m: Rendering page: D:\Workspace\CS2113\AY2627-S1\ay2627s1-website\book\codeQuality\nameWell\introduction\index.md
2026-08-30T23:44:46.007Z - [36mverbose[39m: Rendering page: D:\Workspace\CS2113\AY2627-S1\ay2627s1-website\book\codeQuality\nameWell\intermediate\avoidMisleadingNames\index.md
2026-08-30T23:44:46.013Z - [36mverbose[39m: Rendering page: D:\Workspace\CS2113\AY2627-S1\ay2627s1-website\book\codeQuality\nameWell\basic\useStandardWords\index.md
2026-08-30T23:44:46.017Z - [36mverbose[39m: Rendering page: D:\Workspace\CS2113\AY2627-S1\ay2627s1-website\book\codeQuality\nameWell\basic\nounsAndVerbsAsNames\index.md
2026-08-30T23:44:46.022Z - [36mverbose[39m: Rendering page: D:\Workspace\CS2113\AY2627-S1\ay2627s1-website\book\codeQuality\nameWell\index.md
2026-08-30T23:44:46.154Z - [36mverbose[39m: Rendering page: D:\Workspace\CS2113\AY2627-S1\ay2627s1-website\book\codeQuality\nameWell\basic\index.md
2026-08-30T23:44:46.162Z - [36mverbose[39m: Rendering page: D:\Workspace\CS2113\AY2627-S1\ay2627s1-website\book\codeQuality\maximizeReadability\introduction\index.md
2026-08-30T23:44:46.166Z - [36mverbose[39m: Rendering page: D:\Workspace\CS2113\AY2627-S1\ay2627s1-website\book\codeQuality\maximizeReadability\intermediate\structureCodeLogically\index.md
2026-08-30T23:44:46.171Z - [36mverbose[39m: Rendering page: D:\Workspace\CS2113\AY2627-S1\ay2627s1-website\book\codeQuality\maximizeReadability\intermediate\slapHard\index.md
2026-08-30T23:44:46.307Z - [36mverbose[39m: Rendering page: D:\Workspace\CS2113\AY2627-S1\ay2627s1-website\book\codeQuality\maximizeReadability\intermediate\practiceKISSing\index.md
2026-08-30T23:44:46.313Z - [36mverbose[39m: Rendering page: D:\Workspace\CS2113\AY2627-S1\ay2627s1-website\book\codeQuality\maximizeReadability\intermediate\dontTripReader\index.md
2026-08-30T23:44:46.318Z - [36mverbose[39m: Rendering page: D:\Workspace\CS2113\AY2627-S1\ay2627s1-website\book\codeQuality\maximizeReadability\intermediate\avoidPrematureOptimizations\index.md
2026-08-30T23:44:46.323Z - [36mverbose[39m: Rendering page: D:\Workspace\CS2113\AY2627-S1\ay2627s1-website\book\codeQuality\maximizeReadability\intermediate\index.md
2026-08-30T23:44:46.611Z - [36mverbose[39m: Rendering page: D:\Workspace\CS2113\AY2627-S1\ay2627s1-website\book\codeQuality\maximizeReadability\basic\makeCodeObvious\index.md
2026-08-30T23:44:46.616Z - [36mverbose[39m: Rendering page: D:\Workspace\CS2113\AY2627-S1\ay2627s1-website\book\codeQuality\maximizeReadability\basic\index.md
2026-08-30T23:44:46.626Z - [36mverbose[39m: Rendering page: D:\Workspace\CS2113\AY2627-S1\ay2627s1-website\book\codeQuality\maximizeReadability\basic\avoidMagicNumbers\index.md
2026-08-30T23:44:46.632Z - [36mverbose[39m: Rendering page: D:\Workspace\CS2113\AY2627-S1\ay2627s1-website\book\codeQuality\maximizeReadability\index.md
2026-08-30T23:44:46.755Z - [36mverbose[39m: Rendering page: D:\Workspace\CS2113\AY2627-S1\ay2627s1-website\book\codeQuality\maximizeReadability\basic\avoidDeepNesting\index.md
2026-08-30T23:44:46.761Z - [36mverbose[39m: Rendering page: D:\Workspace\CS2113\AY2627-S1\ay2627s1-website\book\codeQuality\maximizeReadability\basic\avoidLongMethods\index.md
2026-08-30T23:44:46.764Z - [36mverbose[39m: Rendering page: D:\Workspace\CS2113\AY2627-S1\ay2627s1-website\book\codeQuality\maximizeReadability\basic\avoidComplicatedExpressions\index.md
2026-08-30T23:44:46.769Z - [36mverbose[39m: Rendering page: D:\Workspace\CS2113\AY2627-S1\ay2627s1-website\book\codeQuality\maximizeReadability\advanced\makeHappyPathProminent\index.md
2026-08-30T23:44:47.216Z - [36mverbose[39m: Rendering page: D:\Workspace\CS2113\AY2627-S1\ay2627s1-website\book\codeQuality\introduction\index.md
2026-08-30T23:44:47.222Z - [36mverbose[39m: Rendering page: D:\Workspace\CS2113\AY2627-S1\ay2627s1-website\book\codeQuality\maximizeReadability\advanced\index.md
2026-08-30T23:44:47.228Z - [36mverbose[39m: Rendering page: D:\Workspace\CS2113\AY2627-S1\ay2627s1-website\book\codeQuality\introduction\basic\index.md
2026-08-30T23:44:47.236Z - [36mverbose[39m: Rendering page: D:\Workspace\CS2113\AY2627-S1\ay2627s1-website\book\codeQuality\index.md
2026-08-30T23:44:47.412Z - [36mverbose[39m: Rendering page: D:\Workspace\CS2113\AY2627-S1\ay2627s1-website\book\codeQuality\followStandard\index.md
2026-08-30T23:44:47.420Z - [36mverbose[39m: Rendering page: D:\Workspace\CS2113\AY2627-S1\ay2627s1-website\book\codeQuality\followStandard\basic\index.md
2026-08-30T23:44:47.426Z - [36mverbose[39m: Rendering page: D:\Workspace\CS2113\AY2627-S1\ay2627s1-website\book\codeQuality\followStandard\intermediate\index.md
2026-08-30T23:44:47.431Z - [36mverbose[39m: Rendering page: D:\Workspace\CS2113\AY2627-S1\ay2627s1-website\book\codeQuality\followStandard\introduction\index.md
2026-08-30T23:44:47.577Z - [36mverbose[39m: Rendering page: D:\Workspace\CS2113\AY2627-S1\ay2627s1-website\book\codeQuality\commentMinimally\intermediate\explainWhatWhyNotHow\index.md
2026-08-30T23:44:47.583Z - [36mverbose[39m: Rendering page: D:\Workspace\CS2113\AY2627-S1\ay2627s1-website\book\codeQuality\commentMinimally\index.md
2026-08-30T23:44:47.591Z - [36mverbose[39m: Rendering page: D:\Workspace\CS2113\AY2627-S1\ay2627s1-website\book\codeQuality\commentMinimally\introduction\index.md
2026-08-30T23:44:47.596Z - [36mverbose[39m: Rendering page: D:\Workspace\CS2113\AY2627-S1\ay2627s1-website\book\codeQuality\commentMinimally\intermediate\index.md
2026-08-30T23:44:47.723Z - [36mverbose[39m: Rendering page: D:\Workspace\CS2113\AY2627-S1\ay2627s1-website\book\codeQuality\commentMinimally\basic\index.md
2026-08-30T23:44:47.730Z - [36mverbose[39m: Rendering page: D:\Workspace\CS2113\AY2627-S1\ay2627s1-website\book\codeQuality\commentMinimally\basic\writeToReader\index.md
2026-08-30T23:44:47.737Z - [36mverbose[39m: Rendering page: D:\Workspace\CS2113\AY2627-S1\ay2627s1-website\book\codeQuality\avoidShortcuts\introduction\index.md
2026-08-30T23:44:47.742Z - [36mverbose[39m: Rendering page: D:\Workspace\CS2113\AY2627-S1\ay2627s1-website\book\codeQuality\commentMinimally\basic\dontRepeatObvious\index.md
2026-08-30T23:44:47.910Z - [36mverbose[39m: Rendering page: D:\Workspace\CS2113\AY2627-S1\ay2627s1-website\book\codeQuality\avoidShortcuts\index.md
2026-08-30T23:44:47.919Z - [36mverbose[39m: Rendering page: D:\Workspace\CS2113\AY2627-S1\ay2627s1-website\book\codeQuality\avoidShortcuts\intermediate\index.md
2026-08-30T23:44:47.925Z - [36mverbose[39m: Rendering page: D:\Workspace\CS2113\AY2627-S1\ay2627s1-website\book\codeQuality\avoidShortcuts\intermediate\minimiseCodeDuplication\index.md
2026-08-30T23:44:47.930Z - [36mverbose[39m: Rendering page: D:\Workspace\CS2113\AY2627-S1\ay2627s1-website\book\codeQuality\avoidShortcuts\intermediate\minimiseVariableScope\index.md
2026-08-30T23:44:48.072Z - [36mverbose[39m: Rendering page: D:\Workspace\CS2113\AY2627-S1\ay2627s1-website\book\codeQuality\avoidShortcuts\basic\dontRecycleVarsOrParams\index.md
2026-08-30T23:44:48.079Z - [36mverbose[39m: Rendering page: D:\Workspace\CS2113\AY2627-S1\ay2627s1-website\book\codeQuality\avoidShortcuts\basic\index.md
2026-08-30T23:44:48.088Z - [36mverbose[39m: Rendering page: D:\Workspace\CS2113\AY2627-S1\ay2627s1-website\book\codeQuality\avoidShortcuts\basic\deleteDeadCode\index.md
2026-08-30T23:44:48.092Z - [36mverbose[39m: Rendering page: D:\Workspace\CS2113\AY2627-S1\ay2627s1-website\book\codeQuality\avoidShortcuts\basic\useDefaultBranch\index.md
2026-08-30T23:44:48.251Z - [36mverbose[39m: Rendering page: D:\Workspace\CS2113\AY2627-S1\ay2627s1-website\book\architecture\introduction\what\index.md
2026-08-30T23:44:48.258Z - [36mverbose[39m: Rendering page: D:\Workspace\CS2113\AY2627-S1\ay2627s1-website\book\architecture\introduction\why\index.md
2026-08-30T23:44:48.262Z - [36mverbose[39m: Rendering page: D:\Workspace\CS2113\AY2627-S1\ay2627s1-website\book\codeQuality\avoidShortcuts\basic\avoidEmptyCatchBlocks\index.md
2026-08-30T23:44:48.271Z - [36mverbose[39m: Rendering page: D:\Workspace\CS2113\AY2627-S1\ay2627s1-website\book\architecture\introduction\index.md
2026-08-30T23:44:50.161Z - [34mdebug[39m: 
2026-08-30T23:44:50.229Z - [34mdebug[39m: 
2026-08-30T23:44:50.243Z - [34mdebug[39m: 
2026-08-30T23:44:50.315Z - [34mdebug[39m: 
2026-08-30T23:44:50.373Z - [34mdebug[39m: 
2026-08-30T23:44:50.416Z - [34mdebug[39m: 
2026-08-30T23:44:50.530Z - [36mverbose[39m: Rendering page: D:\Workspace\CS2113\AY2627-S1\ay2627s1-website\book\architecture\introduction\components\index.md
2026-08-30T23:44:50.536Z - [36mverbose[39m: Rendering page: D:\Workspace\CS2113\AY2627-S1\ay2627s1-website\book\architecture\architectureDiagrams\reading\index.md
2026-08-30T23:44:50.541Z - [36mverbose[39m: Rendering page: D:\Workspace\CS2113\AY2627-S1\ay2627s1-website\book\architecture\architectureDiagrams\views\index.md
2026-08-30T23:44:50.546Z - [36mverbose[39m: Rendering page: D:\Workspace\CS2113\AY2627-S1\ay2627s1-website\book\architecture\index.md
2026-08-30T23:44:50.727Z - [36mverbose[39m: Rendering page: D:\Workspace\CS2113\AY2627-S1\ay2627s1-website\book\architecture\architectureDiagrams\drawing\index.md
2026-08-30T23:44:50.734Z - [36mverbose[39m: Rendering page: D:\Workspace\CS2113\AY2627-S1\ay2627s1-website\book\architecture\architecturalStyles\serviceOriented\what\index.md
2026-08-30T23:44:50.740Z - [36mverbose[39m: Rendering page: D:\Workspace\CS2113\AY2627-S1\ay2627s1-website\book\architecture\architectureDiagrams\index.md
2026-08-30T23:44:50.748Z - [36mverbose[39m: Rendering page: D:\Workspace\CS2113\AY2627-S1\ay2627s1-website\book\architecture\architecturalStyles\serviceOriented\index.md
2026-08-30T23:44:50.885Z - [36mverbose[39m: Rendering page: D:\Workspace\CS2113\AY2627-S1\ay2627s1-website\book\architecture\architecturalStyles\monolith\what\index.md
2026-08-30T23:44:50.892Z - [36mverbose[39m: Rendering page: D:\Workspace\CS2113\AY2627-S1\ay2627s1-website\book\architecture\architecturalStyles\more\index.md
2026-08-30T23:44:50.897Z - [36mverbose[39m: Rendering page: D:\Workspace\CS2113\AY2627-S1\ay2627s1-website\book\architecture\architecturalStyles\more\usingStyles\index.md
2026-08-30T23:44:50.902Z - [36mverbose[39m: Rendering page: D:\Workspace\CS2113\AY2627-S1\ay2627s1-website\book\architecture\architecturalStyles\more\moreStyles\index.md
2026-08-30T23:44:51.022Z - [36mverbose[39m: Rendering page: D:\Workspace\CS2113\AY2627-S1\ay2627s1-website\book\architecture\architecturalStyles\layered\what\index.md
2026-08-30T23:44:51.028Z - [36mverbose[39m: Rendering page: D:\Workspace\CS2113\AY2627-S1\ay2627s1-website\book\architecture\architecturalStyles\layered\index.md
2026-08-30T23:44:51.034Z - [36mverbose[39m: Rendering page: D:\Workspace\CS2113\AY2627-S1\ay2627s1-website\book\architecture\architecturalStyles\introduction\what\index.md
2026-08-30T23:44:51.039Z - [36mverbose[39m: Rendering page: D:\Workspace\CS2113\AY2627-S1\ay2627s1-website\book\architecture\architecturalStyles\monolith\index.md
2026-08-30T23:44:51.240Z - [36mverbose[39m: Rendering page: D:\Workspace\CS2113\AY2627-S1\ay2627s1-website\book\architecture\architecturalStyles\eventDriven\what\index.md
2026-08-30T23:44:51.247Z - [36mverbose[39m: Rendering page: D:\Workspace\CS2113\AY2627-S1\ay2627s1-website\book\architecture\architecturalStyles\eventDriven\index.md
2026-08-30T23:44:51.255Z - [36mverbose[39m: Rendering page: D:\Workspace\CS2113\AY2627-S1\ay2627s1-website\book\architecture\architecturalStyles\introduction\index.md
2026-08-30T23:44:51.262Z - [36mverbose[39m: Rendering page: D:\Workspace\CS2113\AY2627-S1\ay2627s1-website\book\architecture\architecturalStyles\index.md
2026-08-30T23:44:51.553Z - [36mverbose[39m: Rendering page: D:\Workspace\CS2113\AY2627-S1\ay2627s1-website\book\architecture\architecturalStyles\clientServer\index.md
2026-08-30T23:44:51.563Z - [36mverbose[39m: Rendering page: D:\Workspace\CS2113\AY2627-S1\ay2627s1-website\book\architecture\architecturalStyles\clientServer\what\index.md
2026-08-30T23:44:51.740Z - [36mverbose[39m: Rendering page: D:\Workspace\CS2113\AY2627-S1\ay2627s1-website\se-book-adapted\git-trail\index.md
2026-08-30T23:44:52.256Z - [36mverbose[39m: Rendering page: D:\Workspace\CS2113\AY2627-S1\ay2627s1-website\book\combined\exercises.md
2026-08-30T23:44:52.413Z - [36mverbose[39m: Rendering page: D:\Workspace\CS2113\AY2627-S1\ay2627s1-website\se-book-adapted\common\exercises.md
2026-08-30T23:44:52.421Z - [36mverbose[39m: Rendering page: D:\Workspace\CS2113\AY2627-S1\ay2627s1-website\se-book-adapted\common\definitions.md
2026-08-30T23:44:52.428Z - [36mverbose[39m: Rendering page: D:\Workspace\CS2113\AY2627-S1\ay2627s1-website\se-book-adapted\chapters-printable\uml-printable.md
2026-08-30T23:44:52.584Z - [36mverbose[39m: Rendering page: D:\Workspace\CS2113\AY2627-S1\ay2627s1-website\se-book-adapted\chapters-printable\testing-printable.md
2026-08-30T23:44:52.731Z - [36mverbose[39m: Rendering page: D:\Workspace\CS2113\AY2627-S1\ay2627s1-website\se-book-adapted\chapters-printable\specifyingRequirements-printable.md
2026-08-30T23:44:52.744Z - [36mverbose[39m: Rendering page: D:\Workspace\CS2113\AY2627-S1\ay2627s1-website\se-book-adapted\chapters-printable\testCaseDesign-printable.md
2026-08-30T23:44:52.756Z - [36mverbose[39m: Rendering page: D:\Workspace\CS2113\AY2627-S1\ay2627s1-website\se-book-adapted\chapters-printable\teamwork-printable.md
2026-08-30T23:44:52.803Z - [36mverbose[39m: Rendering page: D:\Workspace\CS2113\AY2627-S1\ay2627s1-website\se-book-adapted\chapters-printable\softwareEngineering-printable.md
2026-08-30T23:44:52.929Z - [36mverbose[39m: Rendering page: D:\Workspace\CS2113\AY2627-S1\ay2627s1-website\se-book-adapted\chapters-printable\reuse-printable.md
2026-08-30T23:44:52.969Z - [36mverbose[39m: Rendering page: D:\Workspace\CS2113\AY2627-S1\ay2627s1-website\se-book-adapted\chapters-printable\requirements-printable.md
2026-08-30T23:44:52.976Z - [36mverbose[39m: Rendering page: D:\Workspace\CS2113\AY2627-S1\ay2627s1-website\se-book-adapted\chapters-printable\security-printable.md
2026-08-30T23:44:53.065Z - [36mverbose[39m: Rendering page: D:\Workspace\CS2113\AY2627-S1\ay2627s1-website\se-book-adapted\chapters-printable\refactoring-printable.md
2026-08-30T23:44:53.128Z - [36mverbose[39m: Rendering page: D:\Workspace\CS2113\AY2627-S1\ay2627s1-website\se-book-adapted\chapters-printable\qualityAssurance-printable.md
2026-08-30T23:44:53.207Z - [36mverbose[39m: Rendering page: D:\Workspace\CS2113\AY2627-S1\ay2627s1-website\se-book-adapted\chapters-printable\projectPlanning-printable.md
2026-08-30T23:44:53.213Z - [36mverbose[39m: Rendering page: D:\Workspace\CS2113\AY2627-S1\ay2627s1-website\se-book-adapted\chapters-printable\processModels-printable.md
2026-08-30T23:44:53.419Z - [36mverbose[39m: Rendering page: D:\Workspace\CS2113\AY2627-S1\ay2627s1-website\se-book-adapted\chapters-printable\principles-printable.md
2026-08-30T23:44:53.624Z - [36mverbose[39m: Rendering page: D:\Workspace\CS2113\AY2627-S1\ay2627s1-website\se-book-adapted\chapters-printable\intellij-printable.md
2026-08-30T23:44:53.654Z - [36mverbose[39m: Rendering page: D:\Workspace\CS2113\AY2627-S1\ay2627s1-website\se-book-adapted\chapters-printable\modeling-printable.md
2026-08-30T23:44:53.672Z - [36mverbose[39m: Rendering page: D:\Workspace\CS2113\AY2627-S1\ay2627s1-website\se-book-adapted\chapters-printable\oop-printable.md
2026-08-30T23:44:53.702Z - [36mverbose[39m: Rendering page: D:\Workspace\CS2113\AY2627-S1\ay2627s1-website\se-book-adapted\chapters-printable\integration-printable.md
2026-08-30T23:44:53.875Z - [36mverbose[39m: Rendering page: D:\Workspace\CS2113\AY2627-S1\ay2627s1-website\se-book-adapted\chapters-printable\ides-printable.md
2026-08-30T23:44:53.882Z - [36mverbose[39m: Rendering page: D:\Workspace\CS2113\AY2627-S1\ay2627s1-website\se-book-adapted\chapters-printable\gatheringRequirements-printable.md
2026-08-30T23:44:53.888Z - [36mverbose[39m: Rendering page: D:\Workspace\CS2113\AY2627-S1\ay2627s1-website\se-book-adapted\chapters-printable\errorHandling-printable.md
2026-08-30T23:44:53.949Z - [36mverbose[39m: Rendering page: D:\Workspace\CS2113\AY2627-S1\ay2627s1-website\se-book-adapted\chapters-printable\documentation-printable.md
2026-08-30T23:44:54.033Z - [36mverbose[39m: Rendering page: D:\Workspace\CS2113\AY2627-S1\ay2627s1-website\se-book-adapted\chapters-printable\designApproaches-printable.md
2026-08-30T23:44:54.039Z - [36mverbose[39m: Rendering page: D:\Workspace\CS2113\AY2627-S1\ay2627s1-website\se-book-adapted\chapters-printable\designPatterns-printable.md
2026-08-30T23:44:54.071Z - [36mverbose[39m: Rendering page: D:\Workspace\CS2113\AY2627-S1\ay2627s1-website\se-book-adapted\chapters-printable\designFundamentals-printable.md
2026-08-30T23:44:54.088Z - [36mverbose[39m: Rendering page: D:\Workspace\CS2113\AY2627-S1\ay2627s1-website\se-book-adapted\chapters-printable\design-printable.md
2026-08-30T23:44:54.956Z - [36mverbose[39m: Rendering page: D:\Workspace\CS2113\AY2627-S1\ay2627s1-website\se-book-adapted\chapters-printable\debugging-printable.md
2026-08-30T23:44:54.964Z - [36mverbose[39m: Rendering page: D:\Workspace\CS2113\AY2627-S1\ay2627s1-website\se-book-adapted\chapters-printable\codeQuality-printable.md
2026-08-30T23:44:54.984Z - [36mverbose[39m: Rendering page: D:\Workspace\CS2113\AY2627-S1\ay2627s1-website\se-book-adapted\chapters-printable\cppToJava-printable.md
2026-08-30T23:44:55.456Z - [36mverbose[39m: Rendering page: D:\Workspace\CS2113\AY2627-S1\ay2627s1-website\se-book-adapted\chapters-printable\architecture-printable.md
2026-08-30T23:44:56.051Z - [36mverbose[39m: Rendering page: D:\Workspace\CS2113\AY2627-S1\ay2627s1-website\se-book-adapted\chapters\testCaseDesign.md
2026-08-30T23:44:56.072Z - [36mverbose[39m: Rendering page: D:\Workspace\CS2113\AY2627-S1\ay2627s1-website\se-book-adapted\chapters\uml.md
2026-08-30T23:44:56.113Z - [36mverbose[39m: Rendering page: D:\Workspace\CS2113\AY2627-S1\ay2627s1-website\se-book-adapted\chapters\testing.md
2026-08-30T23:44:56.167Z - [36mverbose[39m: Rendering page: D:\Workspace\CS2113\AY2627-S1\ay2627s1-website\se-book-adapted\chapters\test.md
2026-08-30T23:44:56.596Z - [36mverbose[39m: Rendering page: D:\Workspace\CS2113\AY2627-S1\ay2627s1-website\se-book-adapted\chapters\softwareEngineering.md
2026-08-30T23:44:56.603Z - [36mverbose[39m: Rendering page: D:\Workspace\CS2113\AY2627-S1\ay2627s1-website\se-book-adapted\chapters\teamwork.md
2026-08-30T23:44:56.609Z - [36mverbose[39m: Rendering page: D:\Workspace\CS2113\AY2627-S1\ay2627s1-website\se-book-adapted\chapters\security.md
2026-08-30T23:44:56.626Z - [36mverbose[39m: Rendering page: D:\Workspace\CS2113\AY2627-S1\ay2627s1-website\se-book-adapted\chapters\specifyingRequirements.md
2026-08-30T23:44:56.979Z - [36mverbose[39m: Rendering page: D:\Workspace\CS2113\AY2627-S1\ay2627s1-website\se-book-adapted\chapters\reuse.md
2026-08-30T23:44:56.991Z - [36mverbose[39m: Rendering page: D:\Workspace\CS2113\AY2627-S1\ay2627s1-website\se-book-adapted\chapters\requirements.md
2026-08-30T23:44:57.001Z - [36mverbose[39m: Rendering page: D:\Workspace\CS2113\AY2627-S1\ay2627s1-website\se-book-adapted\chapters\refactoring.md
2026-08-30T23:44:57.012Z - [36mverbose[39m: Rendering page: D:\Workspace\CS2113\AY2627-S1\ay2627s1-website\se-book-adapted\chapters\qualityAssurance.md
2026-08-30T23:44:57.728Z - [36mverbose[39m: Rendering page: D:\Workspace\CS2113\AY2627-S1\ay2627s1-website\se-book-adapted\chapters\processModels.md
2026-08-30T23:44:57.740Z - [36mverbose[39m: Rendering page: D:\Workspace\CS2113\AY2627-S1\ay2627s1-website\se-book-adapted\chapters\projectPlanning.md
2026-08-30T23:44:57.751Z - [36mverbose[39m: Rendering page: D:\Workspace\CS2113\AY2627-S1\ay2627s1-website\se-book-adapted\chapters\principles.md
2026-08-30T23:44:57.766Z - [36mverbose[39m: Rendering page: D:\Workspace\CS2113\AY2627-S1\ay2627s1-website\se-book-adapted\chapters\oop.md
2026-08-30T23:44:58.404Z - [36mverbose[39m: Rendering page: D:\Workspace\CS2113\AY2627-S1\ay2627s1-website\se-book-adapted\chapters\intellij.md
2026-08-30T23:44:58.412Z - [36mverbose[39m: Rendering page: D:\Workspace\CS2113\AY2627-S1\ay2627s1-website\se-book-adapted\chapters\ides.md
2026-08-30T23:44:58.419Z - [36mverbose[39m: Rendering page: D:\Workspace\CS2113\AY2627-S1\ay2627s1-website\se-book-adapted\chapters\integration.md
2026-08-30T23:44:58.427Z - [36mverbose[39m: Rendering page: D:\Workspace\CS2113\AY2627-S1\ay2627s1-website\se-book-adapted\chapters\modeling.md
2026-08-30T23:44:58.831Z - [36mverbose[39m: Rendering page: D:\Workspace\CS2113\AY2627-S1\ay2627s1-website\se-book-adapted\chapters\designPatterns.md
2026-08-30T23:44:58.843Z - [36mverbose[39m: Rendering page: D:\Workspace\CS2113\AY2627-S1\ay2627s1-website\se-book-adapted\chapters\errorHandling.md
2026-08-30T23:44:58.858Z - [36mverbose[39m: Rendering page: D:\Workspace\CS2113\AY2627-S1\ay2627s1-website\se-book-adapted\chapters\gatheringRequirements.md
2026-08-30T23:44:58.868Z - [36mverbose[39m: Rendering page: D:\Workspace\CS2113\AY2627-S1\ay2627s1-website\se-book-adapted\chapters\documentation.md
2026-08-30T23:44:59.169Z - [36mverbose[39m: Rendering page: D:\Workspace\CS2113\AY2627-S1\ay2627s1-website\se-book-adapted\chapters\design.md
2026-08-30T23:44:59.178Z - [36mverbose[39m: Rendering page: D:\Workspace\CS2113\AY2627-S1\ay2627s1-website\se-book-adapted\chapters\designApproaches.md
2026-08-30T23:44:59.187Z - [36mverbose[39m: Rendering page: D:\Workspace\CS2113\AY2627-S1\ay2627s1-website\se-book-adapted\chapters\designFundamentals.md
2026-08-30T23:44:59.200Z - [36mverbose[39m: Rendering page: D:\Workspace\CS2113\AY2627-S1\ay2627s1-website\se-book-adapted\chapters\debugging.md
2026-08-30T23:45:01.312Z - [36mverbose[39m: Rendering page: D:\Workspace\CS2113\AY2627-S1\ay2627s1-website\se-book-adapted\index.md
2026-08-30T23:45:01.318Z - [36mverbose[39m: Rendering page: D:\Workspace\CS2113\AY2627-S1\ay2627s1-website\se-book-adapted\chapters\architecture.md
2026-08-30T23:45:01.337Z - [36mverbose[39m: Rendering page: D:\Workspace\CS2113\AY2627-S1\ay2627s1-website\se-book-adapted\chapters\codeQuality.md
2026-08-30T23:45:01.376Z - [36mverbose[39m: Rendering page: D:\Workspace\CS2113\AY2627-S1\ay2627s1-website\se-book-adapted\chapters\cppToJava.md
2026-08-30T23:45:01.725Z - [36mverbose[39m: Rendering page: D:\Workspace\CS2113\AY2627-S1\ay2627s1-website\book\about\acknowledgements.md
2026-08-30T23:45:01.731Z - [36mverbose[39m: Rendering page: D:\Workspace\CS2113\AY2627-S1\ay2627s1-website\schedule\week9\tutorial.md
2026-08-30T23:45:01.739Z - [36mverbose[39m: Rendering page: D:\Workspace\CS2113\AY2627-S1\ay2627s1-website\schedule\week8\tutorial.md
2026-08-30T23:45:01.779Z - [36mverbose[39m: Rendering page: D:\Workspace\CS2113\AY2627-S1\ay2627s1-website\schedule\week7\tutorial.md
2026-08-30T23:45:02.024Z - [36mverbose[39m: Rendering page: D:\Workspace\CS2113\AY2627-S1\ay2627s1-website\schedule\week6\tutorial.md
2026-08-30T23:45:02.374Z - [36mverbose[39m: Rendering page: D:\Workspace\CS2113\AY2627-S1\ay2627s1-website\schedule\week5\tutorial.md
2026-08-30T23:45:02.382Z - [36mverbose[39m: Rendering page: D:\Workspace\CS2113\AY2627-S1\ay2627s1-website\schedule\week4\tutorial.md
2026-08-30T23:45:02.502Z - [36mverbose[39m: Rendering page: D:\Workspace\CS2113\AY2627-S1\ay2627s1-website\schedule\week3\tutorial.md
2026-08-30T23:45:02.644Z - [36mverbose[39m: Rendering page: D:\Workspace\CS2113\AY2627-S1\ay2627s1-website\schedule\week2\tutorial.md
2026-08-30T23:45:02.649Z - [36mverbose[39m: Rendering page: D:\Workspace\CS2113\AY2627-S1\ay2627s1-website\schedule\week13\tutorial.md
2026-08-30T23:45:02.653Z - [36mverbose[39m: Rendering page: D:\Workspace\CS2113\AY2627-S1\ay2627s1-website\schedule\week12\tutorial.md
2026-08-30T23:45:03.200Z - [36mverbose[39m: Rendering page: D:\Workspace\CS2113\AY2627-S1\ay2627s1-website\schedule\week11\tutorial.md
2026-08-30T23:45:03.750Z - [36mverbose[39m: Rendering page: D:\Workspace\CS2113\AY2627-S1\ay2627s1-website\schedule\week1\tutorial.md
2026-08-30T23:45:03.756Z - [36mverbose[39m: Rendering page: D:\Workspace\CS2113\AY2627-S1\ay2627s1-website\schedule\week10\tutorial.md
2026-08-30T23:45:03.764Z - [36mverbose[39m: Rendering page: D:\Workspace\CS2113\AY2627-S1\ay2627s1-website\schedule\week9\topics.md
2026-08-30T23:45:04.887Z - [36mverbose[39m: Rendering page: D:\Workspace\CS2113\AY2627-S1\ay2627s1-website\schedule\week8\topics.md
2026-08-30T23:45:05.450Z - [36mverbose[39m: Rendering page: D:\Workspace\CS2113\AY2627-S1\ay2627s1-website\schedule\week7\topics.md
2026-08-30T23:45:05.467Z - [36mverbose[39m: Rendering page: D:\Workspace\CS2113\AY2627-S1\ay2627s1-website\schedule\week5\topics.md
2026-08-30T23:45:05.508Z - [36mverbose[39m: Rendering page: D:\Workspace\CS2113\AY2627-S1\ay2627s1-website\schedule\week6\topics.md
2026-08-30T23:45:07.072Z - [36mverbose[39m: Rendering page: D:\Workspace\CS2113\AY2627-S1\ay2627s1-website\schedule\week4\topics.md
2026-08-30T23:45:07.734Z - [36mverbose[39m: Rendering page: D:\Workspace\CS2113\AY2627-S1\ay2627s1-website\schedule\week13\topics.md
2026-08-30T23:45:07.739Z - [36mverbose[39m: Rendering page: D:\Workspace\CS2113\AY2627-S1\ay2627s1-website\schedule\week2\topics.md
2026-08-30T23:45:07.778Z - [36mverbose[39m: Rendering page: D:\Workspace\CS2113\AY2627-S1\ay2627s1-website\schedule\week3\topics.md
2026-08-30T23:45:08.816Z - [36mverbose[39m: Rendering page: D:\Workspace\CS2113\AY2627-S1\ay2627s1-website\schedule\week12\topics.md
2026-08-30T23:45:09.133Z - [36mverbose[39m: Rendering page: D:\Workspace\CS2113\AY2627-S1\ay2627s1-website\schedule\week1\topics.md
2026-08-30T23:45:09.139Z - [36mverbose[39m: Rendering page: D:\Workspace\CS2113\AY2627-S1\ay2627s1-website\schedule\week10\topics.md
2026-08-30T23:45:09.156Z - [36mverbose[39m: Rendering page: D:\Workspace\CS2113\AY2627-S1\ay2627s1-website\schedule\week11\topics.md
2026-08-30T23:45:10.152Z - [36mverbose[39m: Rendering page: D:\Workspace\CS2113\AY2627-S1\ay2627s1-website\schedule\week9\project.md
2026-08-30T23:45:12.290Z - [36mverbose[39m: Rendering page: D:\Workspace\CS2113\AY2627-S1\ay2627s1-website\schedule\week8\project.md
2026-08-30T23:45:12.302Z - [36mverbose[39m: Rendering page: D:\Workspace\CS2113\AY2627-S1\ay2627s1-website\schedule\week6\project.md
2026-08-30T23:45:12.314Z - [36mverbose[39m: Rendering page: D:\Workspace\CS2113\AY2627-S1\ay2627s1-website\schedule\week7\project.md
2026-08-30T23:45:14.285Z - [36mverbose[39m: Rendering page: D:\Workspace\CS2113\AY2627-S1\ay2627s1-website\schedule\week5\project.md
2026-08-30T23:45:14.486Z - [36mverbose[39m: Rendering page: D:\Workspace\CS2113\AY2627-S1\ay2627s1-website\schedule\week2\project.md
2026-08-30T23:45:14.497Z - [36mverbose[39m: Rendering page: D:\Workspace\CS2113\AY2627-S1\ay2627s1-website\schedule\week3\project.md
2026-08-30T23:45:14.506Z - [36mverbose[39m: Rendering page: D:\Workspace\CS2113\AY2627-S1\ay2627s1-website\schedule\week4\project.md
2026-08-30T23:45:14.534Z - [36mverbose[39m: Rendering page: D:\Workspace\CS2113\AY2627-S1\ay2627s1-website\schedule\week13\project.md
2026-08-30T23:45:17.431Z - [34mdebug[39m: 
2026-08-30T23:45:17.431Z - [34mdebug[39m: 
2026-08-30T23:45:17.497Z - [36mverbose[39m: Rendering page: D:\Workspace\CS2113\AY2627-S1\ay2627s1-website\schedule\week10\project.md
2026-08-30T23:45:17.506Z - [36mverbose[39m: Rendering page: D:\Workspace\CS2113\AY2627-S1\ay2627s1-website\schedule\week11\project.md
2026-08-30T23:45:17.517Z - [36mverbose[39m: Rendering page: D:\Workspace\CS2113\AY2627-S1\ay2627s1-website\schedule\week12\project.md
2026-08-30T23:45:17.543Z - [36mverbose[39m: Rendering page: D:\Workspace\CS2113\AY2627-S1\ay2627s1-website\schedule\week1\project.md
2026-08-30T23:45:18.302Z - [36mverbose[39m: Rendering page: D:\Workspace\CS2113\AY2627-S1\ay2627s1-website\schedule\week6\index.md
2026-08-30T23:45:18.310Z - [36mverbose[39m: Rendering page: D:\Workspace\CS2113\AY2627-S1\ay2627s1-website\schedule\week7\index.md
2026-08-30T23:45:18.316Z - [36mverbose[39m: Rendering page: D:\Workspace\CS2113\AY2627-S1\ay2627s1-website\schedule\week9\index.md
2026-08-30T23:45:18.323Z - [36mverbose[39m: Rendering page: D:\Workspace\CS2113\AY2627-S1\ay2627s1-website\schedule\week8\index.md
2026-08-30T23:45:19.018Z - [36mverbose[39m: Rendering page: D:\Workspace\CS2113\AY2627-S1\ay2627s1-website\schedule\week3\index.md
2026-08-30T23:45:19.025Z - [36mverbose[39m: Rendering page: D:\Workspace\CS2113\AY2627-S1\ay2627s1-website\schedule\week5\index.md
2026-08-30T23:45:19.032Z - [36mverbose[39m: Rendering page: D:\Workspace\CS2113\AY2627-S1\ay2627s1-website\schedule\week4\index.md
2026-08-30T23:45:19.040Z - [36mverbose[39m: Rendering page: D:\Workspace\CS2113\AY2627-S1\ay2627s1-website\schedule\week2\index.md
2026-08-30T23:45:19.627Z - [36mverbose[39m: Rendering page: D:\Workspace\CS2113\AY2627-S1\ay2627s1-website\schedule\week10\index.md
2026-08-30T23:45:19.634Z - [36mverbose[39m: Rendering page: D:\Workspace\CS2113\AY2627-S1\ay2627s1-website\schedule\week13\index.md
2026-08-30T23:45:19.640Z - [36mverbose[39m: Rendering page: D:\Workspace\CS2113\AY2627-S1\ay2627s1-website\schedule\week11\index.md
2026-08-30T23:45:19.647Z - [36mverbose[39m: Rendering page: D:\Workspace\CS2113\AY2627-S1\ay2627s1-website\schedule\week12\index.md
2026-08-30T23:45:19.880Z - [36mverbose[39m: Rendering page: D:\Workspace\CS2113\AY2627-S1\ay2627s1-website\schedule\week8\admin.md
2026-08-30T23:45:19.886Z - [36mverbose[39m: Rendering page: D:\Workspace\CS2113\AY2627-S1\ay2627s1-website\schedule\week7\admin.md
2026-08-30T23:45:19.890Z - [36mverbose[39m: Rendering page: D:\Workspace\CS2113\AY2627-S1\ay2627s1-website\schedule\week1\index.md
2026-08-30T23:45:19.895Z - [36mverbose[39m: Rendering page: D:\Workspace\CS2113\AY2627-S1\ay2627s1-website\schedule\week9\admin.md
2026-08-30T23:45:20.903Z - [36mverbose[39m: Rendering page: D:\Workspace\CS2113\AY2627-S1\ay2627s1-website\schedule\week4\admin.md
2026-08-30T23:45:20.909Z - [36mverbose[39m: Rendering page: D:\Workspace\CS2113\AY2627-S1\ay2627s1-website\schedule\week6\admin.md
2026-08-30T23:45:20.916Z - [36mverbose[39m: Rendering page: D:\Workspace\CS2113\AY2627-S1\ay2627s1-website\schedule\week5\admin.md
2026-08-30T23:45:20.925Z - [36mverbose[39m: Rendering page: D:\Workspace\CS2113\AY2627-S1\ay2627s1-website\schedule\week3\admin.md
2026-08-30T23:45:21.300Z - [36mverbose[39m: Rendering page: D:\Workspace\CS2113\AY2627-S1\ay2627s1-website\schedule\week13\admin.md
2026-08-30T23:45:21.305Z - [36mverbose[39m: Rendering page: D:\Workspace\CS2113\AY2627-S1\ay2627s1-website\schedule\week11\admin.md
2026-08-30T23:45:21.310Z - [36mverbose[39m: Rendering page: D:\Workspace\CS2113\AY2627-S1\ay2627s1-website\schedule\week12\admin.md
2026-08-30T23:45:21.317Z - [36mverbose[39m: Rendering page: D:\Workspace\CS2113\AY2627-S1\ay2627s1-website\schedule\week2\admin.md
2026-08-30T23:45:24.441Z - [34mdebug[39m: 
2026-08-30T23:45:24.490Z - [36mverbose[39m: Rendering page: D:\Workspace\CS2113\AY2627-S1\ay2627s1-website\schedule\week10\admin.md
2026-08-30T23:45:24.495Z - [36mverbose[39m: Rendering page: D:\Workspace\CS2113\AY2627-S1\ay2627s1-website\schedule\index.md
2026-08-30T23:45:24.504Z - [36mverbose[39m: Rendering page: D:\Workspace\CS2113\AY2627-S1\ay2627s1-website\schedule\week1\admin.md
2026-08-30T23:45:24.520Z - [36mverbose[39m: Rendering page: D:\Workspace\CS2113\AY2627-S1\ay2627s1-website\schedule\timeline.md
2026-08-30T23:45:25.093Z - [36mverbose[39m: Rendering page: D:\Workspace\CS2113\AY2627-S1\ay2627s1-website\projectDuke\path.md
2026-08-30T23:45:25.099Z - [36mverbose[39m: Rendering page: D:\Workspace\CS2113\AY2627-S1\ay2627s1-website\projectDuke\print.md
2026-08-30T23:45:25.103Z - [36mverbose[39m: Rendering page: D:\Workspace\CS2113\AY2627-S1\ay2627s1-website\projectDuke\index.md
2026-08-30T23:45:25.136Z - [36mverbose[39m: Rendering page: D:\Workspace\CS2113\AY2627-S1\ay2627s1-website\projectDuke\text.md
2026-08-30T23:45:25.480Z - [36mverbose[39m: Rendering page: D:\Workspace\CS2113\AY2627-S1\ay2627s1-website\admin\uml-reference-sheet.md
2026-08-30T23:45:25.486Z - [36mverbose[39m: Rendering page: D:\Workspace\CS2113\AY2627-S1\ay2627s1-website\admin\weeklySchedule.md
2026-08-30T23:45:25.493Z - [36mverbose[39m: Rendering page: D:\Workspace\CS2113\AY2627-S1\ay2627s1-website\admin\usingThisWebsite.md
2026-08-30T23:45:25.507Z - [36mverbose[39m: Rendering page: D:\Workspace\CS2113\AY2627-S1\ay2627s1-website\projectDuke\cs3227.md
2026-08-30T23:45:26.722Z - [36mverbose[39m: Rendering page: D:\Workspace\CS2113\AY2627-S1\ay2627s1-website\admin\tutors-info.md
2026-08-30T23:45:26.728Z - [36mverbose[39m: Rendering page: D:\Workspace\CS2113\AY2627-S1\ay2627s1-website\admin\tp-w8.md
2026-08-30T23:45:26.737Z - [36mverbose[39m: Rendering page: D:\Workspace\CS2113\AY2627-S1\ay2627s1-website\admin\tp-w9.md
2026-08-30T23:45:26.746Z - [36mverbose[39m: Rendering page: D:\Workspace\CS2113\AY2627-S1\ay2627s1-website\admin\tutorials.md
2026-08-30T23:45:28.982Z - [36mverbose[39m: Rendering page: D:\Workspace\CS2113\AY2627-S1\ay2627s1-website\admin\tp-w4.md
2026-08-30T23:45:28.996Z - [36mverbose[39m: Rendering page: D:\Workspace\CS2113\AY2627-S1\ay2627s1-website\admin\tp-w5.md
2026-08-30T23:45:29.011Z - [36mverbose[39m: Rendering page: D:\Workspace\CS2113\AY2627-S1\ay2627s1-website\admin\tp-w7.md
2026-08-30T23:45:29.024Z - [36mverbose[39m: Rendering page: D:\Workspace\CS2113\AY2627-S1\ay2627s1-website\admin\tp-w6.md
2026-08-30T23:45:30.733Z - [36mverbose[39m: Rendering page: D:\Workspace\CS2113\AY2627-S1\ay2627s1-website\admin\tp-w2.md
2026-08-30T23:45:30.737Z - [36mverbose[39m: Rendering page: D:\Workspace\CS2113\AY2627-S1\ay2627s1-website\admin\tp-w13.md
2026-08-30T23:45:30.744Z - [36mverbose[39m: Rendering page: D:\Workspace\CS2113\AY2627-S1\ay2627s1-website\admin\tp-w3.md
2026-08-30T23:45:30.751Z - [36mverbose[39m: Rendering page: D:\Workspace\CS2113\AY2627-S1\ay2627s1-website\admin\tp-w12.md
2026-08-30T23:45:32.891Z - [34mdebug[39m: 
2026-08-30T23:45:32.909Z - [34mdebug[39m: 
2026-08-30T23:45:32.918Z - [36mverbose[39m: Rendering page: D:\Workspace\CS2113\AY2627-S1\ay2627s1-website\admin\tp-timeline.md
2026-08-30T23:45:32.925Z - [36mverbose[39m: Rendering page: D:\Workspace\CS2113\AY2627-S1\ay2627s1-website\admin\tp-teams.md
2026-08-30T23:45:32.932Z - [36mverbose[39m: Rendering page: D:\Workspace\CS2113\AY2627-S1\ay2627s1-website\admin\tp-w10.md
2026-08-30T23:45:32.942Z - [36mverbose[39m: Rendering page: D:\Workspace\CS2113\AY2627-S1\ay2627s1-website\admin\tp-w11.md
2026-08-30T23:45:34.565Z - [36mverbose[39m: Rendering page: D:\Workspace\CS2113\AY2627-S1\ay2627s1-website\admin\tp-supervision.md
2026-08-30T23:45:34.572Z - [36mverbose[39m: Rendering page: D:\Workspace\CS2113\AY2627-S1\ay2627s1-website\admin\tp-overview.md
2026-08-30T23:45:34.580Z - [36mverbose[39m: Rendering page: D:\Workspace\CS2113\AY2627-S1\ay2627s1-website\admin\tp-pe.md
2026-08-30T23:45:34.608Z - [36mverbose[39m: Rendering page: D:\Workspace\CS2113\AY2627-S1\ay2627s1-website\admin\tp-ped.md
2026-08-30T23:45:35.168Z - [36mverbose[39m: Rendering page: D:\Workspace\CS2113\AY2627-S1\ay2627s1-website\admin\tp-constraints.md
2026-08-30T23:45:35.176Z - [36mverbose[39m: Rendering page: D:\Workspace\CS2113\AY2627-S1\ay2627s1-website\admin\tp-expectations.md
2026-08-30T23:45:35.184Z - [36mverbose[39m: Rendering page: D:\Workspace\CS2113\AY2627-S1\ay2627s1-website\admin\tp-deliverables.md
2026-08-30T23:45:35.195Z - [36mverbose[39m: Rendering page: D:\Workspace\CS2113\AY2627-S1\ay2627s1-website\admin\tp-grading.md
2026-08-30T23:45:35.376Z - [36mverbose[39m: Rendering page: D:\Workspace\CS2113\AY2627-S1\ay2627s1-website\admin\tp-common-fragments.md
2026-08-30T23:45:35.382Z - [36mverbose[39m: Rendering page: D:\Workspace\CS2113\AY2627-S1\ay2627s1-website\admin\teamList.md
2026-08-30T23:45:35.387Z - [36mverbose[39m: Rendering page: D:\Workspace\CS2113\AY2627-S1\ay2627s1-website\admin\textbooks.md
2026-08-30T23:45:35.393Z - [36mverbose[39m: Rendering page: D:\Workspace\CS2113\AY2627-S1\ay2627s1-website\admin\tools.md
2026-08-30T23:45:35.519Z - [36mverbose[39m: Rendering page: D:\Workspace\CS2113\AY2627-S1\ay2627s1-website\admin\syllabus.md
2026-08-30T23:45:35.526Z - [36mverbose[39m: Rendering page: D:\Workspace\CS2113\AY2627-S1\ay2627s1-website\admin\standardsAndConventions.md
2026-08-30T23:45:35.532Z - [36mverbose[39m: Rendering page: D:\Workspace\CS2113\AY2627-S1\ay2627s1-website\admin\reposenseAuthorAnnotation.md
2026-08-30T23:45:35.538Z - [36mverbose[39m: Rendering page: D:\Workspace\CS2113\AY2627-S1\ay2627s1-website\admin\programmingLanguages.md
2026-08-30T23:45:35.742Z - [36mverbose[39m: Rendering page: D:\Workspace\CS2113\AY2627-S1\ay2627s1-website\admin\mid-semester-survey-results.md
2026-08-30T23:45:35.747Z - [36mverbose[39m: Rendering page: D:\Workspace\CS2113\AY2627-S1\ay2627s1-website\admin\overview-for-teachers.md
2026-08-30T23:45:35.755Z - [36mverbose[39m: Rendering page: D:\Workspace\CS2113\AY2627-S1\ay2627s1-website\admin\participation.md
2026-08-30T23:45:35.763Z - [36mverbose[39m: Rendering page: D:\Workspace\CS2113\AY2627-S1\ay2627s1-website\admin\peerEvaluations.md
2026-08-30T23:45:36.331Z - [36mverbose[39m: Rendering page: D:\Workspace\CS2113\AY2627-S1\ay2627s1-website\admin\lectures.md
2026-08-30T23:45:36.338Z - [36mverbose[39m: Rendering page: D:\Workspace\CS2113\AY2627-S1\ay2627s1-website\admin\ip-w8.md
2026-08-30T23:45:36.345Z - [36mverbose[39m: Rendering page: D:\Workspace\CS2113\AY2627-S1\ay2627s1-website\admin\ip-w6.md
2026-08-30T23:45:36.353Z - [36mverbose[39m: Rendering page: D:\Workspace\CS2113\AY2627-S1\ay2627s1-website\admin\ip-w7.md
2026-08-30T23:45:37.439Z - [36mverbose[39m: Rendering page: D:\Workspace\CS2113\AY2627-S1\ay2627s1-website\admin\ip-w5.md
2026-08-30T23:45:37.450Z - [36mverbose[39m: Rendering page: D:\Workspace\CS2113\AY2627-S1\ay2627s1-website\admin\ip-w4.md
2026-08-30T23:45:37.464Z - [36mverbose[39m: Rendering page: D:\Workspace\CS2113\AY2627-S1\ay2627s1-website\admin\ip-w2.md
2026-08-30T23:45:37.483Z - [36mverbose[39m: Rendering page: D:\Workspace\CS2113\AY2627-S1\ay2627s1-website\admin\ip-w3.md
2026-08-30T23:45:37.600Z - [36mverbose[39m: Rendering page: D:\Workspace\CS2113\AY2627-S1\ay2627s1-website\admin\ip-showcase.md
2026-08-30T23:45:37.606Z - [36mverbose[39m: Rendering page: D:\Workspace\CS2113\AY2627-S1\ay2627s1-website\admin\instructors.md
2026-08-30T23:45:37.614Z - [36mverbose[39m: Rendering page: D:\Workspace\CS2113\AY2627-S1\ay2627s1-website\admin\ip-grading.md
2026-08-30T23:45:37.621Z - [36mverbose[39m: Rendering page: D:\Workspace\CS2113\AY2627-S1\ay2627s1-website\admin\ip-overview.md
2026-08-30T23:45:38.211Z - [36mverbose[39m: Rendering page: D:\Workspace\CS2113\AY2627-S1\ay2627s1-website\admin\exams-f2f.md
2026-08-30T23:45:38.217Z - [36mverbose[39m: Rendering page: D:\Workspace\CS2113\AY2627-S1\ay2627s1-website\admin\index.md
2026-08-30T23:45:38.224Z - [36mverbose[39m: Rendering page: D:\Workspace\CS2113\AY2627-S1\ay2627s1-website\admin\exams.md
2026-08-30T23:45:38.231Z - [36mverbose[39m: Rendering page: D:\Workspace\CS2113\AY2627-S1\ay2627s1-website\admin\gradeBreakdown.md
2026-08-30T23:45:38.365Z - [36mverbose[39m: Rendering page: D:\Workspace\CS2113\AY2627-S1\ay2627s1-website\admin\exam-reference-sheet.md
2026-08-30T23:45:38.370Z - [36mverbose[39m: Rendering page: D:\Workspace\CS2113\AY2627-S1\ay2627s1-website\admin\exam-pen-and-paper.md
2026-08-30T23:45:38.375Z - [36mverbose[39m: Rendering page: D:\Workspace\CS2113\AY2627-S1\ay2627s1-website\admin\courseOverview.md
2026-08-30T23:45:38.381Z - [36mverbose[39m: Rendering page: D:\Workspace\CS2113\AY2627-S1\ay2627s1-website\admin\courseExpectations.md
2026-08-30T23:45:38.490Z - [36mverbose[39m: Rendering page: D:\Workspace\CS2113\AY2627-S1\ay2627s1-website\admin\appendixH-tipsFromStudents.md
2026-08-30T23:45:38.499Z - [36mverbose[39m: Rendering page: D:\Workspace\CS2113\AY2627-S1\ay2627s1-website\admin\appendixG-troubleshooting.md
2026-08-30T23:45:38.503Z - [36mverbose[39m: Rendering page: D:\Workspace\CS2113\AY2627-S1\ay2627s1-website\admin\appendixG-CS2103R.md
2026-08-30T23:45:38.507Z - [36mverbose[39m: Rendering page: D:\Workspace\CS2113\AY2627-S1\ay2627s1-website\admin\courseBriefings.md
2026-08-30T23:45:40.386Z - [36mverbose[39m: Rendering page: D:\Workspace\CS2113\AY2627-S1\ay2627s1-website\admin\appendixD-help.md
2026-08-30T23:45:40.395Z - [36mverbose[39m: Rendering page: D:\Workspace\CS2113\AY2627-S1\ay2627s1-website\admin\appendixE-gitHub.md
2026-08-30T23:45:40.406Z - [36mverbose[39m: Rendering page: D:\Workspace\CS2113\AY2627-S1\ay2627s1-website\admin\appendixF-teamworkIssues.md
2026-08-30T23:45:40.416Z - [36mverbose[39m: Rendering page: D:\Workspace\CS2113\AY2627-S1\ay2627s1-website\admin\appendixC-faq.md
2026-08-30T23:45:40.477Z - [32minfo[39m: Pages built
2026-08-30T23:45:41.244Z - [32minfo[39m: Site data built
2026-08-30T23:45:41.244Z - [32minfo[39m: Website generation complete! Total build time: 103.773s
2026-08-30T23:45:41.244Z - [32minfo[39m: Build success!
2026-08-30T23:45:50.587Z - [32minfo[39m: Deployed!
2026-08-30T23:47:28.423Z - [32minfo[39m: Website generation started at 7:47:22 am
2026-08-30T23:47:29.921Z - [32minfo[39m: Building assets...
