2026-08-04T16:15:00.173Z - [32minfo[39m: [00:15:00] Reload for file add: /Users/damithch/Repos/nus-cs2103/cs2103-website-base/projectDuke/Level-4-fragment.md
2026-08-04T16:15:00.238Z - [32minfo[39m: Synchronizing opened pages list before reload
2026-08-04T16:15:00.241Z - [32minfo[39m: Current opened pages, from most-to-least recent:
2026-08-04T16:15:00.242Z - [32minfo[39m: 1. projectDuke/index
2026-08-04T16:15:01.654Z - [32minfo[39m: Assets built
2026-08-04T16:18:01.197Z - [32minfo[39m: [00:18:01] Reload for file change: /Users/damithch/Repos/nus-cs2103/cs2103-website-base/projectDuke/Level-4-fragment.md
2026-08-04T16:18:01.201Z - [32minfo[39m: Synchronizing opened pages list before reload
2026-08-04T16:18:01.202Z - [32minfo[39m: Current opened pages, from most-to-least recent:
2026-08-04T16:18:01.203Z - [32minfo[39m: 1. projectDuke/index
2026-08-04T16:18:01.257Z - [32minfo[39m: [00:18:01] Reload for file change: /Users/damithch/Repos/nus-cs2103/cs2103-website-base/projectDuke/text.md
2026-08-04T16:18:01.257Z - [32minfo[39m: Synchronizing opened pages list before reload
2026-08-04T16:18:01.257Z - [32minfo[39m: Current opened pages, from most-to-least recent:
2026-08-04T16:18:01.257Z - [32minfo[39m: 1. projectDuke/index
2026-08-04T16:18:02.218Z - [32minfo[39m: Assets built
2026-08-04T16:18:02.287Z - [32minfo[39m: Rebuilding 1 pages
2026-08-04T16:18:02.776Z - [36mverbose[39m: Rendering page: /Users/damithch/Repos/nus-cs2103/cs2103-website-base/projectDuke/index.md
2026-08-04T16:18:02.828Z - [32minfo[39m: Site data built
2026-08-04T16:18:02.828Z - [32minfo[39m: Pages rebuilt
2026-08-04T16:18:02.829Z - [32minfo[39m: Website regeneration complete! Total build time: 0.561s
2026-08-04T16:19:24.461Z - [32minfo[39m: [00:19:24] Reload for file change: /Users/damithch/Repos/nus-cs2103/cs2103-website-base/projectDuke/Level-4-fragment.md
2026-08-04T16:19:24.467Z - [32minfo[39m: Synchronizing opened pages list before reload
2026-08-04T16:19:24.468Z - [32minfo[39m: Current opened pages, from most-to-least recent:
2026-08-04T16:19:24.468Z - [32minfo[39m: 1. projectDuke/index
2026-08-04T16:19:25.478Z - [32minfo[39m: Rebuilding 1 pages
2026-08-04T16:19:25.844Z - [36mverbose[39m: Rendering page: /Users/damithch/Repos/nus-cs2103/cs2103-website-base/projectDuke/index.md
2026-08-04T16:19:25.891Z - [32minfo[39m: Site data built
2026-08-04T16:19:25.891Z - [32minfo[39m: Pages rebuilt
2026-08-04T16:19:25.891Z - [32minfo[39m: Website regeneration complete! Total build time: 0.416s
2026-08-04T16:31:44.321Z - [32minfo[39m: [00:31:44] Reload for file change: /Users/damithch/Repos/nus-cs2103/cs2103-website-base/projectDuke/Level-4-fragment.md
2026-08-04T16:31:44.324Z - [32minfo[39m: Synchronizing opened pages list before reload
2026-08-04T16:31:44.325Z - [32minfo[39m: Current opened pages, from most-to-least recent:
2026-08-04T16:31:44.325Z - [32minfo[39m: 1. projectDuke/index
2026-08-04T16:31:45.345Z - [32minfo[39m: Rebuilding 1 pages
2026-08-04T16:31:45.695Z - [36mverbose[39m: Rendering page: /Users/damithch/Repos/nus-cs2103/cs2103-website-base/projectDuke/index.md
2026-08-04T16:31:45.743Z - [32minfo[39m: Site data built
2026-08-04T16:31:45.743Z - [32minfo[39m: Pages rebuilt
2026-08-04T16:31:45.743Z - [32minfo[39m: Website regeneration complete! Total build time: 0.417s
2026-08-04T16:32:13.186Z - [32minfo[39m: [00:32:13] Reload for file change: /Users/damithch/Repos/nus-cs2103/cs2103-website-base/projectDuke/Level-4-fragment.md
2026-08-04T16:32:13.191Z - [32minfo[39m: Synchronizing opened pages list before reload
2026-08-04T16:32:13.198Z - [32minfo[39m: Current opened pages, from most-to-least recent:
2026-08-04T16:32:13.198Z - [32minfo[39m: 1. projectDuke/index
2026-08-04T16:32:14.216Z - [32minfo[39m: Rebuilding 1 pages
2026-08-04T16:32:14.557Z - [36mverbose[39m: Rendering page: /Users/damithch/Repos/nus-cs2103/cs2103-website-base/projectDuke/index.md
2026-08-04T16:32:14.591Z - [32minfo[39m: Site data built
2026-08-04T16:32:14.591Z - [32minfo[39m: Pages rebuilt
2026-08-04T16:32:14.591Z - [32minfo[39m: Website regeneration complete! Total build time: 0.388s
2026-08-04T16:32:43.024Z - [32minfo[39m: [00:32:43] Reload for file change: /Users/damithch/Repos/nus-cs2103/cs2103-website-base/projectDuke/Level-4-fragment.md
2026-08-04T16:32:43.025Z - [32minfo[39m: Synchronizing opened pages list before reload
2026-08-04T16:32:43.026Z - [32minfo[39m: Current opened pages, from most-to-least recent:
2026-08-04T16:32:43.026Z - [32minfo[39m: 1. projectDuke/index
2026-08-04T16:32:44.030Z - [32minfo[39m: Rebuilding 1 pages
2026-08-04T16:32:44.361Z - [36mverbose[39m: Rendering page: /Users/damithch/Repos/nus-cs2103/cs2103-website-base/projectDuke/index.md
2026-08-04T16:32:44.406Z - [32minfo[39m: Site data built
2026-08-04T16:32:44.406Z - [32minfo[39m: Pages rebuilt
2026-08-04T16:32:44.406Z - [32minfo[39m: Website regeneration complete! Total build time: 0.379s
2026-08-04T16:38:47.427Z - [32minfo[39m: [00:38:47] Reload for file change: /Users/damithch/Repos/nus-cs2103/cs2103-website-base/projectDuke/Level-4-fragment.md
2026-08-04T16:38:47.429Z - [32minfo[39m: Synchronizing opened pages list before reload
2026-08-04T16:38:47.430Z - [32minfo[39m: Current opened pages, from most-to-least recent:
2026-08-04T16:38:47.431Z - [32minfo[39m: 1. projectDuke/index
2026-08-04T16:38:48.446Z - [32minfo[39m: Rebuilding 1 pages
2026-08-04T16:38:48.790Z - [36mverbose[39m: Rendering page: /Users/damithch/Repos/nus-cs2103/cs2103-website-base/projectDuke/index.md
2026-08-04T16:38:48.834Z - [32minfo[39m: Site data built
2026-08-04T16:38:48.834Z - [32minfo[39m: Pages rebuilt
2026-08-04T16:38:48.834Z - [32minfo[39m: Website regeneration complete! Total build time: 0.393s
2026-08-04T16:40:24.273Z - [32minfo[39m: [00:40:24] Reload for file change: /Users/damithch/Repos/nus-cs2103/cs2103-website-base/projectDuke/Level-4-fragment.md
2026-08-04T16:40:24.280Z - [32minfo[39m: Synchronizing opened pages list before reload
2026-08-04T16:40:24.284Z - [32minfo[39m: Current opened pages, from most-to-least recent:
2026-08-04T16:40:24.284Z - [32minfo[39m: 1. projectDuke/index
2026-08-04T16:40:25.326Z - [32minfo[39m: Rebuilding 1 pages
2026-08-04T16:40:25.712Z - [36mverbose[39m: Rendering page: /Users/damithch/Repos/nus-cs2103/cs2103-website-base/projectDuke/index.md
2026-08-04T16:40:25.749Z - [32minfo[39m: Site data built
2026-08-04T16:40:25.749Z - [32minfo[39m: Pages rebuilt
2026-08-04T16:40:25.749Z - [32minfo[39m: Website regeneration complete! Total build time: 0.442s
2026-08-04T16:41:15.968Z - [32minfo[39m: [00:41:15] Reload for file change: /Users/damithch/Repos/nus-cs2103/cs2103-website-base/projectDuke/Level-4-fragment.md
2026-08-04T16:41:15.971Z - [32minfo[39m: Synchronizing opened pages list before reload
2026-08-04T16:41:15.972Z - [32minfo[39m: Current opened pages, from most-to-least recent:
2026-08-04T16:41:15.972Z - [32minfo[39m: 1. projectDuke/index
2026-08-04T16:41:16.976Z - [32minfo[39m: Rebuilding 1 pages
2026-08-04T16:41:17.291Z - [36mverbose[39m: Rendering page: /Users/damithch/Repos/nus-cs2103/cs2103-website-base/projectDuke/index.md
2026-08-04T16:41:17.324Z - [32minfo[39m: Site data built
2026-08-04T16:41:17.324Z - [32minfo[39m: Pages rebuilt
2026-08-04T16:41:17.324Z - [32minfo[39m: Website regeneration complete! Total build time: 0.352s
2026-08-04T16:47:29.372Z - [32minfo[39m: [00:47:29] Reload for file add: /Users/damithch/Repos/nus-cs2103/cs2103-website-base/projectDuke/Level-5-fragment.md
2026-08-04T16:47:29.374Z - [32minfo[39m: Synchronizing opened pages list before reload
2026-08-04T16:47:29.374Z - [32minfo[39m: Current opened pages, from most-to-least recent:
2026-08-04T16:47:29.374Z - [32minfo[39m: 1. projectDuke/index
2026-08-04T16:47:30.623Z - [32minfo[39m: Assets built
2026-08-04T17:05:46.455Z - [32minfo[39m: [01:05:46] Reload for file change: /Users/damithch/Repos/nus-cs2103/cs2103-website-base/projectDuke/text.md
2026-08-04T17:05:46.460Z - [32minfo[39m: Synchronizing opened pages list before reload
2026-08-04T17:05:46.462Z - [32minfo[39m: Current opened pages, from most-to-least recent:
2026-08-04T17:05:46.469Z - [32minfo[39m: 1. projectDuke/index
2026-08-04T17:05:46.519Z - [32minfo[39m: [01:05:46] Reload for file change: /Users/damithch/Repos/nus-cs2103/cs2103-website-base/projectDuke/Level-5-fragment.md
2026-08-04T17:05:46.519Z - [32minfo[39m: Synchronizing opened pages list before reload
2026-08-04T17:05:46.519Z - [32minfo[39m: Current opened pages, from most-to-least recent:
2026-08-04T17:05:46.519Z - [32minfo[39m: 1. projectDuke/index
2026-08-04T17:05:47.490Z - [32minfo[39m: Rebuilding 1 pages
2026-08-04T17:05:47.869Z - [32minfo[39m: Assets built
2026-08-04T17:05:47.878Z - [36mverbose[39m: Rendering page: /Users/damithch/Repos/nus-cs2103/cs2103-website-base/projectDuke/index.md
2026-08-04T17:05:47.932Z - [32minfo[39m: Site data built
2026-08-04T17:05:47.932Z - [32minfo[39m: Pages rebuilt
2026-08-04T17:05:47.932Z - [32minfo[39m: Website regeneration complete! Total build time: 0.456s
2026-08-04T17:10:44.316Z - [32minfo[39m: [01:10:44] Reload for file change: /Users/damithch/Repos/nus-cs2103/cs2103-website-base/projectDuke/Level-5-fragment.md
2026-08-04T17:10:44.318Z - [32minfo[39m: Synchronizing opened pages list before reload
2026-08-04T17:10:44.318Z - [32minfo[39m: Current opened pages, from most-to-least recent:
2026-08-04T17:10:44.319Z - [32minfo[39m: 1. projectDuke/index
2026-08-04T17:10:45.337Z - [32minfo[39m: Rebuilding 1 pages
2026-08-04T17:10:45.676Z - [36mverbose[39m: Rendering page: /Users/damithch/Repos/nus-cs2103/cs2103-website-base/projectDuke/index.md
2026-08-04T17:10:45.710Z - [32minfo[39m: Site data built
2026-08-04T17:10:45.710Z - [32minfo[39m: Pages rebuilt
2026-08-04T17:10:45.710Z - [32minfo[39m: Website regeneration complete! Total build time: 0.384s
2026-08-04T17:18:38.833Z - [32minfo[39m: [01:18:38] Reload for file change: /Users/damithch/Repos/nus-cs2103/cs2103-website-base/projectDuke/Level-5-fragment.md
2026-08-04T17:18:38.840Z - [32minfo[39m: Synchronizing opened pages list before reload
2026-08-04T17:18:38.842Z - [32minfo[39m: Current opened pages, from most-to-least recent:
2026-08-04T17:18:38.842Z - [32minfo[39m: 1. projectDuke/index
2026-08-04T17:18:39.879Z - [32minfo[39m: Rebuilding 1 pages
2026-08-04T17:18:40.240Z - [36mverbose[39m: Rendering page: /Users/damithch/Repos/nus-cs2103/cs2103-website-base/projectDuke/index.md
2026-08-04T17:18:40.273Z - [32minfo[39m: Site data built
2026-08-04T17:18:40.273Z - [32minfo[39m: Pages rebuilt
2026-08-04T17:18:40.273Z - [32minfo[39m: Website regeneration complete! Total build time: 0.428s
2026-08-04T17:19:54.053Z - [32minfo[39m: [01:19:54] Reload for file add: /Users/damithch/Repos/nus-cs2103/cs2103-website-base/projectDuke/Level-6-fragment.md
2026-08-04T17:19:54.054Z - [32minfo[39m: Synchronizing opened pages list before reload
2026-08-04T17:19:54.055Z - [32minfo[39m: Current opened pages, from most-to-least recent:
2026-08-04T17:19:54.055Z - [32minfo[39m: 1. projectDuke/index
2026-08-04T17:19:55.404Z - [32minfo[39m: Assets built
2026-08-04T17:21:08.695Z - [32minfo[39m: [01:21:08] Reload for file change: /Users/damithch/Repos/nus-cs2103/cs2103-website-base/projectDuke/Level-6-fragment.md
2026-08-04T17:21:08.697Z - [32minfo[39m: Synchronizing opened pages list before reload
2026-08-04T17:21:08.698Z - [32minfo[39m: Current opened pages, from most-to-least recent:
2026-08-04T17:21:08.698Z - [32minfo[39m: 1. projectDuke/index
2026-08-04T17:21:08.765Z - [32minfo[39m: [01:21:08] Reload for file change: /Users/damithch/Repos/nus-cs2103/cs2103-website-base/projectDuke/text.md
2026-08-04T17:21:08.765Z - [32minfo[39m: Synchronizing opened pages list before reload
2026-08-04T17:21:08.765Z - [32minfo[39m: Current opened pages, from most-to-least recent:
2026-08-04T17:21:08.765Z - [32minfo[39m: 1. projectDuke/index
2026-08-04T17:21:09.703Z - [32minfo[39m: Assets built
2026-08-04T17:21:09.793Z - [32minfo[39m: Rebuilding 1 pages
2026-08-04T17:21:10.128Z - [36mverbose[39m: Rendering page: /Users/damithch/Repos/nus-cs2103/cs2103-website-base/projectDuke/index.md
2026-08-04T17:21:10.179Z - [32minfo[39m: Site data built
2026-08-04T17:21:10.179Z - [32minfo[39m: Pages rebuilt
2026-08-04T17:21:10.179Z - [32minfo[39m: Website regeneration complete! Total build time: 0.401s
2026-08-04T17:21:19.262Z - [32minfo[39m: Building /Users/damithch/Repos/nus-cs2103/cs2103-website-base/schedule/week2/index as some of its dependencies were changed since the last visit
2026-08-04T17:21:19.552Z - [36mverbose[39m: Rendering page: /Users/damithch/Repos/nus-cs2103/cs2103-website-base/schedule/week2/index.md
2026-08-04T17:21:19.567Z - [32minfo[39m: Site data built
2026-08-04T17:21:19.568Z - [32minfo[39m: Lazy website regeneration complete! Total build time: 0.306s
2026-08-04T17:21:25.371Z - [32minfo[39m: Building /Users/damithch/Repos/nus-cs2103/cs2103-website-base/schedule/week2/project as some of its dependencies were changed since the last visit
2026-08-04T17:21:25.601Z - [31merror[39m: Template render error: (/Users/damithch/Repos/nus-cs2103/cs2103-website-base/admin/ip-overview.md)
  Template render error: (/Users/damithch/Repos/nus-cs2103/cs2103-website-base/admin/ip-overview.md)
  Template render error: (/Users/damithch/Repos/nus-cs2103/cs2103-website-base/admin/ip-overview.md)
  Template render error: (/Users/damithch/Repos/nus-cs2103/cs2103-website-base/admin/ip-overview.md)
  Template render error: (/Users/damithch/Repos/nus-cs2103/cs2103-website-base/admin/ip-overview.md)
  Template render error: (/Users/damithch/Repos/nus-cs2103/cs2103-website-base/admin/ip-overview.md)
  Template render error: (/Users/damithch/Repos/nus-cs2103/cs2103-website-base/admin/ip-overview.md) [Line 90, Column 43]
  Template render error: (/Users/damithch/Repos/nus-cs2103/cs2103-website-base/admin/ip-overview.md)
  Template render error: (/Users/damithch/Repos/nus-cs2103/cs2103-website-base/admin/ip-overview.md)
  Template render error: (/Users/damithch/Repos/nus-cs2103/cs2103-website-base/admin/ip-overview.md)
  Template render error: (/Users/damithch/Repos/nus-cs2103/cs2103-website-base/admin/ip-overview.md)
  Error: cannot import 'show_ai_guidance'
    at Object._prettifyError (/opt/homebrew/lib/node_modules/markbind-cli/node_modules/nunjucks/src/lib.js:32:11)
    at file:///opt/homebrew/lib/node_modules/markbind-cli/node_modules/@markbind/core/src/patches/nunjucks/context-overrides-frame.js:336:23
    at Template.root [as rootRenderFunc] (eval at _compile (/opt/homebrew/lib/node_modules/markbind-cli/node_modules/nunjucks/src/environment.js:527:18), <anonymous>:67:3)
    at Template.render (file:///opt/homebrew/lib/node_modules/markbind-cli/node_modules/@markbind/core/src/patches/nunjucks/context-overrides-frame.js:326:10)
    at file:///opt/homebrew/lib/node_modules/markbind-cli/node_modules/@markbind/core/src/patches/nunjucks/context-overrides-frame.js:55:31
    at createTemplate (file:///opt/homebrew/lib/node_modules/markbind-cli/node_modules/@markbind/core/src/patches/nunjucks/load-event.js:110:13)
    at handle (file:///opt/homebrew/lib/node_modules/markbind-cli/node_modules/@markbind/core/src/patches/nunjucks/load-event.js:123:17)
    at file:///opt/homebrew/lib/node_modules/markbind-cli/node_modules/@markbind/core/src/patches/nunjucks/load-event.js:134:13
    at next (/opt/homebrew/lib/node_modules/markbind-cli/node_modules/nunjucks/src/lib.js:258:7)
    at Object.asyncIter (/opt/homebrew/lib/node_modules/markbind-cli/node_modules/nunjucks/src/lib.js:263:3)
2026-08-04T17:21:26.425Z - [36mverbose[39m: Rendering page: /Users/damithch/Repos/nus-cs2103/cs2103-website-base/schedule/week2/project.md
2026-08-04T17:21:26.452Z - [32minfo[39m: Site data built
2026-08-04T17:21:26.452Z - [32minfo[39m: Lazy website regeneration complete! Total build time: 1.081s
2026-08-04T17:30:37.511Z - [32minfo[39m: [01:30:37] Reload for file change: /Users/damithch/Repos/nus-cs2103/cs2103-website-base/projectDuke/Level-6-fragment.md
2026-08-04T17:30:37.518Z - [32minfo[39m: Synchronizing opened pages list before reload
2026-08-04T17:30:37.519Z - [32minfo[39m: Current opened pages, from most-to-least recent:
2026-08-04T17:30:37.519Z - [32minfo[39m: 1. schedule/week2/index
2026-08-04T17:30:38.545Z - [32minfo[39m: No pages needed to be rebuilt
2026-08-04T17:30:49.099Z - [32minfo[39m: Building /Users/damithch/Repos/nus-cs2103/cs2103-website-base/projectDuke/index as some of its dependencies were changed since the last visit
2026-08-04T17:30:49.473Z - [36mverbose[39m: Rendering page: /Users/damithch/Repos/nus-cs2103/cs2103-website-base/projectDuke/index.md
2026-08-04T17:30:49.508Z - [32minfo[39m: Site data built
2026-08-04T17:30:49.508Z - [32minfo[39m: Lazy website regeneration complete! Total build time: 0.41s
2026-08-04T17:57:42.467Z - [32minfo[39m: [01:57:42] Reload for file change: /Users/damithch/Repos/nus-cs2103/cs2103-website-base/projectDuke/Level-6-fragment.md
2026-08-04T17:57:42.481Z - [32minfo[39m: Synchronizing opened pages list before reload
2026-08-04T17:57:42.484Z - [32minfo[39m: Current opened pages, from most-to-least recent:
2026-08-04T17:57:42.485Z - [32minfo[39m: 1. projectDuke/index
2026-08-04T17:57:42.538Z - [32minfo[39m: [01:57:42] Reload for file add: /Users/damithch/Repos/nus-cs2103/cs2103-website-base/projectDuke/A-Enums-fragment.md
2026-08-04T17:57:42.539Z - [32minfo[39m: Synchronizing opened pages list before reload
2026-08-04T17:57:42.539Z - [32minfo[39m: Current opened pages, from most-to-least recent:
2026-08-04T17:57:42.539Z - [32minfo[39m: 1. projectDuke/index
2026-08-04T17:57:43.522Z - [32minfo[39m: Rebuilding 1 pages
2026-08-04T17:57:44.142Z - [32minfo[39m: Assets built
2026-08-04T17:57:44.155Z - [36mverbose[39m: Rendering page: /Users/damithch/Repos/nus-cs2103/cs2103-website-base/projectDuke/index.md
2026-08-04T17:57:44.231Z - [32minfo[39m: Site data built
2026-08-04T17:57:44.231Z - [32minfo[39m: Pages rebuilt
2026-08-04T17:57:44.231Z - [32minfo[39m: Website regeneration complete! Total build time: 0.732s
2026-08-04T17:59:17.239Z - [32minfo[39m: [01:59:17] Reload for file change: /Users/damithch/Repos/nus-cs2103/cs2103-website-base/projectDuke/extensions-fragment.md
2026-08-04T17:59:17.240Z - [32minfo[39m: Synchronizing opened pages list before reload
2026-08-04T17:59:17.240Z - [32minfo[39m: Current opened pages, from most-to-least recent:
2026-08-04T17:59:17.240Z - [32minfo[39m: 1. projectDuke/index
2026-08-04T17:59:17.242Z - [32minfo[39m: [01:59:17] Reload for file change: /Users/damithch/Repos/nus-cs2103/cs2103-website-base/projectDuke/A-Enums-fragment.md
2026-08-04T17:59:17.242Z - [32minfo[39m: Synchronizing opened pages list before reload
2026-08-04T17:59:17.242Z - [32minfo[39m: Current opened pages, from most-to-least recent:
2026-08-04T17:59:17.242Z - [32minfo[39m: 1. projectDuke/index
2026-08-04T17:59:17.248Z - [32minfo[39m: [01:59:17] Reload for file change: /Users/damithch/Repos/nus-cs2103/cs2103-website-base/projectDuke/Level-5-fragment.md
2026-08-04T17:59:17.248Z - [32minfo[39m: Synchronizing opened pages list before reload
2026-08-04T17:59:17.248Z - [32minfo[39m: Current opened pages, from most-to-least recent:
2026-08-04T17:59:17.248Z - [32minfo[39m: 1. projectDuke/index
2026-08-04T17:59:18.262Z - [32minfo[39m: Rebuilding 1 pages
2026-08-04T17:59:18.595Z - [32minfo[39m: Assets built
2026-08-04T17:59:18.599Z - [36mverbose[39m: Rendering page: /Users/damithch/Repos/nus-cs2103/cs2103-website-base/projectDuke/index.md
2026-08-04T17:59:18.641Z - [32minfo[39m: Site data built
2026-08-04T17:59:18.641Z - [32minfo[39m: Pages rebuilt
2026-08-04T17:59:18.641Z - [32minfo[39m: Website regeneration complete! Total build time: 0.396s
2026-08-04T17:59:32.507Z - [32minfo[39m: Building /Users/damithch/Repos/nus-cs2103/cs2103-website-base/schedule/week2/project as some of its dependencies were changed since the last visit
2026-08-04T17:59:32.800Z - [31merror[39m: Template render error: (/Users/damithch/Repos/nus-cs2103/cs2103-website-base/admin/ip-overview.md)
  Template render error: (/Users/damithch/Repos/nus-cs2103/cs2103-website-base/admin/ip-overview.md)
  Template render error: (/Users/damithch/Repos/nus-cs2103/cs2103-website-base/admin/ip-overview.md)
  Template render error: (/Users/damithch/Repos/nus-cs2103/cs2103-website-base/admin/ip-overview.md)
  Template render error: (/Users/damithch/Repos/nus-cs2103/cs2103-website-base/admin/ip-overview.md)
  Template render error: (/Users/damithch/Repos/nus-cs2103/cs2103-website-base/admin/ip-overview.md)
  Template render error: (/Users/damithch/Repos/nus-cs2103/cs2103-website-base/admin/ip-overview.md) [Line 90, Column 43]
  Template render error: (/Users/damithch/Repos/nus-cs2103/cs2103-website-base/admin/ip-overview.md)
  Template render error: (/Users/damithch/Repos/nus-cs2103/cs2103-website-base/admin/ip-overview.md)
  Template render error: (/Users/damithch/Repos/nus-cs2103/cs2103-website-base/admin/ip-overview.md)
  Template render error: (/Users/damithch/Repos/nus-cs2103/cs2103-website-base/admin/ip-overview.md)
  Error: cannot import 'show_ai_guidance'
    at Object._prettifyError (/opt/homebrew/lib/node_modules/markbind-cli/node_modules/nunjucks/src/lib.js:32:11)
    at file:///opt/homebrew/lib/node_modules/markbind-cli/node_modules/@markbind/core/src/patches/nunjucks/context-overrides-frame.js:336:23
    at Template.root [as rootRenderFunc] (eval at _compile (/opt/homebrew/lib/node_modules/markbind-cli/node_modules/nunjucks/src/environment.js:527:18), <anonymous>:67:3)
    at Template.render (file:///opt/homebrew/lib/node_modules/markbind-cli/node_modules/@markbind/core/src/patches/nunjucks/context-overrides-frame.js:326:10)
    at file:///opt/homebrew/lib/node_modules/markbind-cli/node_modules/@markbind/core/src/patches/nunjucks/context-overrides-frame.js:55:31
    at createTemplate (file:///opt/homebrew/lib/node_modules/markbind-cli/node_modules/@markbind/core/src/patches/nunjucks/load-event.js:110:13)
    at handle (file:///opt/homebrew/lib/node_modules/markbind-cli/node_modules/@markbind/core/src/patches/nunjucks/load-event.js:123:17)
    at file:///opt/homebrew/lib/node_modules/markbind-cli/node_modules/@markbind/core/src/patches/nunjucks/load-event.js:134:13
    at next (/opt/homebrew/lib/node_modules/markbind-cli/node_modules/nunjucks/src/lib.js:258:7)
    at Object.asyncIter (/opt/homebrew/lib/node_modules/markbind-cli/node_modules/nunjucks/src/lib.js:263:3)
2026-08-04T17:59:33.659Z - [36mverbose[39m: Rendering page: /Users/damithch/Repos/nus-cs2103/cs2103-website-base/schedule/week2/project.md
2026-08-04T17:59:33.686Z - [32minfo[39m: Site data built
2026-08-04T17:59:33.687Z - [32minfo[39m: Lazy website regeneration complete! Total build time: 1.182s
2026-08-04T18:00:34.187Z - [32minfo[39m: [02:00:34] Reload for file change: /Users/damithch/Repos/nus-cs2103/cs2103-website-base/_markbind/boilerplates/dukeExtensionTitle.md
2026-08-04T18:00:34.192Z - [32minfo[39m: Synchronizing opened pages list before reload
2026-08-04T18:00:34.192Z - [32minfo[39m: Current opened pages, from most-to-least recent:
2026-08-04T18:00:34.192Z - [32minfo[39m: 1. schedule/week2/project
2026-08-04T18:00:35.201Z - [32minfo[39m: Rebuilding 1 pages
2026-08-04T18:00:35.436Z - [31merror[39m: Template render error: (/Users/damithch/Repos/nus-cs2103/cs2103-website-base/admin/ip-overview.md)
  Template render error: (/Users/damithch/Repos/nus-cs2103/cs2103-website-base/admin/ip-overview.md)
  Template render error: (/Users/damithch/Repos/nus-cs2103/cs2103-website-base/admin/ip-overview.md)
  Template render error: (/Users/damithch/Repos/nus-cs2103/cs2103-website-base/admin/ip-overview.md)
  Template render error: (/Users/damithch/Repos/nus-cs2103/cs2103-website-base/admin/ip-overview.md)
  Template render error: (/Users/damithch/Repos/nus-cs2103/cs2103-website-base/admin/ip-overview.md)
  Template render error: (/Users/damithch/Repos/nus-cs2103/cs2103-website-base/admin/ip-overview.md) [Line 90, Column 43]
  Template render error: (/Users/damithch/Repos/nus-cs2103/cs2103-website-base/admin/ip-overview.md)
  Template render error: (/Users/damithch/Repos/nus-cs2103/cs2103-website-base/admin/ip-overview.md)
  Template render error: (/Users/damithch/Repos/nus-cs2103/cs2103-website-base/admin/ip-overview.md)
  Template render error: (/Users/damithch/Repos/nus-cs2103/cs2103-website-base/admin/ip-overview.md)
  Error: cannot import 'show_ai_guidance'
    at Object._prettifyError (/opt/homebrew/lib/node_modules/markbind-cli/node_modules/nunjucks/src/lib.js:32:11)
    at file:///opt/homebrew/lib/node_modules/markbind-cli/node_modules/@markbind/core/src/patches/nunjucks/context-overrides-frame.js:336:23
    at Template.root [as rootRenderFunc] (eval at _compile (/opt/homebrew/lib/node_modules/markbind-cli/node_modules/nunjucks/src/environment.js:527:18), <anonymous>:67:3)
    at Template.render (file:///opt/homebrew/lib/node_modules/markbind-cli/node_modules/@markbind/core/src/patches/nunjucks/context-overrides-frame.js:326:10)
    at file:///opt/homebrew/lib/node_modules/markbind-cli/node_modules/@markbind/core/src/patches/nunjucks/context-overrides-frame.js:55:31
    at createTemplate (file:///opt/homebrew/lib/node_modules/markbind-cli/node_modules/@markbind/core/src/patches/nunjucks/load-event.js:110:13)
    at handle (file:///opt/homebrew/lib/node_modules/markbind-cli/node_modules/@markbind/core/src/patches/nunjucks/load-event.js:123:17)
    at file:///opt/homebrew/lib/node_modules/markbind-cli/node_modules/@markbind/core/src/patches/nunjucks/load-event.js:134:13
    at next (/opt/homebrew/lib/node_modules/markbind-cli/node_modules/nunjucks/src/lib.js:258:7)
    at Object.asyncIter (/opt/homebrew/lib/node_modules/markbind-cli/node_modules/nunjucks/src/lib.js:263:3)
2026-08-04T18:00:36.304Z - [36mverbose[39m: Rendering page: /Users/damithch/Repos/nus-cs2103/cs2103-website-base/schedule/week2/project.md
2026-08-04T18:00:36.331Z - [32minfo[39m: Site data built
2026-08-04T18:00:36.331Z - [32minfo[39m: Pages rebuilt
2026-08-04T18:00:36.331Z - [32minfo[39m: Website regeneration complete! Total build time: 1.136s
2026-08-04T18:00:41.867Z - [32minfo[39m: [02:00:41] Reload for file change: /Users/damithch/Repos/nus-cs2103/cs2103-website-base/_markbind/boilerplates/dukeExtensionTitle.md
2026-08-04T18:00:41.868Z - [32minfo[39m: Synchronizing opened pages list before reload
2026-08-04T18:00:41.868Z - [32minfo[39m: Current opened pages, from most-to-least recent:
2026-08-04T18:00:41.868Z - [32minfo[39m: 1. schedule/week2/project
2026-08-04T18:00:42.907Z - [32minfo[39m: Rebuilding 1 pages
2026-08-04T18:00:43.114Z - [31merror[39m: Template render error: (/Users/damithch/Repos/nus-cs2103/cs2103-website-base/admin/ip-overview.md)
  Template render error: (/Users/damithch/Repos/nus-cs2103/cs2103-website-base/admin/ip-overview.md)
  Template render error: (/Users/damithch/Repos/nus-cs2103/cs2103-website-base/admin/ip-overview.md)
  Template render error: (/Users/damithch/Repos/nus-cs2103/cs2103-website-base/admin/ip-overview.md)
  Template render error: (/Users/damithch/Repos/nus-cs2103/cs2103-website-base/admin/ip-overview.md)
  Template render error: (/Users/damithch/Repos/nus-cs2103/cs2103-website-base/admin/ip-overview.md)
  Template render error: (/Users/damithch/Repos/nus-cs2103/cs2103-website-base/admin/ip-overview.md) [Line 90, Column 43]
  Template render error: (/Users/damithch/Repos/nus-cs2103/cs2103-website-base/admin/ip-overview.md)
  Template render error: (/Users/damithch/Repos/nus-cs2103/cs2103-website-base/admin/ip-overview.md)
  Template render error: (/Users/damithch/Repos/nus-cs2103/cs2103-website-base/admin/ip-overview.md)
  Template render error: (/Users/damithch/Repos/nus-cs2103/cs2103-website-base/admin/ip-overview.md)
  Error: cannot import 'show_ai_guidance'
    at Object._prettifyError (/opt/homebrew/lib/node_modules/markbind-cli/node_modules/nunjucks/src/lib.js:32:11)
    at file:///opt/homebrew/lib/node_modules/markbind-cli/node_modules/@markbind/core/src/patches/nunjucks/context-overrides-frame.js:336:23
    at Template.root [as rootRenderFunc] (eval at _compile (/opt/homebrew/lib/node_modules/markbind-cli/node_modules/nunjucks/src/environment.js:527:18), <anonymous>:67:3)
    at Template.render (file:///opt/homebrew/lib/node_modules/markbind-cli/node_modules/@markbind/core/src/patches/nunjucks/context-overrides-frame.js:326:10)
    at file:///opt/homebrew/lib/node_modules/markbind-cli/node_modules/@markbind/core/src/patches/nunjucks/context-overrides-frame.js:55:31
    at createTemplate (file:///opt/homebrew/lib/node_modules/markbind-cli/node_modules/@markbind/core/src/patches/nunjucks/load-event.js:110:13)
    at handle (file:///opt/homebrew/lib/node_modules/markbind-cli/node_modules/@markbind/core/src/patches/nunjucks/load-event.js:123:17)
    at file:///opt/homebrew/lib/node_modules/markbind-cli/node_modules/@markbind/core/src/patches/nunjucks/load-event.js:134:13
    at next (/opt/homebrew/lib/node_modules/markbind-cli/node_modules/nunjucks/src/lib.js:258:7)
    at Object.asyncIter (/opt/homebrew/lib/node_modules/markbind-cli/node_modules/nunjucks/src/lib.js:263:3)
2026-08-04T18:00:43.917Z - [36mverbose[39m: Rendering page: /Users/damithch/Repos/nus-cs2103/cs2103-website-base/schedule/week2/project.md
2026-08-04T18:00:43.935Z - [32minfo[39m: Site data built
2026-08-04T18:00:43.935Z - [32minfo[39m: Pages rebuilt
2026-08-04T18:00:43.935Z - [32minfo[39m: Website regeneration complete! Total build time: 1.033s
2026-08-04T18:00:57.840Z - [32minfo[39m: [02:00:57] Reload for file change: /Users/damithch/Repos/nus-cs2103/cs2103-website-base/projectDuke/extensions-fragment.md
2026-08-04T18:00:57.842Z - [32minfo[39m: Synchronizing opened pages list before reload
2026-08-04T18:00:57.842Z - [32minfo[39m: Current opened pages, from most-to-least recent:
2026-08-04T18:00:57.843Z - [32minfo[39m: 1. schedule/week2/project
2026-08-04T18:00:58.856Z - [32minfo[39m: Rebuilding 1 pages
2026-08-04T18:00:59.063Z - [31merror[39m: Template render error: (/Users/damithch/Repos/nus-cs2103/cs2103-website-base/admin/ip-overview.md)
  Template render error: (/Users/damithch/Repos/nus-cs2103/cs2103-website-base/admin/ip-overview.md)
  Template render error: (/Users/damithch/Repos/nus-cs2103/cs2103-website-base/admin/ip-overview.md)
  Template render error: (/Users/damithch/Repos/nus-cs2103/cs2103-website-base/admin/ip-overview.md)
  Template render error: (/Users/damithch/Repos/nus-cs2103/cs2103-website-base/admin/ip-overview.md)
  Template render error: (/Users/damithch/Repos/nus-cs2103/cs2103-website-base/admin/ip-overview.md)
  Template render error: (/Users/damithch/Repos/nus-cs2103/cs2103-website-base/admin/ip-overview.md) [Line 90, Column 43]
  Template render error: (/Users/damithch/Repos/nus-cs2103/cs2103-website-base/admin/ip-overview.md)
  Template render error: (/Users/damithch/Repos/nus-cs2103/cs2103-website-base/admin/ip-overview.md)
  Template render error: (/Users/damithch/Repos/nus-cs2103/cs2103-website-base/admin/ip-overview.md)
  Template render error: (/Users/damithch/Repos/nus-cs2103/cs2103-website-base/admin/ip-overview.md)
  Error: cannot import 'show_ai_guidance'
    at Object._prettifyError (/opt/homebrew/lib/node_modules/markbind-cli/node_modules/nunjucks/src/lib.js:32:11)
    at file:///opt/homebrew/lib/node_modules/markbind-cli/node_modules/@markbind/core/src/patches/nunjucks/context-overrides-frame.js:336:23
    at Template.root [as rootRenderFunc] (eval at _compile (/opt/homebrew/lib/node_modules/markbind-cli/node_modules/nunjucks/src/environment.js:527:18), <anonymous>:67:3)
    at Template.render (file:///opt/homebrew/lib/node_modules/markbind-cli/node_modules/@markbind/core/src/patches/nunjucks/context-overrides-frame.js:326:10)
    at file:///opt/homebrew/lib/node_modules/markbind-cli/node_modules/@markbind/core/src/patches/nunjucks/context-overrides-frame.js:55:31
    at createTemplate (file:///opt/homebrew/lib/node_modules/markbind-cli/node_modules/@markbind/core/src/patches/nunjucks/load-event.js:110:13)
    at handle (file:///opt/homebrew/lib/node_modules/markbind-cli/node_modules/@markbind/core/src/patches/nunjucks/load-event.js:123:17)
    at file:///opt/homebrew/lib/node_modules/markbind-cli/node_modules/@markbind/core/src/patches/nunjucks/load-event.js:134:13
    at next (/opt/homebrew/lib/node_modules/markbind-cli/node_modules/nunjucks/src/lib.js:258:7)
    at Object.asyncIter (/opt/homebrew/lib/node_modules/markbind-cli/node_modules/nunjucks/src/lib.js:263:3)
2026-08-04T18:00:59.864Z - [36mverbose[39m: Rendering page: /Users/damithch/Repos/nus-cs2103/cs2103-website-base/schedule/week2/project.md
2026-08-04T18:00:59.884Z - [32minfo[39m: Site data built
2026-08-04T18:00:59.884Z - [32minfo[39m: Pages rebuilt
2026-08-04T18:00:59.884Z - [32minfo[39m: Website regeneration complete! Total build time: 1.037s
2026-08-04T18:01:39.641Z - [32minfo[39m: [02:01:39] Reload for file change: /Users/damithch/Repos/nus-cs2103/cs2103-website-base/projectDuke/A-Enums-fragment.md
2026-08-04T18:01:39.642Z - [32minfo[39m: Synchronizing opened pages list before reload
2026-08-04T18:01:39.643Z - [32minfo[39m: Current opened pages, from most-to-least recent:
2026-08-04T18:01:39.643Z - [32minfo[39m: 1. schedule/week2/project
2026-08-04T18:01:39.648Z - [32minfo[39m: [02:01:39] Reload for file change: /Users/damithch/Repos/nus-cs2103/cs2103-website-base/projectDuke/extensions-fragment.md
2026-08-04T18:01:39.648Z - [32minfo[39m: Synchronizing opened pages list before reload
2026-08-04T18:01:39.648Z - [32minfo[39m: Current opened pages, from most-to-least recent:
2026-08-04T18:01:39.648Z - [32minfo[39m: 1. schedule/week2/project
2026-08-04T18:01:40.648Z - [32minfo[39m: Rebuilding 1 pages
2026-08-04T18:01:40.860Z - [31merror[39m: Template render error: (/Users/damithch/Repos/nus-cs2103/cs2103-website-base/admin/ip-overview.md)
  Template render error: (/Users/damithch/Repos/nus-cs2103/cs2103-website-base/admin/ip-overview.md)
  Template render error: (/Users/damithch/Repos/nus-cs2103/cs2103-website-base/admin/ip-overview.md)
  Template render error: (/Users/damithch/Repos/nus-cs2103/cs2103-website-base/admin/ip-overview.md)
  Template render error: (/Users/damithch/Repos/nus-cs2103/cs2103-website-base/admin/ip-overview.md)
  Template render error: (/Users/damithch/Repos/nus-cs2103/cs2103-website-base/admin/ip-overview.md)
  Template render error: (/Users/damithch/Repos/nus-cs2103/cs2103-website-base/admin/ip-overview.md) [Line 90, Column 43]
  Template render error: (/Users/damithch/Repos/nus-cs2103/cs2103-website-base/admin/ip-overview.md)
  Template render error: (/Users/damithch/Repos/nus-cs2103/cs2103-website-base/admin/ip-overview.md)
  Template render error: (/Users/damithch/Repos/nus-cs2103/cs2103-website-base/admin/ip-overview.md)
  Template render error: (/Users/damithch/Repos/nus-cs2103/cs2103-website-base/admin/ip-overview.md)
  Error: cannot import 'show_ai_guidance'
    at Object._prettifyError (/opt/homebrew/lib/node_modules/markbind-cli/node_modules/nunjucks/src/lib.js:32:11)
    at file:///opt/homebrew/lib/node_modules/markbind-cli/node_modules/@markbind/core/src/patches/nunjucks/context-overrides-frame.js:336:23
    at Template.root [as rootRenderFunc] (eval at _compile (/opt/homebrew/lib/node_modules/markbind-cli/node_modules/nunjucks/src/environment.js:527:18), <anonymous>:67:3)
    at Template.render (file:///opt/homebrew/lib/node_modules/markbind-cli/node_modules/@markbind/core/src/patches/nunjucks/context-overrides-frame.js:326:10)
    at file:///opt/homebrew/lib/node_modules/markbind-cli/node_modules/@markbind/core/src/patches/nunjucks/context-overrides-frame.js:55:31
    at createTemplate (file:///opt/homebrew/lib/node_modules/markbind-cli/node_modules/@markbind/core/src/patches/nunjucks/load-event.js:110:13)
    at handle (file:///opt/homebrew/lib/node_modules/markbind-cli/node_modules/@markbind/core/src/patches/nunjucks/load-event.js:123:17)
    at file:///opt/homebrew/lib/node_modules/markbind-cli/node_modules/@markbind/core/src/patches/nunjucks/load-event.js:134:13
    at next (/opt/homebrew/lib/node_modules/markbind-cli/node_modules/nunjucks/src/lib.js:258:7)
    at Object.asyncIter (/opt/homebrew/lib/node_modules/markbind-cli/node_modules/nunjucks/src/lib.js:263:3)
2026-08-04T18:01:41.692Z - [36mverbose[39m: Rendering page: /Users/damithch/Repos/nus-cs2103/cs2103-website-base/schedule/week2/project.md
2026-08-04T18:01:41.719Z - [32minfo[39m: Site data built
2026-08-04T18:01:41.719Z - [32minfo[39m: Pages rebuilt
2026-08-04T18:01:41.719Z - [32minfo[39m: Website regeneration complete! Total build time: 1.074s
2026-08-04T18:02:42.539Z - [32minfo[39m: [02:02:42] Reload for file change: /Users/damithch/Repos/nus-cs2103/cs2103-website-base/_markbind/boilerplates/dukeNestedFragment.md
2026-08-04T18:02:42.543Z - [32minfo[39m: Synchronizing opened pages list before reload
2026-08-04T18:02:42.548Z - [32minfo[39m: Current opened pages, from most-to-least recent:
2026-08-04T18:02:42.548Z - [32minfo[39m: 1. schedule/week2/project
2026-08-04T18:02:43.562Z - [32minfo[39m: Rebuilding 1 pages
2026-08-04T18:02:43.788Z - [31merror[39m: Template render error: (/Users/damithch/Repos/nus-cs2103/cs2103-website-base/admin/ip-overview.md)
  Template render error: (/Users/damithch/Repos/nus-cs2103/cs2103-website-base/admin/ip-overview.md)
  Template render error: (/Users/damithch/Repos/nus-cs2103/cs2103-website-base/admin/ip-overview.md)
  Template render error: (/Users/damithch/Repos/nus-cs2103/cs2103-website-base/admin/ip-overview.md)
  Template render error: (/Users/damithch/Repos/nus-cs2103/cs2103-website-base/admin/ip-overview.md)
  Template render error: (/Users/damithch/Repos/nus-cs2103/cs2103-website-base/admin/ip-overview.md)
  Template render error: (/Users/damithch/Repos/nus-cs2103/cs2103-website-base/admin/ip-overview.md) [Line 90, Column 43]
  Template render error: (/Users/damithch/Repos/nus-cs2103/cs2103-website-base/admin/ip-overview.md)
  Template render error: (/Users/damithch/Repos/nus-cs2103/cs2103-website-base/admin/ip-overview.md)
  Template render error: (/Users/damithch/Repos/nus-cs2103/cs2103-website-base/admin/ip-overview.md)
  Template render error: (/Users/damithch/Repos/nus-cs2103/cs2103-website-base/admin/ip-overview.md)
  Error: cannot import 'show_ai_guidance'
    at Object._prettifyError (/opt/homebrew/lib/node_modules/markbind-cli/node_modules/nunjucks/src/lib.js:32:11)
    at file:///opt/homebrew/lib/node_modules/markbind-cli/node_modules/@markbind/core/src/patches/nunjucks/context-overrides-frame.js:336:23
    at Template.root [as rootRenderFunc] (eval at _compile (/opt/homebrew/lib/node_modules/markbind-cli/node_modules/nunjucks/src/environment.js:527:18), <anonymous>:67:3)
    at Template.render (file:///opt/homebrew/lib/node_modules/markbind-cli/node_modules/@markbind/core/src/patches/nunjucks/context-overrides-frame.js:326:10)
    at file:///opt/homebrew/lib/node_modules/markbind-cli/node_modules/@markbind/core/src/patches/nunjucks/context-overrides-frame.js:55:31
    at createTemplate (file:///opt/homebrew/lib/node_modules/markbind-cli/node_modules/@markbind/core/src/patches/nunjucks/load-event.js:110:13)
    at handle (file:///opt/homebrew/lib/node_modules/markbind-cli/node_modules/@markbind/core/src/patches/nunjucks/load-event.js:123:17)
    at file:///opt/homebrew/lib/node_modules/markbind-cli/node_modules/@markbind/core/src/patches/nunjucks/load-event.js:134:13
    at next (/opt/homebrew/lib/node_modules/markbind-cli/node_modules/nunjucks/src/lib.js:258:7)
    at Object.asyncIter (/opt/homebrew/lib/node_modules/markbind-cli/node_modules/nunjucks/src/lib.js:263:3)
2026-08-04T18:02:44.694Z - [36mverbose[39m: Rendering page: /Users/damithch/Repos/nus-cs2103/cs2103-website-base/schedule/week2/project.md
2026-08-04T18:02:44.722Z - [32minfo[39m: Site data built
2026-08-04T18:02:44.722Z - [32minfo[39m: Pages rebuilt
2026-08-04T18:02:44.722Z - [32minfo[39m: Website regeneration complete! Total build time: 1.169s
2026-08-04T18:03:06.808Z - [32minfo[39m: [02:03:06] Reload for file change: /Users/damithch/Repos/nus-cs2103/cs2103-website-base/_markbind/boilerplates/dukeNestedFragment.md
2026-08-04T18:03:06.809Z - [32minfo[39m: Synchronizing opened pages list before reload
2026-08-04T18:03:06.809Z - [32minfo[39m: Current opened pages, from most-to-least recent:
2026-08-04T18:03:06.809Z - [32minfo[39m: 1. schedule/week2/project
2026-08-04T18:03:07.831Z - [32minfo[39m: Rebuilding 1 pages
2026-08-04T18:03:08.145Z - [31merror[39m: Template render error: (/Users/damithch/Repos/nus-cs2103/cs2103-website-base/admin/ip-overview.md)
  Template render error: (/Users/damithch/Repos/nus-cs2103/cs2103-website-base/admin/ip-overview.md)
  Template render error: (/Users/damithch/Repos/nus-cs2103/cs2103-website-base/admin/ip-overview.md)
  Template render error: (/Users/damithch/Repos/nus-cs2103/cs2103-website-base/admin/ip-overview.md)
  Template render error: (/Users/damithch/Repos/nus-cs2103/cs2103-website-base/admin/ip-overview.md)
  Template render error: (/Users/damithch/Repos/nus-cs2103/cs2103-website-base/admin/ip-overview.md)
  Template render error: (/Users/damithch/Repos/nus-cs2103/cs2103-website-base/admin/ip-overview.md) [Line 90, Column 43]
  Template render error: (/Users/damithch/Repos/nus-cs2103/cs2103-website-base/admin/ip-overview.md)
  Template render error: (/Users/damithch/Repos/nus-cs2103/cs2103-website-base/admin/ip-overview.md)
  Template render error: (/Users/damithch/Repos/nus-cs2103/cs2103-website-base/admin/ip-overview.md)
  Template render error: (/Users/damithch/Repos/nus-cs2103/cs2103-website-base/admin/ip-overview.md)
  Error: cannot import 'show_ai_guidance'
    at Object._prettifyError (/opt/homebrew/lib/node_modules/markbind-cli/node_modules/nunjucks/src/lib.js:32:11)
    at file:///opt/homebrew/lib/node_modules/markbind-cli/node_modules/@markbind/core/src/patches/nunjucks/context-overrides-frame.js:336:23
    at Template.root [as rootRenderFunc] (eval at _compile (/opt/homebrew/lib/node_modules/markbind-cli/node_modules/nunjucks/src/environment.js:527:18), <anonymous>:67:3)
    at Template.render (file:///opt/homebrew/lib/node_modules/markbind-cli/node_modules/@markbind/core/src/patches/nunjucks/context-overrides-frame.js:326:10)
    at file:///opt/homebrew/lib/node_modules/markbind-cli/node_modules/@markbind/core/src/patches/nunjucks/context-overrides-frame.js:55:31
    at createTemplate (file:///opt/homebrew/lib/node_modules/markbind-cli/node_modules/@markbind/core/src/patches/nunjucks/load-event.js:110:13)
    at handle (file:///opt/homebrew/lib/node_modules/markbind-cli/node_modules/@markbind/core/src/patches/nunjucks/load-event.js:123:17)
    at file:///opt/homebrew/lib/node_modules/markbind-cli/node_modules/@markbind/core/src/patches/nunjucks/load-event.js:134:13
    at next (/opt/homebrew/lib/node_modules/markbind-cli/node_modules/nunjucks/src/lib.js:258:7)
    at Object.asyncIter (/opt/homebrew/lib/node_modules/markbind-cli/node_modules/nunjucks/src/lib.js:263:3)
2026-08-04T18:03:09.045Z - [36mverbose[39m: Rendering page: /Users/damithch/Repos/nus-cs2103/cs2103-website-base/schedule/week2/project.md
2026-08-04T18:03:09.067Z - [32minfo[39m: Site data built
2026-08-04T18:03:09.067Z - [32minfo[39m: Pages rebuilt
2026-08-04T18:03:09.067Z - [32minfo[39m: Website regeneration complete! Total build time: 1.248s
2026-08-04T18:03:45.718Z - [32minfo[39m: [02:03:45] Reload for file change: /Users/damithch/Repos/nus-cs2103/cs2103-website-base/projectDuke/extensions-fragment.md
2026-08-04T18:03:45.725Z - [32minfo[39m: Synchronizing opened pages list before reload
2026-08-04T18:03:45.729Z - [32minfo[39m: Current opened pages, from most-to-least recent:
2026-08-04T18:03:45.729Z - [32minfo[39m: 1. schedule/week2/project
2026-08-04T18:03:46.734Z - [32minfo[39m: Rebuilding 1 pages
2026-08-04T18:03:46.980Z - [31merror[39m: Template render error: (/Users/damithch/Repos/nus-cs2103/cs2103-website-base/admin/ip-overview.md)
  Template render error: (/Users/damithch/Repos/nus-cs2103/cs2103-website-base/admin/ip-overview.md)
  Template render error: (/Users/damithch/Repos/nus-cs2103/cs2103-website-base/admin/ip-overview.md)
  Template render error: (/Users/damithch/Repos/nus-cs2103/cs2103-website-base/admin/ip-overview.md)
  Template render error: (/Users/damithch/Repos/nus-cs2103/cs2103-website-base/admin/ip-overview.md)
  Template render error: (/Users/damithch/Repos/nus-cs2103/cs2103-website-base/admin/ip-overview.md)
  Template render error: (/Users/damithch/Repos/nus-cs2103/cs2103-website-base/admin/ip-overview.md) [Line 90, Column 43]
  Template render error: (/Users/damithch/Repos/nus-cs2103/cs2103-website-base/admin/ip-overview.md)
  Template render error: (/Users/damithch/Repos/nus-cs2103/cs2103-website-base/admin/ip-overview.md)
  Template render error: (/Users/damithch/Repos/nus-cs2103/cs2103-website-base/admin/ip-overview.md)
  Template render error: (/Users/damithch/Repos/nus-cs2103/cs2103-website-base/admin/ip-overview.md)
  Error: cannot import 'show_ai_guidance'
    at Object._prettifyError (/opt/homebrew/lib/node_modules/markbind-cli/node_modules/nunjucks/src/lib.js:32:11)
    at file:///opt/homebrew/lib/node_modules/markbind-cli/node_modules/@markbind/core/src/patches/nunjucks/context-overrides-frame.js:336:23
    at Template.root [as rootRenderFunc] (eval at _compile (/opt/homebrew/lib/node_modules/markbind-cli/node_modules/nunjucks/src/environment.js:527:18), <anonymous>:67:3)
    at Template.render (file:///opt/homebrew/lib/node_modules/markbind-cli/node_modules/@markbind/core/src/patches/nunjucks/context-overrides-frame.js:326:10)
    at file:///opt/homebrew/lib/node_modules/markbind-cli/node_modules/@markbind/core/src/patches/nunjucks/context-overrides-frame.js:55:31
    at createTemplate (file:///opt/homebrew/lib/node_modules/markbind-cli/node_modules/@markbind/core/src/patches/nunjucks/load-event.js:110:13)
    at handle (file:///opt/homebrew/lib/node_modules/markbind-cli/node_modules/@markbind/core/src/patches/nunjucks/load-event.js:123:17)
    at file:///opt/homebrew/lib/node_modules/markbind-cli/node_modules/@markbind/core/src/patches/nunjucks/load-event.js:134:13
    at next (/opt/homebrew/lib/node_modules/markbind-cli/node_modules/nunjucks/src/lib.js:258:7)
    at Object.asyncIter (/opt/homebrew/lib/node_modules/markbind-cli/node_modules/nunjucks/src/lib.js:263:3)
2026-08-04T18:03:47.884Z - [36mverbose[39m: Rendering page: /Users/damithch/Repos/nus-cs2103/cs2103-website-base/schedule/week2/project.md
2026-08-04T18:03:47.907Z - [32minfo[39m: Site data built
2026-08-04T18:03:47.907Z - [32minfo[39m: Pages rebuilt
2026-08-04T18:03:47.907Z - [32minfo[39m: Website regeneration complete! Total build time: 1.177s
2026-08-04T18:04:10.642Z - [32minfo[39m: Building /Users/damithch/Repos/nus-cs2103/cs2103-website-base/admin/ip-overview as some of its dependencies were changed since the last visit
2026-08-04T18:04:10.721Z - [31merror[39m: Template render error: (/Users/damithch/Repos/nus-cs2103/cs2103-website-base/admin/ip-overview.md)
  Template render error: (/Users/damithch/Repos/nus-cs2103/cs2103-website-base/admin/ip-overview.md)
  Template render error: (/Users/damithch/Repos/nus-cs2103/cs2103-website-base/admin/ip-overview.md)
  Template render error: (/Users/damithch/Repos/nus-cs2103/cs2103-website-base/admin/ip-overview.md)
  Template render error: (/Users/damithch/Repos/nus-cs2103/cs2103-website-base/admin/ip-overview.md)
  Template render error: (/Users/damithch/Repos/nus-cs2103/cs2103-website-base/admin/ip-overview.md)
  Template render error: (/Users/damithch/Repos/nus-cs2103/cs2103-website-base/admin/ip-overview.md) [Line 90, Column 43]
  Template render error: (/Users/damithch/Repos/nus-cs2103/cs2103-website-base/admin/ip-overview.md)
  Template render error: (/Users/damithch/Repos/nus-cs2103/cs2103-website-base/admin/ip-overview.md)
  Template render error: (/Users/damithch/Repos/nus-cs2103/cs2103-website-base/admin/ip-overview.md)
  Template render error: (/Users/damithch/Repos/nus-cs2103/cs2103-website-base/admin/ip-overview.md)
  Error: cannot import 'show_ai_guidance'
    at Object._prettifyError (/opt/homebrew/lib/node_modules/markbind-cli/node_modules/nunjucks/src/lib.js:32:11)
    at file:///opt/homebrew/lib/node_modules/markbind-cli/node_modules/@markbind/core/src/patches/nunjucks/context-overrides-frame.js:336:23
    at Template.root [as rootRenderFunc] (eval at _compile (/opt/homebrew/lib/node_modules/markbind-cli/node_modules/nunjucks/src/environment.js:527:18), <anonymous>:67:3)
    at Template.render (file:///opt/homebrew/lib/node_modules/markbind-cli/node_modules/@markbind/core/src/patches/nunjucks/context-overrides-frame.js:326:10)
    at file:///opt/homebrew/lib/node_modules/markbind-cli/node_modules/@markbind/core/src/patches/nunjucks/context-overrides-frame.js:55:31
    at createTemplate (file:///opt/homebrew/lib/node_modules/markbind-cli/node_modules/@markbind/core/src/patches/nunjucks/load-event.js:110:13)
    at handle (file:///opt/homebrew/lib/node_modules/markbind-cli/node_modules/@markbind/core/src/patches/nunjucks/load-event.js:123:17)
    at file:///opt/homebrew/lib/node_modules/markbind-cli/node_modules/@markbind/core/src/patches/nunjucks/load-event.js:134:13
    at next (/opt/homebrew/lib/node_modules/markbind-cli/node_modules/nunjucks/src/lib.js:258:7)
    at Object.asyncIter (/opt/homebrew/lib/node_modules/markbind-cli/node_modules/nunjucks/src/lib.js:263:3)
2026-08-04T18:04:10.721Z - [33mwarn[39m: Error: Error while generating /Users/damithch/Repos/nus-cs2103/cs2103-website-base/admin/ip-overview.md
    at SiteGenerationManager.<anonymous> (file:///opt/homebrew/lib/node_modules/markbind-cli/node_modules/@markbind/core/src/Site/SiteGenerationManager.js:609:28)
    at Generator.throw (<anonymous>)
    at rejected (file:///opt/homebrew/lib/node_modules/markbind-cli/node_modules/@markbind/core/src/Site/SiteGenerationManager.js:5:65)
2026-08-04T18:04:25.018Z - [32minfo[39m: Building /Users/damithch/Repos/nus-cs2103/cs2103-website-base/admin/ip-overview as some of its dependencies were changed since the last visit
2026-08-04T18:04:25.087Z - [31merror[39m: Template render error: (/Users/damithch/Repos/nus-cs2103/cs2103-website-base/admin/ip-overview.md)
  Template render error: (/Users/damithch/Repos/nus-cs2103/cs2103-website-base/admin/ip-overview.md)
  Template render error: (/Users/damithch/Repos/nus-cs2103/cs2103-website-base/admin/ip-overview.md)
  Template render error: (/Users/damithch/Repos/nus-cs2103/cs2103-website-base/admin/ip-overview.md)
  Template render error: (/Users/damithch/Repos/nus-cs2103/cs2103-website-base/admin/ip-overview.md)
  Template render error: (/Users/damithch/Repos/nus-cs2103/cs2103-website-base/admin/ip-overview.md)
  Template render error: (/Users/damithch/Repos/nus-cs2103/cs2103-website-base/admin/ip-overview.md) [Line 90, Column 43]
  Template render error: (/Users/damithch/Repos/nus-cs2103/cs2103-website-base/admin/ip-overview.md)
  Template render error: (/Users/damithch/Repos/nus-cs2103/cs2103-website-base/admin/ip-overview.md)
  Template render error: (/Users/damithch/Repos/nus-cs2103/cs2103-website-base/admin/ip-overview.md)
  Template render error: (/Users/damithch/Repos/nus-cs2103/cs2103-website-base/admin/ip-overview.md)
  Error: cannot import 'show_ai_guidance'
    at Object._prettifyError (/opt/homebrew/lib/node_modules/markbind-cli/node_modules/nunjucks/src/lib.js:32:11)
    at file:///opt/homebrew/lib/node_modules/markbind-cli/node_modules/@markbind/core/src/patches/nunjucks/context-overrides-frame.js:336:23
    at Template.root [as rootRenderFunc] (eval at _compile (/opt/homebrew/lib/node_modules/markbind-cli/node_modules/nunjucks/src/environment.js:527:18), <anonymous>:67:3)
    at Template.render (file:///opt/homebrew/lib/node_modules/markbind-cli/node_modules/@markbind/core/src/patches/nunjucks/context-overrides-frame.js:326:10)
    at file:///opt/homebrew/lib/node_modules/markbind-cli/node_modules/@markbind/core/src/patches/nunjucks/context-overrides-frame.js:55:31
    at createTemplate (file:///opt/homebrew/lib/node_modules/markbind-cli/node_modules/@markbind/core/src/patches/nunjucks/load-event.js:110:13)
    at handle (file:///opt/homebrew/lib/node_modules/markbind-cli/node_modules/@markbind/core/src/patches/nunjucks/load-event.js:123:17)
    at file:///opt/homebrew/lib/node_modules/markbind-cli/node_modules/@markbind/core/src/patches/nunjucks/load-event.js:134:13
    at next (/opt/homebrew/lib/node_modules/markbind-cli/node_modules/nunjucks/src/lib.js:258:7)
    at Object.asyncIter (/opt/homebrew/lib/node_modules/markbind-cli/node_modules/nunjucks/src/lib.js:263:3)
2026-08-04T18:04:25.087Z - [33mwarn[39m: Error: Error while generating /Users/damithch/Repos/nus-cs2103/cs2103-website-base/admin/ip-overview.md
    at SiteGenerationManager.<anonymous> (file:///opt/homebrew/lib/node_modules/markbind-cli/node_modules/@markbind/core/src/Site/SiteGenerationManager.js:609:28)
    at Generator.throw (<anonymous>)
    at rejected (file:///opt/homebrew/lib/node_modules/markbind-cli/node_modules/@markbind/core/src/Site/SiteGenerationManager.js:5:65)
2026-08-04T18:04:26.619Z - [32minfo[39m: Building /Users/damithch/Repos/nus-cs2103/cs2103-website-base/admin/ip-overview as some of its dependencies were changed since the last visit
2026-08-04T18:04:26.664Z - [31merror[39m: Template render error: (/Users/damithch/Repos/nus-cs2103/cs2103-website-base/admin/ip-overview.md)
  Template render error: (/Users/damithch/Repos/nus-cs2103/cs2103-website-base/admin/ip-overview.md)
  Template render error: (/Users/damithch/Repos/nus-cs2103/cs2103-website-base/admin/ip-overview.md)
  Template render error: (/Users/damithch/Repos/nus-cs2103/cs2103-website-base/admin/ip-overview.md)
  Template render error: (/Users/damithch/Repos/nus-cs2103/cs2103-website-base/admin/ip-overview.md)
  Template render error: (/Users/damithch/Repos/nus-cs2103/cs2103-website-base/admin/ip-overview.md)
  Template render error: (/Users/damithch/Repos/nus-cs2103/cs2103-website-base/admin/ip-overview.md) [Line 90, Column 43]
  Template render error: (/Users/damithch/Repos/nus-cs2103/cs2103-website-base/admin/ip-overview.md)
  Template render error: (/Users/damithch/Repos/nus-cs2103/cs2103-website-base/admin/ip-overview.md)
  Template render error: (/Users/damithch/Repos/nus-cs2103/cs2103-website-base/admin/ip-overview.md)
  Template render error: (/Users/damithch/Repos/nus-cs2103/cs2103-website-base/admin/ip-overview.md)
  Error: cannot import 'show_ai_guidance'
    at Object._prettifyError (/opt/homebrew/lib/node_modules/markbind-cli/node_modules/nunjucks/src/lib.js:32:11)
    at file:///opt/homebrew/lib/node_modules/markbind-cli/node_modules/@markbind/core/src/patches/nunjucks/context-overrides-frame.js:336:23
    at Template.root [as rootRenderFunc] (eval at _compile (/opt/homebrew/lib/node_modules/markbind-cli/node_modules/nunjucks/src/environment.js:527:18), <anonymous>:67:3)
    at Template.render (file:///opt/homebrew/lib/node_modules/markbind-cli/node_modules/@markbind/core/src/patches/nunjucks/context-overrides-frame.js:326:10)
    at file:///opt/homebrew/lib/node_modules/markbind-cli/node_modules/@markbind/core/src/patches/nunjucks/context-overrides-frame.js:55:31
    at createTemplate (file:///opt/homebrew/lib/node_modules/markbind-cli/node_modules/@markbind/core/src/patches/nunjucks/load-event.js:110:13)
    at handle (file:///opt/homebrew/lib/node_modules/markbind-cli/node_modules/@markbind/core/src/patches/nunjucks/load-event.js:123:17)
    at file:///opt/homebrew/lib/node_modules/markbind-cli/node_modules/@markbind/core/src/patches/nunjucks/load-event.js:134:13
    at next (/opt/homebrew/lib/node_modules/markbind-cli/node_modules/nunjucks/src/lib.js:258:7)
    at Object.asyncIter (/opt/homebrew/lib/node_modules/markbind-cli/node_modules/nunjucks/src/lib.js:263:3)
2026-08-04T18:04:26.664Z - [33mwarn[39m: Error: Error while generating /Users/damithch/Repos/nus-cs2103/cs2103-website-base/admin/ip-overview.md
    at SiteGenerationManager.<anonymous> (file:///opt/homebrew/lib/node_modules/markbind-cli/node_modules/@markbind/core/src/Site/SiteGenerationManager.js:609:28)
    at Generator.throw (<anonymous>)
    at rejected (file:///opt/homebrew/lib/node_modules/markbind-cli/node_modules/@markbind/core/src/Site/SiteGenerationManager.js:5:65)
2026-08-04T18:04:30.366Z - [32minfo[39m: Building /Users/damithch/Repos/nus-cs2103/cs2103-website-base/admin/ip-overview as some of its dependencies were changed since the last visit
2026-08-04T18:04:30.408Z - [31merror[39m: Template render error: (/Users/damithch/Repos/nus-cs2103/cs2103-website-base/admin/ip-overview.md)
  Template render error: (/Users/damithch/Repos/nus-cs2103/cs2103-website-base/admin/ip-overview.md)
  Template render error: (/Users/damithch/Repos/nus-cs2103/cs2103-website-base/admin/ip-overview.md)
  Template render error: (/Users/damithch/Repos/nus-cs2103/cs2103-website-base/admin/ip-overview.md)
  Template render error: (/Users/damithch/Repos/nus-cs2103/cs2103-website-base/admin/ip-overview.md)
  Template render error: (/Users/damithch/Repos/nus-cs2103/cs2103-website-base/admin/ip-overview.md)
  Template render error: (/Users/damithch/Repos/nus-cs2103/cs2103-website-base/admin/ip-overview.md) [Line 90, Column 43]
  Template render error: (/Users/damithch/Repos/nus-cs2103/cs2103-website-base/admin/ip-overview.md)
  Template render error: (/Users/damithch/Repos/nus-cs2103/cs2103-website-base/admin/ip-overview.md)
  Template render error: (/Users/damithch/Repos/nus-cs2103/cs2103-website-base/admin/ip-overview.md)
  Template render error: (/Users/damithch/Repos/nus-cs2103/cs2103-website-base/admin/ip-overview.md)
  Error: cannot import 'show_ai_guidance'
    at Object._prettifyError (/opt/homebrew/lib/node_modules/markbind-cli/node_modules/nunjucks/src/lib.js:32:11)
    at file:///opt/homebrew/lib/node_modules/markbind-cli/node_modules/@markbind/core/src/patches/nunjucks/context-overrides-frame.js:336:23
    at Template.root [as rootRenderFunc] (eval at _compile (/opt/homebrew/lib/node_modules/markbind-cli/node_modules/nunjucks/src/environment.js:527:18), <anonymous>:67:3)
    at Template.render (file:///opt/homebrew/lib/node_modules/markbind-cli/node_modules/@markbind/core/src/patches/nunjucks/context-overrides-frame.js:326:10)
    at file:///opt/homebrew/lib/node_modules/markbind-cli/node_modules/@markbind/core/src/patches/nunjucks/context-overrides-frame.js:55:31
    at createTemplate (file:///opt/homebrew/lib/node_modules/markbind-cli/node_modules/@markbind/core/src/patches/nunjucks/load-event.js:110:13)
    at handle (file:///opt/homebrew/lib/node_modules/markbind-cli/node_modules/@markbind/core/src/patches/nunjucks/load-event.js:123:17)
    at file:///opt/homebrew/lib/node_modules/markbind-cli/node_modules/@markbind/core/src/patches/nunjucks/load-event.js:134:13
    at next (/opt/homebrew/lib/node_modules/markbind-cli/node_modules/nunjucks/src/lib.js:258:7)
    at Object.asyncIter (/opt/homebrew/lib/node_modules/markbind-cli/node_modules/nunjucks/src/lib.js:263:3)
2026-08-04T18:04:30.408Z - [33mwarn[39m: Error: Error while generating /Users/damithch/Repos/nus-cs2103/cs2103-website-base/admin/ip-overview.md
    at SiteGenerationManager.<anonymous> (file:///opt/homebrew/lib/node_modules/markbind-cli/node_modules/@markbind/core/src/Site/SiteGenerationManager.js:609:28)
    at Generator.throw (<anonymous>)
    at rejected (file:///opt/homebrew/lib/node_modules/markbind-cli/node_modules/@markbind/core/src/Site/SiteGenerationManager.js:5:65)
2026-08-04T18:05:23.530Z - [32minfo[39m: [02:05:23] Reload for file change: /Users/damithch/Repos/nus-cs2103/cs2103-website-base/admin/ip-overview.md
2026-08-04T18:05:23.553Z - [32minfo[39m: Synchronizing opened pages list before reload
2026-08-04T18:05:23.577Z - [32minfo[39m: No pages are currently opened
2026-08-04T18:05:24.588Z - [32minfo[39m: No pages needed to be rebuilt
2026-08-04T18:05:30.772Z - [32minfo[39m: Building /Users/damithch/Repos/nus-cs2103/cs2103-website-base/admin/ip-overview as some of its dependencies were changed since the last visit
2026-08-04T18:05:30.799Z - [31merror[39m: Template render error: (/Users/damithch/Repos/nus-cs2103/cs2103-website-base/admin/ip-overview.md)
  Template render error: (/Users/damithch/Repos/nus-cs2103/cs2103-website-base/admin/ip-overview.md)
  Template render error: (/Users/damithch/Repos/nus-cs2103/cs2103-website-base/admin/ip-overview.md)
  Template render error: (/Users/damithch/Repos/nus-cs2103/cs2103-website-base/admin/ip-overview.md)
  Template render error: (/Users/damithch/Repos/nus-cs2103/cs2103-website-base/admin/ip-overview.md)
  Error: cannot import 'show_admin_page'
    at Object._prettifyError (/opt/homebrew/lib/node_modules/markbind-cli/node_modules/nunjucks/src/lib.js:32:11)
    at file:///opt/homebrew/lib/node_modules/markbind-cli/node_modules/@markbind/core/src/patches/nunjucks/context-overrides-frame.js:336:23
    at Template.root [as rootRenderFunc] (eval at _compile (/opt/homebrew/lib/node_modules/markbind-cli/node_modules/nunjucks/src/environment.js:527:18), <anonymous>:67:3)
    at Template.render (file:///opt/homebrew/lib/node_modules/markbind-cli/node_modules/@markbind/core/src/patches/nunjucks/context-overrides-frame.js:326:10)
    at file:///opt/homebrew/lib/node_modules/markbind-cli/node_modules/@markbind/core/src/patches/nunjucks/context-overrides-frame.js:55:31
    at createTemplate (file:///opt/homebrew/lib/node_modules/markbind-cli/node_modules/@markbind/core/src/patches/nunjucks/load-event.js:110:13)
    at handle (file:///opt/homebrew/lib/node_modules/markbind-cli/node_modules/@markbind/core/src/patches/nunjucks/load-event.js:123:17)
    at file:///opt/homebrew/lib/node_modules/markbind-cli/node_modules/@markbind/core/src/patches/nunjucks/load-event.js:134:13
    at next (/opt/homebrew/lib/node_modules/markbind-cli/node_modules/nunjucks/src/lib.js:258:7)
    at Object.asyncIter (/opt/homebrew/lib/node_modules/markbind-cli/node_modules/nunjucks/src/lib.js:263:3)
2026-08-04T18:05:30.799Z - [33mwarn[39m: Error: Error while generating /Users/damithch/Repos/nus-cs2103/cs2103-website-base/admin/ip-overview.md
    at SiteGenerationManager.<anonymous> (file:///opt/homebrew/lib/node_modules/markbind-cli/node_modules/@markbind/core/src/Site/SiteGenerationManager.js:609:28)
    at Generator.throw (<anonymous>)
    at rejected (file:///opt/homebrew/lib/node_modules/markbind-cli/node_modules/@markbind/core/src/Site/SiteGenerationManager.js:5:65)
2026-08-04T18:05:31.939Z - [32minfo[39m: Building /Users/damithch/Repos/nus-cs2103/cs2103-website-base/admin/ip-overview as some of its dependencies were changed since the last visit
2026-08-04T18:05:31.986Z - [31merror[39m: Template render error: (/Users/damithch/Repos/nus-cs2103/cs2103-website-base/admin/ip-overview.md)
  Template render error: (/Users/damithch/Repos/nus-cs2103/cs2103-website-base/admin/ip-overview.md)
  Template render error: (/Users/damithch/Repos/nus-cs2103/cs2103-website-base/admin/ip-overview.md)
  Template render error: (/Users/damithch/Repos/nus-cs2103/cs2103-website-base/admin/ip-overview.md)
  Template render error: (/Users/damithch/Repos/nus-cs2103/cs2103-website-base/admin/ip-overview.md)
  Error: cannot import 'show_admin_page'
    at Object._prettifyError (/opt/homebrew/lib/node_modules/markbind-cli/node_modules/nunjucks/src/lib.js:32:11)
    at file:///opt/homebrew/lib/node_modules/markbind-cli/node_modules/@markbind/core/src/patches/nunjucks/context-overrides-frame.js:336:23
    at Template.root [as rootRenderFunc] (eval at _compile (/opt/homebrew/lib/node_modules/markbind-cli/node_modules/nunjucks/src/environment.js:527:18), <anonymous>:67:3)
    at Template.render (file:///opt/homebrew/lib/node_modules/markbind-cli/node_modules/@markbind/core/src/patches/nunjucks/context-overrides-frame.js:326:10)
    at file:///opt/homebrew/lib/node_modules/markbind-cli/node_modules/@markbind/core/src/patches/nunjucks/context-overrides-frame.js:55:31
    at createTemplate (file:///opt/homebrew/lib/node_modules/markbind-cli/node_modules/@markbind/core/src/patches/nunjucks/load-event.js:110:13)
    at handle (file:///opt/homebrew/lib/node_modules/markbind-cli/node_modules/@markbind/core/src/patches/nunjucks/load-event.js:123:17)
    at file:///opt/homebrew/lib/node_modules/markbind-cli/node_modules/@markbind/core/src/patches/nunjucks/load-event.js:134:13
    at next (/opt/homebrew/lib/node_modules/markbind-cli/node_modules/nunjucks/src/lib.js:258:7)
    at Object.asyncIter (/opt/homebrew/lib/node_modules/markbind-cli/node_modules/nunjucks/src/lib.js:263:3)
2026-08-04T18:05:31.986Z - [33mwarn[39m: Error: Error while generating /Users/damithch/Repos/nus-cs2103/cs2103-website-base/admin/ip-overview.md
    at SiteGenerationManager.<anonymous> (file:///opt/homebrew/lib/node_modules/markbind-cli/node_modules/@markbind/core/src/Site/SiteGenerationManager.js:609:28)
    at Generator.throw (<anonymous>)
    at rejected (file:///opt/homebrew/lib/node_modules/markbind-cli/node_modules/@markbind/core/src/Site/SiteGenerationManager.js:5:65)
2026-08-04T18:06:12.302Z - [32minfo[39m: [02:06:12] Reload for file change: /Users/damithch/Repos/nus-cs2103/cs2103-website-base/admin/ip-overview.md
2026-08-04T18:06:12.303Z - [32minfo[39m: Synchronizing opened pages list before reload
2026-08-04T18:06:12.303Z - [32minfo[39m: No pages are currently opened
2026-08-04T18:06:13.314Z - [32minfo[39m: No pages needed to be rebuilt
2026-08-04T18:06:21.191Z - [32minfo[39m: Website generation (lazy) started at 02:06:21
2026-08-04T18:06:21.736Z - [32minfo[39m: Building assets...
2026-08-04T18:06:22.100Z - [32minfo[39m: Assets built
2026-08-04T18:06:22.101Z - [32minfo[39m: Generating landing page...
2026-08-04T18:06:22.320Z - [36mverbose[39m: Rendering page: /Users/damithch/Repos/nus-cs2103/cs2103-website-base/index.md
2026-08-04T18:06:22.350Z - [32minfo[39m: Landing page built, other pages will be built as you navigate to them!
2026-08-04T18:06:22.427Z - [32minfo[39m: Site data built
2026-08-04T18:06:22.427Z - [32minfo[39m: Website generation (lazy) complete! Total build time: 1.272s
2026-08-04T18:06:22.439Z - [32minfo[39m: Serving "/Users/damithch/Repos/nus-cs2103/cs2103-website-base/_site" at http://127.0.0.1:8080
2026-08-04T18:06:22.440Z - [32minfo[39m: Press CTRL+C to stop ...
2026-08-04T18:06:29.453Z - [32minfo[39m: Building /Users/damithch/Repos/nus-cs2103/cs2103-website-base/admin/ip-overview as some of its dependencies were changed since the last visit
2026-08-04T18:06:29.630Z - [36mverbose[39m: Rendering page: /Users/damithch/Repos/nus-cs2103/cs2103-website-base/admin/ip-overview.md
2026-08-04T18:06:29.655Z - [32minfo[39m: Site data built
2026-08-04T18:06:29.655Z - [32minfo[39m: Lazy website regeneration complete! Total build time: 0.203s
2026-08-04T18:06:35.287Z - [32minfo[39m: Building /Users/damithch/Repos/nus-cs2103/cs2103-website-base/projectDuke/index as some of its dependencies were changed since the last visit
2026-08-04T18:06:35.659Z - [36mverbose[39m: Rendering page: /Users/damithch/Repos/nus-cs2103/cs2103-website-base/projectDuke/index.md
2026-08-04T18:06:35.697Z - [32minfo[39m: Site data built
2026-08-04T18:06:35.697Z - [32minfo[39m: Lazy website regeneration complete! Total build time: 0.411s
2026-08-04T18:07:19.801Z - [32minfo[39m: [02:07:19] Reload for file change: /Users/damithch/Repos/nus-cs2103/cs2103-website-base/projectDuke/A-Enums-fragment.md
2026-08-04T18:07:19.802Z - [32minfo[39m: Synchronizing opened pages list before reload
2026-08-04T18:07:19.802Z - [32minfo[39m: Current opened pages, from most-to-least recent:
2026-08-04T18:07:19.803Z - [32minfo[39m: 1. projectDuke/index
2026-08-04T18:07:20.809Z - [32minfo[39m: Rebuilding 1 pages
2026-08-04T18:07:21.168Z - [36mverbose[39m: Rendering page: /Users/damithch/Repos/nus-cs2103/cs2103-website-base/projectDuke/index.md
2026-08-04T18:07:21.217Z - [32minfo[39m: Site data built
2026-08-04T18:07:21.217Z - [32minfo[39m: Pages rebuilt
2026-08-04T18:07:21.217Z - [32minfo[39m: Website regeneration complete! Total build time: 0.411s
2026-08-04T18:08:03.625Z - [32minfo[39m: [02:08:03] Reload for file change: /Users/damithch/Repos/nus-cs2103/cs2103-website-base/projectDuke/extensions-fragment.md
2026-08-04T18:08:03.626Z - [32minfo[39m: Synchronizing opened pages list before reload
2026-08-04T18:08:03.627Z - [32minfo[39m: Current opened pages, from most-to-least recent:
2026-08-04T18:08:03.627Z - [32minfo[39m: 1. projectDuke/index
2026-08-04T18:08:04.634Z - [32minfo[39m: Rebuilding 1 pages
2026-08-04T18:08:04.956Z - [36mverbose[39m: Rendering page: /Users/damithch/Repos/nus-cs2103/cs2103-website-base/projectDuke/index.md
2026-08-04T18:08:05.003Z - [32minfo[39m: Site data built
2026-08-04T18:08:05.003Z - [32minfo[39m: Pages rebuilt
2026-08-04T18:08:05.003Z - [32minfo[39m: Website regeneration complete! Total build time: 0.374s
2026-08-04T18:08:21.530Z - [32minfo[39m: [02:08:21] Reload for file change: /Users/damithch/Repos/nus-cs2103/cs2103-website-base/projectDuke/extensions-fragment.md
2026-08-04T18:08:21.531Z - [32minfo[39m: Synchronizing opened pages list before reload
2026-08-04T18:08:21.532Z - [32minfo[39m: Current opened pages, from most-to-least recent:
2026-08-04T18:08:21.532Z - [32minfo[39m: 1. projectDuke/index
2026-08-04T18:08:22.538Z - [32minfo[39m: Rebuilding 1 pages
2026-08-04T18:08:22.926Z - [36mverbose[39m: Rendering page: /Users/damithch/Repos/nus-cs2103/cs2103-website-base/projectDuke/index.md
2026-08-04T18:08:22.961Z - [32minfo[39m: Site data built
2026-08-04T18:08:22.961Z - [32minfo[39m: Pages rebuilt
2026-08-04T18:08:22.961Z - [32minfo[39m: Website regeneration complete! Total build time: 0.428s
2026-08-04T18:10:13.960Z - [32minfo[39m: [02:10:13] Reload for file change: /Users/damithch/Repos/nus-cs2103/cs2103-website-base/projectDuke/A-Enums-fragment.md
2026-08-04T18:10:13.961Z - [32minfo[39m: Synchronizing opened pages list before reload
2026-08-04T18:10:13.961Z - [32minfo[39m: Current opened pages, from most-to-least recent:
2026-08-04T18:10:13.961Z - [32minfo[39m: 1. projectDuke/index
2026-08-04T18:10:13.970Z - [32minfo[39m: [02:10:13] Reload for file change: /Users/damithch/Repos/nus-cs2103/cs2103-website-base/projectDuke/extensions-fragment.md
2026-08-04T18:10:13.971Z - [32minfo[39m: Synchronizing opened pages list before reload
2026-08-04T18:10:13.971Z - [32minfo[39m: Current opened pages, from most-to-least recent:
2026-08-04T18:10:13.971Z - [32minfo[39m: 1. projectDuke/index
2026-08-04T18:10:14.971Z - [32minfo[39m: Assets built
2026-08-04T18:10:14.975Z - [32minfo[39m: Rebuilding 1 pages
2026-08-04T18:10:15.302Z - [36mverbose[39m: Rendering page: /Users/damithch/Repos/nus-cs2103/cs2103-website-base/projectDuke/index.md
2026-08-04T18:10:15.348Z - [32minfo[39m: Site data built
2026-08-04T18:10:15.348Z - [32minfo[39m: Pages rebuilt
2026-08-04T18:10:15.348Z - [32minfo[39m: Website regeneration complete! Total build time: 0.375s
2026-08-04T18:10:50.012Z - [32minfo[39m: [02:10:50] Reload for file change: /Users/damithch/Repos/nus-cs2103/cs2103-website-base/projectDuke/A-Enums-fragment.md
2026-08-04T18:10:50.015Z - [32minfo[39m: Synchronizing opened pages list before reload
2026-08-04T18:10:50.017Z - [32minfo[39m: Current opened pages, from most-to-least recent:
2026-08-04T18:10:50.017Z - [32minfo[39m: 1. projectDuke/index
2026-08-04T18:10:51.025Z - [32minfo[39m: Rebuilding 1 pages
2026-08-04T18:10:51.386Z - [36mverbose[39m: Rendering page: /Users/damithch/Repos/nus-cs2103/cs2103-website-base/projectDuke/index.md
2026-08-04T18:10:51.433Z - [32minfo[39m: Site data built
2026-08-04T18:10:51.434Z - [32minfo[39m: Pages rebuilt
2026-08-04T18:10:51.434Z - [32minfo[39m: Website regeneration complete! Total build time: 0.415s
2026-08-04T18:11:44.639Z - [32minfo[39m: [02:11:44] Reload for file change: /Users/damithch/Repos/nus-cs2103/cs2103-website-base/projectDuke/A-Enums-fragment.md
2026-08-04T18:11:44.640Z - [32minfo[39m: Synchronizing opened pages list before reload
2026-08-04T18:11:44.641Z - [32minfo[39m: Current opened pages, from most-to-least recent:
2026-08-04T18:11:44.641Z - [32minfo[39m: 1. projectDuke/index
2026-08-04T18:11:45.648Z - [32minfo[39m: Rebuilding 1 pages
2026-08-04T18:11:45.994Z - [36mverbose[39m: Rendering page: /Users/damithch/Repos/nus-cs2103/cs2103-website-base/projectDuke/index.md
2026-08-04T18:11:46.044Z - [32minfo[39m: Site data built
2026-08-04T18:11:46.044Z - [32minfo[39m: Pages rebuilt
2026-08-04T18:11:46.044Z - [32minfo[39m: Website regeneration complete! Total build time: 0.4s
2026-08-04T18:12:08.599Z - [32minfo[39m: [02:12:08] Reload for file change: /Users/damithch/Repos/nus-cs2103/cs2103-website-base/projectDuke/extensions-fragment.md
2026-08-04T18:12:08.604Z - [32minfo[39m: Synchronizing opened pages list before reload
2026-08-04T18:12:08.605Z - [32minfo[39m: Current opened pages, from most-to-least recent:
2026-08-04T18:12:08.605Z - [32minfo[39m: 1. projectDuke/index
2026-08-04T18:12:08.610Z - [32minfo[39m: [02:12:08] Reload for file change: /Users/damithch/Repos/nus-cs2103/cs2103-website-base/projectDuke/A-Enums-fragment.md
2026-08-04T18:12:08.610Z - [32minfo[39m: Synchronizing opened pages list before reload
2026-08-04T18:12:08.610Z - [32minfo[39m: Current opened pages, from most-to-least recent:
2026-08-04T18:12:08.611Z - [32minfo[39m: 1. projectDuke/index
2026-08-04T18:12:09.611Z - [32minfo[39m: Rebuilding 1 pages
2026-08-04T18:12:09.949Z - [36mverbose[39m: Rendering page: /Users/damithch/Repos/nus-cs2103/cs2103-website-base/projectDuke/index.md
2026-08-04T18:12:09.985Z - [32minfo[39m: Site data built
2026-08-04T18:12:09.985Z - [32minfo[39m: Pages rebuilt
2026-08-04T18:12:09.985Z - [32minfo[39m: Website regeneration complete! Total build time: 0.379s
2026-08-04T18:12:26.339Z - [32minfo[39m: [02:12:26] Reload for file change: /Users/damithch/Repos/nus-cs2103/cs2103-website-base/projectDuke/A-Enums-fragment.md
2026-08-04T18:12:26.341Z - [32minfo[39m: Synchronizing opened pages list before reload
2026-08-04T18:12:26.342Z - [32minfo[39m: Current opened pages, from most-to-least recent:
2026-08-04T18:12:26.342Z - [32minfo[39m: 1. projectDuke/index
2026-08-04T18:12:27.348Z - [32minfo[39m: Rebuilding 1 pages
2026-08-04T18:12:27.484Z - [33mwarn[39m: Empty reference in /Users/damithch/Repos/nus-cs2103/cs2103-website-base/projectDuke/extensions-fragment.md:
Segment '#body' in file: /Users/damithch/Repos/nus-cs2103/cs2103-website-base/projectDuke/A-Enums-fragment.md is empty
2026-08-04T18:12:27.671Z - [36mverbose[39m: Rendering page: /Users/damithch/Repos/nus-cs2103/cs2103-website-base/projectDuke/index.md
2026-08-04T18:12:27.704Z - [32minfo[39m: Site data built
2026-08-04T18:12:27.704Z - [32minfo[39m: Pages rebuilt
2026-08-04T18:12:27.704Z - [32minfo[39m: Website regeneration complete! Total build time: 0.359s
2026-08-04T18:12:53.760Z - [32minfo[39m: [02:12:53] Reload for file change: /Users/damithch/Repos/nus-cs2103/cs2103-website-base/projectDuke/extensions-fragment.md
2026-08-04T18:12:53.763Z - [32minfo[39m: Synchronizing opened pages list before reload
2026-08-04T18:12:53.763Z - [32minfo[39m: Current opened pages, from most-to-least recent:
2026-08-04T18:12:53.764Z - [32minfo[39m: 1. projectDuke/index
2026-08-04T18:12:54.770Z - [32minfo[39m: Rebuilding 1 pages
2026-08-04T18:12:55.093Z - [36mverbose[39m: Rendering page: /Users/damithch/Repos/nus-cs2103/cs2103-website-base/projectDuke/index.md
2026-08-04T18:12:55.128Z - [32minfo[39m: Site data built
2026-08-04T18:12:55.128Z - [32minfo[39m: Pages rebuilt
2026-08-04T18:12:55.128Z - [32minfo[39m: Website regeneration complete! Total build time: 0.361s
2026-08-04T18:13:35.753Z - [32minfo[39m: [02:13:35] Reload for file change: /Users/damithch/Repos/nus-cs2103/cs2103-website-base/projectDuke/A-Enums-fragment.md
2026-08-04T18:13:35.759Z - [32minfo[39m: Synchronizing opened pages list before reload
2026-08-04T18:13:35.759Z - [32minfo[39m: Current opened pages, from most-to-least recent:
2026-08-04T18:13:35.759Z - [32minfo[39m: 1. projectDuke/index
2026-08-04T18:13:36.764Z - [32minfo[39m: Rebuilding 1 pages
2026-08-04T18:13:37.104Z - [36mverbose[39m: Rendering page: /Users/damithch/Repos/nus-cs2103/cs2103-website-base/projectDuke/index.md
2026-08-04T18:13:37.153Z - [32minfo[39m: Site data built
2026-08-04T18:13:37.154Z - [32minfo[39m: Pages rebuilt
2026-08-04T18:13:37.154Z - [32minfo[39m: Website regeneration complete! Total build time: 0.394s
2026-08-04T18:13:54.960Z - [32minfo[39m: [02:13:54] Reload for file change: /Users/damithch/Repos/nus-cs2103/cs2103-website-base/projectDuke/A-Enums-fragment.md
2026-08-04T18:13:54.960Z - [32minfo[39m: Synchronizing opened pages list before reload
2026-08-04T18:13:54.961Z - [32minfo[39m: Current opened pages, from most-to-least recent:
2026-08-04T18:13:54.961Z - [32minfo[39m: 1. projectDuke/index
2026-08-04T18:13:55.973Z - [32minfo[39m: Rebuilding 1 pages
2026-08-04T18:13:56.297Z - [36mverbose[39m: Rendering page: /Users/damithch/Repos/nus-cs2103/cs2103-website-base/projectDuke/index.md
2026-08-04T18:13:56.329Z - [32minfo[39m: Site data built
2026-08-04T18:13:56.330Z - [32minfo[39m: Pages rebuilt
2026-08-04T18:13:56.330Z - [32minfo[39m: Website regeneration complete! Total build time: 0.366s
2026-08-04T18:14:07.906Z - [32minfo[39m: [02:14:07] Reload for file change: /Users/damithch/Repos/nus-cs2103/cs2103-website-base/projectDuke/A-Enums-fragment.md
2026-08-04T18:14:07.907Z - [32minfo[39m: Synchronizing opened pages list before reload
2026-08-04T18:14:07.907Z - [32minfo[39m: Current opened pages, from most-to-least recent:
2026-08-04T18:14:07.907Z - [32minfo[39m: 1. projectDuke/index
2026-08-04T18:14:08.910Z - [32minfo[39m: Rebuilding 1 pages
2026-08-04T18:14:09.220Z - [36mverbose[39m: Rendering page: /Users/damithch/Repos/nus-cs2103/cs2103-website-base/projectDuke/index.md
2026-08-04T18:14:09.258Z - [32minfo[39m: Site data built
2026-08-04T18:14:09.258Z - [32minfo[39m: Pages rebuilt
2026-08-04T18:14:09.258Z - [32minfo[39m: Website regeneration complete! Total build time: 0.351s
2026-08-04T18:14:34.743Z - [32minfo[39m: [02:14:34] Reload for file change: /Users/damithch/Repos/nus-cs2103/cs2103-website-base/projectDuke/A-Enums-fragment.md
2026-08-04T18:14:34.744Z - [32minfo[39m: Synchronizing opened pages list before reload
2026-08-04T18:14:34.744Z - [32minfo[39m: Current opened pages, from most-to-least recent:
2026-08-04T18:14:34.744Z - [32minfo[39m: 1. projectDuke/index
2026-08-04T18:14:35.755Z - [32minfo[39m: Rebuilding 1 pages
2026-08-04T18:14:36.078Z - [36mverbose[39m: Rendering page: /Users/damithch/Repos/nus-cs2103/cs2103-website-base/projectDuke/index.md
2026-08-04T18:14:36.113Z - [32minfo[39m: Site data built
2026-08-04T18:14:36.113Z - [32minfo[39m: Pages rebuilt
2026-08-04T18:14:36.113Z - [32minfo[39m: Website regeneration complete! Total build time: 0.364s
2026-08-04T18:15:36.208Z - [32minfo[39m: [02:15:36] Reload for file change: /Users/damithch/Repos/nus-cs2103/cs2103-website-base/projectDuke/A-Enums-fragment.md
2026-08-04T18:15:36.209Z - [32minfo[39m: Synchronizing opened pages list before reload
2026-08-04T18:15:36.211Z - [32minfo[39m: Current opened pages, from most-to-least recent:
2026-08-04T18:15:36.211Z - [32minfo[39m: 1. projectDuke/index
2026-08-04T18:15:36.301Z - [32minfo[39m: [02:15:36] Reload for file change: /Users/damithch/Repos/nus-cs2103/cs2103-website-base/_markbind/boilerplates/dukeExtensionTitle.md
2026-08-04T18:15:36.301Z - [32minfo[39m: Synchronizing opened pages list before reload
2026-08-04T18:15:36.301Z - [32minfo[39m: Current opened pages, from most-to-least recent:
2026-08-04T18:15:36.301Z - [32minfo[39m: 1. projectDuke/index
2026-08-04T18:15:37.226Z - [32minfo[39m: Rebuilding 1 pages
2026-08-04T18:15:37.580Z - [36mverbose[39m: Rendering page: /Users/damithch/Repos/nus-cs2103/cs2103-website-base/projectDuke/index.md
2026-08-04T18:15:37.616Z - [32minfo[39m: Site data built
2026-08-04T18:15:37.617Z - [32minfo[39m: Pages rebuilt
2026-08-04T18:15:37.617Z - [32minfo[39m: Website regeneration complete! Total build time: 0.393s
2026-08-04T18:16:13.012Z - [32minfo[39m: [02:16:13] Reload for file change: /Users/damithch/Repos/nus-cs2103/cs2103-website-base/_markbind/boilerplates/dukeExtensionTitle.md
2026-08-04T18:16:13.013Z - [32minfo[39m: Synchronizing opened pages list before reload
2026-08-04T18:16:13.014Z - [32minfo[39m: Current opened pages, from most-to-least recent:
2026-08-04T18:16:13.014Z - [32minfo[39m: 1. projectDuke/index
2026-08-04T18:16:14.018Z - [32minfo[39m: Rebuilding 1 pages
2026-08-04T18:16:14.356Z - [36mverbose[39m: Rendering page: /Users/damithch/Repos/nus-cs2103/cs2103-website-base/projectDuke/index.md
2026-08-04T18:16:14.391Z - [32minfo[39m: Site data built
2026-08-04T18:16:14.392Z - [32minfo[39m: Pages rebuilt
2026-08-04T18:16:14.392Z - [32minfo[39m: Website regeneration complete! Total build time: 0.377s
2026-08-04T18:16:42.939Z - [32minfo[39m: [02:16:42] Reload for file change: /Users/damithch/Repos/nus-cs2103/cs2103-website-base/_markbind/boilerplates/dukeExtensionTitle.md
2026-08-04T18:16:42.939Z - [32minfo[39m: Synchronizing opened pages list before reload
2026-08-04T18:16:42.939Z - [32minfo[39m: Current opened pages, from most-to-least recent:
2026-08-04T18:16:42.939Z - [32minfo[39m: 1. projectDuke/index
2026-08-04T18:16:43.949Z - [32minfo[39m: Rebuilding 1 pages
2026-08-04T18:16:44.294Z - [36mverbose[39m: Rendering page: /Users/damithch/Repos/nus-cs2103/cs2103-website-base/projectDuke/index.md
2026-08-04T18:16:44.357Z - [32minfo[39m: Site data built
2026-08-04T18:16:44.357Z - [32minfo[39m: Pages rebuilt
2026-08-04T18:16:44.357Z - [32minfo[39m: Website regeneration complete! Total build time: 0.413s
2026-08-04T18:17:33.110Z - [32minfo[39m: [02:17:33] Reload for file change: /Users/damithch/Repos/nus-cs2103/cs2103-website-base/projectDuke/extensions-fragment.md
2026-08-04T18:17:33.111Z - [32minfo[39m: Synchronizing opened pages list before reload
2026-08-04T18:17:33.112Z - [32minfo[39m: Current opened pages, from most-to-least recent:
2026-08-04T18:17:33.112Z - [32minfo[39m: 1. projectDuke/index
2026-08-04T18:17:34.117Z - [32minfo[39m: Rebuilding 1 pages
2026-08-04T18:17:34.456Z - [36mverbose[39m: Rendering page: /Users/damithch/Repos/nus-cs2103/cs2103-website-base/projectDuke/index.md
2026-08-04T18:17:34.490Z - [32minfo[39m: Site data built
2026-08-04T18:17:34.490Z - [32minfo[39m: Pages rebuilt
2026-08-04T18:17:34.490Z - [32minfo[39m: Website regeneration complete! Total build time: 0.377s
2026-08-04T18:18:01.709Z - [32minfo[39m: [02:18:01] Reload for file change: /Users/damithch/Repos/nus-cs2103/cs2103-website-base/projectDuke/extensions-fragment.md
2026-08-04T18:18:01.712Z - [32minfo[39m: Synchronizing opened pages list before reload
2026-08-04T18:18:01.721Z - [32minfo[39m: Current opened pages, from most-to-least recent:
2026-08-04T18:18:01.723Z - [32minfo[39m: 1. projectDuke/index
2026-08-04T18:18:02.740Z - [32minfo[39m: Rebuilding 1 pages
2026-08-04T18:18:03.093Z - [36mverbose[39m: Rendering page: /Users/damithch/Repos/nus-cs2103/cs2103-website-base/projectDuke/index.md
2026-08-04T18:18:03.140Z - [32minfo[39m: Site data built
2026-08-04T18:18:03.140Z - [32minfo[39m: Pages rebuilt
2026-08-04T18:18:03.140Z - [32minfo[39m: Website regeneration complete! Total build time: 0.404s
2026-08-04T18:18:26.383Z - [32minfo[39m: [02:18:26] Reload for file change: /Users/damithch/Repos/nus-cs2103/cs2103-website-base/projectDuke/extensions-fragment.md
2026-08-04T18:18:26.385Z - [32minfo[39m: Synchronizing opened pages list before reload
2026-08-04T18:18:26.387Z - [32minfo[39m: Current opened pages, from most-to-least recent:
2026-08-04T18:18:26.387Z - [32minfo[39m: 1. projectDuke/index
2026-08-04T18:18:27.397Z - [32minfo[39m: Rebuilding 1 pages
2026-08-04T18:18:27.746Z - [36mverbose[39m: Rendering page: /Users/damithch/Repos/nus-cs2103/cs2103-website-base/projectDuke/index.md
2026-08-04T18:18:27.781Z - [32minfo[39m: Site data built
2026-08-04T18:18:27.781Z - [32minfo[39m: Pages rebuilt
2026-08-04T18:18:27.781Z - [32minfo[39m: Website regeneration complete! Total build time: 0.386s
2026-08-04T18:18:36.407Z - [32minfo[39m: [02:18:36] Reload for file change: /Users/damithch/Repos/nus-cs2103/cs2103-website-base/projectDuke/extensions-fragment.md
2026-08-04T18:18:36.408Z - [32minfo[39m: Synchronizing opened pages list before reload
2026-08-04T18:18:36.408Z - [32minfo[39m: Current opened pages, from most-to-least recent:
2026-08-04T18:18:36.408Z - [32minfo[39m: 1. projectDuke/index
2026-08-04T18:18:37.418Z - [32minfo[39m: Rebuilding 1 pages
2026-08-04T18:18:37.726Z - [36mverbose[39m: Rendering page: /Users/damithch/Repos/nus-cs2103/cs2103-website-base/projectDuke/index.md
2026-08-04T18:18:37.759Z - [32minfo[39m: Site data built
2026-08-04T18:18:37.759Z - [32minfo[39m: Pages rebuilt
2026-08-04T18:18:37.759Z - [32minfo[39m: Website regeneration complete! Total build time: 0.343s
2026-08-04T18:18:58.328Z - [32minfo[39m: [02:18:58] Reload for file change: /Users/damithch/Repos/nus-cs2103/cs2103-website-base/projectDuke/A-Enums-fragment.md
2026-08-04T18:18:58.332Z - [32minfo[39m: Synchronizing opened pages list before reload
2026-08-04T18:18:58.333Z - [32minfo[39m: Current opened pages, from most-to-least recent:
2026-08-04T18:18:58.333Z - [32minfo[39m: 1. projectDuke/index
2026-08-04T18:18:59.339Z - [32minfo[39m: Rebuilding 1 pages
2026-08-04T18:18:59.650Z - [36mverbose[39m: Rendering page: /Users/damithch/Repos/nus-cs2103/cs2103-website-base/projectDuke/index.md
2026-08-04T18:18:59.683Z - [32minfo[39m: Site data built
2026-08-04T18:18:59.683Z - [32minfo[39m: Pages rebuilt
2026-08-04T18:18:59.683Z - [32minfo[39m: Website regeneration complete! Total build time: 0.347s
2026-08-04T18:19:12.563Z - [32minfo[39m: [02:19:12] Reload for file change: /Users/damithch/Repos/nus-cs2103/cs2103-website-base/projectDuke/A-Enums-fragment.md
2026-08-04T18:19:12.569Z - [32minfo[39m: Synchronizing opened pages list before reload
2026-08-04T18:19:12.569Z - [32minfo[39m: Current opened pages, from most-to-least recent:
2026-08-04T18:19:12.570Z - [32minfo[39m: 1. projectDuke/index
2026-08-04T18:19:13.582Z - [32minfo[39m: Rebuilding 1 pages
2026-08-04T18:19:13.971Z - [36mverbose[39m: Rendering page: /Users/damithch/Repos/nus-cs2103/cs2103-website-base/projectDuke/index.md
2026-08-04T18:19:14.006Z - [32minfo[39m: Site data built
2026-08-04T18:19:14.006Z - [32minfo[39m: Pages rebuilt
2026-08-04T18:19:14.006Z - [32minfo[39m: Website regeneration complete! Total build time: 0.432s
2026-08-04T18:19:53.313Z - [32minfo[39m: [02:19:53] Reload for file change: /Users/damithch/Repos/nus-cs2103/cs2103-website-base/projectDuke/A-Enums-fragment.md
2026-08-04T18:19:53.315Z - [32minfo[39m: Synchronizing opened pages list before reload
2026-08-04T18:19:53.316Z - [32minfo[39m: Current opened pages, from most-to-least recent:
2026-08-04T18:19:53.316Z - [32minfo[39m: 1. projectDuke/index
2026-08-04T18:19:54.320Z - [32minfo[39m: Rebuilding 1 pages
2026-08-04T18:19:54.669Z - [36mverbose[39m: Rendering page: /Users/damithch/Repos/nus-cs2103/cs2103-website-base/projectDuke/index.md
2026-08-04T18:19:54.722Z - [32minfo[39m: Site data built
2026-08-04T18:19:54.723Z - [32minfo[39m: Pages rebuilt
2026-08-04T18:19:54.723Z - [32minfo[39m: Website regeneration complete! Total build time: 0.405s
2026-08-04T18:20:44.657Z - [32minfo[39m: [02:20:44] Reload for file change: /Users/damithch/Repos/nus-cs2103/cs2103-website-base/projectDuke/A-Enums-fragment.md
2026-08-04T18:20:44.660Z - [32minfo[39m: Synchronizing opened pages list before reload
2026-08-04T18:20:44.662Z - [32minfo[39m: Current opened pages, from most-to-least recent:
2026-08-04T18:20:44.662Z - [32minfo[39m: 1. projectDuke/index
2026-08-04T18:20:45.678Z - [32minfo[39m: Rebuilding 1 pages
2026-08-04T18:20:45.990Z - [36mverbose[39m: Rendering page: /Users/damithch/Repos/nus-cs2103/cs2103-website-base/projectDuke/index.md
2026-08-04T18:20:46.024Z - [32minfo[39m: Site data built
2026-08-04T18:20:46.024Z - [32minfo[39m: Pages rebuilt
2026-08-04T18:20:46.024Z - [32minfo[39m: Website regeneration complete! Total build time: 0.357s
2026-08-04T18:21:40.998Z - [32minfo[39m: [02:21:40] Reload for file change: /Users/damithch/Repos/nus-cs2103/cs2103-website-base/projectDuke/A-Enums-fragment.md
2026-08-04T18:21:41.001Z - [32minfo[39m: Synchronizing opened pages list before reload
2026-08-04T18:21:41.006Z - [32minfo[39m: Current opened pages, from most-to-least recent:
2026-08-04T18:21:41.008Z - [32minfo[39m: 1. projectDuke/index
2026-08-04T18:21:42.021Z - [32minfo[39m: Rebuilding 1 pages
2026-08-04T18:21:42.346Z - [36mverbose[39m: Rendering page: /Users/damithch/Repos/nus-cs2103/cs2103-website-base/projectDuke/index.md
2026-08-04T18:21:42.392Z - [32minfo[39m: Site data built
2026-08-04T18:21:42.392Z - [32minfo[39m: Pages rebuilt
2026-08-04T18:21:42.392Z - [32minfo[39m: Website regeneration complete! Total build time: 0.379s
2026-08-04T18:22:02.503Z - [32minfo[39m: [02:22:02] Reload for file change: /Users/damithch/Repos/nus-cs2103/cs2103-website-base/projectDuke/A-Enums-fragment.md
2026-08-04T18:22:02.505Z - [32minfo[39m: Synchronizing opened pages list before reload
2026-08-04T18:22:02.505Z - [32minfo[39m: Current opened pages, from most-to-least recent:
2026-08-04T18:22:02.505Z - [32minfo[39m: 1. projectDuke/index
2026-08-04T18:22:03.506Z - [32minfo[39m: Rebuilding 1 pages
2026-08-04T18:22:03.822Z - [36mverbose[39m: Rendering page: /Users/damithch/Repos/nus-cs2103/cs2103-website-base/projectDuke/index.md
2026-08-04T18:22:03.856Z - [32minfo[39m: Site data built
2026-08-04T18:22:03.856Z - [32minfo[39m: Pages rebuilt
2026-08-04T18:22:03.856Z - [32minfo[39m: Website regeneration complete! Total build time: 0.351s
2026-08-04T19:26:43.331Z - [32minfo[39m: Website generation (lazy) started at 03:26:43
2026-08-04T19:26:43.917Z - [32minfo[39m: Building assets...
2026-08-04T19:26:44.317Z - [32minfo[39m: Assets built
2026-08-04T19:26:44.317Z - [32minfo[39m: Generating landing page...
2026-08-04T19:26:44.548Z - [36mverbose[39m: Rendering page: /Users/damithch/Repos/nus-cs2103/cs2103-website-base/index.md
2026-08-04T19:26:44.577Z - [32minfo[39m: Landing page built, other pages will be built as you navigate to them!
2026-08-04T19:26:44.651Z - [32minfo[39m: Site data built
2026-08-04T19:26:44.651Z - [32minfo[39m: Website generation (lazy) complete! Total build time: 1.491s
2026-08-04T19:26:44.663Z - [32minfo[39m: Serving "/Users/damithch/Repos/nus-cs2103/cs2103-website-base/_site" at http://127.0.0.1:8080
2026-08-04T19:26:44.663Z - [32minfo[39m: Press CTRL+C to stop ...
2026-08-04T19:27:04.018Z - [32minfo[39m: Website generation (lazy) started at 03:27:03
2026-08-04T19:27:04.390Z - [32minfo[39m: Building assets...
2026-08-04T19:27:04.754Z - [32minfo[39m: Assets built
2026-08-04T19:27:04.754Z - [32minfo[39m: Generating landing page...
2026-08-04T19:27:04.990Z - [36mverbose[39m: Rendering page: /Users/damithch/Repos/nus-cs2103/cs2103-website-base/index.md
2026-08-04T19:27:05.020Z - [32minfo[39m: Landing page built, other pages will be built as you navigate to them!
2026-08-04T19:27:05.116Z - [32minfo[39m: Site data built
2026-08-04T19:27:05.116Z - [32minfo[39m: Website generation (lazy) complete! Total build time: 1.216s
2026-08-04T19:27:05.127Z - [32minfo[39m: Serving "/Users/damithch/Repos/nus-cs2103/cs2103-website-base/_site" at http://127.0.0.1:8080
2026-08-04T19:27:05.127Z - [32minfo[39m: Press CTRL+C to stop ...
2026-08-04T19:27:38.608Z - [32minfo[39m: Building /Users/damithch/Repos/nus-cs2103/cs2103-website-base/schedule/week1/index as some of its dependencies were changed since the last visit
2026-08-04T19:27:38.921Z - [36mverbose[39m: Rendering page: /Users/damithch/Repos/nus-cs2103/cs2103-website-base/schedule/week1/index.md
2026-08-04T19:27:38.935Z - [32minfo[39m: Site data built
2026-08-04T19:27:38.935Z - [32minfo[39m: Lazy website regeneration complete! Total build time: 0.328s
2026-08-04T19:27:51.995Z - [32minfo[39m: Building /Users/damithch/Repos/nus-cs2103/cs2103-website-base/admin/tp-teams as some of its dependencies were changed since the last visit
2026-08-04T19:27:52.175Z - [36mverbose[39m: Rendering page: /Users/damithch/Repos/nus-cs2103/cs2103-website-base/admin/tp-teams.md
2026-08-04T19:27:52.197Z - [32minfo[39m: Site data built
2026-08-04T19:27:52.197Z - [32minfo[39m: Lazy website regeneration complete! Total build time: 0.203s
2026-08-04T19:29:06.692Z - [32minfo[39m: [03:29:06] Reload for file change: /Users/damithch/Repos/nus-cs2103/cs2103-website-base/admin/tp-teams.md
2026-08-04T19:29:06.702Z - [32minfo[39m: Synchronizing opened pages list before reload
2026-08-04T19:29:06.706Z - [32minfo[39m: Current opened pages, from most-to-least recent:
2026-08-04T19:29:06.706Z - [32minfo[39m: 1. admin/tp-teams
2026-08-04T19:29:07.720Z - [32minfo[39m: Rebuilding 1 pages
2026-08-04T19:29:07.895Z - [36mverbose[39m: Rendering page: /Users/damithch/Repos/nus-cs2103/cs2103-website-base/admin/tp-teams.md
2026-08-04T19:29:07.911Z - [32minfo[39m: Site data built
2026-08-04T19:29:07.911Z - [32minfo[39m: Pages rebuilt
2026-08-04T19:29:07.911Z - [32minfo[39m: Website regeneration complete! Total build time: 0.2s
2026-08-04T19:30:11.068Z - [32minfo[39m: [03:30:11] Reload for file change: /Users/damithch/Repos/nus-cs2103/cs2103-website-base/admin/tp-teams.md
2026-08-04T19:30:11.071Z - [32minfo[39m: Synchronizing opened pages list before reload
2026-08-04T19:30:11.072Z - [32minfo[39m: Current opened pages, from most-to-least recent:
2026-08-04T19:30:11.073Z - [32minfo[39m: 1. admin/tp-teams
2026-08-04T19:30:12.093Z - [32minfo[39m: Rebuilding 1 pages
2026-08-04T19:30:12.298Z - [36mverbose[39m: Rendering page: /Users/damithch/Repos/nus-cs2103/cs2103-website-base/admin/tp-teams.md
2026-08-04T19:30:12.317Z - [32minfo[39m: Site data built
2026-08-04T19:30:12.317Z - [32minfo[39m: Pages rebuilt
2026-08-04T19:30:12.317Z - [32minfo[39m: Website regeneration complete! Total build time: 0.24s
2026-08-04T19:41:42.119Z - [32minfo[39m: Website generation started at 03:41:41
2026-08-04T19:41:42.786Z - [32minfo[39m: Building assets...
2026-08-04T19:41:43.220Z - [32minfo[39m: Assets built
2026-08-04T19:41:43.220Z - [32minfo[39m: Generating pages...
2026-08-04T19:41:45.857Z - [36mverbose[39m: Rendering page: /Users/damithch/Repos/nus-cs2103/cs2103-website-base/admin/acknowledgements.md
2026-08-04T19:41:45.871Z - [36mverbose[39m: Rendering page: /Users/damithch/Repos/nus-cs2103/cs2103-website-base/admin/appendixA-principles.md
2026-08-04T19:41:45.884Z - [36mverbose[39m: Rendering page: /Users/damithch/Repos/nus-cs2103/cs2103-website-base/admin/appendixB-policies.md
2026-08-04T19:41:45.904Z - [36mverbose[39m: Rendering page: /Users/damithch/Repos/nus-cs2103/cs2103-website-base/admin/appendixC-faq.md
2026-08-04T19:41:51.642Z - [34mdebug[39m: 
2026-08-04T19:41:51.673Z - [34mdebug[39m: 
2026-08-04T19:41:54.240Z - [34mdebug[39m: 
2026-08-04T19:41:54.240Z - [34mdebug[39m: 
2026-08-04T19:41:54.240Z - [34mdebug[39m: 
2026-08-04T19:41:54.240Z - [34mdebug[39m: 
2026-08-04T19:41:54.241Z - [34mdebug[39m: 
2026-08-04T19:41:54.241Z - [34mdebug[39m: 
2026-08-04T19:41:54.241Z - [34mdebug[39m: 
2026-08-04T19:41:54.241Z - [34mdebug[39m: 
2026-08-04T19:41:54.241Z - [34mdebug[39m: 
2026-08-04T19:41:54.241Z - [34mdebug[39m: 
2026-08-04T19:41:54.241Z - [34mdebug[39m: 
2026-08-04T19:41:54.241Z - [34mdebug[39m: 
2026-08-04T19:41:54.241Z - [34mdebug[39m: 
2026-08-04T19:41:54.241Z - [34mdebug[39m: 
2026-08-04T19:41:54.241Z - [34mdebug[39m: 
2026-08-04T19:41:54.241Z - [34mdebug[39m: 
2026-08-04T19:41:54.241Z - [34mdebug[39m: 
2026-08-04T19:41:54.241Z - [34mdebug[39m: 
2026-08-04T19:41:54.241Z - [34mdebug[39m: 
2026-08-04T19:41:54.241Z - [34mdebug[39m: 
2026-08-04T19:41:54.241Z - [34mdebug[39m: 
2026-08-04T19:41:54.241Z - [34mdebug[39m: 
2026-08-04T19:41:54.241Z - [34mdebug[39m: 
2026-08-04T19:41:54.243Z - [36mverbose[39m: Rendering page: /Users/damithch/Repos/nus-cs2103/cs2103-website-base/se-book-adapted/print.md
2026-08-04T19:41:54.427Z - [36mverbose[39m: Rendering page: /Users/damithch/Repos/nus-cs2103/cs2103-website-base/index.md
2026-08-04T19:41:54.437Z - [36mverbose[39m: Rendering page: /Users/damithch/Repos/nus-cs2103/cs2103-website-base/book/uml/stereotypes/what/index.md
2026-08-04T19:41:54.449Z - [36mverbose[39m: Rendering page: /Users/damithch/Repos/nus-cs2103/cs2103-website-base/book/uml/stereotypes/index.md
2026-08-04T19:41:54.514Z - [36mverbose[39m: Rendering page: /Users/damithch/Repos/nus-cs2103/cs2103-website-base/book/uml/sequenceDiagrams/staticMethods/index.md
2026-08-04T19:41:54.521Z - [36mverbose[39m: Rendering page: /Users/damithch/Repos/nus-cs2103/cs2103-website-base/book/uml/sequenceDiagrams/referenceFrames/index.md
2026-08-04T19:41:54.527Z - [36mverbose[39m: Rendering page: /Users/damithch/Repos/nus-cs2103/cs2103-website-base/book/uml/sequenceDiagrams/selfInvocation/index.md
2026-08-04T19:41:54.532Z - [36mverbose[39m: Rendering page: /Users/damithch/Repos/nus-cs2103/cs2103-website-base/book/uml/sequenceDiagrams/parallelPaths/index.md
2026-08-04T19:41:54.589Z - [36mverbose[39m: Rendering page: /Users/damithch/Repos/nus-cs2103/cs2103-website-base/book/uml/sequenceDiagrams/optionalPaths/index.md
2026-08-04T19:41:54.595Z - [36mverbose[39m: Rendering page: /Users/damithch/Repos/nus-cs2103/cs2103-website-base/book/uml/sequenceDiagrams/objectDeletion/index.md
2026-08-04T19:41:54.601Z - [36mverbose[39m: Rendering page: /Users/damithch/Repos/nus-cs2103/cs2103-website-base/book/uml/sequenceDiagrams/objectCreation/index.md
2026-08-04T19:41:54.606Z - [36mverbose[39m: Rendering page: /Users/damithch/Repos/nus-cs2103/cs2103-website-base/book/uml/sequenceDiagrams/minimalNotation/index.md
2026-08-04T19:41:54.720Z - [36mverbose[39m: Rendering page: /Users/damithch/Repos/nus-cs2103/cs2103-website-base/book/uml/sequenceDiagrams/loops/index.md
2026-08-04T19:41:54.725Z - [36mverbose[39m: Rendering page: /Users/damithch/Repos/nus-cs2103/cs2103-website-base/book/uml/sequenceDiagrams/introduction/index.md
2026-08-04T19:41:54.733Z - [36mverbose[39m: Rendering page: /Users/damithch/Repos/nus-cs2103/cs2103-website-base/book/uml/sequenceDiagrams/index.md
2026-08-04T19:41:54.744Z - [36mverbose[39m: Rendering page: /Users/damithch/Repos/nus-cs2103/cs2103-website-base/book/uml/sequenceDiagrams/basic/index.md
2026-08-04T19:41:54.814Z - [36mverbose[39m: Rendering page: /Users/damithch/Repos/nus-cs2103/cs2103-website-base/book/uml/objectDiagrams/objects/index.md
2026-08-04T19:41:54.820Z - [36mverbose[39m: Rendering page: /Users/damithch/Repos/nus-cs2103/cs2103-website-base/book/uml/sequenceDiagrams/alternativePaths/index.md
2026-08-04T19:41:54.827Z - [36mverbose[39m: Rendering page: /Users/damithch/Repos/nus-cs2103/cs2103-website-base/book/uml/objectDiagrams/introduction/index.md
2026-08-04T19:41:54.832Z - [36mverbose[39m: Rendering page: /Users/damithch/Repos/nus-cs2103/cs2103-website-base/book/uml/objectDiagrams/index.md
2026-08-04T19:41:54.888Z - [36mverbose[39m: Rendering page: /Users/damithch/Repos/nus-cs2103/cs2103-website-base/book/uml/objectDiagrams/associations/index.md
2026-08-04T19:41:54.894Z - [36mverbose[39m: Rendering page: /Users/damithch/Repos/nus-cs2103/cs2103-website-base/book/uml/notes/notes/index.md
2026-08-04T19:41:54.899Z - [36mverbose[39m: Rendering page: /Users/damithch/Repos/nus-cs2103/cs2103-website-base/book/uml/notes/index.md
2026-08-04T19:41:56.596Z - [34mdebug[39m: 
2026-08-04T19:41:56.895Z - [34mdebug[39m: 
2026-08-04T19:41:56.911Z - [34mdebug[39m: 
2026-08-04T19:41:56.916Z - [34mdebug[39m: 
2026-08-04T19:41:56.941Z - [34mdebug[39m: 
2026-08-04T19:41:56.945Z - [34mdebug[39m: 
2026-08-04T19:41:57.034Z - [36mverbose[39m: Rendering page: /Users/damithch/Repos/nus-cs2103/cs2103-website-base/book/uml/notes/constraints/index.md
2026-08-04T19:41:57.040Z - [36mverbose[39m: Rendering page: /Users/damithch/Repos/nus-cs2103/cs2103-website-base/book/uml/miscellaneous/objectVsClassDiagrams/index.md
2026-08-04T19:41:57.046Z - [36mverbose[39m: Rendering page: /Users/damithch/Repos/nus-cs2103/cs2103-website-base/book/uml/miscellaneous/index.md
2026-08-04T19:41:57.052Z - [36mverbose[39m: Rendering page: /Users/damithch/Repos/nus-cs2103/cs2103-website-base/book/uml/index.md
2026-08-04T19:41:57.145Z - [36mverbose[39m: Rendering page: /Users/damithch/Repos/nus-cs2103/cs2103-website-base/book/uml/classDiagrams/introduction/index.md
2026-08-04T19:41:57.151Z - [36mverbose[39m: Rendering page: /Users/damithch/Repos/nus-cs2103/cs2103-website-base/book/uml/classDiagrams/introduction/what/index.md
2026-08-04T19:41:57.157Z - [36mverbose[39m: Rendering page: /Users/damithch/Repos/nus-cs2103/cs2103-website-base/book/uml/classDiagrams/interfaces/index.md
2026-08-04T19:41:57.162Z - [36mverbose[39m: Rendering page: /Users/damithch/Repos/nus-cs2103/cs2103-website-base/book/uml/classDiagrams/interfaces/what/index.md
2026-08-04T19:41:57.366Z - [36mverbose[39m: Rendering page: /Users/damithch/Repos/nus-cs2103/cs2103-website-base/book/uml/classDiagrams/index.md
2026-08-04T19:41:57.399Z - [36mverbose[39m: Rendering page: /Users/damithch/Repos/nus-cs2103/cs2103-website-base/book/uml/classDiagrams/enumerations/what/index.md
2026-08-04T19:41:57.415Z - [36mverbose[39m: Rendering page: /Users/damithch/Repos/nus-cs2103/cs2103-website-base/book/uml/classDiagrams/enumerations/index.md
2026-08-04T19:41:57.440Z - [36mverbose[39m: Rendering page: /Users/damithch/Repos/nus-cs2103/cs2103-website-base/book/uml/classDiagrams/dependencies/what/index.md
2026-08-04T19:41:57.568Z - [36mverbose[39m: Rendering page: /Users/damithch/Repos/nus-cs2103/cs2103-website-base/book/uml/classDiagrams/dependencies/index.md
2026-08-04T19:41:57.576Z - [36mverbose[39m: Rendering page: /Users/damithch/Repos/nus-cs2103/cs2103-website-base/book/uml/classDiagrams/composition/index.md
2026-08-04T19:41:57.581Z - [36mverbose[39m: Rendering page: /Users/damithch/Repos/nus-cs2103/cs2103-website-base/book/uml/classDiagrams/composition/what/index.md
2026-08-04T19:41:57.588Z - [36mverbose[39m: Rendering page: /Users/damithch/Repos/nus-cs2103/cs2103-website-base/book/uml/classDiagrams/combine/index.md
2026-08-04T19:41:57.781Z - [36mverbose[39m: Rendering page: /Users/damithch/Repos/nus-cs2103/cs2103-website-base/book/uml/classDiagrams/combine/basic/index.md
2026-08-04T19:41:57.791Z - [36mverbose[39m: Rendering page: /Users/damithch/Repos/nus-cs2103/cs2103-website-base/book/uml/classDiagrams/classes/index.md
2026-08-04T19:41:57.802Z - [36mverbose[39m: Rendering page: /Users/damithch/Repos/nus-cs2103/cs2103-website-base/book/uml/classDiagrams/classes/what/index.md
2026-08-04T19:41:57.817Z - [36mverbose[39m: Rendering page: /Users/damithch/Repos/nus-cs2103/cs2103-website-base/book/uml/classDiagrams/classLevelMembers/what/index.md
2026-08-04T19:41:57.883Z - [36mverbose[39m: Rendering page: /Users/damithch/Repos/nus-cs2103/cs2103-website-base/book/uml/classDiagrams/classLevelMembers/index.md
2026-08-04T19:41:57.889Z - [36mverbose[39m: Rendering page: /Users/damithch/Repos/nus-cs2103/cs2103-website-base/book/uml/classDiagrams/classInheritance/what/index.md
2026-08-04T19:41:57.896Z - [36mverbose[39m: Rendering page: /Users/damithch/Repos/nus-cs2103/cs2103-website-base/book/uml/classDiagrams/associationsAsAttributes/what/index.md
2026-08-04T19:41:57.901Z - [36mverbose[39m: Rendering page: /Users/damithch/Repos/nus-cs2103/cs2103-website-base/book/uml/classDiagrams/classInheritance/index.md
2026-08-04T19:41:58.001Z - [36mverbose[39m: Rendering page: /Users/damithch/Repos/nus-cs2103/cs2103-website-base/book/uml/classDiagrams/associationsAsAttributes/index.md
2026-08-04T19:41:58.007Z - [36mverbose[39m: Rendering page: /Users/damithch/Repos/nus-cs2103/cs2103-website-base/book/uml/classDiagrams/associations/what/index.md
2026-08-04T19:41:58.014Z - [36mverbose[39m: Rendering page: /Users/damithch/Repos/nus-cs2103/cs2103-website-base/book/uml/classDiagrams/associations/navigability/index.md
2026-08-04T19:41:58.021Z - [36mverbose[39m: Rendering page: /Users/damithch/Repos/nus-cs2103/cs2103-website-base/book/uml/classDiagrams/associations/roles/index.md
2026-08-04T19:41:58.113Z - [36mverbose[39m: Rendering page: /Users/damithch/Repos/nus-cs2103/cs2103-website-base/book/uml/classDiagrams/associations/multiplicity/index.md
2026-08-04T19:41:58.121Z - [36mverbose[39m: Rendering page: /Users/damithch/Repos/nus-cs2103/cs2103-website-base/book/uml/classDiagrams/associations/labels/index.md
2026-08-04T19:41:58.128Z - [36mverbose[39m: Rendering page: /Users/damithch/Repos/nus-cs2103/cs2103-website-base/book/uml/classDiagrams/associationClasses/what/index.md
2026-08-04T19:41:58.133Z - [36mverbose[39m: Rendering page: /Users/damithch/Repos/nus-cs2103/cs2103-website-base/book/uml/classDiagrams/associations/index.md
2026-08-04T19:41:58.201Z - [36mverbose[39m: Rendering page: /Users/damithch/Repos/nus-cs2103/cs2103-website-base/book/uml/classDiagrams/associationClasses/index.md
2026-08-04T19:41:58.206Z - [36mverbose[39m: Rendering page: /Users/damithch/Repos/nus-cs2103/cs2103-website-base/book/uml/classDiagrams/aggregation/what/index.md
2026-08-04T19:41:58.211Z - [36mverbose[39m: Rendering page: /Users/damithch/Repos/nus-cs2103/cs2103-website-base/book/uml/classDiagrams/abstractClasses/what/index.md
2026-08-04T19:41:58.216Z - [36mverbose[39m: Rendering page: /Users/damithch/Repos/nus-cs2103/cs2103-website-base/book/uml/classDiagrams/aggregation/index.md
2026-08-04T19:41:58.332Z - [36mverbose[39m: Rendering page: /Users/damithch/Repos/nus-cs2103/cs2103-website-base/book/uml/classDiagrams/abstractClasses/index.md
2026-08-04T19:41:58.341Z - [36mverbose[39m: Rendering page: /Users/damithch/Repos/nus-cs2103/cs2103-website-base/book/uml/activityDiagrams/introduction/what/index.md
2026-08-04T19:41:58.346Z - [36mverbose[39m: Rendering page: /Users/damithch/Repos/nus-cs2103/cs2103-website-base/book/uml/activityDiagrams/introduction/index.md
2026-08-04T19:41:58.352Z - [36mverbose[39m: Rendering page: /Users/damithch/Repos/nus-cs2103/cs2103-website-base/book/uml/activityDiagrams/index.md
2026-08-04T19:41:58.524Z - [36mverbose[39m: Rendering page: /Users/damithch/Repos/nus-cs2103/cs2103-website-base/book/uml/activityDiagrams/basicNotations/swimlanes/index.md
2026-08-04T19:41:58.532Z - [36mverbose[39m: Rendering page: /Users/damithch/Repos/nus-cs2103/cs2103-website-base/book/uml/activityDiagrams/basicNotations/rakes/index.md
2026-08-04T19:41:58.593Z - [36mverbose[39m: Rendering page: /Users/damithch/Repos/nus-cs2103/cs2103-website-base/book/uml/activityDiagrams/basicNotations/linearPaths/index.md
2026-08-04T19:41:58.600Z - [36mverbose[39m: Rendering page: /Users/damithch/Repos/nus-cs2103/cs2103-website-base/book/uml/activityDiagrams/basicNotations/parallelPaths/index.md
2026-08-04T19:41:58.693Z - [36mverbose[39m: Rendering page: /Users/damithch/Repos/nus-cs2103/cs2103-website-base/book/uml/activityDiagrams/basicNotations/index.md
2026-08-04T19:41:58.705Z - [36mverbose[39m: Rendering page: /Users/damithch/Repos/nus-cs2103/cs2103-website-base/book/uml/activityDiagrams/basicNotations/alternatePaths/index.md
2026-08-04T19:41:58.763Z - [36mverbose[39m: Rendering page: /Users/damithch/Repos/nus-cs2103/cs2103-website-base/book/testing/testingTypes/unitTesting/what/index.md
2026-08-04T19:41:58.771Z - [36mverbose[39m: Rendering page: /Users/damithch/Repos/nus-cs2103/cs2103-website-base/book/testing/testingTypes/unitTesting/stubs/index.md
2026-08-04T19:41:58.819Z - [36mverbose[39m: Rendering page: /Users/damithch/Repos/nus-cs2103/cs2103-website-base/book/testing/testingTypes/unitTesting/index.md
2026-08-04T19:41:58.893Z - [36mverbose[39m: Rendering page: /Users/damithch/Repos/nus-cs2103/cs2103-website-base/book/testing/testingTypes/systemTesting/what/index.md
2026-08-04T19:41:58.906Z - [36mverbose[39m: Rendering page: /Users/damithch/Repos/nus-cs2103/cs2103-website-base/book/testing/testingTypes/systemTesting/index.md
2026-08-04T19:41:58.917Z - [36mverbose[39m: Rendering page: /Users/damithch/Repos/nus-cs2103/cs2103-website-base/book/testing/testingTypes/regressionTesting/index.md
2026-08-04T19:41:58.923Z - [36mverbose[39m: Rendering page: /Users/damithch/Repos/nus-cs2103/cs2103-website-base/book/testing/testingTypes/regressionTesting/what/index.md
2026-08-04T19:41:59.110Z - [36mverbose[39m: Rendering page: /Users/damithch/Repos/nus-cs2103/cs2103-website-base/book/testing/testingTypes/integrationTesting/index.md
2026-08-04T19:41:59.116Z - [36mverbose[39m: Rendering page: /Users/damithch/Repos/nus-cs2103/cs2103-website-base/book/testing/testingTypes/integrationTesting/how/index.md
2026-08-04T19:41:59.121Z - [36mverbose[39m: Rendering page: /Users/damithch/Repos/nus-cs2103/cs2103-website-base/book/testing/testingTypes/integrationTesting/what/index.md
2026-08-04T19:41:59.127Z - [36mverbose[39m: Rendering page: /Users/damithch/Repos/nus-cs2103/cs2103-website-base/book/testing/testingTypes/index.md
2026-08-04T19:41:59.233Z - [36mverbose[39m: Rendering page: /Users/damithch/Repos/nus-cs2103/cs2103-website-base/book/testing/testingTypes/exploratoryVsScriptedTesting/index.md
2026-08-04T19:41:59.241Z - [36mverbose[39m: Rendering page: /Users/damithch/Repos/nus-cs2103/cs2103-website-base/book/testing/testingTypes/exploratoryVsScriptedTesting/what/index.md
2026-08-04T19:41:59.248Z - [36mverbose[39m: Rendering page: /Users/damithch/Repos/nus-cs2103/cs2103-website-base/book/testing/testingTypes/exploratoryVsScriptedTesting/when/index.md
2026-08-04T19:41:59.256Z - [36mverbose[39m: Rendering page: /Users/damithch/Repos/nus-cs2103/cs2103-website-base/book/testing/testingTypes/dogfooding/what/index.md
2026-08-04T19:41:59.351Z - [36mverbose[39m: Rendering page: /Users/damithch/Repos/nus-cs2103/cs2103-website-base/book/testing/testingTypes/dogfooding/index.md
2026-08-04T19:41:59.359Z - [36mverbose[39m: Rendering page: /Users/damithch/Repos/nus-cs2103/cs2103-website-base/book/testing/testingTypes/developerTesting/why/index.md
2026-08-04T19:41:59.365Z - [36mverbose[39m: Rendering page: /Users/damithch/Repos/nus-cs2103/cs2103-website-base/book/testing/testingTypes/developerTesting/index.md
2026-08-04T19:41:59.372Z - [36mverbose[39m: Rendering page: /Users/damithch/Repos/nus-cs2103/cs2103-website-base/book/testing/testingTypes/developerTesting/what/index.md
2026-08-04T19:41:59.445Z - [36mverbose[39m: Rendering page: /Users/damithch/Repos/nus-cs2103/cs2103-website-base/book/testing/testingTypes/alphaBetaTesting/index.md
2026-08-04T19:41:59.451Z - [36mverbose[39m: Rendering page: /Users/damithch/Repos/nus-cs2103/cs2103-website-base/book/testing/testingTypes/alphaBetaTesting/what/index.md
2026-08-04T19:41:59.457Z - [36mverbose[39m: Rendering page: /Users/damithch/Repos/nus-cs2103/cs2103-website-base/book/testing/testingTypes/acceptanceTesting/index.md
2026-08-04T19:41:59.462Z - [36mverbose[39m: Rendering page: /Users/damithch/Repos/nus-cs2103/cs2103-website-base/book/testing/testingTypes/acceptanceTesting/what/index.md
2026-08-04T19:41:59.548Z - [36mverbose[39m: Rendering page: /Users/damithch/Repos/nus-cs2103/cs2103-website-base/book/testing/testingTypes/acceptanceTesting/acceptanceVsSystemTesting/index.md
2026-08-04T19:41:59.554Z - [36mverbose[39m: Rendering page: /Users/damithch/Repos/nus-cs2103/cs2103-website-base/book/testing/testCoverage/what/index.md
2026-08-04T19:41:59.562Z - [36mverbose[39m: Rendering page: /Users/damithch/Repos/nus-cs2103/cs2103-website-base/book/testing/testCoverage/index.md
2026-08-04T19:41:59.585Z - [36mverbose[39m: Rendering page: /Users/damithch/Repos/nus-cs2103/cs2103-website-base/book/testing/testCoverage/how/index.md
2026-08-04T19:41:59.650Z - [36mverbose[39m: Rendering page: /Users/damithch/Repos/nus-cs2103/cs2103-website-base/book/testing/testAutomation/what/index.md
2026-08-04T19:41:59.656Z - [36mverbose[39m: Rendering page: /Users/damithch/Repos/nus-cs2103/cs2103-website-base/book/testing/testAutomation/tools/index.md
2026-08-04T19:41:59.662Z - [36mverbose[39m: Rendering page: /Users/damithch/Repos/nus-cs2103/cs2103-website-base/book/testing/testAutomation/usingTestDrivers/index.md
2026-08-04T19:41:59.687Z - [36mverbose[39m: Rendering page: /Users/damithch/Repos/nus-cs2103/cs2103-website-base/book/testing/testAutomation/testingTextUis/index.md
2026-08-04T19:41:59.782Z - [36mverbose[39m: Rendering page: /Users/damithch/Repos/nus-cs2103/cs2103-website-base/book/testing/testAutomation/testingGuis/index.md
2026-08-04T19:41:59.789Z - [36mverbose[39m: Rendering page: /Users/damithch/Repos/nus-cs2103/cs2103-website-base/book/testing/testAutomation/index.md
2026-08-04T19:41:59.814Z - [36mverbose[39m: Rendering page: /Users/damithch/Repos/nus-cs2103/cs2103-website-base/book/testing/tdd/index.md
2026-08-04T19:41:59.820Z - [36mverbose[39m: Rendering page: /Users/damithch/Repos/nus-cs2103/cs2103-website-base/book/testing/tdd/what/index.md
2026-08-04T19:41:59.882Z - [36mverbose[39m: Rendering page: /Users/damithch/Repos/nus-cs2103/cs2103-website-base/book/testing/tdd/how/index.md
2026-08-04T19:41:59.888Z - [36mverbose[39m: Rendering page: /Users/damithch/Repos/nus-cs2103/cs2103-website-base/book/testing/introduction/what/index.md
2026-08-04T19:41:59.893Z - [36mverbose[39m: Rendering page: /Users/damithch/Repos/nus-cs2103/cs2103-website-base/book/testing/introduction/index.md
2026-08-04T19:42:00.214Z - [36mverbose[39m: Rendering page: /Users/damithch/Repos/nus-cs2103/cs2103-website-base/book/testing/introduction/testability/index.md
2026-08-04T19:42:00.366Z - [36mverbose[39m: Rendering page: /Users/damithch/Repos/nus-cs2103/cs2103-website-base/book/testing/index.md
2026-08-04T19:42:00.403Z - [36mverbose[39m: Rendering page: /Users/damithch/Repos/nus-cs2103/cs2103-website-base/book/testing/dependencyInjection/what/index.md
2026-08-04T19:42:00.412Z - [36mverbose[39m: Rendering page: /Users/damithch/Repos/nus-cs2103/cs2103-website-base/book/testing/dependencyInjection/index.md
2026-08-04T19:42:00.477Z - [36mverbose[39m: Rendering page: /Users/damithch/Repos/nus-cs2103/cs2103-website-base/book/testing/dependencyInjection/how/index.md
2026-08-04T19:42:00.545Z - [36mverbose[39m: Rendering page: /Users/damithch/Repos/nus-cs2103/cs2103-website-base/book/testCaseDesign/summary/recap/index.md
2026-08-04T19:42:00.552Z - [36mverbose[39m: Rendering page: /Users/damithch/Repos/nus-cs2103/cs2103-website-base/book/testCaseDesign/summary/index.md
2026-08-04T19:42:00.560Z - [36mverbose[39m: Rendering page: /Users/damithch/Repos/nus-cs2103/cs2103-website-base/book/testCaseDesign/summary/exercises/index.md
2026-08-04T19:42:00.631Z - [36mverbose[39m: Rendering page: /Users/damithch/Repos/nus-cs2103/cs2103-website-base/book/testCaseDesign/more/testingUseCases/index.md
2026-08-04T19:42:00.637Z - [36mverbose[39m: Rendering page: /Users/damithch/Repos/nus-cs2103/cs2103-website-base/book/testCaseDesign/more/index.md
2026-08-04T19:42:00.643Z - [36mverbose[39m: Rendering page: /Users/damithch/Repos/nus-cs2103/cs2103-website-base/book/testCaseDesign/introduction/what/index.md
2026-08-04T19:42:00.649Z - [36mverbose[39m: Rendering page: /Users/damithch/Repos/nus-cs2103/cs2103-website-base/book/testCaseDesign/introduction/positiveVsNegative/index.md
2026-08-04T19:42:00.925Z - [36mverbose[39m: Rendering page: /Users/damithch/Repos/nus-cs2103/cs2103-website-base/book/testCaseDesign/introduction/index.md
2026-08-04T19:42:00.933Z - [36mverbose[39m: Rendering page: /Users/damithch/Repos/nus-cs2103/cs2103-website-base/book/testCaseDesign/introduction/blackVsGlass/index.md
2026-08-04T19:42:00.938Z - [36mverbose[39m: Rendering page: /Users/damithch/Repos/nus-cs2103/cs2103-website-base/book/testCaseDesign/index.md
2026-08-04T19:42:01.031Z - [36mverbose[39m: Rendering page: /Users/damithch/Repos/nus-cs2103/cs2103-website-base/book/testCaseDesign/equivalencePartitions/what/index.md
2026-08-04T19:42:01.136Z - [36mverbose[39m: Rendering page: /Users/damithch/Repos/nus-cs2103/cs2103-website-base/book/testCaseDesign/equivalencePartitions/intermediate/index.md
2026-08-04T19:42:01.143Z - [36mverbose[39m: Rendering page: /Users/damithch/Repos/nus-cs2103/cs2103-website-base/book/testCaseDesign/equivalencePartitions/index.md
2026-08-04T19:42:01.154Z - [36mverbose[39m: Rendering page: /Users/damithch/Repos/nus-cs2103/cs2103-website-base/book/testCaseDesign/equivalencePartitions/basic/index.md
2026-08-04T19:42:01.196Z - [36mverbose[39m: Rendering page: /Users/damithch/Repos/nus-cs2103/cs2103-website-base/book/testCaseDesign/combiningTestInputs/why/index.md
2026-08-04T19:42:01.311Z - [36mverbose[39m: Rendering page: /Users/damithch/Repos/nus-cs2103/cs2103-website-base/book/testCaseDesign/combiningTestInputs/mix/index.md
2026-08-04T19:42:01.318Z - [36mverbose[39m: Rendering page: /Users/damithch/Repos/nus-cs2103/cs2103-website-base/book/testCaseDesign/combiningTestInputs/index.md
2026-08-04T19:42:01.332Z - [36mverbose[39m: Rendering page: /Users/damithch/Repos/nus-cs2103/cs2103-website-base/book/testCaseDesign/combiningTestInputs/heuristicValid/index.md
2026-08-04T19:42:01.363Z - [36mverbose[39m: Rendering page: /Users/damithch/Repos/nus-cs2103/cs2103-website-base/book/testCaseDesign/combiningTestInputs/heuristicInvalid/index.md
2026-08-04T19:42:01.409Z - [36mverbose[39m: Rendering page: /Users/damithch/Repos/nus-cs2103/cs2103-website-base/book/testCaseDesign/combiningTestInputs/combinationStrategies/index.md
2026-08-04T19:42:01.432Z - [36mverbose[39m: Rendering page: /Users/damithch/Repos/nus-cs2103/cs2103-website-base/book/testCaseDesign/boundaryValueAnalysis/index.md
2026-08-04T19:42:01.440Z - [36mverbose[39m: Rendering page: /Users/damithch/Repos/nus-cs2103/cs2103-website-base/book/testCaseDesign/boundaryValueAnalysis/what/index.md
2026-08-04T19:42:01.462Z - [36mverbose[39m: Rendering page: /Users/damithch/Repos/nus-cs2103/cs2103-website-base/book/testCaseDesign/boundaryValueAnalysis/how/index.md
2026-08-04T19:42:01.520Z - [36mverbose[39m: Rendering page: /Users/damithch/Repos/nus-cs2103/cs2103-website-base/book/teamwork/teamStructures/index.md
2026-08-04T19:42:01.560Z - [36mverbose[39m: Rendering page: /Users/damithch/Repos/nus-cs2103/cs2103-website-base/book/teamwork/index.md
2026-08-04T19:42:01.566Z - [36mverbose[39m: Rendering page: /Users/damithch/Repos/nus-cs2103/cs2103-website-base/book/specifyingRequirements/userStories/usage/index.md
2026-08-04T19:42:01.665Z - [36mverbose[39m: Rendering page: /Users/damithch/Repos/nus-cs2103/cs2103-website-base/book/specifyingRequirements/userStories/introduction/index.md
2026-08-04T19:42:01.712Z - [36mverbose[39m: Rendering page: /Users/damithch/Repos/nus-cs2103/cs2103-website-base/book/specifyingRequirements/userStories/index.md
2026-08-04T19:42:01.746Z - [36mverbose[39m: Rendering page: /Users/damithch/Repos/nus-cs2103/cs2103-website-base/book/specifyingRequirements/userStories/details/index.md
2026-08-04T19:42:01.752Z - [36mverbose[39m: Rendering page: /Users/damithch/Repos/nus-cs2103/cs2103-website-base/book/specifyingRequirements/useCases/usage/index.md
2026-08-04T19:42:01.832Z - [36mverbose[39m: Rendering page: /Users/damithch/Repos/nus-cs2103/cs2103-website-base/book/specifyingRequirements/useCases/introduction/index.md
2026-08-04T19:42:01.894Z - [36mverbose[39m: Rendering page: /Users/damithch/Repos/nus-cs2103/cs2103-website-base/book/specifyingRequirements/useCases/index.md
2026-08-04T19:42:01.928Z - [36mverbose[39m: Rendering page: /Users/damithch/Repos/nus-cs2103/cs2103-website-base/book/specifyingRequirements/useCases/details/index.md
2026-08-04T19:42:01.935Z - [36mverbose[39m: Rendering page: /Users/damithch/Repos/nus-cs2103/cs2103-website-base/book/specifyingRequirements/useCases/identifying/index.md
2026-08-04T19:42:01.976Z - [36mverbose[39m: Rendering page: /Users/damithch/Repos/nus-cs2103/cs2103-website-base/book/specifyingRequirements/supplementaryRequirements/what/index.md
2026-08-04T19:42:01.996Z - [36mverbose[39m: Rendering page: /Users/damithch/Repos/nus-cs2103/cs2103-website-base/book/specifyingRequirements/supplementaryRequirements/index.md
2026-08-04T19:42:02.300Z - [36mverbose[39m: Rendering page: /Users/damithch/Repos/nus-cs2103/cs2103-website-base/book/specifyingRequirements/prose/what/index.md
2026-08-04T19:42:02.307Z - [36mverbose[39m: Rendering page: /Users/damithch/Repos/nus-cs2103/cs2103-website-base/book/specifyingRequirements/prose/index.md
2026-08-04T19:42:02.320Z - [36mverbose[39m: Rendering page: /Users/damithch/Repos/nus-cs2103/cs2103-website-base/book/specifyingRequirements/index.md
2026-08-04T19:42:02.525Z - [36mverbose[39m: Rendering page: /Users/damithch/Repos/nus-cs2103/cs2103-website-base/book/specifyingRequirements/glossary/what/index.md
2026-08-04T19:42:02.632Z - [36mverbose[39m: Rendering page: /Users/damithch/Repos/nus-cs2103/cs2103-website-base/book/specifyingRequirements/glossary/index.md
2026-08-04T19:42:02.719Z - [36mverbose[39m: Rendering page: /Users/damithch/Repos/nus-cs2103/cs2103-website-base/book/specifyingRequirements/featureList/what/index.md
2026-08-04T19:42:02.726Z - [36mverbose[39m: Rendering page: /Users/damithch/Repos/nus-cs2103/cs2103-website-base/book/specifyingRequirements/featureList/index.md
2026-08-04T19:42:02.847Z - [36mverbose[39m: Rendering page: /Users/damithch/Repos/nus-cs2103/cs2103-website-base/book/softwareEngineering/introduction/index.md
2026-08-04T19:42:02.871Z - [36mverbose[39m: Rendering page: /Users/damithch/Repos/nus-cs2103/cs2103-website-base/book/softwareEngineering/introduction/prosAndCons/index.md
2026-08-04T19:42:02.881Z - [36mverbose[39m: Rendering page: /Users/damithch/Repos/nus-cs2103/cs2103-website-base/book/softwareEngineering/index.md
2026-08-04T19:42:02.893Z - [36mverbose[39m: Rendering page: /Users/damithch/Repos/nus-cs2103/cs2103-website-base/book/security/wrapUp/index.md
2026-08-04T19:42:03.260Z - [36mverbose[39m: Rendering page: /Users/damithch/Repos/nus-cs2103/cs2103-website-base/book/security/why/index.md
2026-08-04T19:42:03.283Z - [36mverbose[39m: Rendering page: /Users/damithch/Repos/nus-cs2103/cs2103-website-base/book/security/when/index.md
2026-08-04T19:42:03.299Z - [36mverbose[39m: Rendering page: /Users/damithch/Repos/nus-cs2103/cs2103-website-base/book/security/what/index.md
2026-08-04T19:42:03.317Z - [36mverbose[39m: Rendering page: /Users/damithch/Repos/nus-cs2103/cs2103-website-base/book/security/index.md
2026-08-04T19:42:03.531Z - [36mverbose[39m: Rendering page: /Users/damithch/Repos/nus-cs2103/cs2103-website-base/book/security/how/index.md
2026-08-04T19:42:03.544Z - [36mverbose[39m: Rendering page: /Users/damithch/Repos/nus-cs2103/cs2103-website-base/book/security/ai/index.md
2026-08-04T19:42:03.551Z - [36mverbose[39m: Rendering page: /Users/damithch/Repos/nus-cs2103/cs2103-website-base/book/reuse/platforms/index.md
2026-08-04T19:42:03.575Z - [36mverbose[39m: Rendering page: /Users/damithch/Repos/nus-cs2103/cs2103-website-base/book/reuse/platforms/what/index.md
2026-08-04T19:42:03.626Z - [36mverbose[39m: Rendering page: /Users/damithch/Repos/nus-cs2103/cs2103-website-base/book/reuse/libraries/index.md
2026-08-04T19:42:03.721Z - [36mverbose[39m: Rendering page: /Users/damithch/Repos/nus-cs2103/cs2103-website-base/book/reuse/libraries/what/index.md
2026-08-04T19:42:03.729Z - [36mverbose[39m: Rendering page: /Users/damithch/Repos/nus-cs2103/cs2103-website-base/book/reuse/libraries/how/index.md
2026-08-04T19:42:03.768Z - [36mverbose[39m: Rendering page: /Users/damithch/Repos/nus-cs2103/cs2103-website-base/book/reuse/introduction/when/index.md
2026-08-04T19:42:03.877Z - [36mverbose[39m: Rendering page: /Users/damithch/Repos/nus-cs2103/cs2103-website-base/book/reuse/introduction/index.md
2026-08-04T19:42:03.883Z - [36mverbose[39m: Rendering page: /Users/damithch/Repos/nus-cs2103/cs2103-website-base/book/reuse/introduction/what/index.md
2026-08-04T19:42:03.908Z - [36mverbose[39m: Rendering page: /Users/damithch/Repos/nus-cs2103/cs2103-website-base/book/reuse/index.md
2026-08-04T19:42:03.981Z - [36mverbose[39m: Rendering page: /Users/damithch/Repos/nus-cs2103/cs2103-website-base/book/reuse/frameworks/what/index.md
2026-08-04T19:42:03.988Z - [36mverbose[39m: Rendering page: /Users/damithch/Repos/nus-cs2103/cs2103-website-base/book/reuse/frameworks/index.md
2026-08-04T19:42:03.995Z - [36mverbose[39m: Rendering page: /Users/damithch/Repos/nus-cs2103/cs2103-website-base/book/reuse/frameworks/frameworksVsLibraries/index.md
2026-08-04T19:42:04.033Z - [36mverbose[39m: Rendering page: /Users/damithch/Repos/nus-cs2103/cs2103-website-base/book/reuse/cloudComputing/what/index.md
2026-08-04T19:42:04.125Z - [36mverbose[39m: Rendering page: /Users/damithch/Repos/nus-cs2103/cs2103-website-base/book/reuse/cloudComputing/services/index.md
2026-08-04T19:42:04.133Z - [36mverbose[39m: Rendering page: /Users/damithch/Repos/nus-cs2103/cs2103-website-base/book/reuse/cloudComputing/index.md
2026-08-04T19:42:04.142Z - [36mverbose[39m: Rendering page: /Users/damithch/Repos/nus-cs2103/cs2103-website-base/book/reuse/apis/what/index.md
2026-08-04T19:42:04.177Z - [36mverbose[39m: Rendering page: /Users/damithch/Repos/nus-cs2103/cs2103-website-base/book/reuse/apis/index.md
2026-08-04T19:42:04.228Z - [36mverbose[39m: Rendering page: /Users/damithch/Repos/nus-cs2103/cs2103-website-base/book/reuse/apis/designingAPIs/index.md
2026-08-04T19:42:04.257Z - [36mverbose[39m: Rendering page: /Users/damithch/Repos/nus-cs2103/cs2103-website-base/book/requirements/quality/index.md
2026-08-04T19:42:04.263Z - [36mverbose[39m: Rendering page: /Users/damithch/Repos/nus-cs2103/cs2103-website-base/book/requirements/prioritizing/index.md
2026-08-04T19:42:04.294Z - [36mverbose[39m: Rendering page: /Users/damithch/Repos/nus-cs2103/cs2103-website-base/book/requirements/nonFunctionalRequirements/index.md
2026-08-04T19:42:04.373Z - [36mverbose[39m: Rendering page: /Users/damithch/Repos/nus-cs2103/cs2103-website-base/book/requirements/introduction/index.md
2026-08-04T19:42:04.418Z - [36mverbose[39m: Rendering page: /Users/damithch/Repos/nus-cs2103/cs2103-website-base/book/requirements/index.md
2026-08-04T19:42:04.427Z - [36mverbose[39m: Rendering page: /Users/damithch/Repos/nus-cs2103/cs2103-website-base/book/refactoring/when/index.md
2026-08-04T19:42:04.489Z - [36mverbose[39m: Rendering page: /Users/damithch/Repos/nus-cs2103/cs2103-website-base/book/refactoring/what/index.md
2026-08-04T19:42:04.530Z - [36mverbose[39m: Rendering page: /Users/damithch/Repos/nus-cs2103/cs2103-website-base/book/refactoring/index.md
2026-08-04T19:42:04.561Z - [36mverbose[39m: Rendering page: /Users/damithch/Repos/nus-cs2103/cs2103-website-base/book/refactoring/how/index.md
2026-08-04T19:42:04.581Z - [36mverbose[39m: Rendering page: /Users/damithch/Repos/nus-cs2103/cs2103-website-base/book/qualityAssurance/staticAnalysis/index.md
2026-08-04T19:42:04.588Z - [36mverbose[39m: Rendering page: /Users/damithch/Repos/nus-cs2103/cs2103-website-base/book/qualityAssurance/staticAnalysis/what/index.md
2026-08-04T19:42:04.636Z - [36mverbose[39m: Rendering page: /Users/damithch/Repos/nus-cs2103/cs2103-website-base/book/qualityAssurance/introduction/what/index.md
2026-08-04T19:42:04.692Z - [36mverbose[39m: Rendering page: /Users/damithch/Repos/nus-cs2103/cs2103-website-base/book/qualityAssurance/introduction/validationVsVerification/index.md
2026-08-04T19:42:04.714Z - [36mverbose[39m: Rendering page: /Users/damithch/Repos/nus-cs2103/cs2103-website-base/book/qualityAssurance/introduction/index.md
2026-08-04T19:42:04.721Z - [36mverbose[39m: Rendering page: /Users/damithch/Repos/nus-cs2103/cs2103-website-base/book/qualityAssurance/index.md
2026-08-04T19:42:04.788Z - [36mverbose[39m: Rendering page: /Users/damithch/Repos/nus-cs2103/cs2103-website-base/book/qualityAssurance/formalVerification/what/index.md
2026-08-04T19:42:04.794Z - [36mverbose[39m: Rendering page: /Users/damithch/Repos/nus-cs2103/cs2103-website-base/book/qualityAssurance/formalVerification/index.md
2026-08-04T19:42:04.825Z - [36mverbose[39m: Rendering page: /Users/damithch/Repos/nus-cs2103/cs2103-website-base/book/qualityAssurance/codeReviews/what/index.md
2026-08-04T19:42:04.845Z - [36mverbose[39m: Rendering page: /Users/damithch/Repos/nus-cs2103/cs2103-website-base/book/qualityAssurance/codeReviews/index.md
2026-08-04T19:42:04.867Z - [36mverbose[39m: Rendering page: /Users/damithch/Repos/nus-cs2103/cs2103-website-base/book/projectPlanning/pertCharts/index.md
2026-08-04T19:42:04.873Z - [36mverbose[39m: Rendering page: /Users/damithch/Repos/nus-cs2103/cs2103-website-base/book/projectPlanning/workBreakdownStructure/index.md
2026-08-04T19:42:04.933Z - [36mverbose[39m: Rendering page: /Users/damithch/Repos/nus-cs2103/cs2103-website-base/book/projectPlanning/milestones/index.md
2026-08-04T19:42:04.952Z - [36mverbose[39m: Rendering page: /Users/damithch/Repos/nus-cs2103/cs2103-website-base/book/projectPlanning/issueTrackers/index.md
2026-08-04T19:42:04.973Z - [36mverbose[39m: Rendering page: /Users/damithch/Repos/nus-cs2103/cs2103-website-base/book/projectPlanning/index.md
2026-08-04T19:42:05.009Z - [36mverbose[39m: Rendering page: /Users/damithch/Repos/nus-cs2103/cs2103-website-base/book/projectPlanning/ganttCharts/index.md
2026-08-04T19:42:05.015Z - [36mverbose[39m: Rendering page: /Users/damithch/Repos/nus-cs2103/cs2103-website-base/book/projectPlanning/buffers/index.md
2026-08-04T19:42:05.073Z - [36mverbose[39m: Rendering page: /Users/damithch/Repos/nus-cs2103/cs2103-website-base/book/processModels/summary/index.md
2026-08-04T19:42:05.080Z - [36mverbose[39m: Rendering page: /Users/damithch/Repos/nus-cs2103/cs2103-website-base/book/processModels/summary/recap/index.md
2026-08-04T19:42:05.087Z - [36mverbose[39m: Rendering page: /Users/damithch/Repos/nus-cs2103/cs2103-website-base/book/processModels/more/index.md
2026-08-04T19:42:05.093Z - [36mverbose[39m: Rendering page: /Users/damithch/Repos/nus-cs2103/cs2103-website-base/book/processModels/more/cmmi/index.md
2026-08-04T19:42:05.170Z - [36mverbose[39m: Rendering page: /Users/damithch/Repos/nus-cs2103/cs2103-website-base/book/processModels/introduction/sequentialModels/index.md
2026-08-04T19:42:05.175Z - [36mverbose[39m: Rendering page: /Users/damithch/Repos/nus-cs2103/cs2103-website-base/book/processModels/introduction/what/index.md
2026-08-04T19:42:05.179Z - [36mverbose[39m: Rendering page: /Users/damithch/Repos/nus-cs2103/cs2103-website-base/book/processModels/introduction/iterativeModels/index.md
2026-08-04T19:42:05.186Z - [36mverbose[39m: Rendering page: /Users/damithch/Repos/nus-cs2103/cs2103-website-base/book/processModels/introduction/index.md
2026-08-04T19:42:05.310Z - [36mverbose[39m: Rendering page: /Users/damithch/Repos/nus-cs2103/cs2103-website-base/book/processModels/index.md
2026-08-04T19:42:05.323Z - [36mverbose[39m: Rendering page: /Users/damithch/Repos/nus-cs2103/cs2103-website-base/book/processModels/introduction/agileModels/index.md
2026-08-04T19:42:05.329Z - [36mverbose[39m: Rendering page: /Users/damithch/Repos/nus-cs2103/cs2103-website-base/book/processModels/exampleProcessModels/xp/index.md
2026-08-04T19:42:05.334Z - [36mverbose[39m: Rendering page: /Users/damithch/Repos/nus-cs2103/cs2103-website-base/book/processModels/exampleProcessModels/unifiedProcess/index.md
2026-08-04T19:42:05.469Z - [36mverbose[39m: Rendering page: /Users/damithch/Repos/nus-cs2103/cs2103-website-base/book/processModels/exampleProcessModels/scrum/index.md
2026-08-04T19:42:05.474Z - [36mverbose[39m: Rendering page: /Users/damithch/Repos/nus-cs2103/cs2103-website-base/book/processModels/exampleProcessModels/index.md
2026-08-04T19:42:05.480Z - [36mverbose[39m: Rendering page: /Users/damithch/Repos/nus-cs2103/cs2103-website-base/book/principles/yagniPrinciple/index.md
2026-08-04T19:42:05.485Z - [36mverbose[39m: Rendering page: /Users/damithch/Repos/nus-cs2103/cs2103-website-base/book/principles/solidPrinciples/index.md
2026-08-04T19:42:05.624Z - [36mverbose[39m: Rendering page: /Users/damithch/Repos/nus-cs2103/cs2103-website-base/book/principles/singleResponsibilityPrinciple/index.md
2026-08-04T19:42:05.648Z - [36mverbose[39m: Rendering page: /Users/damithch/Repos/nus-cs2103/cs2103-website-base/book/principles/openClosedPrinciple/index.md
2026-08-04T19:42:05.656Z - [36mverbose[39m: Rendering page: /Users/damithch/Repos/nus-cs2103/cs2103-website-base/book/principles/separationOfConcernsPrinciple/index.md
2026-08-04T19:42:05.694Z - [36mverbose[39m: Rendering page: /Users/damithch/Repos/nus-cs2103/cs2103-website-base/book/principles/review/index.md
2026-08-04T19:42:05.744Z - [36mverbose[39m: Rendering page: /Users/damithch/Repos/nus-cs2103/cs2103-website-base/book/principles/liskovSubstitutionPrinciple/index.md
2026-08-04T19:42:05.956Z - [36mverbose[39m: Rendering page: /Users/damithch/Repos/nus-cs2103/cs2103-website-base/book/principles/interfaceSegregationPrinciple/index.md
2026-08-04T19:42:05.993Z - [36mverbose[39m: Rendering page: /Users/damithch/Repos/nus-cs2103/cs2103-website-base/book/principles/lawOfDemeter/index.md
2026-08-04T19:42:06.000Z - [36mverbose[39m: Rendering page: /Users/damithch/Repos/nus-cs2103/cs2103-website-base/book/principles/index.md
2026-08-04T19:42:06.055Z - [36mverbose[39m: Rendering page: /Users/damithch/Repos/nus-cs2103/cs2103-website-base/book/principles/dryPrinciple/index.md
2026-08-04T19:42:06.076Z - [36mverbose[39m: Rendering page: /Users/damithch/Repos/nus-cs2103/cs2103-website-base/book/principles/dependencyInversionPrinciple/index.md
2026-08-04T19:42:06.106Z - [36mverbose[39m: Rendering page: /Users/damithch/Repos/nus-cs2103/cs2103-website-base/book/principles/brooksLaw/index.md
2026-08-04T19:42:06.126Z - [36mverbose[39m: Rendering page: /Users/damithch/Repos/nus-cs2103/cs2103-website-base/book/oop/polymorphism/what/index.md
2026-08-04T19:42:06.134Z - [36mverbose[39m: Rendering page: /Users/damithch/Repos/nus-cs2103/cs2103-website-base/book/oop/polymorphism/index.md
2026-08-04T19:42:06.211Z - [36mverbose[39m: Rendering page: /Users/damithch/Repos/nus-cs2103/cs2103-website-base/book/oop/polymorphism/how/index.md
2026-08-04T19:42:06.234Z - [36mverbose[39m: Rendering page: /Users/damithch/Repos/nus-cs2103/cs2103-website-base/book/oop/objects/what/index.md
2026-08-04T19:42:06.241Z - [36mverbose[39m: Rendering page: /Users/damithch/Repos/nus-cs2103/cs2103-website-base/book/oop/objects/index.md
2026-08-04T19:42:06.283Z - [36mverbose[39m: Rendering page: /Users/damithch/Repos/nus-cs2103/cs2103-website-base/book/oop/objects/encapsulation/index.md
2026-08-04T19:42:06.302Z - [36mverbose[39m: Rendering page: /Users/damithch/Repos/nus-cs2103/cs2103-website-base/book/oop/objects/abstraction/index.md
2026-08-04T19:42:06.328Z - [36mverbose[39m: Rendering page: /Users/damithch/Repos/nus-cs2103/cs2103-website-base/book/oop/more/review/index.md
2026-08-04T19:42:06.353Z - [36mverbose[39m: Rendering page: /Users/damithch/Repos/nus-cs2103/cs2103-website-base/book/oop/more/miscellaneous/index.md
2026-08-04T19:42:06.358Z - [36mverbose[39m: Rendering page: /Users/damithch/Repos/nus-cs2103/cs2103-website-base/book/oop/more/index.md
2026-08-04T19:42:06.423Z - [36mverbose[39m: Rendering page: /Users/damithch/Repos/nus-cs2103/cs2103-website-base/book/oop/introduction/what/index.md
2026-08-04T19:42:06.430Z - [36mverbose[39m: Rendering page: /Users/damithch/Repos/nus-cs2103/cs2103-website-base/book/oop/introduction/index.md
2026-08-04T19:42:06.436Z - [36mverbose[39m: Rendering page: /Users/damithch/Repos/nus-cs2103/cs2103-website-base/book/oop/inheritance/what/index.md
2026-08-04T19:42:06.469Z - [36mverbose[39m: Rendering page: /Users/damithch/Repos/nus-cs2103/cs2103-website-base/book/oop/inheritance/substitutability/index.md
2026-08-04T19:42:06.504Z - [36mverbose[39m: Rendering page: /Users/damithch/Repos/nus-cs2103/cs2103-website-base/book/oop/inheritance/overriding/index.md
2026-08-04T19:42:06.608Z - [36mverbose[39m: Rendering page: /Users/damithch/Repos/nus-cs2103/cs2103-website-base/book/oop/inheritance/overloading/index.md
2026-08-04T19:42:06.657Z - [36mverbose[39m: Rendering page: /Users/damithch/Repos/nus-cs2103/cs2103-website-base/book/oop/inheritance/interfaces/index.md
2026-08-04T19:42:06.662Z - [36mverbose[39m: Rendering page: /Users/damithch/Repos/nus-cs2103/cs2103-website-base/book/oop/inheritance/index.md
2026-08-04T19:42:07.012Z - [36mverbose[39m: Rendering page: /Users/damithch/Repos/nus-cs2103/cs2103-website-base/book/oop/inheritance/dynamicAndStaticBinding/index.md
2026-08-04T19:42:07.020Z - [36mverbose[39m: Rendering page: /Users/damithch/Repos/nus-cs2103/cs2103-website-base/book/oop/inheritance/abstractClasses/index.md
2026-08-04T19:42:07.060Z - [36mverbose[39m: Rendering page: /Users/damithch/Repos/nus-cs2103/cs2103-website-base/book/oop/index.md
2026-08-04T19:42:07.092Z - [36mverbose[39m: Rendering page: /Users/damithch/Repos/nus-cs2103/cs2103-website-base/book/oop/classes/what/index.md
2026-08-04T19:42:07.132Z - [36mverbose[39m: Rendering page: /Users/damithch/Repos/nus-cs2103/cs2103-website-base/book/oop/classes/index.md
2026-08-04T19:42:07.155Z - [36mverbose[39m: Rendering page: /Users/damithch/Repos/nus-cs2103/cs2103-website-base/book/oop/classes/enumerations/index.md
2026-08-04T19:42:07.181Z - [36mverbose[39m: Rendering page: /Users/damithch/Repos/nus-cs2103/cs2103-website-base/book/oop/classes/classLevelMembers/index.md
2026-08-04T19:42:07.187Z - [36mverbose[39m: Rendering page: /Users/damithch/Repos/nus-cs2103/cs2103-website-base/book/oop/associations/what/index.md
2026-08-04T19:42:07.304Z - [36mverbose[39m: Rendering page: /Users/damithch/Repos/nus-cs2103/cs2103-website-base/book/oop/associations/navigability/index.md
2026-08-04T19:42:07.313Z - [36mverbose[39m: Rendering page: /Users/damithch/Repos/nus-cs2103/cs2103-website-base/book/oop/associations/multiplicity/index.md
2026-08-04T19:42:07.319Z - [36mverbose[39m: Rendering page: /Users/damithch/Repos/nus-cs2103/cs2103-website-base/book/oop/associations/dependencies/index.md
2026-08-04T19:42:07.345Z - [36mverbose[39m: Rendering page: /Users/damithch/Repos/nus-cs2103/cs2103-website-base/book/oop/associations/index.md
2026-08-04T19:42:07.377Z - [36mverbose[39m: Rendering page: /Users/damithch/Repos/nus-cs2103/cs2103-website-base/book/oop/associations/composition/index.md
2026-08-04T19:42:07.428Z - [36mverbose[39m: Rendering page: /Users/damithch/Repos/nus-cs2103/cs2103-website-base/book/oop/associations/associationClasses/index.md
2026-08-04T19:42:07.433Z - [36mverbose[39m: Rendering page: /Users/damithch/Repos/nus-cs2103/cs2103-website-base/book/modeling/modelingStructures/packageDiagrams/index.md
2026-08-04T19:42:07.440Z - [36mverbose[39m: Rendering page: /Users/damithch/Repos/nus-cs2103/cs2103-website-base/book/oop/associations/aggregation/index.md
2026-08-04T19:42:07.446Z - [36mverbose[39m: Rendering page: /Users/damithch/Repos/nus-cs2103/cs2103-website-base/book/modeling/modelingStructures/ooStructures/index.md
2026-08-04T19:42:08.765Z - [34mdebug[39m: 
2026-08-04T19:42:08.777Z - [36mverbose[39m: Rendering page: /Users/damithch/Repos/nus-cs2103/cs2103-website-base/book/modeling/modelingStructures/objectOrientedDomainModels/index.md
2026-08-04T19:42:08.784Z - [36mverbose[39m: Rendering page: /Users/damithch/Repos/nus-cs2103/cs2103-website-base/book/modeling/modelingStructures/objectDiagrams/index.md
2026-08-04T19:42:08.793Z - [36mverbose[39m: Rendering page: /Users/damithch/Repos/nus-cs2103/cs2103-website-base/book/modeling/modelingStructures/index.md
2026-08-04T19:42:08.820Z - [36mverbose[39m: Rendering page: /Users/damithch/Repos/nus-cs2103/cs2103-website-base/book/modeling/modelingStructures/deploymentDiagrams/index.md
2026-08-04T19:42:08.936Z - [36mverbose[39m: Rendering page: /Users/damithch/Repos/nus-cs2103/cs2103-website-base/book/modeling/modelingStructures/componentDiagrams/index.md
2026-08-04T19:42:08.952Z - [36mverbose[39m: Rendering page: /Users/damithch/Repos/nus-cs2103/cs2103-website-base/book/modeling/modelingStructures/customisingUml/index.md
2026-08-04T19:42:08.961Z - [36mverbose[39m: Rendering page: /Users/damithch/Repos/nus-cs2103/cs2103-website-base/book/modeling/modelingStructures/compositeStructureDiagrams/index.md
2026-08-04T19:42:08.975Z - [36mverbose[39m: Rendering page: /Users/damithch/Repos/nus-cs2103/cs2103-website-base/book/modeling/modelingStructures/classDiagramsIntermediate/index.md
2026-08-04T19:42:09.113Z - [36mverbose[39m: Rendering page: /Users/damithch/Repos/nus-cs2103/cs2103-website-base/book/modeling/modelingStructures/classDiagramsBasic/index.md
2026-08-04T19:42:09.127Z - [36mverbose[39m: Rendering page: /Users/damithch/Repos/nus-cs2103/cs2103-website-base/book/modeling/modelingStructures/classDiagramsAdvanced/index.md
2026-08-04T19:42:09.137Z - [36mverbose[39m: Rendering page: /Users/damithch/Repos/nus-cs2103/cs2103-website-base/book/modeling/modelingStructures/addingMoreInfo/index.md
2026-08-04T19:42:09.143Z - [36mverbose[39m: Rendering page: /Users/damithch/Repos/nus-cs2103/cs2103-website-base/book/modeling/modelingBehaviors/useCaseDiagrams/index.md
2026-08-04T19:42:09.252Z - [36mverbose[39m: Rendering page: /Users/damithch/Repos/nus-cs2103/cs2103-website-base/book/modeling/modelingBehaviors/timingDiagrams/index.md
2026-08-04T19:42:09.260Z - [36mverbose[39m: Rendering page: /Users/damithch/Repos/nus-cs2103/cs2103-website-base/book/modeling/modelingBehaviors/stateMachineDiagrams/index.md
2026-08-04T19:42:09.267Z - [36mverbose[39m: Rendering page: /Users/damithch/Repos/nus-cs2103/cs2103-website-base/book/modeling/modelingBehaviors/sequenceDiagramsBasic/index.md
2026-08-04T19:42:09.275Z - [36mverbose[39m: Rendering page: /Users/damithch/Repos/nus-cs2103/cs2103-website-base/book/modeling/modelingBehaviors/sequenceDiagramsIntermediate/index.md
2026-08-04T19:42:09.448Z - [36mverbose[39m: Rendering page: /Users/damithch/Repos/nus-cs2103/cs2103-website-base/book/modeling/modelingBehaviors/sequenceDiagramsAdvanced/index.md
2026-08-04T19:42:09.456Z - [36mverbose[39m: Rendering page: /Users/damithch/Repos/nus-cs2103/cs2103-website-base/book/modeling/modelingBehaviors/interactionOverviewDiagrams/index.md
2026-08-04T19:42:09.461Z - [36mverbose[39m: Rendering page: /Users/damithch/Repos/nus-cs2103/cs2103-website-base/book/modeling/modelingBehaviors/communicationDiagrams/index.md
2026-08-04T19:42:09.467Z - [36mverbose[39m: Rendering page: /Users/damithch/Repos/nus-cs2103/cs2103-website-base/book/modeling/modelingBehaviors/index.md
2026-08-04T19:42:09.583Z - [36mverbose[39m: Rendering page: /Users/damithch/Repos/nus-cs2103/cs2103-website-base/book/modeling/modelingBehaviors/activityDiagrams/index.md
2026-08-04T19:42:09.591Z - [36mverbose[39m: Rendering page: /Users/damithch/Repos/nus-cs2103/cs2103-website-base/book/modeling/modelingBehaviors/activityDiagramsIntermediate/index.md
2026-08-04T19:42:09.597Z - [36mverbose[39m: Rendering page: /Users/damithch/Repos/nus-cs2103/cs2103-website-base/book/modeling/modelingASolution/introduction/index.md
2026-08-04T19:42:09.607Z - [36mverbose[39m: Rendering page: /Users/damithch/Repos/nus-cs2103/cs2103-website-base/book/modeling/modelingASolution/intermediate/index.md
2026-08-04T19:42:09.795Z - [36mverbose[39m: Rendering page: /Users/damithch/Repos/nus-cs2103/cs2103-website-base/book/modeling/modelingASolution/basic/index.md
2026-08-04T19:42:09.803Z - [36mverbose[39m: Rendering page: /Users/damithch/Repos/nus-cs2103/cs2103-website-base/book/modeling/modelingASolution/index.md
2026-08-04T19:42:09.820Z - [36mverbose[39m: Rendering page: /Users/damithch/Repos/nus-cs2103/cs2103-website-base/book/modeling/introduction/what/index.md
2026-08-04T19:42:09.826Z - [36mverbose[39m: Rendering page: /Users/damithch/Repos/nus-cs2103/cs2103-website-base/book/modeling/introduction/umlModels/index.md
2026-08-04T19:42:10.273Z - [36mverbose[39m: Rendering page: /Users/damithch/Repos/nus-cs2103/cs2103-website-base/book/modeling/introduction/index.md
2026-08-04T19:42:10.282Z - [36mverbose[39m: Rendering page: /Users/damithch/Repos/nus-cs2103/cs2103-website-base/book/modeling/introduction/how/index.md
2026-08-04T19:42:10.288Z - [36mverbose[39m: Rendering page: /Users/damithch/Repos/nus-cs2103/cs2103-website-base/book/modeling/index.md
2026-08-04T19:42:10.330Z - [36mverbose[39m: Rendering page: /Users/damithch/Repos/nus-cs2103/cs2103-website-base/book/intellij/refactoring/index.md
2026-08-04T19:42:10.400Z - [36mverbose[39m: Rendering page: /Users/damithch/Repos/nus-cs2103/cs2103-website-base/book/intellij/projectSetup/index.md
2026-08-04T19:42:10.409Z - [36mverbose[39m: Rendering page: /Users/damithch/Repos/nus-cs2103/cs2103-website-base/book/intellij/index.md
2026-08-04T19:42:10.434Z - [36mverbose[39m: Rendering page: /Users/damithch/Repos/nus-cs2103/cs2103-website-base/book/intellij/productivityShortcuts/index.md
2026-08-04T19:42:10.443Z - [36mverbose[39m: Rendering page: /Users/damithch/Repos/nus-cs2103/cs2103-website-base/book/intellij/debuggingBasic/index.md
2026-08-04T19:42:10.509Z - [36mverbose[39m: Rendering page: /Users/damithch/Repos/nus-cs2103/cs2103-website-base/book/intellij/codeNavigation/index.md
2026-08-04T19:42:10.556Z - [36mverbose[39m: Rendering page: /Users/damithch/Repos/nus-cs2103/cs2103-website-base/book/integration/introduction/what/index.md
2026-08-04T19:42:10.562Z - [36mverbose[39m: Rendering page: /Users/damithch/Repos/nus-cs2103/cs2103-website-base/book/integration/more/index.md
2026-08-04T19:42:10.567Z - [36mverbose[39m: Rendering page: /Users/damithch/Repos/nus-cs2103/cs2103-website-base/book/integration/introduction/index.md
2026-08-04T19:42:10.635Z - [36mverbose[39m: Rendering page: /Users/damithch/Repos/nus-cs2103/cs2103-website-base/book/integration/more/review/index.md
2026-08-04T19:42:10.685Z - [36mverbose[39m: Rendering page: /Users/damithch/Repos/nus-cs2103/cs2103-website-base/book/integration/index.md
2026-08-04T19:42:10.696Z - [36mverbose[39m: Rendering page: /Users/damithch/Repos/nus-cs2103/cs2103-website-base/book/integration/buildAutomation/index.md
2026-08-04T19:42:10.702Z - [36mverbose[39m: Rendering page: /Users/damithch/Repos/nus-cs2103/cs2103-website-base/book/integration/buildAutomation/what/index.md
2026-08-04T19:42:10.730Z - [36mverbose[39m: Rendering page: /Users/damithch/Repos/nus-cs2103/cs2103-website-base/book/integration/buildAutomation/continuousIntegrationDeployment/index.md
2026-08-04T19:42:10.779Z - [36mverbose[39m: Rendering page: /Users/damithch/Repos/nus-cs2103/cs2103-website-base/book/integration/approaches/topDownVsBottomUp/index.md
2026-08-04T19:42:10.801Z - [36mverbose[39m: Rendering page: /Users/damithch/Repos/nus-cs2103/cs2103-website-base/book/integration/approaches/lateVsEarly/index.md
2026-08-04T19:42:10.806Z - [36mverbose[39m: Rendering page: /Users/damithch/Repos/nus-cs2103/cs2103-website-base/book/integration/approaches/index.md
2026-08-04T19:42:10.832Z - [36mverbose[39m: Rendering page: /Users/damithch/Repos/nus-cs2103/cs2103-website-base/book/integration/approaches/bigBangVsIncremental/index.md
2026-08-04T19:42:10.871Z - [36mverbose[39m: Rendering page: /Users/damithch/Repos/nus-cs2103/cs2103-website-base/book/index.md
2026-08-04T19:42:10.902Z - [36mverbose[39m: Rendering page: /Users/damithch/Repos/nus-cs2103/cs2103-website-base/book/ides/introduction/index.md
2026-08-04T19:42:10.919Z - [36mverbose[39m: Rendering page: /Users/damithch/Repos/nus-cs2103/cs2103-website-base/book/ides/index.md
2026-08-04T19:42:10.927Z - [36mverbose[39m: Rendering page: /Users/damithch/Repos/nus-cs2103/cs2103-website-base/book/ides/introduction/what/index.md
2026-08-04T19:42:10.967Z - [36mverbose[39m: Rendering page: /Users/damithch/Repos/nus-cs2103/cs2103-website-base/book/ides/debugging/what/index.md
2026-08-04T19:42:10.972Z - [36mverbose[39m: Rendering page: /Users/damithch/Repos/nus-cs2103/cs2103-website-base/book/ides/debugging/index.md
2026-08-04T19:42:10.979Z - [36mverbose[39m: Rendering page: /Users/damithch/Repos/nus-cs2103/cs2103-website-base/book/gitAndGithub/trail/workingWithRemotes/index.md
2026-08-04T19:42:10.983Z - [36mverbose[39m: Rendering page: /Users/damithch/Repos/nus-cs2103/cs2103-website-base/book/gitAndGithub/trail/usingRevisionHistory/index.md
2026-08-04T19:42:11.034Z - [36mverbose[39m: Rendering page: /Users/damithch/Repos/nus-cs2103/cs2103-website-base/book/gitAndGithub/trail/syncingBranches/index.md
2026-08-04T19:42:11.041Z - [36mverbose[39m: Rendering page: /Users/damithch/Repos/nus-cs2103/cs2103-website-base/book/gitAndGithub/trail/remoteBranches/index.md
2026-08-04T19:42:11.045Z - [36mverbose[39m: Rendering page: /Users/damithch/Repos/nus-cs2103/cs2103-website-base/book/gitAndGithub/trail/index.md
2026-08-04T19:42:11.050Z - [36mverbose[39m: Rendering page: /Users/damithch/Repos/nus-cs2103/cs2103-website-base/book/gitAndGithub/trail/recordingFolderHistory/index.md
2026-08-04T19:42:11.103Z - [36mverbose[39m: Rendering page: /Users/damithch/Repos/nus-cs2103/cs2103-website-base/book/gitAndGithub/trail/fineTuningHistory/index.md
2026-08-04T19:42:11.108Z - [36mverbose[39m: Rendering page: /Users/damithch/Repos/nus-cs2103/cs2103-website-base/book/gitAndGithub/trail/branchingLocally/index.md
2026-08-04T19:42:11.113Z - [36mverbose[39m: Rendering page: /Users/damithch/Repos/nus-cs2103/cs2103-website-base/book/gitAndGithub/trail/backingUpOnCloud/index.md
2026-08-04T19:42:11.117Z - [36mverbose[39m: Rendering page: /Users/damithch/Repos/nus-cs2103/cs2103-website-base/book/gitAndGithub/reviewPRs/index.md
2026-08-04T19:42:11.180Z - [36mverbose[39m: Rendering page: /Users/damithch/Repos/nus-cs2103/cs2103-website-base/book/gitAndGithub/managePRs/index.md
2026-08-04T19:42:11.185Z - [36mverbose[39m: Rendering page: /Users/damithch/Repos/nus-cs2103/cs2103-website-base/book/gitAndGithub/index.md
2026-08-04T19:42:11.189Z - [36mverbose[39m: Rendering page: /Users/damithch/Repos/nus-cs2103/cs2103-website-base/book/gitAndGithub/forkingWorkflow/index.md
2026-08-04T19:42:11.196Z - [36mverbose[39m: Rendering page: /Users/damithch/Repos/nus-cs2103/cs2103-website-base/book/gitAndGithub/createPRs/index.md
2026-08-04T19:42:11.254Z - [36mverbose[39m: Rendering page: /Users/damithch/Repos/nus-cs2103/cs2103-website-base/book/gatheringRequirements/prototyping/index.md
2026-08-04T19:42:11.260Z - [36mverbose[39m: Rendering page: /Users/damithch/Repos/nus-cs2103/cs2103-website-base/book/gatheringRequirements/userSurveys/index.md
2026-08-04T19:42:11.265Z - [36mverbose[39m: Rendering page: /Users/damithch/Repos/nus-cs2103/cs2103-website-base/book/gatheringRequirements/productSurveys/index.md
2026-08-04T19:42:11.287Z - [36mverbose[39m: Rendering page: /Users/damithch/Repos/nus-cs2103/cs2103-website-base/book/gatheringRequirements/observation/index.md
2026-08-04T19:42:11.378Z - [36mverbose[39m: Rendering page: /Users/damithch/Repos/nus-cs2103/cs2103-website-base/book/gatheringRequirements/index.md
2026-08-04T19:42:11.385Z - [36mverbose[39m: Rendering page: /Users/damithch/Repos/nus-cs2103/cs2103-website-base/book/gatheringRequirements/interviews/index.md
2026-08-04T19:42:11.392Z - [36mverbose[39m: Rendering page: /Users/damithch/Repos/nus-cs2103/cs2103-website-base/book/gatheringRequirements/focusGroups/index.md
2026-08-04T19:42:11.413Z - [36mverbose[39m: Rendering page: /Users/damithch/Repos/nus-cs2103/cs2103-website-base/book/gatheringRequirements/brainstorming/index.md
2026-08-04T19:42:11.478Z - [36mverbose[39m: Rendering page: /Users/damithch/Repos/nus-cs2103/cs2103-website-base/book/errorHandling/logging/what/index.md
2026-08-04T19:42:11.484Z - [36mverbose[39m: Rendering page: /Users/damithch/Repos/nus-cs2103/cs2103-website-base/book/errorHandling/logging/index.md
2026-08-04T19:42:11.494Z - [36mverbose[39m: Rendering page: /Users/damithch/Repos/nus-cs2103/cs2103-website-base/book/errorHandling/logging/how/index.md
2026-08-04T19:42:11.731Z - [36mverbose[39m: Rendering page: /Users/damithch/Repos/nus-cs2103/cs2103-website-base/book/errorHandling/introduction/what/index.md
2026-08-04T19:42:11.736Z - [36mverbose[39m: Rendering page: /Users/damithch/Repos/nus-cs2103/cs2103-website-base/book/errorHandling/introduction/index.md
2026-08-04T19:42:11.743Z - [36mverbose[39m: Rendering page: /Users/damithch/Repos/nus-cs2103/cs2103-website-base/book/errorHandling/exceptions/when/index.md
2026-08-04T19:42:11.771Z - [36mverbose[39m: Rendering page: /Users/damithch/Repos/nus-cs2103/cs2103-website-base/book/errorHandling/index.md
2026-08-04T19:42:11.864Z - [36mverbose[39m: Rendering page: /Users/damithch/Repos/nus-cs2103/cs2103-website-base/book/errorHandling/exceptions/what/index.md
2026-08-04T19:42:11.869Z - [36mverbose[39m: Rendering page: /Users/damithch/Repos/nus-cs2103/cs2103-website-base/book/errorHandling/exceptions/index.md
2026-08-04T19:42:11.877Z - [36mverbose[39m: Rendering page: /Users/damithch/Repos/nus-cs2103/cs2103-website-base/book/errorHandling/exceptions/how/index.md
2026-08-04T19:42:11.938Z - [36mverbose[39m: Rendering page: /Users/damithch/Repos/nus-cs2103/cs2103-website-base/book/errorHandling/designByContract/what/index.md
2026-08-04T19:42:11.943Z - [36mverbose[39m: Rendering page: /Users/damithch/Repos/nus-cs2103/cs2103-website-base/book/errorHandling/designByContract/index.md
2026-08-04T19:42:11.949Z - [36mverbose[39m: Rendering page: /Users/damithch/Repos/nus-cs2103/cs2103-website-base/book/errorHandling/defensiveProgramming/when/index.md
2026-08-04T19:42:12.118Z - [36mverbose[39m: Rendering page: /Users/damithch/Repos/nus-cs2103/cs2103-website-base/book/errorHandling/defensiveProgramming/what/index.md
2026-08-04T19:42:12.179Z - [36mverbose[39m: Rendering page: /Users/damithch/Repos/nus-cs2103/cs2103-website-base/book/errorHandling/defensiveProgramming/referentialIntegrity/index.md
2026-08-04T19:42:12.189Z - [36mverbose[39m: Rendering page: /Users/damithch/Repos/nus-cs2103/cs2103-website-base/book/errorHandling/defensiveProgramming/index.md
2026-08-04T19:42:12.207Z - [36mverbose[39m: Rendering page: /Users/damithch/Repos/nus-cs2103/cs2103-website-base/book/errorHandling/defensiveProgramming/compulsoryAssociations/index.md
2026-08-04T19:42:12.272Z - [36mverbose[39m: Rendering page: /Users/damithch/Repos/nus-cs2103/cs2103-website-base/book/errorHandling/defensiveProgramming/1to1Associations/index.md
2026-08-04T19:42:12.313Z - [36mverbose[39m: Rendering page: /Users/damithch/Repos/nus-cs2103/cs2103-website-base/book/errorHandling/assertions/what/index.md
2026-08-04T19:42:12.319Z - [36mverbose[39m: Rendering page: /Users/damithch/Repos/nus-cs2103/cs2103-website-base/book/errorHandling/assertions/when/index.md
2026-08-04T19:42:12.341Z - [36mverbose[39m: Rendering page: /Users/damithch/Repos/nus-cs2103/cs2103-website-base/book/errorHandling/assertions/index.md
2026-08-04T19:42:12.378Z - [36mverbose[39m: Rendering page: /Users/damithch/Repos/nus-cs2103/cs2103-website-base/book/errorHandling/assertions/how/index.md
2026-08-04T19:42:12.398Z - [36mverbose[39m: Rendering page: /Users/damithch/Repos/nus-cs2103/cs2103-website-base/book/documentation/tools/markdown/index.md
2026-08-04T19:42:12.404Z - [36mverbose[39m: Rendering page: /Users/damithch/Repos/nus-cs2103/cs2103-website-base/book/documentation/tools/markdown/what/index.md
2026-08-04T19:42:12.453Z - [36mverbose[39m: Rendering page: /Users/damithch/Repos/nus-cs2103/cs2103-website-base/book/documentation/tools/markdown/how/index.md
2026-08-04T19:42:12.477Z - [36mverbose[39m: Rendering page: /Users/damithch/Repos/nus-cs2103/cs2103-website-base/book/documentation/tools/javaDoc/what/index.md
2026-08-04T19:42:12.528Z - [36mverbose[39m: Rendering page: /Users/damithch/Repos/nus-cs2103/cs2103-website-base/book/documentation/tools/javaDoc/index.md
2026-08-04T19:42:12.547Z - [36mverbose[39m: Rendering page: /Users/damithch/Repos/nus-cs2103/cs2103-website-base/book/documentation/tools/javaDoc/how/index.md
2026-08-04T19:42:12.554Z - [36mverbose[39m: Rendering page: /Users/damithch/Repos/nus-cs2103/cs2103-website-base/book/documentation/tools/index.md
2026-08-04T19:42:12.621Z - [36mverbose[39m: Rendering page: /Users/damithch/Repos/nus-cs2103/cs2103-website-base/book/documentation/tools/asciiDoc/what/index.md
2026-08-04T19:42:12.627Z - [36mverbose[39m: Rendering page: /Users/damithch/Repos/nus-cs2103/cs2103-website-base/book/documentation/tools/asciiDoc/index.md
2026-08-04T19:42:12.758Z - [36mverbose[39m: Rendering page: /Users/damithch/Repos/nus-cs2103/cs2103-website-base/book/documentation/introduction/index.md
2026-08-04T19:42:12.765Z - [36mverbose[39m: Rendering page: /Users/damithch/Repos/nus-cs2103/cs2103-website-base/book/documentation/introduction/what/index.md
2026-08-04T19:42:12.782Z - [36mverbose[39m: Rendering page: /Users/damithch/Repos/nus-cs2103/cs2103-website-base/book/documentation/index.md
2026-08-04T19:42:12.796Z - [36mverbose[39m: Rendering page: /Users/damithch/Repos/nus-cs2103/cs2103-website-base/book/documentation/guidelines/index.md
2026-08-04T19:42:12.851Z - [36mverbose[39m: Rendering page: /Users/damithch/Repos/nus-cs2103/cs2103-website-base/book/documentation/guidelines/goTopDown/why/index.md
2026-08-04T19:42:12.856Z - [36mverbose[39m: Rendering page: /Users/damithch/Repos/nus-cs2103/cs2103-website-base/book/documentation/guidelines/goTopDown/what/index.md
2026-08-04T19:42:12.862Z - [36mverbose[39m: Rendering page: /Users/damithch/Repos/nus-cs2103/cs2103-website-base/book/documentation/guidelines/goTopDown/index.md
2026-08-04T19:42:12.868Z - [36mverbose[39m: Rendering page: /Users/damithch/Repos/nus-cs2103/cs2103-website-base/book/documentation/guidelines/goTopDown/how/index.md
2026-08-04T19:42:12.924Z - [36mverbose[39m: Rendering page: /Users/damithch/Repos/nus-cs2103/cs2103-website-base/book/documentation/guidelines/documentMinimally/index.md
2026-08-04T19:42:12.929Z - [36mverbose[39m: Rendering page: /Users/damithch/Repos/nus-cs2103/cs2103-website-base/book/documentation/guidelines/documentMinimally/how/index.md
2026-08-04T19:42:12.934Z - [36mverbose[39m: Rendering page: /Users/damithch/Repos/nus-cs2103/cs2103-website-base/book/documentation/guidelines/documentMinimally/what/index.md
2026-08-04T19:42:12.973Z - [36mverbose[39m: Rendering page: /Users/damithch/Repos/nus-cs2103/cs2103-website-base/book/documentation/guidelines/aimForComprehensibility/what/index.md
2026-08-04T19:42:12.995Z - [36mverbose[39m: Rendering page: /Users/damithch/Repos/nus-cs2103/cs2103-website-base/book/documentation/guidelines/aimForComprehensibility/index.md
2026-08-04T19:42:13.002Z - [36mverbose[39m: Rendering page: /Users/damithch/Repos/nus-cs2103/cs2103-website-base/book/documentation/guidelines/aimForComprehensibility/how/index.md
2026-08-04T19:42:13.035Z - [36mverbose[39m: Rendering page: /Users/damithch/Repos/nus-cs2103/cs2103-website-base/book/designPatterns/singleton/what/index.md
2026-08-04T19:42:13.099Z - [36mverbose[39m: Rendering page: /Users/damithch/Repos/nus-cs2103/cs2103-website-base/book/designPatterns/singleton/index.md
2026-08-04T19:42:13.107Z - [36mverbose[39m: Rendering page: /Users/damithch/Repos/nus-cs2103/cs2103-website-base/book/designPatterns/singleton/implementation/index.md
2026-08-04T19:42:13.115Z - [36mverbose[39m: Rendering page: /Users/damithch/Repos/nus-cs2103/cs2103-website-base/book/designPatterns/singleton/evaluation/index.md
2026-08-04T19:42:13.153Z - [36mverbose[39m: Rendering page: /Users/damithch/Repos/nus-cs2103/cs2103-website-base/book/designPatterns/observer/what/index.md
2026-08-04T19:42:13.195Z - [36mverbose[39m: Rendering page: /Users/damithch/Repos/nus-cs2103/cs2103-website-base/book/designPatterns/observer/index.md
2026-08-04T19:42:13.221Z - [36mverbose[39m: Rendering page: /Users/damithch/Repos/nus-cs2103/cs2103-website-base/book/designPatterns/more/usingDesignPatterns/index.md
2026-08-04T19:42:13.240Z - [36mverbose[39m: Rendering page: /Users/damithch/Repos/nus-cs2103/cs2103-website-base/book/designPatterns/more/vsPrinciples/index.md
2026-08-04T19:42:13.247Z - [36mverbose[39m: Rendering page: /Users/damithch/Repos/nus-cs2103/cs2103-website-base/book/designPatterns/more/otherTypesOfPatterns/index.md
2026-08-04T19:42:13.297Z - [36mverbose[39m: Rendering page: /Users/damithch/Repos/nus-cs2103/cs2103-website-base/book/designPatterns/more/otherDesignPatterns/index.md
2026-08-04T19:42:13.317Z - [36mverbose[39m: Rendering page: /Users/damithch/Repos/nus-cs2103/cs2103-website-base/book/designPatterns/more/combiningDesignPatterns/index.md
2026-08-04T19:42:13.323Z - [36mverbose[39m: Rendering page: /Users/damithch/Repos/nus-cs2103/cs2103-website-base/book/designPatterns/more/index.md
2026-08-04T19:42:13.351Z - [36mverbose[39m: Rendering page: /Users/damithch/Repos/nus-cs2103/cs2103-website-base/book/designPatterns/modelViewController/what/index.md
2026-08-04T19:42:13.405Z - [36mverbose[39m: Rendering page: /Users/damithch/Repos/nus-cs2103/cs2103-website-base/book/designPatterns/modelViewController/index.md
2026-08-04T19:42:13.426Z - [36mverbose[39m: Rendering page: /Users/damithch/Repos/nus-cs2103/cs2103-website-base/book/designPatterns/introduction/index.md
2026-08-04T19:42:13.568Z - [36mverbose[39m: Rendering page: /Users/damithch/Repos/nus-cs2103/cs2103-website-base/book/designPatterns/introduction/what/index.md
2026-08-04T19:42:13.595Z - [36mverbose[39m: Rendering page: /Users/damithch/Repos/nus-cs2103/cs2103-website-base/book/designPatterns/introduction/format/index.md
2026-08-04T19:42:13.618Z - [36mverbose[39m: Rendering page: /Users/damithch/Repos/nus-cs2103/cs2103-website-base/book/designPatterns/index.md
2026-08-04T19:42:13.638Z - [36mverbose[39m: Rendering page: /Users/damithch/Repos/nus-cs2103/cs2103-website-base/book/designPatterns/facade/what/index.md
2026-08-04T19:42:13.661Z - [36mverbose[39m: Rendering page: /Users/damithch/Repos/nus-cs2103/cs2103-website-base/book/designPatterns/facade/index.md
2026-08-04T19:42:13.685Z - [36mverbose[39m: Rendering page: /Users/damithch/Repos/nus-cs2103/cs2103-website-base/book/designPatterns/command/what/index.md
2026-08-04T19:42:13.714Z - [36mverbose[39m: Rendering page: /Users/damithch/Repos/nus-cs2103/cs2103-website-base/book/designPatterns/command/index.md
2026-08-04T19:42:13.815Z - [36mverbose[39m: Rendering page: /Users/damithch/Repos/nus-cs2103/cs2103-website-base/book/designPatterns/abstractionOccurrence/what/index.md
2026-08-04T19:42:13.843Z - [36mverbose[39m: Rendering page: /Users/damithch/Repos/nus-cs2103/cs2103-website-base/book/designPatterns/abstractionOccurrence/index.md
2026-08-04T19:42:13.866Z - [36mverbose[39m: Rendering page: /Users/damithch/Repos/nus-cs2103/cs2103-website-base/book/designFundamentals/index.md
2026-08-04T19:42:13.876Z - [36mverbose[39m: Rendering page: /Users/damithch/Repos/nus-cs2103/cs2103-website-base/book/designFundamentals/coupling/what/index.md
2026-08-04T19:42:13.943Z - [36mverbose[39m: Rendering page: /Users/damithch/Repos/nus-cs2103/cs2103-website-base/book/designFundamentals/coupling/types/index.md
2026-08-04T19:42:13.961Z - [36mverbose[39m: Rendering page: /Users/damithch/Repos/nus-cs2103/cs2103-website-base/book/designFundamentals/coupling/index.md
2026-08-04T19:42:13.970Z - [36mverbose[39m: Rendering page: /Users/damithch/Repos/nus-cs2103/cs2103-website-base/book/designFundamentals/coupling/how/index.md
2026-08-04T19:42:14.020Z - [36mverbose[39m: Rendering page: /Users/damithch/Repos/nus-cs2103/cs2103-website-base/book/designFundamentals/cohesion/what/index.md
2026-08-04T19:42:14.044Z - [36mverbose[39m: Rendering page: /Users/damithch/Repos/nus-cs2103/cs2103-website-base/book/designFundamentals/cohesion/index.md
2026-08-04T19:42:14.052Z - [36mverbose[39m: Rendering page: /Users/damithch/Repos/nus-cs2103/cs2103-website-base/book/designFundamentals/cohesion/how/index.md
2026-08-04T19:42:14.110Z - [36mverbose[39m: Rendering page: /Users/damithch/Repos/nus-cs2103/cs2103-website-base/book/designFundamentals/abstraction/what/index.md
2026-08-04T19:42:14.115Z - [36mverbose[39m: Rendering page: /Users/damithch/Repos/nus-cs2103/cs2103-website-base/book/designFundamentals/abstraction/index.md
2026-08-04T19:42:14.153Z - [36mverbose[39m: Rendering page: /Users/damithch/Repos/nus-cs2103/cs2103-website-base/book/designApproaches/topDownBottomUp/index.md
2026-08-04T19:42:14.159Z - [36mverbose[39m: Rendering page: /Users/damithch/Repos/nus-cs2103/cs2103-website-base/book/designApproaches/topDownBottomUp/what/index.md
2026-08-04T19:42:14.199Z - [36mverbose[39m: Rendering page: /Users/damithch/Repos/nus-cs2103/cs2103-website-base/book/designApproaches/multilevelDesign/index.md
2026-08-04T19:42:14.237Z - [36mverbose[39m: Rendering page: /Users/damithch/Repos/nus-cs2103/cs2103-website-base/book/designApproaches/multilevelDesign/what/index.md
2026-08-04T19:42:14.242Z - [36mverbose[39m: Rendering page: /Users/damithch/Repos/nus-cs2103/cs2103-website-base/book/designApproaches/index.md
2026-08-04T19:42:14.253Z - [36mverbose[39m: Rendering page: /Users/damithch/Repos/nus-cs2103/cs2103-website-base/book/designApproaches/agileDesign/what/index.md
2026-08-04T19:42:14.285Z - [36mverbose[39m: Rendering page: /Users/damithch/Repos/nus-cs2103/cs2103-website-base/book/designApproaches/agileDesign/index.md
2026-08-04T19:42:14.334Z - [36mverbose[39m: Rendering page: /Users/damithch/Repos/nus-cs2103/cs2103-website-base/book/design/introduction/index.md
2026-08-04T19:42:14.339Z - [36mverbose[39m: Rendering page: /Users/damithch/Repos/nus-cs2103/cs2103-website-base/book/design/index.md
2026-08-04T19:42:14.347Z - [36mverbose[39m: Rendering page: /Users/damithch/Repos/nus-cs2103/cs2103-website-base/book/design/introduction/what/index.md
2026-08-04T19:42:14.446Z - [36mverbose[39m: Rendering page: /Users/damithch/Repos/nus-cs2103/cs2103-website-base/book/debugging/what/index.md
2026-08-04T19:42:14.499Z - [36mverbose[39m: Rendering page: /Users/damithch/Repos/nus-cs2103/cs2103-website-base/book/debugging/index.md
2026-08-04T19:42:14.510Z - [36mverbose[39m: Rendering page: /Users/damithch/Repos/nus-cs2103/cs2103-website-base/book/debugging/tools/index.md
2026-08-04T19:42:14.519Z - [36mverbose[39m: Rendering page: /Users/damithch/Repos/nus-cs2103/cs2103-website-base/book/debugging/how/index.md
2026-08-04T19:42:14.541Z - [36mverbose[39m: Rendering page: /Users/damithch/Repos/nus-cs2103/cs2103-website-base/book/debugging/fixing/index.md
2026-08-04T19:42:14.664Z - [36mverbose[39m: Rendering page: /Users/damithch/Repos/nus-cs2103/cs2103-website-base/book/debugging/advanced/index.md
2026-08-04T19:42:14.800Z - [36mverbose[39m: Rendering page: /Users/damithch/Repos/nus-cs2103/cs2103-website-base/book/cppToJava/usefulClasses/wrapperClasses/index.md
2026-08-04T19:42:14.809Z - [36mverbose[39m: Rendering page: /Users/damithch/Repos/nus-cs2103/cs2103-website-base/book/cppToJava/usefulClasses/stringClass/index.md
2026-08-04T19:42:14.820Z - [36mverbose[39m: Rendering page: /Users/damithch/Repos/nus-cs2103/cs2103-website-base/book/cppToJava/usefulClasses/scannerClass/index.md
2026-08-04T19:42:14.869Z - [36mverbose[39m: Rendering page: /Users/damithch/Repos/nus-cs2103/cs2103-website-base/book/cppToJava/usefulClasses/index.md
2026-08-04T19:42:14.916Z - [36mverbose[39m: Rendering page: /Users/damithch/Repos/nus-cs2103/cs2103-website-base/book/cppToJava/usefulClasses/api/index.md
2026-08-04T19:42:14.921Z - [36mverbose[39m: Rendering page: /Users/damithch/Repos/nus-cs2103/cs2103-website-base/book/cppToJava/usefulClasses/arraysClass/index.md
2026-08-04T19:42:14.969Z - [36mverbose[39m: Rendering page: /Users/damithch/Repos/nus-cs2103/cs2103-website-base/book/cppToJava/objects/usingObjects/index.md
2026-08-04T19:42:15.118Z - [36mverbose[39m: Rendering page: /Users/damithch/Repos/nus-cs2103/cs2103-website-base/book/cppToJava/objects/passingObjects/index.md
2026-08-04T19:42:15.144Z - [36mverbose[39m: Rendering page: /Users/damithch/Repos/nus-cs2103/cs2103-website-base/book/cppToJava/objects/index.md
2026-08-04T19:42:15.160Z - [36mverbose[39m: Rendering page: /Users/damithch/Repos/nus-cs2103/cs2103-website-base/book/cppToJava/objects/instanceMembers/index.md
2026-08-04T19:42:15.189Z - [36mverbose[39m: Rendering page: /Users/damithch/Repos/nus-cs2103/cs2103-website-base/book/cppToJava/objects/garbageCollection/index.md
2026-08-04T19:42:15.258Z - [36mverbose[39m: Rendering page: /Users/damithch/Repos/nus-cs2103/cs2103-website-base/book/cppToJava/misc/varargs/index.md
2026-08-04T19:42:15.318Z - [36mverbose[39m: Rendering page: /Users/damithch/Repos/nus-cs2103/cs2103-website-base/book/cppToJava/misc/streams/index.md
2026-08-04T19:42:15.323Z - [36mverbose[39m: Rendering page: /Users/damithch/Repos/nus-cs2103/cs2103-website-base/book/cppToJava/misc/packages/index.md
2026-08-04T19:42:15.365Z - [36mverbose[39m: Rendering page: /Users/damithch/Repos/nus-cs2103/cs2103-website-base/book/cppToJava/misc/javaFX/part02/index.md
2026-08-04T19:42:15.406Z - [36mverbose[39m: Rendering page: /Users/damithch/Repos/nus-cs2103/cs2103-website-base/book/cppToJava/misc/javaFX/part01/index.md
2026-08-04T19:42:15.544Z - [36mverbose[39m: Rendering page: /Users/damithch/Repos/nus-cs2103/cs2103-website-base/book/cppToJava/misc/javaFX/index.md
2026-08-04T19:42:15.550Z - [36mverbose[39m: Rendering page: /Users/damithch/Repos/nus-cs2103/cs2103-website-base/book/cppToJava/misc/jar/index.md
2026-08-04T19:42:15.587Z - [36mverbose[39m: Rendering page: /Users/damithch/Repos/nus-cs2103/cs2103-website-base/book/cppToJava/misc/index.md
2026-08-04T19:42:15.673Z - [36mverbose[39m: Rendering page: /Users/damithch/Repos/nus-cs2103/cs2103-website-base/book/cppToJava/misc/fileAccess/index.md
2026-08-04T19:42:15.683Z - [36mverbose[39m: Rendering page: /Users/damithch/Repos/nus-cs2103/cs2103-website-base/book/cppToJava/misc/enums/index.md
2026-08-04T19:42:15.690Z - [36mverbose[39m: Rendering page: /Users/damithch/Repos/nus-cs2103/cs2103-website-base/book/cppToJava/misc/constants/index.md
2026-08-04T19:42:15.712Z - [36mverbose[39m: Rendering page: /Users/damithch/Repos/nus-cs2103/cs2103-website-base/book/cppToJava/misc/casting/index.md
2026-08-04T19:42:15.781Z - [36mverbose[39m: Rendering page: /Users/damithch/Repos/nus-cs2103/cs2103-website-base/book/cppToJava/misc/accessModifiers/index.md
2026-08-04T19:42:15.787Z - [36mverbose[39m: Rendering page: /Users/damithch/Repos/nus-cs2103/cs2103-website-base/book/cppToJava/junit/index.md
2026-08-04T19:42:15.794Z - [36mverbose[39m: Rendering page: /Users/damithch/Repos/nus-cs2103/cs2103-website-base/book/cppToJava/junit/intermediate/index.md
2026-08-04T19:42:15.813Z - [36mverbose[39m: Rendering page: /Users/damithch/Repos/nus-cs2103/cs2103-website-base/book/cppToJava/junit/basic/index.md
2026-08-04T19:42:15.853Z - [36mverbose[39m: Rendering page: /Users/damithch/Repos/nus-cs2103/cs2103-website-base/book/cppToJava/javaWorld/what/index.md
2026-08-04T19:42:15.870Z - [36mverbose[39m: Rendering page: /Users/damithch/Repos/nus-cs2103/cs2103-website-base/book/cppToJava/javaWorld/index.md
2026-08-04T19:42:15.876Z - [36mverbose[39m: Rendering page: /Users/damithch/Repos/nus-cs2103/cs2103-website-base/book/cppToJava/javaWorld/how/index.md
2026-08-04T19:42:16.025Z - [36mverbose[39m: Rendering page: /Users/damithch/Repos/nus-cs2103/cs2103-website-base/book/cppToJava/javaWorld/editions/index.md
2026-08-04T19:42:16.031Z - [36mverbose[39m: Rendering page: /Users/damithch/Repos/nus-cs2103/cs2103-website-base/book/cppToJava/inheritance/polymorphism/index.md
2026-08-04T19:42:16.293Z - [36mverbose[39m: Rendering page: /Users/damithch/Repos/nus-cs2103/cs2103-website-base/book/cppToJava/inheritance/objectClass/index.md
2026-08-04T19:42:16.307Z - [36mverbose[39m: Rendering page: /Users/damithch/Repos/nus-cs2103/cs2103-website-base/book/cppToJava/inheritance/interfaces/index.md
2026-08-04T19:42:16.424Z - [36mverbose[39m: Rendering page: /Users/damithch/Repos/nus-cs2103/cs2103-website-base/book/cppToJava/inheritance/index.md
2026-08-04T19:42:18.172Z - [36mverbose[39m: Rendering page: /Users/damithch/Repos/nus-cs2103/cs2103-website-base/book/cppToJava/inheritance/basic/index.md
2026-08-04T19:42:18.224Z - [36mverbose[39m: Rendering page: /Users/damithch/Repos/nus-cs2103/cs2103-website-base/book/cppToJava/inheritance/abstractClassesAndMethods/index.md
2026-08-04T19:42:18.236Z - [36mverbose[39m: Rendering page: /Users/damithch/Repos/nus-cs2103/cs2103-website-base/book/cppToJava/index.md
2026-08-04T19:42:18.479Z - [36mverbose[39m: Rendering page: /Users/damithch/Repos/nus-cs2103/cs2103-website-base/book/cppToJava/gettingStarted/running/index.md
2026-08-04T19:42:18.491Z - [36mverbose[39m: Rendering page: /Users/damithch/Repos/nus-cs2103/cs2103-website-base/book/cppToJava/gettingStarted/index.md
2026-08-04T19:42:18.525Z - [36mverbose[39m: Rendering page: /Users/damithch/Repos/nus-cs2103/cs2103-website-base/book/cppToJava/gettingStarted/installation/index.md
2026-08-04T19:42:18.600Z - [36mverbose[39m: Rendering page: /Users/damithch/Repos/nus-cs2103/cs2103-website-base/book/cppToJava/gettingStarted/helloWorld/index.md
2026-08-04T19:42:18.657Z - [36mverbose[39m: Rendering page: /Users/damithch/Repos/nus-cs2103/cs2103-website-base/book/cppToJava/gettingStarted/compiling/index.md
2026-08-04T19:42:18.663Z - [36mverbose[39m: Rendering page: /Users/damithch/Repos/nus-cs2103/cs2103-website-base/book/cppToJava/generics/what/index.md
2026-08-04T19:42:18.673Z - [36mverbose[39m: Rendering page: /Users/damithch/Repos/nus-cs2103/cs2103-website-base/book/cppToJava/generics/index.md
2026-08-04T19:42:18.844Z - [36mverbose[39m: Rendering page: /Users/damithch/Repos/nus-cs2103/cs2103-website-base/book/cppToJava/generics/how/index.md
2026-08-04T19:42:18.855Z - [36mverbose[39m: Rendering page: /Users/damithch/Repos/nus-cs2103/cs2103-website-base/book/cppToJava/exceptions/what/index.md
2026-08-04T19:42:18.861Z - [36mverbose[39m: Rendering page: /Users/damithch/Repos/nus-cs2103/cs2103-website-base/book/cppToJava/exceptions/index.md
2026-08-04T19:42:18.872Z - [36mverbose[39m: Rendering page: /Users/damithch/Repos/nus-cs2103/cs2103-website-base/book/cppToJava/exceptions/how/index.md
2026-08-04T19:42:19.110Z - [36mverbose[39m: Rendering page: /Users/damithch/Repos/nus-cs2103/cs2103-website-base/book/cppToJava/dataTypes/primitiveTypes/index.md
2026-08-04T19:42:19.119Z - [36mverbose[39m: Rendering page: /Users/damithch/Repos/nus-cs2103/cs2103-website-base/book/cppToJava/dataTypes/variables/index.md
2026-08-04T19:42:19.139Z - [36mverbose[39m: Rendering page: /Users/damithch/Repos/nus-cs2103/cs2103-website-base/book/cppToJava/dataTypes/index.md
2026-08-04T19:42:19.162Z - [36mverbose[39m: Rendering page: /Users/damithch/Repos/nus-cs2103/cs2103-website-base/book/cppToJava/dataTypes/operators/index.md
2026-08-04T19:42:19.448Z - [36mverbose[39m: Rendering page: /Users/damithch/Repos/nus-cs2103/cs2103-website-base/book/cppToJava/controlFlow/methods/index.md
2026-08-04T19:42:19.459Z - [36mverbose[39m: Rendering page: /Users/damithch/Repos/nus-cs2103/cs2103-website-base/book/cppToJava/dataTypes/arrays/index.md
2026-08-04T19:42:19.468Z - [36mverbose[39m: Rendering page: /Users/damithch/Repos/nus-cs2103/cs2103-website-base/book/cppToJava/controlFlow/index.md
2026-08-04T19:42:19.487Z - [36mverbose[39m: Rendering page: /Users/damithch/Repos/nus-cs2103/cs2103-website-base/book/cppToJava/controlFlow/loops/index.md
2026-08-04T19:42:19.646Z - [36mverbose[39m: Rendering page: /Users/damithch/Repos/nus-cs2103/cs2103-website-base/book/cppToJava/collections/what/index.md
2026-08-04T19:42:19.652Z - [36mverbose[39m: Rendering page: /Users/damithch/Repos/nus-cs2103/cs2103-website-base/book/cppToJava/controlFlow/branching/index.md
2026-08-04T19:42:19.662Z - [36mverbose[39m: Rendering page: /Users/damithch/Repos/nus-cs2103/cs2103-website-base/book/cppToJava/collections/index.md
2026-08-04T19:42:19.675Z - [36mverbose[39m: Rendering page: /Users/damithch/Repos/nus-cs2103/cs2103-website-base/book/cppToJava/collections/hashMapClass/index.md
2026-08-04T19:42:19.879Z - [36mverbose[39m: Rendering page: /Users/damithch/Repos/nus-cs2103/cs2103-website-base/book/cppToJava/classes/index.md
2026-08-04T19:42:19.896Z - [36mverbose[39m: Rendering page: /Users/damithch/Repos/nus-cs2103/cs2103-website-base/book/cppToJava/collections/arrayListClass/index.md
2026-08-04T19:42:19.904Z - [36mverbose[39m: Rendering page: /Users/damithch/Repos/nus-cs2103/cs2103-website-base/book/cppToJava/classes/gettersAndSetters/index.md
2026-08-04T19:42:19.964Z - [36mverbose[39m: Rendering page: /Users/damithch/Repos/nus-cs2103/cs2103-website-base/book/cppToJava/classes/definingClasses/index.md
2026-08-04T19:42:20.005Z - [36mverbose[39m: Rendering page: /Users/damithch/Repos/nus-cs2103/cs2103-website-base/book/cppToJava/about/index.md
2026-08-04T19:42:20.009Z - [36mverbose[39m: Rendering page: /Users/damithch/Repos/nus-cs2103/cs2103-website-base/book/cppToJava/classes/classLevelMembers/index.md
2026-08-04T19:42:20.020Z - [36mverbose[39m: Rendering page: /Users/damithch/Repos/nus-cs2103/cs2103-website-base/book/codeQuality/nameWell/introduction/index.md
2026-08-04T19:42:20.069Z - [36mverbose[39m: Rendering page: /Users/damithch/Repos/nus-cs2103/cs2103-website-base/book/codeQuality/nameWell/intermediate/useNameExplain/index.md
2026-08-04T19:42:20.094Z - [36mverbose[39m: Rendering page: /Users/damithch/Repos/nus-cs2103/cs2103-website-base/book/codeQuality/nameWell/intermediate/notTooLongNorShort/index.md
2026-08-04T19:42:20.100Z - [36mverbose[39m: Rendering page: /Users/damithch/Repos/nus-cs2103/cs2103-website-base/book/codeQuality/nameWell/intermediate/index.md
2026-08-04T19:42:20.188Z - [36mverbose[39m: Rendering page: /Users/damithch/Repos/nus-cs2103/cs2103-website-base/book/codeQuality/nameWell/intermediate/avoidMisleadingNames/index.md
2026-08-04T19:42:20.196Z - [36mverbose[39m: Rendering page: /Users/damithch/Repos/nus-cs2103/cs2103-website-base/book/codeQuality/nameWell/index.md
2026-08-04T19:42:20.242Z - [36mverbose[39m: Rendering page: /Users/damithch/Repos/nus-cs2103/cs2103-website-base/book/codeQuality/nameWell/basic/nounsAndVerbsAsNames/index.md
2026-08-04T19:42:20.250Z - [36mverbose[39m: Rendering page: /Users/damithch/Repos/nus-cs2103/cs2103-website-base/book/codeQuality/nameWell/basic/useStandardWords/index.md
2026-08-04T19:42:20.256Z - [36mverbose[39m: Rendering page: /Users/damithch/Repos/nus-cs2103/cs2103-website-base/book/codeQuality/nameWell/basic/index.md
2026-08-04T19:42:20.283Z - [36mverbose[39m: Rendering page: /Users/damithch/Repos/nus-cs2103/cs2103-website-base/book/codeQuality/maximizeReadability/introduction/index.md
2026-08-04T19:42:20.385Z - [36mverbose[39m: Rendering page: /Users/damithch/Repos/nus-cs2103/cs2103-website-base/book/codeQuality/maximizeReadability/intermediate/structureCodeLogically/index.md
2026-08-04T19:42:20.390Z - [36mverbose[39m: Rendering page: /Users/damithch/Repos/nus-cs2103/cs2103-website-base/book/codeQuality/maximizeReadability/intermediate/slapHard/index.md
2026-08-04T19:42:20.399Z - [36mverbose[39m: Rendering page: /Users/damithch/Repos/nus-cs2103/cs2103-website-base/book/codeQuality/maximizeReadability/intermediate/practiceKISSing/index.md
2026-08-04T19:42:20.404Z - [36mverbose[39m: Rendering page: /Users/damithch/Repos/nus-cs2103/cs2103-website-base/book/codeQuality/maximizeReadability/intermediate/index.md
2026-08-04T19:42:20.587Z - [36mverbose[39m: Rendering page: /Users/damithch/Repos/nus-cs2103/cs2103-website-base/book/codeQuality/maximizeReadability/intermediate/dontTripReader/index.md
2026-08-04T19:42:20.592Z - [36mverbose[39m: Rendering page: /Users/damithch/Repos/nus-cs2103/cs2103-website-base/book/codeQuality/maximizeReadability/intermediate/avoidPrematureOptimizations/index.md
2026-08-04T19:42:20.598Z - [36mverbose[39m: Rendering page: /Users/damithch/Repos/nus-cs2103/cs2103-website-base/book/codeQuality/maximizeReadability/index.md
2026-08-04T19:42:20.682Z - [36mverbose[39m: Rendering page: /Users/damithch/Repos/nus-cs2103/cs2103-website-base/book/codeQuality/maximizeReadability/basic/makeCodeObvious/index.md
2026-08-04T19:42:20.750Z - [36mverbose[39m: Rendering page: /Users/damithch/Repos/nus-cs2103/cs2103-website-base/book/codeQuality/maximizeReadability/basic/index.md
2026-08-04T19:42:20.764Z - [36mverbose[39m: Rendering page: /Users/damithch/Repos/nus-cs2103/cs2103-website-base/book/codeQuality/maximizeReadability/basic/avoidMagicNumbers/index.md
2026-08-04T19:42:20.791Z - [36mverbose[39m: Rendering page: /Users/damithch/Repos/nus-cs2103/cs2103-website-base/book/codeQuality/maximizeReadability/basic/avoidDeepNesting/index.md
2026-08-04T19:42:20.799Z - [36mverbose[39m: Rendering page: /Users/damithch/Repos/nus-cs2103/cs2103-website-base/book/codeQuality/maximizeReadability/basic/avoidLongMethods/index.md
2026-08-04T19:42:20.868Z - [36mverbose[39m: Rendering page: /Users/damithch/Repos/nus-cs2103/cs2103-website-base/book/codeQuality/maximizeReadability/basic/avoidComplicatedExpressions/index.md
2026-08-04T19:42:20.893Z - [36mverbose[39m: Rendering page: /Users/damithch/Repos/nus-cs2103/cs2103-website-base/book/codeQuality/maximizeReadability/advanced/makeHappyPathProminent/index.md
2026-08-04T19:42:20.900Z - [36mverbose[39m: Rendering page: /Users/damithch/Repos/nus-cs2103/cs2103-website-base/book/codeQuality/maximizeReadability/advanced/index.md
2026-08-04T19:42:20.907Z - [36mverbose[39m: Rendering page: /Users/damithch/Repos/nus-cs2103/cs2103-website-base/book/codeQuality/introduction/index.md
2026-08-04T19:42:21.247Z - [36mverbose[39m: Rendering page: /Users/damithch/Repos/nus-cs2103/cs2103-website-base/book/codeQuality/introduction/basic/index.md
2026-08-04T19:42:21.277Z - [36mverbose[39m: Rendering page: /Users/damithch/Repos/nus-cs2103/cs2103-website-base/book/codeQuality/index.md
2026-08-04T19:42:21.311Z - [36mverbose[39m: Rendering page: /Users/damithch/Repos/nus-cs2103/cs2103-website-base/book/codeQuality/followStandard/introduction/index.md
2026-08-04T19:42:21.357Z - [36mverbose[39m: Rendering page: /Users/damithch/Repos/nus-cs2103/cs2103-website-base/book/codeQuality/followStandard/intermediate/index.md
2026-08-04T19:42:21.393Z - [36mverbose[39m: Rendering page: /Users/damithch/Repos/nus-cs2103/cs2103-website-base/book/codeQuality/followStandard/index.md
2026-08-04T19:42:21.424Z - [36mverbose[39m: Rendering page: /Users/damithch/Repos/nus-cs2103/cs2103-website-base/book/codeQuality/followStandard/basic/index.md
2026-08-04T19:42:21.430Z - [36mverbose[39m: Rendering page: /Users/damithch/Repos/nus-cs2103/cs2103-website-base/book/codeQuality/commentMinimally/introduction/index.md
2026-08-04T19:42:21.456Z - [36mverbose[39m: Rendering page: /Users/damithch/Repos/nus-cs2103/cs2103-website-base/book/codeQuality/commentMinimally/intermediate/index.md
2026-08-04T19:42:21.530Z - [36mverbose[39m: Rendering page: /Users/damithch/Repos/nus-cs2103/cs2103-website-base/book/codeQuality/commentMinimally/intermediate/explainWhatWhyNotHow/index.md
2026-08-04T19:42:21.564Z - [36mverbose[39m: Rendering page: /Users/damithch/Repos/nus-cs2103/cs2103-website-base/book/codeQuality/commentMinimally/index.md
2026-08-04T19:42:21.602Z - [36mverbose[39m: Rendering page: /Users/damithch/Repos/nus-cs2103/cs2103-website-base/book/codeQuality/commentMinimally/basic/writeToReader/index.md
2026-08-04T19:42:21.608Z - [36mverbose[39m: Rendering page: /Users/damithch/Repos/nus-cs2103/cs2103-website-base/book/codeQuality/commentMinimally/basic/index.md
2026-08-04T19:42:21.619Z - [36mverbose[39m: Rendering page: /Users/damithch/Repos/nus-cs2103/cs2103-website-base/book/codeQuality/commentMinimally/basic/dontRepeatObvious/index.md
2026-08-04T19:42:21.656Z - [36mverbose[39m: Rendering page: /Users/damithch/Repos/nus-cs2103/cs2103-website-base/book/codeQuality/avoidShortcuts/introduction/index.md
2026-08-04T19:42:21.741Z - [36mverbose[39m: Rendering page: /Users/damithch/Repos/nus-cs2103/cs2103-website-base/book/codeQuality/avoidShortcuts/intermediate/minimiseVariableScope/index.md
2026-08-04T19:42:21.746Z - [36mverbose[39m: Rendering page: /Users/damithch/Repos/nus-cs2103/cs2103-website-base/book/codeQuality/avoidShortcuts/intermediate/minimiseCodeDuplication/index.md
2026-08-04T19:42:21.750Z - [36mverbose[39m: Rendering page: /Users/damithch/Repos/nus-cs2103/cs2103-website-base/book/codeQuality/avoidShortcuts/intermediate/index.md
2026-08-04T19:42:21.758Z - [36mverbose[39m: Rendering page: /Users/damithch/Repos/nus-cs2103/cs2103-website-base/book/codeQuality/avoidShortcuts/index.md
2026-08-04T19:42:21.849Z - [36mverbose[39m: Rendering page: /Users/damithch/Repos/nus-cs2103/cs2103-website-base/book/codeQuality/avoidShortcuts/basic/deleteDeadCode/index.md
2026-08-04T19:42:21.853Z - [36mverbose[39m: Rendering page: /Users/damithch/Repos/nus-cs2103/cs2103-website-base/book/codeQuality/avoidShortcuts/basic/useDefaultBranch/index.md
2026-08-04T19:42:21.858Z - [36mverbose[39m: Rendering page: /Users/damithch/Repos/nus-cs2103/cs2103-website-base/book/codeQuality/avoidShortcuts/basic/index.md
2026-08-04T19:42:21.868Z - [36mverbose[39m: Rendering page: /Users/damithch/Repos/nus-cs2103/cs2103-website-base/book/codeQuality/avoidShortcuts/basic/dontRecycleVarsOrParams/index.md
2026-08-04T19:42:21.973Z - [36mverbose[39m: Rendering page: /Users/damithch/Repos/nus-cs2103/cs2103-website-base/book/architecture/introduction/why/index.md
2026-08-04T19:42:21.978Z - [36mverbose[39m: Rendering page: /Users/damithch/Repos/nus-cs2103/cs2103-website-base/book/codeQuality/avoidShortcuts/basic/avoidEmptyCatchBlocks/index.md
2026-08-04T19:42:21.982Z - [36mverbose[39m: Rendering page: /Users/damithch/Repos/nus-cs2103/cs2103-website-base/book/architecture/introduction/what/index.md
2026-08-04T19:42:21.988Z - [36mverbose[39m: Rendering page: /Users/damithch/Repos/nus-cs2103/cs2103-website-base/book/architecture/introduction/index.md
2026-08-04T19:42:22.227Z - [36mverbose[39m: Rendering page: /Users/damithch/Repos/nus-cs2103/cs2103-website-base/book/architecture/introduction/components/index.md
2026-08-04T19:42:22.234Z - [36mverbose[39m: Rendering page: /Users/damithch/Repos/nus-cs2103/cs2103-website-base/book/architecture/index.md
2026-08-04T19:42:22.254Z - [36mverbose[39m: Rendering page: /Users/damithch/Repos/nus-cs2103/cs2103-website-base/book/architecture/architectureDiagrams/views/index.md
2026-08-04T19:42:22.260Z - [36mverbose[39m: Rendering page: /Users/damithch/Repos/nus-cs2103/cs2103-website-base/book/architecture/architectureDiagrams/reading/index.md
2026-08-04T19:42:22.340Z - [36mverbose[39m: Rendering page: /Users/damithch/Repos/nus-cs2103/cs2103-website-base/book/architecture/architectureDiagrams/index.md
2026-08-04T19:42:22.374Z - [36mverbose[39m: Rendering page: /Users/damithch/Repos/nus-cs2103/cs2103-website-base/book/architecture/architectureDiagrams/drawing/index.md
2026-08-04T19:42:22.381Z - [36mverbose[39m: Rendering page: /Users/damithch/Repos/nus-cs2103/cs2103-website-base/book/architecture/architecturalStyles/serviceOriented/what/index.md
2026-08-04T19:42:22.388Z - [36mverbose[39m: Rendering page: /Users/damithch/Repos/nus-cs2103/cs2103-website-base/book/architecture/architecturalStyles/serviceOriented/index.md
2026-08-04T19:42:22.457Z - [36mverbose[39m: Rendering page: /Users/damithch/Repos/nus-cs2103/cs2103-website-base/book/architecture/architecturalStyles/more/usingStyles/index.md
2026-08-04T19:42:22.479Z - [36mverbose[39m: Rendering page: /Users/damithch/Repos/nus-cs2103/cs2103-website-base/book/architecture/architecturalStyles/more/moreStyles/index.md
2026-08-04T19:42:22.484Z - [36mverbose[39m: Rendering page: /Users/damithch/Repos/nus-cs2103/cs2103-website-base/book/architecture/architecturalStyles/more/index.md
2026-08-04T19:42:22.510Z - [36mverbose[39m: Rendering page: /Users/damithch/Repos/nus-cs2103/cs2103-website-base/book/architecture/architecturalStyles/monolith/what/index.md
2026-08-04T19:42:22.555Z - [36mverbose[39m: Rendering page: /Users/damithch/Repos/nus-cs2103/cs2103-website-base/book/architecture/architecturalStyles/monolith/index.md
2026-08-04T19:42:22.578Z - [36mverbose[39m: Rendering page: /Users/damithch/Repos/nus-cs2103/cs2103-website-base/book/architecture/architecturalStyles/layered/what/index.md
2026-08-04T19:42:22.584Z - [36mverbose[39m: Rendering page: /Users/damithch/Repos/nus-cs2103/cs2103-website-base/book/architecture/architecturalStyles/layered/index.md
2026-08-04T19:42:22.710Z - [36mverbose[39m: Rendering page: /Users/damithch/Repos/nus-cs2103/cs2103-website-base/book/architecture/architecturalStyles/introduction/what/index.md
2026-08-04T19:42:22.715Z - [36mverbose[39m: Rendering page: /Users/damithch/Repos/nus-cs2103/cs2103-website-base/book/architecture/architecturalStyles/introduction/index.md
2026-08-04T19:42:22.720Z - [36mverbose[39m: Rendering page: /Users/damithch/Repos/nus-cs2103/cs2103-website-base/book/architecture/architecturalStyles/index.md
2026-08-04T19:42:22.753Z - [36mverbose[39m: Rendering page: /Users/damithch/Repos/nus-cs2103/cs2103-website-base/book/architecture/architecturalStyles/eventDriven/what/index.md
2026-08-04T19:42:22.802Z - [36mverbose[39m: Rendering page: /Users/damithch/Repos/nus-cs2103/cs2103-website-base/book/architecture/architecturalStyles/eventDriven/index.md
2026-08-04T19:42:22.915Z - [36mverbose[39m: Rendering page: /Users/damithch/Repos/nus-cs2103/cs2103-website-base/book/architecture/architecturalStyles/clientServer/what/index.md
2026-08-04T19:42:22.921Z - [36mverbose[39m: Rendering page: /Users/damithch/Repos/nus-cs2103/cs2103-website-base/book/architecture/architecturalStyles/clientServer/index.md
2026-08-04T19:42:23.378Z - [36mverbose[39m: Rendering page: /Users/damithch/Repos/nus-cs2103/cs2103-website-base/se-book-adapted/git-trail/index.md
2026-08-04T19:42:23.384Z - [36mverbose[39m: Rendering page: /Users/damithch/Repos/nus-cs2103/cs2103-website-base/book/combined/exercises.md
2026-08-04T19:42:23.551Z - [36mverbose[39m: Rendering page: /Users/damithch/Repos/nus-cs2103/cs2103-website-base/se-book-adapted/common/exercises.md
2026-08-04T19:42:23.559Z - [36mverbose[39m: Rendering page: /Users/damithch/Repos/nus-cs2103/cs2103-website-base/se-book-adapted/common/definitions.md
2026-08-04T19:42:23.886Z - [36mverbose[39m: Rendering page: /Users/damithch/Repos/nus-cs2103/cs2103-website-base/se-book-adapted/chapters-printable/uml-printable.md
2026-08-04T19:42:23.913Z - [36mverbose[39m: Rendering page: /Users/damithch/Repos/nus-cs2103/cs2103-website-base/se-book-adapted/chapters-printable/testing-printable.md
2026-08-04T19:42:23.937Z - [36mverbose[39m: Rendering page: /Users/damithch/Repos/nus-cs2103/cs2103-website-base/se-book-adapted/chapters-printable/teamwork-printable.md
2026-08-04T19:42:23.942Z - [36mverbose[39m: Rendering page: /Users/damithch/Repos/nus-cs2103/cs2103-website-base/se-book-adapted/chapters-printable/testCaseDesign-printable.md
2026-08-04T19:42:24.206Z - [36mverbose[39m: Rendering page: /Users/damithch/Repos/nus-cs2103/cs2103-website-base/se-book-adapted/chapters-printable/specifyingRequirements-printable.md
2026-08-04T19:42:24.224Z - [36mverbose[39m: Rendering page: /Users/damithch/Repos/nus-cs2103/cs2103-website-base/se-book-adapted/chapters-printable/softwareEngineering-printable.md
2026-08-04T19:42:24.230Z - [36mverbose[39m: Rendering page: /Users/damithch/Repos/nus-cs2103/cs2103-website-base/se-book-adapted/chapters-printable/requirements-printable.md
2026-08-04T19:42:24.236Z - [36mverbose[39m: Rendering page: /Users/damithch/Repos/nus-cs2103/cs2103-website-base/se-book-adapted/chapters-printable/reuse-printable.md
2026-08-04T19:42:24.424Z - [36mverbose[39m: Rendering page: /Users/damithch/Repos/nus-cs2103/cs2103-website-base/se-book-adapted/chapters-printable/refactoring-printable.md
2026-08-04T19:42:24.432Z - [36mverbose[39m: Rendering page: /Users/damithch/Repos/nus-cs2103/cs2103-website-base/se-book-adapted/chapters-printable/qualityAssurance-printable.md
2026-08-04T19:42:24.442Z - [36mverbose[39m: Rendering page: /Users/damithch/Repos/nus-cs2103/cs2103-website-base/se-book-adapted/chapters-printable/projectPlanning-printable.md
2026-08-04T19:42:24.450Z - [36mverbose[39m: Rendering page: /Users/damithch/Repos/nus-cs2103/cs2103-website-base/se-book-adapted/chapters-printable/processModels-printable.md
2026-08-04T19:42:25.033Z - [36mverbose[39m: Rendering page: /Users/damithch/Repos/nus-cs2103/cs2103-website-base/se-book-adapted/chapters-printable/principles-printable.md
2026-08-04T19:42:25.050Z - [36mverbose[39m: Rendering page: /Users/damithch/Repos/nus-cs2103/cs2103-website-base/se-book-adapted/chapters-printable/oop-printable.md
2026-08-04T19:42:25.076Z - [36mverbose[39m: Rendering page: /Users/damithch/Repos/nus-cs2103/cs2103-website-base/se-book-adapted/chapters-printable/modeling-printable.md
2026-08-04T19:42:25.099Z - [36mverbose[39m: Rendering page: /Users/damithch/Repos/nus-cs2103/cs2103-website-base/se-book-adapted/chapters-printable/intellij-printable.md
2026-08-04T19:42:25.301Z - [36mverbose[39m: Rendering page: /Users/damithch/Repos/nus-cs2103/cs2103-website-base/se-book-adapted/chapters-printable/integration-printable.md
2026-08-04T19:42:25.308Z - [36mverbose[39m: Rendering page: /Users/damithch/Repos/nus-cs2103/cs2103-website-base/se-book-adapted/chapters-printable/ides-printable.md
2026-08-04T19:42:25.313Z - [36mverbose[39m: Rendering page: /Users/damithch/Repos/nus-cs2103/cs2103-website-base/se-book-adapted/chapters-printable/gatheringRequirements-printable.md
2026-08-04T19:42:25.320Z - [36mverbose[39m: Rendering page: /Users/damithch/Repos/nus-cs2103/cs2103-website-base/se-book-adapted/chapters-printable/errorHandling-printable.md
2026-08-04T19:42:25.547Z - [36mverbose[39m: Rendering page: /Users/damithch/Repos/nus-cs2103/cs2103-website-base/se-book-adapted/chapters-printable/documentation-printable.md
2026-08-04T19:42:25.557Z - [36mverbose[39m: Rendering page: /Users/damithch/Repos/nus-cs2103/cs2103-website-base/se-book-adapted/chapters-printable/designPatterns-printable.md
2026-08-04T19:42:25.568Z - [36mverbose[39m: Rendering page: /Users/damithch/Repos/nus-cs2103/cs2103-website-base/se-book-adapted/chapters-printable/designApproaches-printable.md
2026-08-04T19:42:25.574Z - [36mverbose[39m: Rendering page: /Users/damithch/Repos/nus-cs2103/cs2103-website-base/se-book-adapted/chapters-printable/designFundamentals-printable.md
2026-08-04T19:42:26.530Z - [36mverbose[39m: Rendering page: /Users/damithch/Repos/nus-cs2103/cs2103-website-base/se-book-adapted/chapters-printable/design-printable.md
2026-08-04T19:42:26.536Z - [36mverbose[39m: Rendering page: /Users/damithch/Repos/nus-cs2103/cs2103-website-base/se-book-adapted/chapters-printable/cppToJava-printable.md
2026-08-04T19:42:26.624Z - [36mverbose[39m: Rendering page: /Users/damithch/Repos/nus-cs2103/cs2103-website-base/se-book-adapted/chapters-printable/codeQuality-printable.md
2026-08-04T19:42:26.649Z - [36mverbose[39m: Rendering page: /Users/damithch/Repos/nus-cs2103/cs2103-website-base/se-book-adapted/chapters-printable/architecture-printable.md
2026-08-04T19:42:27.667Z - [36mverbose[39m: Rendering page: /Users/damithch/Repos/nus-cs2103/cs2103-website-base/se-book-adapted/chapters/uml.md
2026-08-04T19:42:27.715Z - [36mverbose[39m: Rendering page: /Users/damithch/Repos/nus-cs2103/cs2103-website-base/se-book-adapted/chapters/testing.md
2026-08-04T19:42:27.757Z - [36mverbose[39m: Rendering page: /Users/damithch/Repos/nus-cs2103/cs2103-website-base/se-book-adapted/chapters/test.md
2026-08-04T19:42:27.762Z - [36mverbose[39m: Rendering page: /Users/damithch/Repos/nus-cs2103/cs2103-website-base/se-book-adapted/chapters/testCaseDesign.md
2026-08-04T19:42:28.181Z - [36mverbose[39m: Rendering page: /Users/damithch/Repos/nus-cs2103/cs2103-website-base/se-book-adapted/chapters/teamwork.md
2026-08-04T19:42:28.190Z - [36mverbose[39m: Rendering page: /Users/damithch/Repos/nus-cs2103/cs2103-website-base/se-book-adapted/chapters/specifyingRequirements.md
2026-08-04T19:42:28.213Z - [36mverbose[39m: Rendering page: /Users/damithch/Repos/nus-cs2103/cs2103-website-base/se-book-adapted/chapters/softwareEngineering.md
2026-08-04T19:42:28.229Z - [36mverbose[39m: Rendering page: /Users/damithch/Repos/nus-cs2103/cs2103-website-base/se-book-adapted/chapters/security.md
2026-08-04T19:42:28.557Z - [36mverbose[39m: Rendering page: /Users/damithch/Repos/nus-cs2103/cs2103-website-base/se-book-adapted/chapters/refactoring.md
2026-08-04T19:42:28.568Z - [36mverbose[39m: Rendering page: /Users/damithch/Repos/nus-cs2103/cs2103-website-base/se-book-adapted/chapters/requirements.md
2026-08-04T19:42:28.577Z - [36mverbose[39m: Rendering page: /Users/damithch/Repos/nus-cs2103/cs2103-website-base/se-book-adapted/chapters/reuse.md
2026-08-04T19:42:28.594Z - [36mverbose[39m: Rendering page: /Users/damithch/Repos/nus-cs2103/cs2103-website-base/se-book-adapted/chapters/qualityAssurance.md
2026-08-04T19:42:29.285Z - [36mverbose[39m: Rendering page: /Users/damithch/Repos/nus-cs2103/cs2103-website-base/se-book-adapted/chapters/processModels.md
2026-08-04T19:42:29.300Z - [36mverbose[39m: Rendering page: /Users/damithch/Repos/nus-cs2103/cs2103-website-base/se-book-adapted/chapters/projectPlanning.md
2026-08-04T19:42:29.310Z - [36mverbose[39m: Rendering page: /Users/damithch/Repos/nus-cs2103/cs2103-website-base/se-book-adapted/chapters/principles.md
2026-08-04T19:42:29.332Z - [36mverbose[39m: Rendering page: /Users/damithch/Repos/nus-cs2103/cs2103-website-base/se-book-adapted/chapters/oop.md
2026-08-04T19:42:29.841Z - [36mverbose[39m: Rendering page: /Users/damithch/Repos/nus-cs2103/cs2103-website-base/se-book-adapted/chapters/intellij.md
2026-08-04T19:42:29.851Z - [36mverbose[39m: Rendering page: /Users/damithch/Repos/nus-cs2103/cs2103-website-base/se-book-adapted/chapters/modeling.md
2026-08-04T19:42:29.896Z - [36mverbose[39m: Rendering page: /Users/damithch/Repos/nus-cs2103/cs2103-website-base/se-book-adapted/chapters/integration.md
2026-08-04T19:42:29.958Z - [36mverbose[39m: Rendering page: /Users/damithch/Repos/nus-cs2103/cs2103-website-base/se-book-adapted/chapters/ides.md
2026-08-04T19:42:30.401Z - [36mverbose[39m: Rendering page: /Users/damithch/Repos/nus-cs2103/cs2103-website-base/se-book-adapted/chapters/gatheringRequirements.md
2026-08-04T19:42:30.412Z - [36mverbose[39m: Rendering page: /Users/damithch/Repos/nus-cs2103/cs2103-website-base/se-book-adapted/chapters/errorHandling.md
2026-08-04T19:42:30.439Z - [36mverbose[39m: Rendering page: /Users/damithch/Repos/nus-cs2103/cs2103-website-base/se-book-adapted/chapters/documentation.md
2026-08-04T19:42:30.569Z - [36mverbose[39m: Rendering page: /Users/damithch/Repos/nus-cs2103/cs2103-website-base/se-book-adapted/chapters/designPatterns.md
2026-08-04T19:42:30.649Z - [36mverbose[39m: Rendering page: /Users/damithch/Repos/nus-cs2103/cs2103-website-base/se-book-adapted/chapters/designFundamentals.md
2026-08-04T19:42:30.744Z - [36mverbose[39m: Rendering page: /Users/damithch/Repos/nus-cs2103/cs2103-website-base/se-book-adapted/chapters/designApproaches.md
2026-08-04T19:42:30.754Z - [36mverbose[39m: Rendering page: /Users/damithch/Repos/nus-cs2103/cs2103-website-base/se-book-adapted/chapters/design.md
2026-08-04T19:42:32.306Z - [36mverbose[39m: Rendering page: /Users/damithch/Repos/nus-cs2103/cs2103-website-base/se-book-adapted/chapters/debugging.md
2026-08-04T19:42:32.852Z - [36mverbose[39m: Rendering page: /Users/damithch/Repos/nus-cs2103/cs2103-website-base/se-book-adapted/chapters/cppToJava.md
2026-08-04T19:42:33.099Z - [36mverbose[39m: Rendering page: /Users/damithch/Repos/nus-cs2103/cs2103-website-base/se-book-adapted/chapters/codeQuality.md
2026-08-04T19:42:33.158Z - [36mverbose[39m: Rendering page: /Users/damithch/Repos/nus-cs2103/cs2103-website-base/se-book-adapted/chapters/architecture.md
2026-08-04T19:42:33.199Z - [36mverbose[39m: Rendering page: /Users/damithch/Repos/nus-cs2103/cs2103-website-base/se-book-adapted/index.md
2026-08-04T19:42:33.428Z - [36mverbose[39m: Rendering page: /Users/damithch/Repos/nus-cs2103/cs2103-website-base/book/about/acknowledgements.md
2026-08-04T19:42:33.469Z - [36mverbose[39m: Rendering page: /Users/damithch/Repos/nus-cs2103/cs2103-website-base/schedule/week9/tutorial.md
2026-08-04T19:42:33.479Z - [36mverbose[39m: Rendering page: /Users/damithch/Repos/nus-cs2103/cs2103-website-base/schedule/week8/tutorial.md
2026-08-04T19:42:33.519Z - [36mverbose[39m: Rendering page: /Users/damithch/Repos/nus-cs2103/cs2103-website-base/schedule/week7/tutorial.md
2026-08-04T19:42:34.049Z - [36mverbose[39m: Rendering page: /Users/damithch/Repos/nus-cs2103/cs2103-website-base/schedule/week6/tutorial.md
2026-08-04T19:42:34.486Z - [36mverbose[39m: Rendering page: /Users/damithch/Repos/nus-cs2103/cs2103-website-base/schedule/week5/tutorial.md
2026-08-04T19:42:34.519Z - [36mverbose[39m: Rendering page: /Users/damithch/Repos/nus-cs2103/cs2103-website-base/schedule/week4/tutorial.md
2026-08-04T19:42:34.526Z - [36mverbose[39m: Rendering page: /Users/damithch/Repos/nus-cs2103/cs2103-website-base/schedule/week3/tutorial.md
2026-08-04T19:42:34.562Z - [36mverbose[39m: Rendering page: /Users/damithch/Repos/nus-cs2103/cs2103-website-base/schedule/week2/tutorial.md
2026-08-04T19:42:34.618Z - [36mverbose[39m: Rendering page: /Users/damithch/Repos/nus-cs2103/cs2103-website-base/schedule/week13/tutorial.md
2026-08-04T19:42:34.770Z - [36mverbose[39m: Rendering page: /Users/damithch/Repos/nus-cs2103/cs2103-website-base/schedule/week12/tutorial.md
2026-08-04T19:42:34.778Z - [36mverbose[39m: Rendering page: /Users/damithch/Repos/nus-cs2103/cs2103-website-base/schedule/week11/tutorial.md
2026-08-04T19:42:35.504Z - [36mverbose[39m: Rendering page: /Users/damithch/Repos/nus-cs2103/cs2103-website-base/schedule/week10/tutorial.md
2026-08-04T19:42:36.148Z - [36mverbose[39m: Rendering page: /Users/damithch/Repos/nus-cs2103/cs2103-website-base/schedule/week1/tutorial.md
2026-08-04T19:42:36.591Z - [36mverbose[39m: Rendering page: /Users/damithch/Repos/nus-cs2103/cs2103-website-base/schedule/week9/topics.md
2026-08-04T19:42:36.640Z - [36mverbose[39m: Rendering page: /Users/damithch/Repos/nus-cs2103/cs2103-website-base/schedule/week8/topics.md
2026-08-04T19:42:37.834Z - [36mverbose[39m: Rendering page: /Users/damithch/Repos/nus-cs2103/cs2103-website-base/schedule/week7/topics.md
2026-08-04T19:42:38.648Z - [36mverbose[39m: Rendering page: /Users/damithch/Repos/nus-cs2103/cs2103-website-base/schedule/week6/topics.md
2026-08-04T19:42:38.683Z - [36mverbose[39m: Rendering page: /Users/damithch/Repos/nus-cs2103/cs2103-website-base/schedule/week5/topics.md
2026-08-04T19:42:39.003Z - [36mverbose[39m: Rendering page: /Users/damithch/Repos/nus-cs2103/cs2103-website-base/schedule/week3/topics.md
2026-08-04T19:42:39.035Z - [36mverbose[39m: Rendering page: /Users/damithch/Repos/nus-cs2103/cs2103-website-base/schedule/week4/topics.md
2026-08-04T19:42:39.076Z - [36mverbose[39m: Rendering page: /Users/damithch/Repos/nus-cs2103/cs2103-website-base/schedule/week2/topics.md
2026-08-04T19:42:39.100Z - [36mverbose[39m: Rendering page: /Users/damithch/Repos/nus-cs2103/cs2103-website-base/schedule/week13/topics.md
2026-08-04T19:42:41.071Z - [36mverbose[39m: Rendering page: /Users/damithch/Repos/nus-cs2103/cs2103-website-base/schedule/week12/topics.md
2026-08-04T19:42:41.076Z - [36mverbose[39m: Rendering page: /Users/damithch/Repos/nus-cs2103/cs2103-website-base/schedule/week11/topics.md
2026-08-04T19:42:41.896Z - [36mverbose[39m: Rendering page: /Users/damithch/Repos/nus-cs2103/cs2103-website-base/schedule/week10/topics.md
2026-08-04T19:42:42.934Z - [36mverbose[39m: Rendering page: /Users/damithch/Repos/nus-cs2103/cs2103-website-base/schedule/week1/topics.md
2026-08-04T19:42:43.027Z - [36mverbose[39m: Rendering page: /Users/damithch/Repos/nus-cs2103/cs2103-website-base/schedule/week9/project.md
2026-08-04T19:42:44.169Z - [36mverbose[39m: Rendering page: /Users/damithch/Repos/nus-cs2103/cs2103-website-base/schedule/week8/project.md
2026-08-04T19:42:47.200Z - [36mverbose[39m: Rendering page: /Users/damithch/Repos/nus-cs2103/cs2103-website-base/schedule/week7/project.md
2026-08-04T19:42:47.223Z - [36mverbose[39m: Rendering page: /Users/damithch/Repos/nus-cs2103/cs2103-website-base/schedule/week6/project.md
2026-08-04T19:42:48.403Z - [36mverbose[39m: Rendering page: /Users/damithch/Repos/nus-cs2103/cs2103-website-base/schedule/week5/project.md
2026-08-04T19:42:48.420Z - [36mverbose[39m: Rendering page: /Users/damithch/Repos/nus-cs2103/cs2103-website-base/schedule/week4/project.md
2026-08-04T19:42:49.368Z - [36mverbose[39m: Rendering page: /Users/damithch/Repos/nus-cs2103/cs2103-website-base/schedule/week3/project.md
2026-08-04T19:42:54.694Z - [34mdebug[39m: 
2026-08-04T19:42:54.694Z - [34mdebug[39m: 
2026-08-04T19:42:54.695Z - [36mverbose[39m: Rendering page: /Users/damithch/Repos/nus-cs2103/cs2103-website-base/schedule/week13/project.md
2026-08-04T19:42:54.701Z - [36mverbose[39m: Rendering page: /Users/damithch/Repos/nus-cs2103/cs2103-website-base/schedule/week12/project.md
2026-08-04T19:42:55.684Z - [36mverbose[39m: Rendering page: /Users/damithch/Repos/nus-cs2103/cs2103-website-base/schedule/week2/project.md
2026-08-04T19:42:55.710Z - [36mverbose[39m: Rendering page: /Users/damithch/Repos/nus-cs2103/cs2103-website-base/schedule/week11/project.md
2026-08-04T19:42:55.969Z - [36mverbose[39m: Rendering page: /Users/damithch/Repos/nus-cs2103/cs2103-website-base/schedule/week10/project.md
2026-08-04T19:42:55.987Z - [36mverbose[39m: Rendering page: /Users/damithch/Repos/nus-cs2103/cs2103-website-base/schedule/week1/project.md
2026-08-04T19:42:56.217Z - [36mverbose[39m: Rendering page: /Users/damithch/Repos/nus-cs2103/cs2103-website-base/schedule/week9/index.md
2026-08-04T19:42:56.734Z - [36mverbose[39m: Rendering page: /Users/damithch/Repos/nus-cs2103/cs2103-website-base/schedule/week8/index.md
2026-08-04T19:42:57.263Z - [36mverbose[39m: Rendering page: /Users/damithch/Repos/nus-cs2103/cs2103-website-base/schedule/week7/index.md
2026-08-04T19:42:57.270Z - [36mverbose[39m: Rendering page: /Users/damithch/Repos/nus-cs2103/cs2103-website-base/schedule/week6/index.md
2026-08-04T19:42:57.280Z - [36mverbose[39m: Rendering page: /Users/damithch/Repos/nus-cs2103/cs2103-website-base/schedule/week5/index.md
2026-08-04T19:42:57.536Z - [36mverbose[39m: Rendering page: /Users/damithch/Repos/nus-cs2103/cs2103-website-base/schedule/week4/index.md
2026-08-04T19:42:57.722Z - [36mverbose[39m: Rendering page: /Users/damithch/Repos/nus-cs2103/cs2103-website-base/schedule/week3/index.md
2026-08-04T19:42:57.920Z - [36mverbose[39m: Rendering page: /Users/damithch/Repos/nus-cs2103/cs2103-website-base/schedule/week2/index.md
2026-08-04T19:42:58.253Z - [36mverbose[39m: Rendering page: /Users/damithch/Repos/nus-cs2103/cs2103-website-base/schedule/week13/index.md
2026-08-04T19:42:58.260Z - [36mverbose[39m: Rendering page: /Users/damithch/Repos/nus-cs2103/cs2103-website-base/schedule/week12/index.md
2026-08-04T19:42:58.498Z - [36mverbose[39m: Rendering page: /Users/damithch/Repos/nus-cs2103/cs2103-website-base/schedule/week11/index.md
2026-08-04T19:42:58.665Z - [36mverbose[39m: Rendering page: /Users/damithch/Repos/nus-cs2103/cs2103-website-base/schedule/week10/index.md
2026-08-04T19:42:58.768Z - [36mverbose[39m: Rendering page: /Users/damithch/Repos/nus-cs2103/cs2103-website-base/schedule/week1/index.md
2026-08-04T19:42:58.814Z - [36mverbose[39m: Rendering page: /Users/damithch/Repos/nus-cs2103/cs2103-website-base/schedule/week9/admin.md
2026-08-04T19:42:58.919Z - [36mverbose[39m: Rendering page: /Users/damithch/Repos/nus-cs2103/cs2103-website-base/schedule/week8/admin.md
2026-08-04T19:42:59.249Z - [36mverbose[39m: Rendering page: /Users/damithch/Repos/nus-cs2103/cs2103-website-base/schedule/week7/admin.md
2026-08-04T19:42:59.352Z - [36mverbose[39m: Rendering page: /Users/damithch/Repos/nus-cs2103/cs2103-website-base/schedule/week6/admin.md
2026-08-04T19:42:59.844Z - [36mverbose[39m: Rendering page: /Users/damithch/Repos/nus-cs2103/cs2103-website-base/schedule/week5/admin.md
2026-08-04T19:42:59.856Z - [36mverbose[39m: Rendering page: /Users/damithch/Repos/nus-cs2103/cs2103-website-base/schedule/week4/admin.md
2026-08-04T19:43:00.176Z - [36mverbose[39m: Rendering page: /Users/damithch/Repos/nus-cs2103/cs2103-website-base/schedule/week3/admin.md
2026-08-04T19:43:00.351Z - [36mverbose[39m: Rendering page: /Users/damithch/Repos/nus-cs2103/cs2103-website-base/schedule/week13/admin.md
2026-08-04T19:43:00.597Z - [36mverbose[39m: Rendering page: /Users/damithch/Repos/nus-cs2103/cs2103-website-base/schedule/week2/admin.md
2026-08-04T19:43:00.613Z - [36mverbose[39m: Rendering page: /Users/damithch/Repos/nus-cs2103/cs2103-website-base/schedule/week12/admin.md
2026-08-04T19:43:04.416Z - [34mdebug[39m: 
2026-08-04T19:43:04.416Z - [36mverbose[39m: Rendering page: /Users/damithch/Repos/nus-cs2103/cs2103-website-base/schedule/week10/admin.md
2026-08-04T19:43:04.425Z - [36mverbose[39m: Rendering page: /Users/damithch/Repos/nus-cs2103/cs2103-website-base/schedule/week1/admin.md
2026-08-04T19:43:04.449Z - [36mverbose[39m: Rendering page: /Users/damithch/Repos/nus-cs2103/cs2103-website-base/schedule/timeline.md
2026-08-04T19:43:04.607Z - [36mverbose[39m: Rendering page: /Users/damithch/Repos/nus-cs2103/cs2103-website-base/schedule/week11/admin.md
2026-08-04T19:43:04.820Z - [36mverbose[39m: Rendering page: /Users/damithch/Repos/nus-cs2103/cs2103-website-base/schedule/index.md
2026-08-04T19:43:04.840Z - [36mverbose[39m: Rendering page: /Users/damithch/Repos/nus-cs2103/cs2103-website-base/projectDuke/text.md
2026-08-04T19:43:04.869Z - [36mverbose[39m: Rendering page: /Users/damithch/Repos/nus-cs2103/cs2103-website-base/projectDuke/print.md
2026-08-04T19:43:05.090Z - [36mverbose[39m: Rendering page: /Users/damithch/Repos/nus-cs2103/cs2103-website-base/projectDuke/path.md
2026-08-04T19:43:05.198Z - [36mverbose[39m: Rendering page: /Users/damithch/Repos/nus-cs2103/cs2103-website-base/projectDuke/index.md
2026-08-04T19:43:05.231Z - [36mverbose[39m: Rendering page: /Users/damithch/Repos/nus-cs2103/cs2103-website-base/admin/weeklySchedule.md
2026-08-04T19:43:05.237Z - [36mverbose[39m: Rendering page: /Users/damithch/Repos/nus-cs2103/cs2103-website-base/admin/usingThisWebsite.md
2026-08-04T19:43:05.252Z - [36mverbose[39m: Rendering page: /Users/damithch/Repos/nus-cs2103/cs2103-website-base/admin/uml-reference-sheet.md
2026-08-04T19:43:07.391Z - [36mverbose[39m: Rendering page: /Users/damithch/Repos/nus-cs2103/cs2103-website-base/admin/tutors-info.md
2026-08-04T19:43:07.398Z - [36mverbose[39m: Rendering page: /Users/damithch/Repos/nus-cs2103/cs2103-website-base/admin/tutorials.md
2026-08-04T19:43:07.412Z - [36mverbose[39m: Rendering page: /Users/damithch/Repos/nus-cs2103/cs2103-website-base/admin/tp-w9.md
2026-08-04T19:43:07.429Z - [36mverbose[39m: Rendering page: /Users/damithch/Repos/nus-cs2103/cs2103-website-base/admin/tp-w8.md
2026-08-04T19:43:10.593Z - [36mverbose[39m: Rendering page: /Users/damithch/Repos/nus-cs2103/cs2103-website-base/admin/tp-w7.md
2026-08-04T19:43:10.614Z - [36mverbose[39m: Rendering page: /Users/damithch/Repos/nus-cs2103/cs2103-website-base/admin/tp-w6.md
2026-08-04T19:43:10.634Z - [36mverbose[39m: Rendering page: /Users/damithch/Repos/nus-cs2103/cs2103-website-base/admin/tp-w5.md
2026-08-04T19:43:10.647Z - [36mverbose[39m: Rendering page: /Users/damithch/Repos/nus-cs2103/cs2103-website-base/admin/tp-w4.md
2026-08-04T19:43:13.656Z - [36mverbose[39m: Rendering page: /Users/damithch/Repos/nus-cs2103/cs2103-website-base/admin/tp-w3.md
2026-08-04T19:43:13.686Z - [36mverbose[39m: Rendering page: /Users/damithch/Repos/nus-cs2103/cs2103-website-base/admin/tp-w2.md
2026-08-04T19:43:13.696Z - [36mverbose[39m: Rendering page: /Users/damithch/Repos/nus-cs2103/cs2103-website-base/admin/tp-w13.md
2026-08-04T19:43:13.710Z - [36mverbose[39m: Rendering page: /Users/damithch/Repos/nus-cs2103/cs2103-website-base/admin/tp-w12.md
2026-08-04T19:43:18.473Z - [34mdebug[39m: 
2026-08-04T19:43:18.795Z - [34mdebug[39m: 
2026-08-04T19:43:18.866Z - [36mverbose[39m: Rendering page: /Users/damithch/Repos/nus-cs2103/cs2103-website-base/admin/tp-w11.md
2026-08-04T19:43:18.964Z - [36mverbose[39m: Rendering page: /Users/damithch/Repos/nus-cs2103/cs2103-website-base/admin/tp-w10.md
2026-08-04T19:43:18.987Z - [36mverbose[39m: Rendering page: /Users/damithch/Repos/nus-cs2103/cs2103-website-base/admin/tp-teams.md
2026-08-04T19:43:19.002Z - [36mverbose[39m: Rendering page: /Users/damithch/Repos/nus-cs2103/cs2103-website-base/admin/tp-timeline.md
2026-08-04T19:43:21.182Z - [36mverbose[39m: Rendering page: /Users/damithch/Repos/nus-cs2103/cs2103-website-base/admin/tp-supervision.md
2026-08-04T19:43:21.189Z - [36mverbose[39m: Rendering page: /Users/damithch/Repos/nus-cs2103/cs2103-website-base/admin/tp-pe.md
2026-08-04T19:43:21.234Z - [36mverbose[39m: Rendering page: /Users/damithch/Repos/nus-cs2103/cs2103-website-base/admin/tp-ped.md
2026-08-04T19:43:21.264Z - [36mverbose[39m: Rendering page: /Users/damithch/Repos/nus-cs2103/cs2103-website-base/admin/tp-overview.md
2026-08-04T19:43:21.988Z - [36mverbose[39m: Rendering page: /Users/damithch/Repos/nus-cs2103/cs2103-website-base/admin/tp-grading.md
2026-08-04T19:43:22.002Z - [36mverbose[39m: Rendering page: /Users/damithch/Repos/nus-cs2103/cs2103-website-base/admin/tp-expectations.md
2026-08-04T19:43:22.015Z - [36mverbose[39m: Rendering page: /Users/damithch/Repos/nus-cs2103/cs2103-website-base/admin/tp-deliverables.md
2026-08-04T19:43:22.030Z - [36mverbose[39m: Rendering page: /Users/damithch/Repos/nus-cs2103/cs2103-website-base/admin/tp-constraints.md
2026-08-04T19:43:22.170Z - [36mverbose[39m: Rendering page: /Users/damithch/Repos/nus-cs2103/cs2103-website-base/admin/tp-common-fragments.md
2026-08-04T19:43:22.176Z - [36mverbose[39m: Rendering page: /Users/damithch/Repos/nus-cs2103/cs2103-website-base/admin/tools.md
2026-08-04T19:43:22.187Z - [36mverbose[39m: Rendering page: /Users/damithch/Repos/nus-cs2103/cs2103-website-base/admin/textbooks.md
2026-08-04T19:43:22.218Z - [36mverbose[39m: Rendering page: /Users/damithch/Repos/nus-cs2103/cs2103-website-base/admin/teamList.md
2026-08-04T19:43:22.313Z - [36mverbose[39m: Rendering page: /Users/damithch/Repos/nus-cs2103/cs2103-website-base/admin/syllabus.md
2026-08-04T19:43:22.320Z - [36mverbose[39m: Rendering page: /Users/damithch/Repos/nus-cs2103/cs2103-website-base/admin/standardsAndConventions.md
2026-08-04T19:43:22.332Z - [36mverbose[39m: Rendering page: /Users/damithch/Repos/nus-cs2103/cs2103-website-base/admin/reposenseAuthorAnnotation.md
2026-08-04T19:43:22.430Z - [36mverbose[39m: Rendering page: /Users/damithch/Repos/nus-cs2103/cs2103-website-base/admin/programmingLanguages.md
2026-08-04T19:43:22.553Z - [36mverbose[39m: Rendering page: /Users/damithch/Repos/nus-cs2103/cs2103-website-base/admin/peerEvaluations.md
2026-08-04T19:43:22.568Z - [36mverbose[39m: Rendering page: /Users/damithch/Repos/nus-cs2103/cs2103-website-base/admin/participation.md
2026-08-04T19:43:22.577Z - [36mverbose[39m: Rendering page: /Users/damithch/Repos/nus-cs2103/cs2103-website-base/admin/overview-for-teachers.md
2026-08-04T19:43:22.591Z - [36mverbose[39m: Rendering page: /Users/damithch/Repos/nus-cs2103/cs2103-website-base/admin/mid-semester-survey-results.md
2026-08-04T19:43:23.351Z - [36mverbose[39m: Rendering page: /Users/damithch/Repos/nus-cs2103/cs2103-website-base/admin/lectures.md
2026-08-04T19:43:23.360Z - [36mverbose[39m: Rendering page: /Users/damithch/Repos/nus-cs2103/cs2103-website-base/admin/ip-w7.md
2026-08-04T19:43:23.368Z - [36mverbose[39m: Rendering page: /Users/damithch/Repos/nus-cs2103/cs2103-website-base/admin/ip-w8.md
2026-08-04T19:43:23.382Z - [36mverbose[39m: Rendering page: /Users/damithch/Repos/nus-cs2103/cs2103-website-base/admin/ip-w6.md
2026-08-04T19:43:26.429Z - [36mverbose[39m: Rendering page: /Users/damithch/Repos/nus-cs2103/cs2103-website-base/admin/ip-w5.md
2026-08-04T19:43:26.448Z - [36mverbose[39m: Rendering page: /Users/damithch/Repos/nus-cs2103/cs2103-website-base/admin/ip-w4.md
2026-08-04T19:43:26.465Z - [36mverbose[39m: Rendering page: /Users/damithch/Repos/nus-cs2103/cs2103-website-base/admin/ip-w3.md
2026-08-04T19:43:26.511Z - [36mverbose[39m: Rendering page: /Users/damithch/Repos/nus-cs2103/cs2103-website-base/admin/ip-w2.md
2026-08-04T19:43:26.722Z - [36mverbose[39m: Rendering page: /Users/damithch/Repos/nus-cs2103/cs2103-website-base/admin/ip-showcase.md
2026-08-04T19:43:26.755Z - [36mverbose[39m: Rendering page: /Users/damithch/Repos/nus-cs2103/cs2103-website-base/admin/ip-overview.md
2026-08-04T19:43:26.762Z - [36mverbose[39m: Rendering page: /Users/damithch/Repos/nus-cs2103/cs2103-website-base/admin/ip-grading.md
2026-08-04T19:43:26.822Z - [36mverbose[39m: Rendering page: /Users/damithch/Repos/nus-cs2103/cs2103-website-base/admin/instructors.md
2026-08-04T19:43:27.531Z - [36mverbose[39m: Rendering page: /Users/damithch/Repos/nus-cs2103/cs2103-website-base/admin/index.md
2026-08-04T19:43:27.543Z - [36mverbose[39m: Rendering page: /Users/damithch/Repos/nus-cs2103/cs2103-website-base/admin/exams-f2f.md
2026-08-04T19:43:27.550Z - [36mverbose[39m: Rendering page: /Users/damithch/Repos/nus-cs2103/cs2103-website-base/admin/exams.md
2026-08-04T19:43:27.567Z - [36mverbose[39m: Rendering page: /Users/damithch/Repos/nus-cs2103/cs2103-website-base/admin/gradeBreakdown.md
2026-08-04T19:43:27.681Z - [36mverbose[39m: Rendering page: /Users/damithch/Repos/nus-cs2103/cs2103-website-base/admin/exam-reference-sheet.md
2026-08-04T19:43:27.687Z - [36mverbose[39m: Rendering page: /Users/damithch/Repos/nus-cs2103/cs2103-website-base/admin/exam-pen-and-paper.md
2026-08-04T19:43:27.693Z - [36mverbose[39m: Rendering page: /Users/damithch/Repos/nus-cs2103/cs2103-website-base/admin/courseOverview.md
2026-08-04T19:43:27.732Z - [36mverbose[39m: Rendering page: /Users/damithch/Repos/nus-cs2103/cs2103-website-base/admin/courseExpectations.md
2026-08-04T19:43:27.812Z - [36mverbose[39m: Rendering page: /Users/damithch/Repos/nus-cs2103/cs2103-website-base/admin/courseBriefings.md
2026-08-04T19:43:27.822Z - [36mverbose[39m: Rendering page: /Users/damithch/Repos/nus-cs2103/cs2103-website-base/admin/appendixH-tipsFromStudents.md
2026-08-04T19:43:27.835Z - [36mverbose[39m: Rendering page: /Users/damithch/Repos/nus-cs2103/cs2103-website-base/admin/appendixG-troubleshooting.md
2026-08-04T19:43:27.880Z - [36mverbose[39m: Rendering page: /Users/damithch/Repos/nus-cs2103/cs2103-website-base/admin/appendixG-CS2103R.md
2026-08-04T19:43:28.136Z - [36mverbose[39m: Rendering page: /Users/damithch/Repos/nus-cs2103/cs2103-website-base/admin/appendixF-teamworkIssues.md
2026-08-04T19:43:28.150Z - [36mverbose[39m: Rendering page: /Users/damithch/Repos/nus-cs2103/cs2103-website-base/admin/appendixD-help.md
2026-08-04T19:43:28.159Z - [36mverbose[39m: Rendering page: /Users/damithch/Repos/nus-cs2103/cs2103-website-base/admin/appendixE-gitHub.md
2026-08-04T19:43:28.178Z - [32minfo[39m: Pages built
2026-08-04T19:43:28.288Z - [32minfo[39m: Site data built
2026-08-04T19:43:28.288Z - [32minfo[39m: Website generation complete! Total build time: 106.37s
2026-08-04T19:43:28.288Z - [32minfo[39m: Build success!
2026-08-04T19:44:04.610Z - [32minfo[39m: GitHub Actions deployment initiated. Check status at: https://github.com/NUS-CS2103-AY2627-S1/website/actions
2026-08-04T19:44:04.611Z - [32minfo[39m: The website will be deployed at: https://NUS-CS2103-AY2627-S1.github.io/website
2026-08-05T07:39:55.252Z - [32minfo[39m: Website generation (lazy) started at 15:39:54
2026-08-05T07:39:55.967Z - [32minfo[39m: Building assets...
2026-08-05T07:39:56.387Z - [32minfo[39m: Assets built
2026-08-05T07:39:56.388Z - [32minfo[39m: Generating landing page...
2026-08-05T07:39:56.622Z - [36mverbose[39m: Rendering page: /Users/damithch/Repos/nus-cs2103/cs2103-website-base/index.md
2026-08-05T07:39:56.651Z - [32minfo[39m: Landing page built, other pages will be built as you navigate to them!
2026-08-05T07:39:56.750Z - [32minfo[39m: Site data built
2026-08-05T07:39:56.751Z - [32minfo[39m: Website generation (lazy) complete! Total build time: 2.015s
2026-08-05T07:39:56.762Z - [32minfo[39m: Serving "/Users/damithch/Repos/nus-cs2103/cs2103-website-base/_site" at http://127.0.0.1:8080
2026-08-05T07:39:56.763Z - [32minfo[39m: Press CTRL+C to stop ...
2026-08-05T07:40:10.941Z - [32minfo[39m: Building /Users/damithch/Repos/nus-cs2103/cs2103-website-base/se-book-adapted/index as some of its dependencies were changed since the last visit
2026-08-05T07:40:11.128Z - [36mverbose[39m: Rendering page: /Users/damithch/Repos/nus-cs2103/cs2103-website-base/se-book-adapted/index.md
2026-08-05T07:40:11.155Z - [32minfo[39m: Site data built
2026-08-05T07:40:11.156Z - [32minfo[39m: Lazy website regeneration complete! Total build time: 0.214s
2026-08-05T07:40:18.595Z - [32minfo[39m: Building /Users/damithch/Repos/nus-cs2103/cs2103-website-base/admin/ip-w2 as some of its dependencies were changed since the last visit
2026-08-05T07:40:19.694Z - [36mverbose[39m: Rendering page: /Users/damithch/Repos/nus-cs2103/cs2103-website-base/admin/ip-w2.md
2026-08-05T07:40:19.728Z - [32minfo[39m: Site data built
2026-08-05T07:40:19.728Z - [32minfo[39m: Lazy website regeneration complete! Total build time: 1.135s
2026-08-05T08:14:22.819Z - [32minfo[39m: Building /Users/damithch/Repos/nus-cs2103/cs2103-website-base/admin/ip-w8 as some of its dependencies were changed since the last visit
2026-08-05T08:14:23.119Z - [36mverbose[39m: Rendering page: /Users/damithch/Repos/nus-cs2103/cs2103-website-base/admin/ip-w8.md
2026-08-05T08:14:23.133Z - [32minfo[39m: Site data built
2026-08-05T08:14:23.133Z - [32minfo[39m: Lazy website regeneration complete! Total build time: 0.315s
2026-08-05T08:14:28.883Z - [32minfo[39m: Building /Users/damithch/Repos/nus-cs2103/cs2103-website-base/admin/ip-w7 as some of its dependencies were changed since the last visit
2026-08-05T08:14:29.052Z - [36mverbose[39m: Rendering page: /Users/damithch/Repos/nus-cs2103/cs2103-website-base/admin/ip-w7.md
2026-08-05T08:14:29.071Z - [32minfo[39m: Site data built
2026-08-05T08:14:29.071Z - [32minfo[39m: Lazy website regeneration complete! Total build time: 0.189s
2026-08-05T08:14:46.505Z - [32minfo[39m: Building /Users/damithch/Repos/nus-cs2103/cs2103-website-base/admin/ip-w6 as some of its dependencies were changed since the last visit
2026-08-05T08:14:47.141Z - [36mverbose[39m: Rendering page: /Users/damithch/Repos/nus-cs2103/cs2103-website-base/admin/ip-w6.md
2026-08-05T08:14:47.164Z - [32minfo[39m: Site data built
2026-08-05T08:14:47.164Z - [32minfo[39m: Lazy website regeneration complete! Total build time: 0.66s
2026-08-05T08:19:35.816Z - [32minfo[39m: [16:19:35] Reload for file change: /Users/damithch/Repos/nus-cs2103/cs2103-website-base/common/macros.njk
2026-08-05T08:19:35.829Z - [32minfo[39m: Synchronizing opened pages list before reload
2026-08-05T08:19:35.830Z - [32minfo[39m: Current opened pages, from most-to-least recent:
2026-08-05T08:19:35.830Z - [32minfo[39m: 1. admin/ip-w6
2026-08-05T08:19:35.842Z - [32minfo[39m: [16:19:35] Reload for file change: /Users/damithch/Repos/nus-cs2103/cs2103-website-base/admin/ip-tasks-fragment.md
2026-08-05T08:19:35.842Z - [32minfo[39m: Synchronizing opened pages list before reload
2026-08-05T08:19:35.842Z - [32minfo[39m: Current opened pages, from most-to-least recent:
2026-08-05T08:19:35.842Z - [32minfo[39m: 1. admin/ip-w6
2026-08-05T08:19:37.035Z - [32minfo[39m: Rebuilding 1 pages
2026-08-05T08:19:37.043Z - [33mwarn[39m: Error: Error while generating /Users/damithch/Repos/nus-cs2103/cs2103-website-base/admin/ip-w6.md: Template render error: (/Users/damithch/Repos/nus-cs2103/cs2103-website-base/admin/ip-w6.md)
  Template render error: (/Users/damithch/Repos/nus-cs2103/cs2103-website-base/admin/ip-w6.md) [Line 989, Column 8]
  unexpected token: }}
    at SiteGenerationManager.<anonymous> (file:///opt/homebrew/lib/node_modules/markbind-cli/node_modules/@markbind/core/src/Site/SiteGenerationManager.js:565:27)
    at Generator.throw (<anonymous>)
    at rejected (file:///opt/homebrew/lib/node_modules/markbind-cli/node_modules/@markbind/core/src/Site/SiteGenerationManager.js:5:65)
2026-08-05T08:19:44.426Z - [32minfo[39m: [16:19:44] Reload for file change: /Users/damithch/Repos/nus-cs2103/cs2103-website-base/admin/ip-tasks-fragment.md
2026-08-05T08:19:44.427Z - [32minfo[39m: Synchronizing opened pages list before reload
2026-08-05T08:19:44.428Z - [32minfo[39m: No pages are currently opened
2026-08-05T08:19:45.437Z - [32minfo[39m: No pages needed to be rebuilt
2026-08-05T08:20:17.417Z - [32minfo[39m: Website generation (lazy) started at 16:20:17
2026-08-05T08:20:17.971Z - [32minfo[39m: Building assets...
2026-08-05T08:20:18.391Z - [32minfo[39m: Assets built
2026-08-05T08:20:18.392Z - [32minfo[39m: Generating landing page...
2026-08-05T08:20:18.627Z - [36mverbose[39m: Rendering page: /Users/damithch/Repos/nus-cs2103/cs2103-website-base/index.md
2026-08-05T08:20:18.657Z - [32minfo[39m: Landing page built, other pages will be built as you navigate to them!
2026-08-05T08:20:18.737Z - [32minfo[39m: Site data built
2026-08-05T08:20:18.737Z - [32minfo[39m: Website generation (lazy) complete! Total build time: 1.353s
2026-08-05T08:20:18.748Z - [32minfo[39m: Serving "/Users/damithch/Repos/nus-cs2103/cs2103-website-base/_site" at http://127.0.0.1:8080
2026-08-05T08:20:18.748Z - [32minfo[39m: Press CTRL+C to stop ...
2026-08-05T08:20:22.198Z - [32minfo[39m: Building /Users/damithch/Repos/nus-cs2103/cs2103-website-base/admin/ip-w6 as some of its dependencies were changed since the last visit
2026-08-05T08:20:22.856Z - [36mverbose[39m: Rendering page: /Users/damithch/Repos/nus-cs2103/cs2103-website-base/admin/ip-w6.md
2026-08-05T08:20:22.891Z - [32minfo[39m: Site data built
2026-08-05T08:20:22.891Z - [32minfo[39m: Lazy website regeneration complete! Total build time: 0.695s
2026-08-05T08:21:58.826Z - [32minfo[39m: [16:21:58] Reload for file change: /Users/damithch/Repos/nus-cs2103/cs2103-website-base/common/macros.njk
2026-08-05T08:21:58.830Z - [32minfo[39m: Synchronizing opened pages list before reload
2026-08-05T08:21:58.833Z - [32minfo[39m: Current opened pages, from most-to-least recent:
2026-08-05T08:21:58.833Z - [32minfo[39m: 1. admin/ip-w6
2026-08-05T08:21:58.834Z - [32minfo[39m: [16:21:58] Reload for file change: /Users/damithch/Repos/nus-cs2103/cs2103-website-base/admin/ip-tasks-fragment.md
2026-08-05T08:21:58.834Z - [32minfo[39m: Synchronizing opened pages list before reload
2026-08-05T08:21:58.834Z - [32minfo[39m: Current opened pages, from most-to-least recent:
2026-08-05T08:21:58.834Z - [32minfo[39m: 1. admin/ip-w6
2026-08-05T08:21:59.935Z - [32minfo[39m: Rebuilding 1 pages
2026-08-05T08:22:00.522Z - [36mverbose[39m: Rendering page: /Users/damithch/Repos/nus-cs2103/cs2103-website-base/admin/ip-w6.md
2026-08-05T08:22:00.546Z - [32minfo[39m: Site data built
2026-08-05T08:22:00.547Z - [32minfo[39m: Pages rebuilt
2026-08-05T08:22:00.547Z - [32minfo[39m: Website regeneration complete! Total build time: 0.613s
2026-08-05T08:22:29.225Z - [32minfo[39m: Building /Users/damithch/Repos/nus-cs2103/cs2103-website-base/admin/ip-w2 as some of its dependencies were changed since the last visit
2026-08-05T08:22:30.296Z - [36mverbose[39m: Rendering page: /Users/damithch/Repos/nus-cs2103/cs2103-website-base/admin/ip-w2.md
2026-08-05T08:22:30.331Z - [32minfo[39m: Site data built
2026-08-05T08:22:30.331Z - [32minfo[39m: Lazy website regeneration complete! Total build time: 1.107s
2026-08-05T08:23:37.888Z - [32minfo[39m: [16:23:37] Reload for file change: /Users/damithch/Repos/nus-cs2103/cs2103-website-base/admin/ip-tasks-fragment.md
2026-08-05T08:23:37.890Z - [32minfo[39m: Synchronizing opened pages list before reload
2026-08-05T08:23:37.895Z - [32minfo[39m: Current opened pages, from most-to-least recent:
2026-08-05T08:23:37.895Z - [32minfo[39m: 1. admin/ip-w2
2026-08-05T08:23:38.901Z - [32minfo[39m: Rebuilding 1 pages
2026-08-05T08:23:39.947Z - [36mverbose[39m: Rendering page: /Users/damithch/Repos/nus-cs2103/cs2103-website-base/admin/ip-w2.md
2026-08-05T08:23:39.980Z - [32minfo[39m: Site data built
2026-08-05T08:23:39.980Z - [32minfo[39m: Pages rebuilt
2026-08-05T08:23:39.980Z - [32minfo[39m: Website regeneration complete! Total build time: 1.082s
2026-08-05T08:24:24.270Z - [32minfo[39m: [16:24:24] Reload for file change: /Users/damithch/Repos/nus-cs2103/cs2103-website-base/admin/ip-tasks-fragment.md
2026-08-05T08:24:24.271Z - [32minfo[39m: Synchronizing opened pages list before reload
2026-08-05T08:24:24.272Z - [32minfo[39m: Current opened pages, from most-to-least recent:
2026-08-05T08:24:24.272Z - [32minfo[39m: 1. admin/ip-w2
2026-08-05T08:24:25.278Z - [32minfo[39m: Rebuilding 1 pages
2026-08-05T08:24:26.535Z - [36mverbose[39m: Rendering page: /Users/damithch/Repos/nus-cs2103/cs2103-website-base/admin/ip-w2.md
2026-08-05T08:24:26.579Z - [32minfo[39m: Site data built
2026-08-05T08:24:26.579Z - [32minfo[39m: Pages rebuilt
2026-08-05T08:24:26.579Z - [32minfo[39m: Website regeneration complete! Total build time: 1.305s
2026-08-05T08:24:31.070Z - [32minfo[39m: [16:24:31] Reload for file change: /Users/damithch/Repos/nus-cs2103/cs2103-website-base/admin/ip-tasks-fragment.md
2026-08-05T08:24:31.073Z - [32minfo[39m: Synchronizing opened pages list before reload
2026-08-05T08:24:31.075Z - [32minfo[39m: Current opened pages, from most-to-least recent:
2026-08-05T08:24:31.075Z - [32minfo[39m: 1. admin/ip-w2
2026-08-05T08:24:32.081Z - [32minfo[39m: Rebuilding 1 pages
2026-08-05T08:24:33.025Z - [36mverbose[39m: Rendering page: /Users/damithch/Repos/nus-cs2103/cs2103-website-base/admin/ip-w2.md
2026-08-05T08:24:33.055Z - [32minfo[39m: Site data built
2026-08-05T08:24:33.055Z - [32minfo[39m: Pages rebuilt
2026-08-05T08:24:33.055Z - [32minfo[39m: Website regeneration complete! Total build time: 0.979s
2026-08-05T08:25:08.655Z - [32minfo[39m: [16:25:08] Reload for file change: /Users/damithch/Repos/nus-cs2103/cs2103-website-base/admin/ip-tasks-fragment.md
2026-08-05T08:25:08.658Z - [32minfo[39m: Synchronizing opened pages list before reload
2026-08-05T08:25:08.659Z - [32minfo[39m: Current opened pages, from most-to-least recent:
2026-08-05T08:25:08.659Z - [32minfo[39m: 1. admin/ip-w2
2026-08-05T08:25:09.673Z - [32minfo[39m: Rebuilding 1 pages
2026-08-05T08:25:10.750Z - [36mverbose[39m: Rendering page: /Users/damithch/Repos/nus-cs2103/cs2103-website-base/admin/ip-w2.md
2026-08-05T08:25:10.783Z - [32minfo[39m: Site data built
2026-08-05T08:25:10.783Z - [32minfo[39m: Pages rebuilt
2026-08-05T08:25:10.783Z - [32minfo[39m: Website regeneration complete! Total build time: 1.12s
2026-08-05T08:25:44.352Z - [32minfo[39m: [16:25:44] Reload for file change: /Users/damithch/Repos/nus-cs2103/cs2103-website-base/admin/ip-tasks-fragment.md
2026-08-05T08:25:44.360Z - [32minfo[39m: Synchronizing opened pages list before reload
2026-08-05T08:25:44.364Z - [32minfo[39m: Current opened pages, from most-to-least recent:
2026-08-05T08:25:44.365Z - [32minfo[39m: 1. admin/ip-w2
2026-08-05T08:25:45.374Z - [32minfo[39m: Rebuilding 1 pages
2026-08-05T08:25:46.392Z - [36mverbose[39m: Rendering page: /Users/damithch/Repos/nus-cs2103/cs2103-website-base/admin/ip-w2.md
2026-08-05T08:25:46.425Z - [32minfo[39m: Site data built
2026-08-05T08:25:46.425Z - [32minfo[39m: Pages rebuilt
2026-08-05T08:25:46.425Z - [32minfo[39m: Website regeneration complete! Total build time: 1.056s
2026-08-05T08:26:45.489Z - [32minfo[39m: [16:26:45] Reload for file change: /Users/damithch/Repos/nus-cs2103/cs2103-website-base/admin/ip-tasks-fragment.md
2026-08-05T08:26:45.497Z - [32minfo[39m: Synchronizing opened pages list before reload
2026-08-05T08:26:45.500Z - [32minfo[39m: Current opened pages, from most-to-least recent:
2026-08-05T08:26:45.501Z - [32minfo[39m: 1. admin/ip-w2
2026-08-05T08:26:46.509Z - [32minfo[39m: Rebuilding 1 pages
2026-08-05T08:26:47.566Z - [36mverbose[39m: Rendering page: /Users/damithch/Repos/nus-cs2103/cs2103-website-base/admin/ip-w2.md
2026-08-05T08:26:47.599Z - [32minfo[39m: Site data built
2026-08-05T08:26:47.600Z - [32minfo[39m: Pages rebuilt
2026-08-05T08:26:47.600Z - [32minfo[39m: Website regeneration complete! Total build time: 1.094s
2026-08-05T08:27:16.015Z - [32minfo[39m: [16:27:16] Reload for file change: /Users/damithch/Repos/nus-cs2103/cs2103-website-base/admin/ip-tasks-fragment.md
2026-08-05T08:27:16.019Z - [32minfo[39m: Synchronizing opened pages list before reload
2026-08-05T08:27:16.021Z - [32minfo[39m: Current opened pages, from most-to-least recent:
2026-08-05T08:27:16.022Z - [32minfo[39m: 1. admin/ip-w2
2026-08-05T08:27:17.026Z - [32minfo[39m: Rebuilding 1 pages
2026-08-05T08:27:18.082Z - [36mverbose[39m: Rendering page: /Users/damithch/Repos/nus-cs2103/cs2103-website-base/admin/ip-w2.md
2026-08-05T08:27:18.114Z - [32minfo[39m: Site data built
2026-08-05T08:27:18.114Z - [32minfo[39m: Pages rebuilt
2026-08-05T08:27:18.114Z - [32minfo[39m: Website regeneration complete! Total build time: 1.091s
2026-08-05T08:29:34.349Z - [32minfo[39m: Building /Users/damithch/Repos/nus-cs2103/cs2103-website-base/admin/programmingLanguages as some of its dependencies were changed since the last visit
2026-08-05T08:29:34.466Z - [36mverbose[39m: Rendering page: /Users/damithch/Repos/nus-cs2103/cs2103-website-base/admin/programmingLanguages.md
2026-08-05T08:29:34.493Z - [32minfo[39m: Site data built
2026-08-05T08:29:34.494Z - [32minfo[39m: Lazy website regeneration complete! Total build time: 0.147s
2026-08-05T08:32:04.852Z - [32minfo[39m: [16:32:04] Reload for file change: /Users/damithch/Repos/nus-cs2103/cs2103-website-base/admin/programmingLanguages.md
2026-08-05T08:32:04.857Z - [32minfo[39m: Synchronizing opened pages list before reload
2026-08-05T08:32:04.863Z - [32minfo[39m: Current opened pages, from most-to-least recent:
2026-08-05T08:32:04.863Z - [32minfo[39m: 1. admin/programmingLanguages
2026-08-05T08:32:05.874Z - [32minfo[39m: Rebuilding 1 pages
2026-08-05T08:32:05.995Z - [36mverbose[39m: Rendering page: /Users/damithch/Repos/nus-cs2103/cs2103-website-base/admin/programmingLanguages.md
2026-08-05T08:32:06.019Z - [32minfo[39m: Site data built
2026-08-05T08:32:06.019Z - [32minfo[39m: Pages rebuilt
2026-08-05T08:32:06.020Z - [32minfo[39m: Website regeneration complete! Total build time: 0.15s
2026-08-05T08:34:11.713Z - [32minfo[39m: [16:34:11] Reload for file change: /Users/damithch/Repos/nus-cs2103/cs2103-website-base/admin/programmingLanguages.md
2026-08-05T08:34:11.719Z - [32minfo[39m: Synchronizing opened pages list before reload
2026-08-05T08:34:11.722Z - [32minfo[39m: Current opened pages, from most-to-least recent:
2026-08-05T08:34:11.722Z - [32minfo[39m: 1. admin/programmingLanguages
2026-08-05T08:34:12.728Z - [32minfo[39m: Rebuilding 1 pages
2026-08-05T08:34:12.833Z - [36mverbose[39m: Rendering page: /Users/damithch/Repos/nus-cs2103/cs2103-website-base/admin/programmingLanguages.md
2026-08-05T08:34:12.857Z - [32minfo[39m: Site data built
2026-08-05T08:34:12.858Z - [32minfo[39m: Pages rebuilt
2026-08-05T08:34:12.858Z - [32minfo[39m: Website regeneration complete! Total build time: 0.133s
2026-08-05T08:35:07.731Z - [32minfo[39m: [16:35:07] Reload for file change: /Users/damithch/Repos/nus-cs2103/cs2103-website-base/admin/programmingLanguages.md
2026-08-05T08:35:07.745Z - [32minfo[39m: Synchronizing opened pages list before reload
2026-08-05T08:35:07.751Z - [32minfo[39m: Current opened pages, from most-to-least recent:
2026-08-05T08:35:07.755Z - [32minfo[39m: 1. admin/programmingLanguages
2026-08-05T08:35:08.768Z - [32minfo[39m: Rebuilding 1 pages
2026-08-05T08:35:08.907Z - [36mverbose[39m: Rendering page: /Users/damithch/Repos/nus-cs2103/cs2103-website-base/admin/programmingLanguages.md
2026-08-05T08:35:08.929Z - [32minfo[39m: Site data built
2026-08-05T08:35:08.929Z - [32minfo[39m: Pages rebuilt
2026-08-05T08:35:08.929Z - [32minfo[39m: Website regeneration complete! Total build time: 0.168s
2026-08-05T08:38:05.311Z - [32minfo[39m: Building /Users/damithch/Repos/nus-cs2103/cs2103-website-base/admin/ip-w2 as some of its dependencies were changed since the last visit
2026-08-05T08:38:06.431Z - [36mverbose[39m: Rendering page: /Users/damithch/Repos/nus-cs2103/cs2103-website-base/admin/ip-w2.md
2026-08-05T08:38:06.464Z - [32minfo[39m: Site data built
2026-08-05T08:38:06.464Z - [32minfo[39m: Lazy website regeneration complete! Total build time: 1.155s
2026-08-05T08:39:17.357Z - [32minfo[39m: [16:39:17] Reload for file change: /Users/damithch/Repos/nus-cs2103/cs2103-website-base/admin/ip-tasks-fragment.md
2026-08-05T08:39:17.364Z - [32minfo[39m: Synchronizing opened pages list before reload
2026-08-05T08:39:17.366Z - [32minfo[39m: Current opened pages, from most-to-least recent:
2026-08-05T08:39:17.366Z - [32minfo[39m: 1. admin/ip-w2
2026-08-05T08:39:18.376Z - [32minfo[39m: Rebuilding 1 pages
2026-08-05T08:39:19.443Z - [36mverbose[39m: Rendering page: /Users/damithch/Repos/nus-cs2103/cs2103-website-base/admin/ip-w2.md
2026-08-05T08:39:19.476Z - [32minfo[39m: Site data built
2026-08-05T08:39:19.476Z - [32minfo[39m: Pages rebuilt
2026-08-05T08:39:19.476Z - [32minfo[39m: Website regeneration complete! Total build time: 1.104s
2026-08-05T08:40:28.893Z - [32minfo[39m: [16:40:28] Reload for file change: /Users/damithch/Repos/nus-cs2103/cs2103-website-base/admin/ip-tasks-fragment.md
2026-08-05T08:40:28.899Z - [32minfo[39m: Synchronizing opened pages list before reload
2026-08-05T08:40:28.900Z - [32minfo[39m: Current opened pages, from most-to-least recent:
2026-08-05T08:40:28.900Z - [32minfo[39m: 1. admin/ip-w2
2026-08-05T08:40:29.907Z - [32minfo[39m: Rebuilding 1 pages
2026-08-05T08:40:31.041Z - [36mverbose[39m: Rendering page: /Users/damithch/Repos/nus-cs2103/cs2103-website-base/admin/ip-w2.md
2026-08-05T08:40:31.077Z - [32minfo[39m: Site data built
2026-08-05T08:40:31.077Z - [32minfo[39m: Pages rebuilt
2026-08-05T08:40:31.077Z - [32minfo[39m: Website regeneration complete! Total build time: 1.174s
2026-08-05T08:43:42.338Z - [32minfo[39m: [16:43:42] Reload for file change: /Users/damithch/Repos/nus-cs2103/cs2103-website-base/admin/policies-fragment.md
2026-08-05T08:43:42.345Z - [32minfo[39m: Synchronizing opened pages list before reload
2026-08-05T08:43:42.349Z - [32minfo[39m: Current opened pages, from most-to-least recent:
2026-08-05T08:43:42.350Z - [32minfo[39m: 1. admin/ip-w2
2026-08-05T08:43:43.366Z - [32minfo[39m: Rebuilding 1 pages
2026-08-05T08:43:44.428Z - [36mverbose[39m: Rendering page: /Users/damithch/Repos/nus-cs2103/cs2103-website-base/admin/ip-w2.md
2026-08-05T08:43:44.461Z - [32minfo[39m: Site data built
2026-08-05T08:43:44.461Z - [32minfo[39m: Pages rebuilt
2026-08-05T08:43:44.461Z - [32minfo[39m: Website regeneration complete! Total build time: 1.101s
2026-08-05T08:46:55.309Z - [32minfo[39m: [16:46:55] Reload for file change: /Users/damithch/Repos/nus-cs2103/cs2103-website-base/admin/policies-fragment.md
2026-08-05T08:46:55.312Z - [32minfo[39m: Synchronizing opened pages list before reload
2026-08-05T08:46:55.320Z - [32minfo[39m: Current opened pages, from most-to-least recent:
2026-08-05T08:46:55.321Z - [32minfo[39m: 1. admin/ip-w2
2026-08-05T08:46:56.334Z - [32minfo[39m: Rebuilding 1 pages
2026-08-05T08:46:57.424Z - [36mverbose[39m: Rendering page: /Users/damithch/Repos/nus-cs2103/cs2103-website-base/admin/ip-w2.md
2026-08-05T08:46:57.458Z - [32minfo[39m: Site data built
2026-08-05T08:46:57.458Z - [32minfo[39m: Pages rebuilt
2026-08-05T08:46:57.458Z - [32minfo[39m: Website regeneration complete! Total build time: 1.13s
2026-08-05T08:48:01.028Z - [32minfo[39m: [16:48:01] Reload for file change: /Users/damithch/Repos/nus-cs2103/cs2103-website-base/admin/index-tic2002-fragment.md
2026-08-05T08:48:01.030Z - [32minfo[39m: Synchronizing opened pages list before reload
2026-08-05T08:48:01.031Z - [32minfo[39m: Current opened pages, from most-to-least recent:
2026-08-05T08:48:01.031Z - [32minfo[39m: 1. admin/ip-w2
2026-08-05T08:48:01.039Z - [32minfo[39m: [16:48:01] Reload for file change: /Users/damithch/Repos/nus-cs2103/cs2103-website-base/admin/policies-fragment.md
2026-08-05T08:48:01.039Z - [32minfo[39m: Synchronizing opened pages list before reload
2026-08-05T08:48:01.039Z - [32minfo[39m: Current opened pages, from most-to-least recent:
2026-08-05T08:48:01.039Z - [32minfo[39m: 1. admin/ip-w2
2026-08-05T08:48:01.123Z - [32minfo[39m: [16:48:01] Reload for file change: /Users/damithch/Repos/nus-cs2103/cs2103-website-base/admin/index-tic2002-fragment.md
2026-08-05T08:48:01.123Z - [32minfo[39m: Synchronizing opened pages list before reload
2026-08-05T08:48:01.123Z - [32minfo[39m: Current opened pages, from most-to-least recent:
2026-08-05T08:48:01.123Z - [32minfo[39m: 1. admin/ip-w2
2026-08-05T08:48:01.124Z - [32minfo[39m: [16:48:01] Reload for file change: /Users/damithch/Repos/nus-cs2103/cs2103-website-base/admin/index-tee3201-fragment.md
2026-08-05T08:48:01.124Z - [32minfo[39m: Synchronizing opened pages list before reload
2026-08-05T08:48:01.124Z - [32minfo[39m: Current opened pages, from most-to-least recent:
2026-08-05T08:48:01.124Z - [32minfo[39m: 1. admin/ip-w2
2026-08-05T08:48:02.041Z - [32minfo[39m: Assets built
2026-08-05T08:48:02.045Z - [32minfo[39m: Rebuilding 1 pages
2026-08-05T08:48:03.080Z - [36mverbose[39m: Rendering page: /Users/damithch/Repos/nus-cs2103/cs2103-website-base/admin/ip-w2.md
2026-08-05T08:48:03.114Z - [32minfo[39m: Site data built
2026-08-05T08:48:03.114Z - [32minfo[39m: Pages rebuilt
2026-08-05T08:48:03.114Z - [32minfo[39m: Website regeneration complete! Total build time: 1.072s
2026-08-05T09:02:30.720Z - [32minfo[39m: Building /Users/damithch/Repos/nus-cs2103/cs2103-website-base/admin/appendixC-faq as some of its dependencies were changed since the last visit
2026-08-05T09:02:33.267Z - [36mverbose[39m: Rendering page: /Users/damithch/Repos/nus-cs2103/cs2103-website-base/admin/appendixC-faq.md
2026-08-05T09:02:33.334Z - [32minfo[39m: Site data built
2026-08-05T09:02:33.334Z - [32minfo[39m: Lazy website regeneration complete! Total build time: 2.615s
2026-08-05T09:06:46.655Z - [32minfo[39m: [17:06:46] Reload for file change: /Users/damithch/Repos/nus-cs2103/cs2103-website-base/admin/faq-fragment.md
2026-08-05T09:06:46.657Z - [32minfo[39m: Synchronizing opened pages list before reload
2026-08-05T09:06:46.658Z - [32minfo[39m: Current opened pages, from most-to-least recent:
2026-08-05T09:06:46.658Z - [32minfo[39m: 1. admin/appendixC-faq
2026-08-05T09:06:47.666Z - [32minfo[39m: Rebuilding 1 pages
2026-08-05T09:06:50.197Z - [36mverbose[39m: Rendering page: /Users/damithch/Repos/nus-cs2103/cs2103-website-base/admin/appendixC-faq.md
2026-08-05T09:06:50.263Z - [32minfo[39m: Site data built
2026-08-05T09:06:50.263Z - [32minfo[39m: Pages rebuilt
2026-08-05T09:06:50.263Z - [32minfo[39m: Website regeneration complete! Total build time: 2.602s
2026-08-05T09:08:46.934Z - [32minfo[39m: [17:08:46] Reload for file change: /Users/damithch/Repos/nus-cs2103/cs2103-website-base/admin/faq-fragment.md
2026-08-05T09:08:46.939Z - [32minfo[39m: Synchronizing opened pages list before reload
2026-08-05T09:08:46.939Z - [32minfo[39m: Current opened pages, from most-to-least recent:
2026-08-05T09:08:46.940Z - [32minfo[39m: 1. admin/appendixC-faq
2026-08-05T09:08:46.946Z - [32minfo[39m: [17:08:46] Reload for file change: /Users/damithch/Repos/nus-cs2103/cs2103-website-base/admin/policies-fragment.md
2026-08-05T09:08:46.946Z - [32minfo[39m: Synchronizing opened pages list before reload
2026-08-05T09:08:46.946Z - [32minfo[39m: Current opened pages, from most-to-least recent:
2026-08-05T09:08:46.946Z - [32minfo[39m: 1. admin/appendixC-faq
2026-08-05T09:08:47.946Z - [32minfo[39m: Rebuilding 1 pages
2026-08-05T09:08:50.544Z - [36mverbose[39m: Rendering page: /Users/damithch/Repos/nus-cs2103/cs2103-website-base/admin/appendixC-faq.md
2026-08-05T09:08:50.609Z - [32minfo[39m: Site data built
2026-08-05T09:08:50.609Z - [32minfo[39m: Pages rebuilt
2026-08-05T09:08:50.609Z - [32minfo[39m: Website regeneration complete! Total build time: 2.667s
2026-08-05T09:12:42.408Z - [32minfo[39m: [17:12:42] Reload for file change: /Users/damithch/Repos/nus-cs2103/cs2103-website-base/admin/faq-fragment.md
2026-08-05T09:12:42.418Z - [32minfo[39m: Synchronizing opened pages list before reload
2026-08-05T09:12:42.420Z - [32minfo[39m: Current opened pages, from most-to-least recent:
2026-08-05T09:12:42.421Z - [32minfo[39m: 1. admin/appendixC-faq
2026-08-05T09:12:42.492Z - [32minfo[39m: [17:12:42] Reload for file change: /Users/damithch/Repos/nus-cs2103/cs2103-website-base/admin/appendixC-faq.md
2026-08-05T09:12:42.492Z - [32minfo[39m: Synchronizing opened pages list before reload
2026-08-05T09:12:42.492Z - [32minfo[39m: Current opened pages, from most-to-least recent:
2026-08-05T09:12:42.492Z - [32minfo[39m: 1. admin/appendixC-faq
2026-08-05T09:12:42.494Z - [32minfo[39m: [17:12:42] Reload for file change: /Users/damithch/Repos/nus-cs2103/cs2103-website-base/admin/faq-fragment.md
2026-08-05T09:12:42.494Z - [32minfo[39m: Synchronizing opened pages list before reload
2026-08-05T09:12:42.494Z - [32minfo[39m: Current opened pages, from most-to-least recent:
2026-08-05T09:12:42.494Z - [32minfo[39m: 1. admin/appendixC-faq
2026-08-05T09:12:42.498Z - [32minfo[39m: [17:12:42] Reload for file change: /Users/damithch/Repos/nus-cs2103/cs2103-website-base/_course-CS2103/weeklyAdminTopics-fragment.md
2026-08-05T09:12:42.498Z - [32minfo[39m: Synchronizing opened pages list before reload
2026-08-05T09:12:42.498Z - [32minfo[39m: Current opened pages, from most-to-least recent:
2026-08-05T09:12:42.498Z - [32minfo[39m: 1. admin/appendixC-faq
2026-08-05T09:12:43.543Z - [32minfo[39m: Rebuilding 1 pages
2026-08-05T09:12:45.937Z - [36mverbose[39m: Rendering page: /Users/damithch/Repos/nus-cs2103/cs2103-website-base/admin/appendixC-faq.md
2026-08-05T09:12:46.001Z - [32minfo[39m: Site data built
2026-08-05T09:12:46.001Z - [32minfo[39m: Pages rebuilt
2026-08-05T09:12:46.001Z - [32minfo[39m: Website regeneration complete! Total build time: 2.465s
2026-08-05T09:13:17.026Z - [32minfo[39m: [17:13:17] Reload for file change: /Users/damithch/Repos/nus-cs2103/cs2103-website-base/admin/faq-fragment.md
2026-08-05T09:13:17.032Z - [32minfo[39m: Synchronizing opened pages list before reload
2026-08-05T09:13:17.033Z - [32minfo[39m: Current opened pages, from most-to-least recent:
2026-08-05T09:13:17.033Z - [32minfo[39m: 1. admin/appendixC-faq
2026-08-05T09:13:18.046Z - [32minfo[39m: Rebuilding 1 pages
2026-08-05T09:13:20.649Z - [36mverbose[39m: Rendering page: /Users/damithch/Repos/nus-cs2103/cs2103-website-base/admin/appendixC-faq.md
2026-08-05T09:13:20.708Z - [32minfo[39m: Site data built
2026-08-05T09:13:20.708Z - [32minfo[39m: Pages rebuilt
2026-08-05T09:13:20.708Z - [32minfo[39m: Website regeneration complete! Total build time: 2.673s
2026-08-05T09:13:25.087Z - [32minfo[39m: [17:13:25] Reload for file change: /Users/damithch/Repos/nus-cs2103/cs2103-website-base/admin/faq-fragment.md
2026-08-05T09:13:25.089Z - [32minfo[39m: Synchronizing opened pages list before reload
2026-08-05T09:13:25.090Z - [32minfo[39m: Current opened pages, from most-to-least recent:
2026-08-05T09:13:25.090Z - [32minfo[39m: 1. admin/appendixC-faq
2026-08-05T09:13:26.097Z - [32minfo[39m: Rebuilding 1 pages
2026-08-05T09:13:28.557Z - [36mverbose[39m: Rendering page: /Users/damithch/Repos/nus-cs2103/cs2103-website-base/admin/appendixC-faq.md
2026-08-05T09:13:28.614Z - [32minfo[39m: Site data built
2026-08-05T09:13:28.614Z - [32minfo[39m: Pages rebuilt
2026-08-05T09:13:28.614Z - [32minfo[39m: Website regeneration complete! Total build time: 2.523s
2026-08-05T09:14:13.055Z - [32minfo[39m: [17:14:13] Reload for file change: /Users/damithch/Repos/nus-cs2103/cs2103-website-base/admin/faq-fragment.md
2026-08-05T09:14:13.057Z - [32minfo[39m: Synchronizing opened pages list before reload
2026-08-05T09:14:13.057Z - [32minfo[39m: Current opened pages, from most-to-least recent:
2026-08-05T09:14:13.057Z - [32minfo[39m: 1. admin/appendixC-faq
2026-08-05T09:14:14.063Z - [32minfo[39m: Rebuilding 1 pages
2026-08-05T09:14:16.521Z - [36mverbose[39m: Rendering page: /Users/damithch/Repos/nus-cs2103/cs2103-website-base/admin/appendixC-faq.md
2026-08-05T09:14:16.580Z - [32minfo[39m: Site data built
2026-08-05T09:14:16.580Z - [32minfo[39m: Pages rebuilt
2026-08-05T09:14:16.580Z - [32minfo[39m: Website regeneration complete! Total build time: 2.521s
2026-08-05T09:14:20.671Z - [32minfo[39m: Building /Users/damithch/Repos/nus-cs2103/cs2103-website-base/admin/appendixB-policies as some of its dependencies were changed since the last visit
2026-08-05T09:14:20.987Z - [36mverbose[39m: Rendering page: /Users/damithch/Repos/nus-cs2103/cs2103-website-base/admin/appendixB-policies.md
2026-08-05T09:14:21.007Z - [32minfo[39m: Site data built
2026-08-05T09:14:21.007Z - [32minfo[39m: Lazy website regeneration complete! Total build time: 0.337s
2026-08-05T09:14:47.628Z - [32minfo[39m: [17:14:47] Reload for file change: /Users/damithch/Repos/nus-cs2103/cs2103-website-base/admin/faq-fragment.md
2026-08-05T09:14:47.631Z - [32minfo[39m: Synchronizing opened pages list before reload
2026-08-05T09:14:47.632Z - [32minfo[39m: Current opened pages, from most-to-least recent:
2026-08-05T09:14:47.632Z - [32minfo[39m: 1. admin/appendixB-policies
2026-08-05T09:14:48.639Z - [32minfo[39m: Rebuilding 1 pages
2026-08-05T09:14:49.032Z - [36mverbose[39m: Rendering page: /Users/damithch/Repos/nus-cs2103/cs2103-website-base/admin/appendixB-policies.md
2026-08-05T09:14:49.060Z - [32minfo[39m: Site data built
2026-08-05T09:14:49.060Z - [32minfo[39m: Pages rebuilt
2026-08-05T09:14:49.060Z - [32minfo[39m: Website regeneration complete! Total build time: 0.426s
2026-08-05T09:14:53.133Z - [32minfo[39m: Building /Users/damithch/Repos/nus-cs2103/cs2103-website-base/admin/appendixC-faq as some of its dependencies were changed since the last visit
2026-08-05T09:14:55.597Z - [36mverbose[39m: Rendering page: /Users/damithch/Repos/nus-cs2103/cs2103-website-base/admin/appendixC-faq.md
2026-08-05T09:14:55.654Z - [32minfo[39m: Site data built
2026-08-05T09:14:55.654Z - [32minfo[39m: Lazy website regeneration complete! Total build time: 2.522s
2026-08-05T09:16:22.962Z - [32minfo[39m: [17:16:22] Reload for file change: /Users/damithch/Repos/nus-cs2103/cs2103-website-base/admin/policies-fragment.md
2026-08-05T09:16:22.965Z - [32minfo[39m: Synchronizing opened pages list before reload
2026-08-05T09:16:22.965Z - [32minfo[39m: No pages are currently opened
2026-08-05T09:16:23.974Z - [32minfo[39m: No pages needed to be rebuilt
2026-08-05T09:16:46.460Z - [32minfo[39m: [17:16:46] Reload for file change: /Users/damithch/Repos/nus-cs2103/cs2103-website-base/admin/policies-fragment.md
2026-08-05T09:16:46.463Z - [32minfo[39m: Synchronizing opened pages list before reload
2026-08-05T09:16:46.464Z - [32minfo[39m: No pages are currently opened
2026-08-05T09:16:47.498Z - [32minfo[39m: No pages needed to be rebuilt
2026-08-05T09:16:53.479Z - [32minfo[39m: Building /Users/damithch/Repos/nus-cs2103/cs2103-website-base/admin/ip-w2 as some of its dependencies were changed since the last visit
2026-08-05T09:16:54.626Z - [36mverbose[39m: Rendering page: /Users/damithch/Repos/nus-cs2103/cs2103-website-base/admin/ip-w2.md
2026-08-05T09:16:54.659Z - [32minfo[39m: Site data built
2026-08-05T09:16:54.659Z - [32minfo[39m: Lazy website regeneration complete! Total build time: 1.183s
2026-08-05T09:18:19.470Z - [32minfo[39m: [17:18:19] Reload for file change: /Users/damithch/Repos/nus-cs2103/cs2103-website-base/admin/courseExpectations.md
2026-08-05T09:18:19.477Z - [32minfo[39m: Synchronizing opened pages list before reload
2026-08-05T09:18:19.477Z - [32minfo[39m: Current opened pages, from most-to-least recent:
2026-08-05T09:18:19.477Z - [32minfo[39m: 1. admin/ip-w2
2026-08-05T09:18:19.481Z - [32minfo[39m: [17:18:19] Reload for file change: /Users/damithch/Repos/nus-cs2103/cs2103-website-base/admin/policies-fragment.md
2026-08-05T09:18:19.481Z - [32minfo[39m: Synchronizing opened pages list before reload
2026-08-05T09:18:19.481Z - [32minfo[39m: Current opened pages, from most-to-least recent:
2026-08-05T09:18:19.481Z - [32minfo[39m: 1. admin/ip-w2
2026-08-05T09:18:20.504Z - [32minfo[39m: Rebuilding 1 pages
2026-08-05T09:18:20.925Z - [31merror[39m: Template render error: (/Users/damithch/Repos/nus-cs2103/cs2103-website-base/admin/courseExpectations.md)
  Template render error: (/Users/damithch/Repos/nus-cs2103/cs2103-website-base/admin/courseExpectations.md)
  Template render error: (/Users/damithch/Repos/nus-cs2103/cs2103-website-base/admin/courseExpectations.md)
  Template render error: (/Users/damithch/Repos/nus-cs2103/cs2103-website-base/admin/courseExpectations.md)
  Template render error: (/Users/damithch/Repos/nus-cs2103/cs2103-website-base/admin/courseExpectations.md)
  Template render error: (/Users/damithch/Repos/nus-cs2103/cs2103-website-base/admin/courseExpectations.md)
  Template render error: (/Users/damithch/Repos/nus-cs2103/cs2103-website-base/admin/courseExpectations.md) [Line 90, Column 43]
  Template render error: (/Users/damithch/Repos/nus-cs2103/cs2103-website-base/admin/courseExpectations.md)
  Template render error: (/Users/damithch/Repos/nus-cs2103/cs2103-website-base/admin/courseExpectations.md)
  Template render error: (/Users/damithch/Repos/nus-cs2103/cs2103-website-base/admin/courseExpectations.md)
  Template render error: (/Users/damithch/Repos/nus-cs2103/cs2103-website-base/admin/courseExpectations.md)
  Error: template not found: common/common.njk
    at Object._prettifyError (/opt/homebrew/lib/node_modules/markbind-cli/node_modules/nunjucks/src/lib.js:32:11)
    at file:///opt/homebrew/lib/node_modules/markbind-cli/node_modules/@markbind/core/src/patches/nunjucks/context-overrides-frame.js:336:23
    at Template.root [as rootRenderFunc] (eval at _compile (/opt/homebrew/lib/node_modules/markbind-cli/node_modules/nunjucks/src/environment.js:527:18), <anonymous>:76:3)
    at Template.render (file:///opt/homebrew/lib/node_modules/markbind-cli/node_modules/@markbind/core/src/patches/nunjucks/context-overrides-frame.js:326:10)
    at file:///opt/homebrew/lib/node_modules/markbind-cli/node_modules/@markbind/core/src/patches/nunjucks/context-overrides-frame.js:55:31
    at createTemplate (file:///opt/homebrew/lib/node_modules/markbind-cli/node_modules/@markbind/core/src/patches/nunjucks/load-event.js:110:13)
    at handle (file:///opt/homebrew/lib/node_modules/markbind-cli/node_modules/@markbind/core/src/patches/nunjucks/load-event.js:123:17)
    at file:///opt/homebrew/lib/node_modules/markbind-cli/node_modules/@markbind/core/src/patches/nunjucks/load-event.js:134:13
    at next (/opt/homebrew/lib/node_modules/markbind-cli/node_modules/nunjucks/src/lib.js:258:7)
    at Object.asyncIter (/opt/homebrew/lib/node_modules/markbind-cli/node_modules/nunjucks/src/lib.js:263:3)
2026-08-05T09:18:21.624Z - [36mverbose[39m: Rendering page: /Users/damithch/Repos/nus-cs2103/cs2103-website-base/admin/ip-w2.md
2026-08-05T09:18:21.657Z - [32minfo[39m: Site data built
2026-08-05T09:18:21.657Z - [32minfo[39m: Pages rebuilt
2026-08-05T09:18:21.658Z - [32minfo[39m: Website regeneration complete! Total build time: 1.17s
2026-08-05T09:18:37.581Z - [32minfo[39m: [17:18:37] Reload for file change: /Users/damithch/Repos/nus-cs2103/cs2103-website-base/admin/courseExpectations.md
2026-08-05T09:18:37.582Z - [32minfo[39m: Synchronizing opened pages list before reload
2026-08-05T09:18:37.582Z - [32minfo[39m: Current opened pages, from most-to-least recent:
2026-08-05T09:18:37.582Z - [32minfo[39m: 1. admin/ip-w2
2026-08-05T09:18:38.628Z - [32minfo[39m: Rebuilding 1 pages
2026-08-05T09:18:39.716Z - [36mverbose[39m: Rendering page: /Users/damithch/Repos/nus-cs2103/cs2103-website-base/admin/ip-w2.md
2026-08-05T09:18:39.748Z - [32minfo[39m: Site data built
2026-08-05T09:18:39.748Z - [32minfo[39m: Pages rebuilt
2026-08-05T09:18:39.748Z - [32minfo[39m: Website regeneration complete! Total build time: 1.147s
2026-08-05T09:24:40.651Z - [32minfo[39m: [17:24:40] Reload for file change: /Users/damithch/Repos/nus-cs2103/cs2103-website-base/_course-CS2103/weeklyIpTasks-fragment.md
2026-08-05T09:24:40.662Z - [32minfo[39m: Synchronizing opened pages list before reload
2026-08-05T09:24:40.662Z - [32minfo[39m: Current opened pages, from most-to-least recent:
2026-08-05T09:24:40.663Z - [32minfo[39m: 1. admin/ip-w2
2026-08-05T09:24:40.665Z - [32minfo[39m: [17:24:40] Reload for file change: /Users/damithch/Repos/nus-cs2103/cs2103-website-base/admin/ip-tasks-fragment.md
2026-08-05T09:24:40.665Z - [32minfo[39m: Synchronizing opened pages list before reload
2026-08-05T09:24:40.665Z - [32minfo[39m: Current opened pages, from most-to-least recent:
2026-08-05T09:24:40.666Z - [32minfo[39m: 1. admin/ip-w2
2026-08-05T09:24:40.667Z - [32minfo[39m: [17:24:40] Reload for file change: /Users/damithch/Repos/nus-cs2103/cs2103-website-base/schedule/week4/admin-tic2002-fragment.md
2026-08-05T09:24:40.667Z - [32minfo[39m: Synchronizing opened pages list before reload
2026-08-05T09:24:40.667Z - [32minfo[39m: Current opened pages, from most-to-least recent:
2026-08-05T09:24:40.667Z - [32minfo[39m: 1. admin/ip-w2
2026-08-05T09:24:40.683Z - [32minfo[39m: [17:24:40] Reload for file change: /Users/damithch/Repos/nus-cs2103/cs2103-website-base/_course-CS2113/weeklyIpTasks-fragment.md
2026-08-05T09:24:40.683Z - [32minfo[39m: Synchronizing opened pages list before reload
2026-08-05T09:24:40.683Z - [32minfo[39m: Current opened pages, from most-to-least recent:
2026-08-05T09:24:40.683Z - [32minfo[39m: 1. admin/ip-w2
2026-08-05T09:24:41.678Z - [32minfo[39m: Rebuilding 1 pages
2026-08-05T09:24:42.761Z - [32minfo[39m: Assets built
2026-08-05T09:24:42.768Z - [36mverbose[39m: Rendering page: /Users/damithch/Repos/nus-cs2103/cs2103-website-base/admin/ip-w2.md
2026-08-05T09:24:42.802Z - [32minfo[39m: Site data built
2026-08-05T09:24:42.802Z - [32minfo[39m: Pages rebuilt
2026-08-05T09:24:42.802Z - [32minfo[39m: Website regeneration complete! Total build time: 1.136s
2026-08-05T09:25:03.088Z - [32minfo[39m: Website generation started at 17:25:02
2026-08-05T09:25:03.630Z - [32minfo[39m: Building assets...
2026-08-05T09:25:03.991Z - [32minfo[39m: Assets built
2026-08-05T09:25:03.991Z - [32minfo[39m: Generating pages...
2026-08-05T09:25:06.714Z - [36mverbose[39m: Rendering page: /Users/damithch/Repos/nus-cs2103/cs2103-website-base/admin/appendixA-principles.md
2026-08-05T09:25:06.733Z - [36mverbose[39m: Rendering page: /Users/damithch/Repos/nus-cs2103/cs2103-website-base/admin/acknowledgements.md
2026-08-05T09:25:06.739Z - [36mverbose[39m: Rendering page: /Users/damithch/Repos/nus-cs2103/cs2103-website-base/admin/appendixB-policies.md
2026-08-05T09:25:06.762Z - [36mverbose[39m: Rendering page: /Users/damithch/Repos/nus-cs2103/cs2103-website-base/admin/appendixC-faq.md
2026-08-05T09:25:13.053Z - [34mdebug[39m: 
2026-08-05T09:25:15.554Z - [34mdebug[39m: 
2026-08-05T09:25:15.554Z - [34mdebug[39m: 
2026-08-05T09:25:15.554Z - [34mdebug[39m: 
2026-08-05T09:25:15.554Z - [34mdebug[39m: 
2026-08-05T09:25:15.554Z - [34mdebug[39m: 
2026-08-05T09:25:15.554Z - [34mdebug[39m: 
2026-08-05T09:25:15.554Z - [34mdebug[39m: 
2026-08-05T09:25:15.554Z - [34mdebug[39m: 
2026-08-05T09:25:15.554Z - [34mdebug[39m: 
2026-08-05T09:25:15.554Z - [34mdebug[39m: 
2026-08-05T09:25:15.554Z - [34mdebug[39m: 
2026-08-05T09:25:15.554Z - [34mdebug[39m: 
2026-08-05T09:25:15.554Z - [34mdebug[39m: 
2026-08-05T09:25:15.554Z - [34mdebug[39m: 
2026-08-05T09:25:15.554Z - [34mdebug[39m: 
2026-08-05T09:25:15.554Z - [34mdebug[39m: 
2026-08-05T09:25:15.555Z - [34mdebug[39m: 
2026-08-05T09:25:15.555Z - [34mdebug[39m: 
2026-08-05T09:25:15.555Z - [34mdebug[39m: 
2026-08-05T09:25:15.555Z - [34mdebug[39m: 
2026-08-05T09:25:15.555Z - [34mdebug[39m: 
2026-08-05T09:25:15.555Z - [34mdebug[39m: 
2026-08-05T09:25:15.555Z - [34mdebug[39m: 
2026-08-05T09:25:15.555Z - [34mdebug[39m: 
2026-08-05T09:25:15.555Z - [36mverbose[39m: Rendering page: /Users/damithch/Repos/nus-cs2103/cs2103-website-base/book/uml/stereotypes/what/index.md
2026-08-05T09:25:15.580Z - [36mverbose[39m: Rendering page: /Users/damithch/Repos/nus-cs2103/cs2103-website-base/se-book-adapted/print.md
2026-08-05T09:25:15.759Z - [36mverbose[39m: Rendering page: /Users/damithch/Repos/nus-cs2103/cs2103-website-base/index.md
2026-08-05T09:25:15.767Z - [36mverbose[39m: Rendering page: /Users/damithch/Repos/nus-cs2103/cs2103-website-base/book/uml/stereotypes/index.md
2026-08-05T09:25:15.776Z - [36mverbose[39m: Rendering page: /Users/damithch/Repos/nus-cs2103/cs2103-website-base/book/uml/sequenceDiagrams/staticMethods/index.md
2026-08-05T09:25:15.837Z - [36mverbose[39m: Rendering page: /Users/damithch/Repos/nus-cs2103/cs2103-website-base/book/uml/sequenceDiagrams/selfInvocation/index.md
2026-08-05T09:25:15.844Z - [36mverbose[39m: Rendering page: /Users/damithch/Repos/nus-cs2103/cs2103-website-base/book/uml/sequenceDiagrams/referenceFrames/index.md
2026-08-05T09:25:15.849Z - [36mverbose[39m: Rendering page: /Users/damithch/Repos/nus-cs2103/cs2103-website-base/book/uml/sequenceDiagrams/parallelPaths/index.md
2026-08-05T09:25:15.855Z - [36mverbose[39m: Rendering page: /Users/damithch/Repos/nus-cs2103/cs2103-website-base/book/uml/sequenceDiagrams/optionalPaths/index.md
2026-08-05T09:25:15.910Z - [36mverbose[39m: Rendering page: /Users/damithch/Repos/nus-cs2103/cs2103-website-base/book/uml/sequenceDiagrams/objectDeletion/index.md
2026-08-05T09:25:15.916Z - [36mverbose[39m: Rendering page: /Users/damithch/Repos/nus-cs2103/cs2103-website-base/book/uml/sequenceDiagrams/objectCreation/index.md
2026-08-05T09:25:15.922Z - [36mverbose[39m: Rendering page: /Users/damithch/Repos/nus-cs2103/cs2103-website-base/book/uml/sequenceDiagrams/minimalNotation/index.md
2026-08-05T09:25:15.928Z - [36mverbose[39m: Rendering page: /Users/damithch/Repos/nus-cs2103/cs2103-website-base/book/uml/sequenceDiagrams/loops/index.md
2026-08-05T09:25:16.025Z - [36mverbose[39m: Rendering page: /Users/damithch/Repos/nus-cs2103/cs2103-website-base/book/uml/sequenceDiagrams/introduction/index.md
2026-08-05T09:25:16.031Z - [36mverbose[39m: Rendering page: /Users/damithch/Repos/nus-cs2103/cs2103-website-base/book/uml/sequenceDiagrams/basic/index.md
2026-08-05T09:25:16.036Z - [36mverbose[39m: Rendering page: /Users/damithch/Repos/nus-cs2103/cs2103-website-base/book/uml/sequenceDiagrams/index.md
2026-08-05T09:25:16.049Z - [36mverbose[39m: Rendering page: /Users/damithch/Repos/nus-cs2103/cs2103-website-base/book/uml/sequenceDiagrams/alternativePaths/index.md
2026-08-05T09:25:16.117Z - [36mverbose[39m: Rendering page: /Users/damithch/Repos/nus-cs2103/cs2103-website-base/book/uml/objectDiagrams/objects/index.md
2026-08-05T09:25:16.124Z - [36mverbose[39m: Rendering page: /Users/damithch/Repos/nus-cs2103/cs2103-website-base/book/uml/objectDiagrams/introduction/index.md
2026-08-05T09:25:16.129Z - [36mverbose[39m: Rendering page: /Users/damithch/Repos/nus-cs2103/cs2103-website-base/book/uml/objectDiagrams/index.md
2026-08-05T09:25:16.135Z - [36mverbose[39m: Rendering page: /Users/damithch/Repos/nus-cs2103/cs2103-website-base/book/uml/objectDiagrams/associations/index.md
2026-08-05T09:25:17.989Z - [34mdebug[39m: 
2026-08-05T09:25:18.000Z - [34mdebug[39m: 
2026-08-05T09:25:18.019Z - [34mdebug[39m: 
2026-08-05T09:25:18.024Z - [34mdebug[39m: 
2026-08-05T09:25:18.050Z - [34mdebug[39m: 
2026-08-05T09:25:18.052Z - [34mdebug[39m: 
2026-08-05T09:25:18.125Z - [36mverbose[39m: Rendering page: /Users/damithch/Repos/nus-cs2103/cs2103-website-base/book/uml/notes/notes/index.md
2026-08-05T09:25:18.130Z - [36mverbose[39m: Rendering page: /Users/damithch/Repos/nus-cs2103/cs2103-website-base/book/uml/notes/index.md
2026-08-05T09:25:18.137Z - [36mverbose[39m: Rendering page: /Users/damithch/Repos/nus-cs2103/cs2103-website-base/book/uml/notes/constraints/index.md
2026-08-05T09:25:18.142Z - [36mverbose[39m: Rendering page: /Users/damithch/Repos/nus-cs2103/cs2103-website-base/book/uml/miscellaneous/objectVsClassDiagrams/index.md
2026-08-05T09:25:18.494Z - [36mverbose[39m: Rendering page: /Users/damithch/Repos/nus-cs2103/cs2103-website-base/book/uml/miscellaneous/index.md
2026-08-05T09:25:18.501Z - [36mverbose[39m: Rendering page: /Users/damithch/Repos/nus-cs2103/cs2103-website-base/book/uml/classDiagrams/introduction/what/index.md
2026-08-05T09:25:18.506Z - [36mverbose[39m: Rendering page: /Users/damithch/Repos/nus-cs2103/cs2103-website-base/book/uml/index.md
2026-08-05T09:25:18.549Z - [36mverbose[39m: Rendering page: /Users/damithch/Repos/nus-cs2103/cs2103-website-base/book/uml/classDiagrams/introduction/index.md
2026-08-05T09:25:18.730Z - [36mverbose[39m: Rendering page: /Users/damithch/Repos/nus-cs2103/cs2103-website-base/book/uml/classDiagrams/interfaces/what/index.md
2026-08-05T09:25:18.735Z - [36mverbose[39m: Rendering page: /Users/damithch/Repos/nus-cs2103/cs2103-website-base/book/uml/classDiagrams/interfaces/index.md
2026-08-05T09:25:18.742Z - [36mverbose[39m: Rendering page: /Users/damithch/Repos/nus-cs2103/cs2103-website-base/book/uml/classDiagrams/enumerations/what/index.md
2026-08-05T09:25:18.746Z - [36mverbose[39m: Rendering page: /Users/damithch/Repos/nus-cs2103/cs2103-website-base/book/uml/classDiagrams/index.md
2026-08-05T09:25:18.819Z - [36mverbose[39m: Rendering page: /Users/damithch/Repos/nus-cs2103/cs2103-website-base/book/uml/classDiagrams/enumerations/index.md
2026-08-05T09:25:18.824Z - [36mverbose[39m: Rendering page: /Users/damithch/Repos/nus-cs2103/cs2103-website-base/book/uml/classDiagrams/dependencies/what/index.md
2026-08-05T09:25:18.830Z - [36mverbose[39m: Rendering page: /Users/damithch/Repos/nus-cs2103/cs2103-website-base/book/uml/classDiagrams/dependencies/index.md
2026-08-05T09:25:18.835Z - [36mverbose[39m: Rendering page: /Users/damithch/Repos/nus-cs2103/cs2103-website-base/book/uml/classDiagrams/composition/what/index.md
2026-08-05T09:25:18.933Z - [36mverbose[39m: Rendering page: /Users/damithch/Repos/nus-cs2103/cs2103-website-base/book/uml/classDiagrams/composition/index.md
2026-08-05T09:25:18.940Z - [36mverbose[39m: Rendering page: /Users/damithch/Repos/nus-cs2103/cs2103-website-base/book/uml/classDiagrams/combine/index.md
2026-08-05T09:25:18.946Z - [36mverbose[39m: Rendering page: /Users/damithch/Repos/nus-cs2103/cs2103-website-base/book/uml/classDiagrams/combine/basic/index.md
2026-08-05T09:25:18.952Z - [36mverbose[39m: Rendering page: /Users/damithch/Repos/nus-cs2103/cs2103-website-base/book/uml/classDiagrams/classes/what/index.md
2026-08-05T09:25:19.030Z - [36mverbose[39m: Rendering page: /Users/damithch/Repos/nus-cs2103/cs2103-website-base/book/uml/classDiagrams/classes/index.md
2026-08-05T09:25:19.040Z - [36mverbose[39m: Rendering page: /Users/damithch/Repos/nus-cs2103/cs2103-website-base/book/uml/classDiagrams/classLevelMembers/what/index.md
2026-08-05T09:25:19.045Z - [36mverbose[39m: Rendering page: /Users/damithch/Repos/nus-cs2103/cs2103-website-base/book/uml/classDiagrams/classLevelMembers/index.md
2026-08-05T09:25:19.065Z - [36mverbose[39m: Rendering page: /Users/damithch/Repos/nus-cs2103/cs2103-website-base/book/uml/classDiagrams/classInheritance/what/index.md
2026-08-05T09:25:19.111Z - [36mverbose[39m: Rendering page: /Users/damithch/Repos/nus-cs2103/cs2103-website-base/book/uml/classDiagrams/classInheritance/index.md
2026-08-05T09:25:19.118Z - [36mverbose[39m: Rendering page: /Users/damithch/Repos/nus-cs2103/cs2103-website-base/book/uml/classDiagrams/associationsAsAttributes/what/index.md
2026-08-05T09:25:19.123Z - [36mverbose[39m: Rendering page: /Users/damithch/Repos/nus-cs2103/cs2103-website-base/book/uml/classDiagrams/associationsAsAttributes/index.md
2026-08-05T09:25:19.128Z - [36mverbose[39m: Rendering page: /Users/damithch/Repos/nus-cs2103/cs2103-website-base/book/uml/classDiagrams/associations/what/index.md
2026-08-05T09:25:19.200Z - [36mverbose[39m: Rendering page: /Users/damithch/Repos/nus-cs2103/cs2103-website-base/book/uml/classDiagrams/associations/roles/index.md
2026-08-05T09:25:19.207Z - [36mverbose[39m: Rendering page: /Users/damithch/Repos/nus-cs2103/cs2103-website-base/book/uml/classDiagrams/associations/multiplicity/index.md
2026-08-05T09:25:19.213Z - [36mverbose[39m: Rendering page: /Users/damithch/Repos/nus-cs2103/cs2103-website-base/book/uml/classDiagrams/associations/navigability/index.md
2026-08-05T09:25:19.263Z - [36mverbose[39m: Rendering page: /Users/damithch/Repos/nus-cs2103/cs2103-website-base/book/uml/classDiagrams/associations/labels/index.md
2026-08-05T09:25:19.291Z - [36mverbose[39m: Rendering page: /Users/damithch/Repos/nus-cs2103/cs2103-website-base/book/uml/classDiagrams/associations/index.md
2026-08-05T09:25:19.316Z - [36mverbose[39m: Rendering page: /Users/damithch/Repos/nus-cs2103/cs2103-website-base/book/uml/classDiagrams/associationClasses/index.md
2026-08-05T09:25:19.322Z - [36mverbose[39m: Rendering page: /Users/damithch/Repos/nus-cs2103/cs2103-website-base/book/uml/classDiagrams/associationClasses/what/index.md
2026-08-05T09:25:19.341Z - [36mverbose[39m: Rendering page: /Users/damithch/Repos/nus-cs2103/cs2103-website-base/book/uml/classDiagrams/aggregation/what/index.md
2026-08-05T09:25:19.370Z - [36mverbose[39m: Rendering page: /Users/damithch/Repos/nus-cs2103/cs2103-website-base/book/uml/classDiagrams/aggregation/index.md
2026-08-05T09:25:19.392Z - [36mverbose[39m: Rendering page: /Users/damithch/Repos/nus-cs2103/cs2103-website-base/book/uml/classDiagrams/abstractClasses/what/index.md
2026-08-05T09:25:19.397Z - [36mverbose[39m: Rendering page: /Users/damithch/Repos/nus-cs2103/cs2103-website-base/book/uml/classDiagrams/abstractClasses/index.md
2026-08-05T09:25:19.418Z - [36mverbose[39m: Rendering page: /Users/damithch/Repos/nus-cs2103/cs2103-website-base/book/uml/activityDiagrams/introduction/what/index.md
2026-08-05T09:25:19.478Z - [36mverbose[39m: Rendering page: /Users/damithch/Repos/nus-cs2103/cs2103-website-base/book/uml/activityDiagrams/introduction/index.md
2026-08-05T09:25:19.495Z - [36mverbose[39m: Rendering page: /Users/damithch/Repos/nus-cs2103/cs2103-website-base/book/uml/activityDiagrams/basicNotations/swimlanes/index.md
2026-08-05T09:25:19.500Z - [36mverbose[39m: Rendering page: /Users/damithch/Repos/nus-cs2103/cs2103-website-base/book/uml/activityDiagrams/index.md
2026-08-05T09:25:19.526Z - [36mverbose[39m: Rendering page: /Users/damithch/Repos/nus-cs2103/cs2103-website-base/book/uml/activityDiagrams/basicNotations/rakes/index.md
2026-08-05T09:25:19.581Z - [36mverbose[39m: Rendering page: /Users/damithch/Repos/nus-cs2103/cs2103-website-base/book/uml/activityDiagrams/basicNotations/parallelPaths/index.md
2026-08-05T09:25:19.604Z - [36mverbose[39m: Rendering page: /Users/damithch/Repos/nus-cs2103/cs2103-website-base/book/uml/activityDiagrams/basicNotations/linearPaths/index.md
2026-08-05T09:25:19.610Z - [36mverbose[39m: Rendering page: /Users/damithch/Repos/nus-cs2103/cs2103-website-base/book/uml/activityDiagrams/basicNotations/index.md
2026-08-05T09:25:19.640Z - [36mverbose[39m: Rendering page: /Users/damithch/Repos/nus-cs2103/cs2103-website-base/book/uml/activityDiagrams/basicNotations/alternatePaths/index.md
2026-08-05T09:25:19.742Z - [36mverbose[39m: Rendering page: /Users/damithch/Repos/nus-cs2103/cs2103-website-base/book/testing/testingTypes/unitTesting/index.md
2026-08-05T09:25:19.754Z - [36mverbose[39m: Rendering page: /Users/damithch/Repos/nus-cs2103/cs2103-website-base/book/testing/testingTypes/unitTesting/what/index.md
2026-08-05T09:25:19.767Z - [36mverbose[39m: Rendering page: /Users/damithch/Repos/nus-cs2103/cs2103-website-base/book/testing/testingTypes/unitTesting/stubs/index.md
2026-08-05T09:25:19.826Z - [36mverbose[39m: Rendering page: /Users/damithch/Repos/nus-cs2103/cs2103-website-base/book/testing/testingTypes/systemTesting/what/index.md
2026-08-05T09:25:19.833Z - [36mverbose[39m: Rendering page: /Users/damithch/Repos/nus-cs2103/cs2103-website-base/book/testing/testingTypes/systemTesting/index.md
2026-08-05T09:25:19.839Z - [36mverbose[39m: Rendering page: /Users/damithch/Repos/nus-cs2103/cs2103-website-base/book/testing/testingTypes/regressionTesting/index.md
2026-08-05T09:25:19.874Z - [36mverbose[39m: Rendering page: /Users/damithch/Repos/nus-cs2103/cs2103-website-base/book/testing/testingTypes/regressionTesting/what/index.md
2026-08-05T09:25:20.021Z - [36mverbose[39m: Rendering page: /Users/damithch/Repos/nus-cs2103/cs2103-website-base/book/testing/testingTypes/integrationTesting/index.md
2026-08-05T09:25:20.027Z - [36mverbose[39m: Rendering page: /Users/damithch/Repos/nus-cs2103/cs2103-website-base/book/testing/testingTypes/integrationTesting/how/index.md
2026-08-05T09:25:20.033Z - [36mverbose[39m: Rendering page: /Users/damithch/Repos/nus-cs2103/cs2103-website-base/book/testing/testingTypes/integrationTesting/what/index.md
2026-08-05T09:25:20.039Z - [36mverbose[39m: Rendering page: /Users/damithch/Repos/nus-cs2103/cs2103-website-base/book/testing/testingTypes/index.md
2026-08-05T09:25:20.132Z - [36mverbose[39m: Rendering page: /Users/damithch/Repos/nus-cs2103/cs2103-website-base/book/testing/testingTypes/exploratoryVsScriptedTesting/index.md
2026-08-05T09:25:20.139Z - [36mverbose[39m: Rendering page: /Users/damithch/Repos/nus-cs2103/cs2103-website-base/book/testing/testingTypes/exploratoryVsScriptedTesting/when/index.md
2026-08-05T09:25:20.145Z - [36mverbose[39m: Rendering page: /Users/damithch/Repos/nus-cs2103/cs2103-website-base/book/testing/testingTypes/exploratoryVsScriptedTesting/what/index.md
2026-08-05T09:25:20.181Z - [36mverbose[39m: Rendering page: /Users/damithch/Repos/nus-cs2103/cs2103-website-base/book/testing/testingTypes/dogfooding/what/index.md
2026-08-05T09:25:20.216Z - [36mverbose[39m: Rendering page: /Users/damithch/Repos/nus-cs2103/cs2103-website-base/book/testing/testingTypes/developerTesting/why/index.md
2026-08-05T09:25:20.221Z - [36mverbose[39m: Rendering page: /Users/damithch/Repos/nus-cs2103/cs2103-website-base/book/testing/testingTypes/dogfooding/index.md
2026-08-05T09:25:20.240Z - [36mverbose[39m: Rendering page: /Users/damithch/Repos/nus-cs2103/cs2103-website-base/book/testing/testingTypes/developerTesting/index.md
2026-08-05T09:25:20.258Z - [36mverbose[39m: Rendering page: /Users/damithch/Repos/nus-cs2103/cs2103-website-base/book/testing/testingTypes/developerTesting/what/index.md
2026-08-05T09:25:20.299Z - [36mverbose[39m: Rendering page: /Users/damithch/Repos/nus-cs2103/cs2103-website-base/book/testing/testingTypes/alphaBetaTesting/index.md
2026-08-05T09:25:20.305Z - [36mverbose[39m: Rendering page: /Users/damithch/Repos/nus-cs2103/cs2103-website-base/book/testing/testingTypes/alphaBetaTesting/what/index.md
2026-08-05T09:25:20.309Z - [36mverbose[39m: Rendering page: /Users/damithch/Repos/nus-cs2103/cs2103-website-base/book/testing/testingTypes/acceptanceTesting/index.md
2026-08-05T09:25:20.332Z - [36mverbose[39m: Rendering page: /Users/damithch/Repos/nus-cs2103/cs2103-website-base/book/testing/testingTypes/acceptanceTesting/what/index.md
2026-08-05T09:25:20.390Z - [36mverbose[39m: Rendering page: /Users/damithch/Repos/nus-cs2103/cs2103-website-base/book/testing/testingTypes/acceptanceTesting/acceptanceVsSystemTesting/index.md
2026-08-05T09:25:20.406Z - [36mverbose[39m: Rendering page: /Users/damithch/Repos/nus-cs2103/cs2103-website-base/book/testing/testCoverage/index.md
2026-08-05T09:25:20.414Z - [36mverbose[39m: Rendering page: /Users/damithch/Repos/nus-cs2103/cs2103-website-base/book/testing/testCoverage/what/index.md
2026-08-05T09:25:20.435Z - [36mverbose[39m: Rendering page: /Users/damithch/Repos/nus-cs2103/cs2103-website-base/book/testing/testCoverage/how/index.md
2026-08-05T09:25:20.493Z - [36mverbose[39m: Rendering page: /Users/damithch/Repos/nus-cs2103/cs2103-website-base/book/testing/testAutomation/what/index.md
2026-08-05T09:25:20.499Z - [36mverbose[39m: Rendering page: /Users/damithch/Repos/nus-cs2103/cs2103-website-base/book/testing/testAutomation/tools/index.md
2026-08-05T09:25:20.504Z - [36mverbose[39m: Rendering page: /Users/damithch/Repos/nus-cs2103/cs2103-website-base/book/testing/testAutomation/usingTestDrivers/index.md
2026-08-05T09:25:20.576Z - [36mverbose[39m: Rendering page: /Users/damithch/Repos/nus-cs2103/cs2103-website-base/book/testing/testAutomation/testingTextUis/index.md
2026-08-05T09:25:20.598Z - [36mverbose[39m: Rendering page: /Users/damithch/Repos/nus-cs2103/cs2103-website-base/book/testing/testAutomation/testingGuis/index.md
2026-08-05T09:25:20.604Z - [36mverbose[39m: Rendering page: /Users/damithch/Repos/nus-cs2103/cs2103-website-base/book/testing/testAutomation/index.md
2026-08-05T09:25:20.646Z - [36mverbose[39m: Rendering page: /Users/damithch/Repos/nus-cs2103/cs2103-website-base/book/testing/tdd/what/index.md
2026-08-05T09:25:20.672Z - [36mverbose[39m: Rendering page: /Users/damithch/Repos/nus-cs2103/cs2103-website-base/book/testing/tdd/index.md
2026-08-05T09:25:20.689Z - [36mverbose[39m: Rendering page: /Users/damithch/Repos/nus-cs2103/cs2103-website-base/book/testing/introduction/what/index.md
2026-08-05T09:25:20.694Z - [36mverbose[39m: Rendering page: /Users/damithch/Repos/nus-cs2103/cs2103-website-base/book/testing/tdd/how/index.md
2026-08-05T09:25:21.007Z - [36mverbose[39m: Rendering page: /Users/damithch/Repos/nus-cs2103/cs2103-website-base/book/testing/introduction/testability/index.md
2026-08-05T09:25:21.046Z - [36mverbose[39m: Rendering page: /Users/damithch/Repos/nus-cs2103/cs2103-website-base/book/testing/introduction/index.md
2026-08-05T09:25:21.051Z - [36mverbose[39m: Rendering page: /Users/damithch/Repos/nus-cs2103/cs2103-website-base/book/testing/index.md
2026-08-05T09:25:21.149Z - [36mverbose[39m: Rendering page: /Users/damithch/Repos/nus-cs2103/cs2103-website-base/book/testing/dependencyInjection/what/index.md
2026-08-05T09:25:21.206Z - [36mverbose[39m: Rendering page: /Users/damithch/Repos/nus-cs2103/cs2103-website-base/book/testing/dependencyInjection/index.md
2026-08-05T09:25:21.289Z - [36mverbose[39m: Rendering page: /Users/damithch/Repos/nus-cs2103/cs2103-website-base/book/testCaseDesign/summary/recap/index.md
2026-08-05T09:25:21.297Z - [36mverbose[39m: Rendering page: /Users/damithch/Repos/nus-cs2103/cs2103-website-base/book/testCaseDesign/summary/index.md
2026-08-05T09:25:21.306Z - [36mverbose[39m: Rendering page: /Users/damithch/Repos/nus-cs2103/cs2103-website-base/book/testing/dependencyInjection/how/index.md
2026-08-05T09:25:21.392Z - [36mverbose[39m: Rendering page: /Users/damithch/Repos/nus-cs2103/cs2103-website-base/book/testCaseDesign/summary/exercises/index.md
2026-08-05T09:25:21.414Z - [36mverbose[39m: Rendering page: /Users/damithch/Repos/nus-cs2103/cs2103-website-base/book/testCaseDesign/more/index.md
2026-08-05T09:25:21.420Z - [36mverbose[39m: Rendering page: /Users/damithch/Repos/nus-cs2103/cs2103-website-base/book/testCaseDesign/introduction/what/index.md
2026-08-05T09:25:21.427Z - [36mverbose[39m: Rendering page: /Users/damithch/Repos/nus-cs2103/cs2103-website-base/book/testCaseDesign/more/testingUseCases/index.md
2026-08-05T09:25:21.465Z - [36mverbose[39m: Rendering page: /Users/damithch/Repos/nus-cs2103/cs2103-website-base/book/testCaseDesign/introduction/positiveVsNegative/index.md
2026-08-05T09:25:21.670Z - [36mverbose[39m: Rendering page: /Users/damithch/Repos/nus-cs2103/cs2103-website-base/book/testCaseDesign/introduction/index.md
2026-08-05T09:25:21.694Z - [36mverbose[39m: Rendering page: /Users/damithch/Repos/nus-cs2103/cs2103-website-base/book/testCaseDesign/introduction/blackVsGlass/index.md
2026-08-05T09:25:21.713Z - [36mverbose[39m: Rendering page: /Users/damithch/Repos/nus-cs2103/cs2103-website-base/book/testCaseDesign/index.md
2026-08-05T09:25:21.738Z - [36mverbose[39m: Rendering page: /Users/damithch/Repos/nus-cs2103/cs2103-website-base/book/testCaseDesign/equivalencePartitions/what/index.md
2026-08-05T09:25:21.811Z - [36mverbose[39m: Rendering page: /Users/damithch/Repos/nus-cs2103/cs2103-website-base/book/testCaseDesign/equivalencePartitions/intermediate/index.md
2026-08-05T09:25:21.818Z - [36mverbose[39m: Rendering page: /Users/damithch/Repos/nus-cs2103/cs2103-website-base/book/testCaseDesign/equivalencePartitions/index.md
2026-08-05T09:25:21.854Z - [36mverbose[39m: Rendering page: /Users/damithch/Repos/nus-cs2103/cs2103-website-base/book/testCaseDesign/equivalencePartitions/basic/index.md
2026-08-05T09:25:21.861Z - [36mverbose[39m: Rendering page: /Users/damithch/Repos/nus-cs2103/cs2103-website-base/book/testCaseDesign/combiningTestInputs/why/index.md
2026-08-05T09:25:21.965Z - [36mverbose[39m: Rendering page: /Users/damithch/Repos/nus-cs2103/cs2103-website-base/book/testCaseDesign/combiningTestInputs/mix/index.md
2026-08-05T09:25:21.973Z - [36mverbose[39m: Rendering page: /Users/damithch/Repos/nus-cs2103/cs2103-website-base/book/testCaseDesign/combiningTestInputs/index.md
2026-08-05T09:25:21.986Z - [36mverbose[39m: Rendering page: /Users/damithch/Repos/nus-cs2103/cs2103-website-base/book/testCaseDesign/combiningTestInputs/heuristicValid/index.md
2026-08-05T09:25:22.032Z - [36mverbose[39m: Rendering page: /Users/damithch/Repos/nus-cs2103/cs2103-website-base/book/testCaseDesign/combiningTestInputs/heuristicInvalid/index.md
2026-08-05T09:25:22.059Z - [36mverbose[39m: Rendering page: /Users/damithch/Repos/nus-cs2103/cs2103-website-base/book/testCaseDesign/combiningTestInputs/combinationStrategies/index.md
2026-08-05T09:25:22.077Z - [36mverbose[39m: Rendering page: /Users/damithch/Repos/nus-cs2103/cs2103-website-base/book/testCaseDesign/boundaryValueAnalysis/what/index.md
2026-08-05T09:25:22.083Z - [36mverbose[39m: Rendering page: /Users/damithch/Repos/nus-cs2103/cs2103-website-base/book/testCaseDesign/boundaryValueAnalysis/index.md
2026-08-05T09:25:22.120Z - [36mverbose[39m: Rendering page: /Users/damithch/Repos/nus-cs2103/cs2103-website-base/book/testCaseDesign/boundaryValueAnalysis/how/index.md
2026-08-05T09:25:22.159Z - [36mverbose[39m: Rendering page: /Users/damithch/Repos/nus-cs2103/cs2103-website-base/book/teamwork/index.md
2026-08-05T09:25:22.164Z - [36mverbose[39m: Rendering page: /Users/damithch/Repos/nus-cs2103/cs2103-website-base/book/teamwork/teamStructures/index.md
2026-08-05T09:25:22.203Z - [36mverbose[39m: Rendering page: /Users/damithch/Repos/nus-cs2103/cs2103-website-base/book/specifyingRequirements/userStories/usage/index.md
2026-08-05T09:25:22.296Z - [36mverbose[39m: Rendering page: /Users/damithch/Repos/nus-cs2103/cs2103-website-base/book/specifyingRequirements/userStories/introduction/index.md
2026-08-05T09:25:22.321Z - [36mverbose[39m: Rendering page: /Users/damithch/Repos/nus-cs2103/cs2103-website-base/book/specifyingRequirements/userStories/index.md
2026-08-05T09:25:22.333Z - [36mverbose[39m: Rendering page: /Users/damithch/Repos/nus-cs2103/cs2103-website-base/book/specifyingRequirements/userStories/details/index.md
2026-08-05T09:25:22.363Z - [36mverbose[39m: Rendering page: /Users/damithch/Repos/nus-cs2103/cs2103-website-base/book/specifyingRequirements/useCases/usage/index.md
2026-08-05T09:25:22.465Z - [36mverbose[39m: Rendering page: /Users/damithch/Repos/nus-cs2103/cs2103-website-base/book/specifyingRequirements/useCases/introduction/index.md
2026-08-05T09:25:22.504Z - [36mverbose[39m: Rendering page: /Users/damithch/Repos/nus-cs2103/cs2103-website-base/book/specifyingRequirements/useCases/identifying/index.md
2026-08-05T09:25:22.509Z - [36mverbose[39m: Rendering page: /Users/damithch/Repos/nus-cs2103/cs2103-website-base/book/specifyingRequirements/useCases/index.md
2026-08-05T09:25:22.541Z - [36mverbose[39m: Rendering page: /Users/damithch/Repos/nus-cs2103/cs2103-website-base/book/specifyingRequirements/useCases/details/index.md
2026-08-05T09:25:22.581Z - [36mverbose[39m: Rendering page: /Users/damithch/Repos/nus-cs2103/cs2103-website-base/book/specifyingRequirements/supplementaryRequirements/what/index.md
2026-08-05T09:25:22.598Z - [36mverbose[39m: Rendering page: /Users/damithch/Repos/nus-cs2103/cs2103-website-base/book/specifyingRequirements/supplementaryRequirements/index.md
2026-08-05T09:25:22.773Z - [36mverbose[39m: Rendering page: /Users/damithch/Repos/nus-cs2103/cs2103-website-base/book/specifyingRequirements/prose/index.md
2026-08-05T09:25:22.793Z - [36mverbose[39m: Rendering page: /Users/damithch/Repos/nus-cs2103/cs2103-website-base/book/specifyingRequirements/prose/what/index.md
2026-08-05T09:25:22.813Z - [36mverbose[39m: Rendering page: /Users/damithch/Repos/nus-cs2103/cs2103-website-base/book/specifyingRequirements/index.md
2026-08-05T09:25:22.851Z - [36mverbose[39m: Rendering page: /Users/damithch/Repos/nus-cs2103/cs2103-website-base/book/specifyingRequirements/glossary/what/index.md
2026-08-05T09:25:22.856Z - [36mverbose[39m: Rendering page: /Users/damithch/Repos/nus-cs2103/cs2103-website-base/book/specifyingRequirements/glossary/index.md
2026-08-05T09:25:23.003Z - [36mverbose[39m: Rendering page: /Users/damithch/Repos/nus-cs2103/cs2103-website-base/book/specifyingRequirements/featureList/index.md
2026-08-05T09:25:23.009Z - [36mverbose[39m: Rendering page: /Users/damithch/Repos/nus-cs2103/cs2103-website-base/book/specifyingRequirements/featureList/what/index.md
2026-08-05T09:25:23.053Z - [36mverbose[39m: Rendering page: /Users/damithch/Repos/nus-cs2103/cs2103-website-base/book/softwareEngineering/introduction/index.md
2026-08-05T09:25:23.090Z - [36mverbose[39m: Rendering page: /Users/damithch/Repos/nus-cs2103/cs2103-website-base/book/softwareEngineering/index.md
2026-08-05T09:25:23.097Z - [36mverbose[39m: Rendering page: /Users/damithch/Repos/nus-cs2103/cs2103-website-base/book/softwareEngineering/introduction/prosAndCons/index.md
2026-08-05T09:25:23.159Z - [36mverbose[39m: Rendering page: /Users/damithch/Repos/nus-cs2103/cs2103-website-base/book/security/wrapUp/index.md
2026-08-05T09:25:23.165Z - [36mverbose[39m: Rendering page: /Users/damithch/Repos/nus-cs2103/cs2103-website-base/book/security/why/index.md
2026-08-05T09:25:23.172Z - [36mverbose[39m: Rendering page: /Users/damithch/Repos/nus-cs2103/cs2103-website-base/book/security/when/index.md
2026-08-05T09:25:23.282Z - [36mverbose[39m: Rendering page: /Users/damithch/Repos/nus-cs2103/cs2103-website-base/book/security/what/index.md
2026-08-05T09:25:23.355Z - [36mverbose[39m: Rendering page: /Users/damithch/Repos/nus-cs2103/cs2103-website-base/book/security/index.md
2026-08-05T09:25:23.387Z - [36mverbose[39m: Rendering page: /Users/damithch/Repos/nus-cs2103/cs2103-website-base/book/security/how/index.md
2026-08-05T09:25:23.417Z - [36mverbose[39m: Rendering page: /Users/damithch/Repos/nus-cs2103/cs2103-website-base/book/security/ai/index.md
2026-08-05T09:25:23.423Z - [36mverbose[39m: Rendering page: /Users/damithch/Repos/nus-cs2103/cs2103-website-base/book/reuse/platforms/what/index.md
2026-08-05T09:25:23.428Z - [36mverbose[39m: Rendering page: /Users/damithch/Repos/nus-cs2103/cs2103-website-base/book/reuse/platforms/index.md
2026-08-05T09:25:23.488Z - [36mverbose[39m: Rendering page: /Users/damithch/Repos/nus-cs2103/cs2103-website-base/book/reuse/libraries/index.md
2026-08-05T09:25:23.494Z - [36mverbose[39m: Rendering page: /Users/damithch/Repos/nus-cs2103/cs2103-website-base/book/reuse/libraries/what/index.md
2026-08-05T09:25:23.499Z - [36mverbose[39m: Rendering page: /Users/damithch/Repos/nus-cs2103/cs2103-website-base/book/reuse/libraries/how/index.md
2026-08-05T09:25:23.514Z - [36mverbose[39m: Rendering page: /Users/damithch/Repos/nus-cs2103/cs2103-website-base/book/reuse/introduction/when/index.md
2026-08-05T09:25:23.609Z - [36mverbose[39m: Rendering page: /Users/damithch/Repos/nus-cs2103/cs2103-website-base/book/reuse/introduction/what/index.md
2026-08-05T09:25:23.627Z - [36mverbose[39m: Rendering page: /Users/damithch/Repos/nus-cs2103/cs2103-website-base/book/reuse/introduction/index.md
2026-08-05T09:25:23.634Z - [36mverbose[39m: Rendering page: /Users/damithch/Repos/nus-cs2103/cs2103-website-base/book/reuse/index.md
2026-08-05T09:25:23.685Z - [36mverbose[39m: Rendering page: /Users/damithch/Repos/nus-cs2103/cs2103-website-base/book/reuse/frameworks/what/index.md
2026-08-05T09:25:23.708Z - [36mverbose[39m: Rendering page: /Users/damithch/Repos/nus-cs2103/cs2103-website-base/book/reuse/frameworks/index.md
2026-08-05T09:25:23.732Z - [36mverbose[39m: Rendering page: /Users/damithch/Repos/nus-cs2103/cs2103-website-base/book/reuse/frameworks/frameworksVsLibraries/index.md
2026-08-05T09:25:23.755Z - [36mverbose[39m: Rendering page: /Users/damithch/Repos/nus-cs2103/cs2103-website-base/book/reuse/cloudComputing/what/index.md
2026-08-05T09:25:23.762Z - [36mverbose[39m: Rendering page: /Users/damithch/Repos/nus-cs2103/cs2103-website-base/book/reuse/cloudComputing/services/index.md
2026-08-05T09:25:23.783Z - [36mverbose[39m: Rendering page: /Users/damithch/Repos/nus-cs2103/cs2103-website-base/book/reuse/cloudComputing/index.md
2026-08-05T09:25:23.840Z - [36mverbose[39m: Rendering page: /Users/damithch/Repos/nus-cs2103/cs2103-website-base/book/reuse/apis/what/index.md
2026-08-05T09:25:23.846Z - [36mverbose[39m: Rendering page: /Users/damithch/Repos/nus-cs2103/cs2103-website-base/book/reuse/apis/index.md
2026-08-05T09:25:23.853Z - [36mverbose[39m: Rendering page: /Users/damithch/Repos/nus-cs2103/cs2103-website-base/book/reuse/apis/designingAPIs/index.md
2026-08-05T09:25:23.872Z - [36mverbose[39m: Rendering page: /Users/damithch/Repos/nus-cs2103/cs2103-website-base/book/requirements/quality/index.md
2026-08-05T09:25:23.952Z - [36mverbose[39m: Rendering page: /Users/damithch/Repos/nus-cs2103/cs2103-website-base/book/requirements/prioritizing/index.md
2026-08-05T09:25:23.958Z - [36mverbose[39m: Rendering page: /Users/damithch/Repos/nus-cs2103/cs2103-website-base/book/requirements/nonFunctionalRequirements/index.md
2026-08-05T09:25:23.963Z - [36mverbose[39m: Rendering page: /Users/damithch/Repos/nus-cs2103/cs2103-website-base/book/requirements/introduction/index.md
2026-08-05T09:25:23.986Z - [36mverbose[39m: Rendering page: /Users/damithch/Repos/nus-cs2103/cs2103-website-base/book/requirements/index.md
2026-08-05T09:25:24.086Z - [36mverbose[39m: Rendering page: /Users/damithch/Repos/nus-cs2103/cs2103-website-base/book/refactoring/when/index.md
2026-08-05T09:25:24.092Z - [36mverbose[39m: Rendering page: /Users/damithch/Repos/nus-cs2103/cs2103-website-base/book/refactoring/what/index.md
2026-08-05T09:25:24.100Z - [36mverbose[39m: Rendering page: /Users/damithch/Repos/nus-cs2103/cs2103-website-base/book/refactoring/index.md
2026-08-05T09:25:24.125Z - [36mverbose[39m: Rendering page: /Users/damithch/Repos/nus-cs2103/cs2103-website-base/book/refactoring/how/index.md
2026-08-05T09:25:24.177Z - [36mverbose[39m: Rendering page: /Users/damithch/Repos/nus-cs2103/cs2103-website-base/book/qualityAssurance/staticAnalysis/what/index.md
2026-08-05T09:25:24.182Z - [36mverbose[39m: Rendering page: /Users/damithch/Repos/nus-cs2103/cs2103-website-base/book/qualityAssurance/staticAnalysis/index.md
2026-08-05T09:25:24.188Z - [36mverbose[39m: Rendering page: /Users/damithch/Repos/nus-cs2103/cs2103-website-base/book/qualityAssurance/introduction/what/index.md
2026-08-05T09:25:24.192Z - [36mverbose[39m: Rendering page: /Users/damithch/Repos/nus-cs2103/cs2103-website-base/book/qualityAssurance/introduction/validationVsVerification/index.md
2026-08-05T09:25:24.277Z - [36mverbose[39m: Rendering page: /Users/damithch/Repos/nus-cs2103/cs2103-website-base/book/qualityAssurance/introduction/index.md
2026-08-05T09:25:24.298Z - [36mverbose[39m: Rendering page: /Users/damithch/Repos/nus-cs2103/cs2103-website-base/book/qualityAssurance/index.md
2026-08-05T09:25:24.344Z - [36mverbose[39m: Rendering page: /Users/damithch/Repos/nus-cs2103/cs2103-website-base/book/qualityAssurance/formalVerification/what/index.md
2026-08-05T09:25:24.352Z - [36mverbose[39m: Rendering page: /Users/damithch/Repos/nus-cs2103/cs2103-website-base/book/qualityAssurance/formalVerification/index.md
2026-08-05T09:25:24.380Z - [36mverbose[39m: Rendering page: /Users/damithch/Repos/nus-cs2103/cs2103-website-base/book/qualityAssurance/codeReviews/index.md
2026-08-05T09:25:24.399Z - [36mverbose[39m: Rendering page: /Users/damithch/Repos/nus-cs2103/cs2103-website-base/book/qualityAssurance/codeReviews/what/index.md
2026-08-05T09:25:24.405Z - [36mverbose[39m: Rendering page: /Users/damithch/Repos/nus-cs2103/cs2103-website-base/book/projectPlanning/workBreakdownStructure/index.md
2026-08-05T09:25:24.436Z - [36mverbose[39m: Rendering page: /Users/damithch/Repos/nus-cs2103/cs2103-website-base/book/projectPlanning/pertCharts/index.md
2026-08-05T09:25:24.480Z - [36mverbose[39m: Rendering page: /Users/damithch/Repos/nus-cs2103/cs2103-website-base/book/projectPlanning/issueTrackers/index.md
2026-08-05T09:25:24.485Z - [36mverbose[39m: Rendering page: /Users/damithch/Repos/nus-cs2103/cs2103-website-base/book/projectPlanning/milestones/index.md
2026-08-05T09:25:24.502Z - [36mverbose[39m: Rendering page: /Users/damithch/Repos/nus-cs2103/cs2103-website-base/book/projectPlanning/index.md
2026-08-05T09:25:24.522Z - [36mverbose[39m: Rendering page: /Users/damithch/Repos/nus-cs2103/cs2103-website-base/book/projectPlanning/ganttCharts/index.md
2026-08-05T09:25:24.589Z - [36mverbose[39m: Rendering page: /Users/damithch/Repos/nus-cs2103/cs2103-website-base/book/projectPlanning/buffers/index.md
2026-08-05T09:25:24.594Z - [36mverbose[39m: Rendering page: /Users/damithch/Repos/nus-cs2103/cs2103-website-base/book/processModels/summary/index.md
2026-08-05T09:25:24.602Z - [36mverbose[39m: Rendering page: /Users/damithch/Repos/nus-cs2103/cs2103-website-base/book/processModels/summary/recap/index.md
2026-08-05T09:25:24.608Z - [36mverbose[39m: Rendering page: /Users/damithch/Repos/nus-cs2103/cs2103-website-base/book/processModels/more/index.md
2026-08-05T09:25:24.661Z - [36mverbose[39m: Rendering page: /Users/damithch/Repos/nus-cs2103/cs2103-website-base/book/processModels/more/cmmi/index.md
2026-08-05T09:25:24.667Z - [36mverbose[39m: Rendering page: /Users/damithch/Repos/nus-cs2103/cs2103-website-base/book/processModels/introduction/what/index.md
2026-08-05T09:25:24.672Z - [36mverbose[39m: Rendering page: /Users/damithch/Repos/nus-cs2103/cs2103-website-base/book/processModels/introduction/iterativeModels/index.md
2026-08-05T09:25:24.676Z - [36mverbose[39m: Rendering page: /Users/damithch/Repos/nus-cs2103/cs2103-website-base/book/processModels/introduction/sequentialModels/index.md
2026-08-05T09:25:24.806Z - [36mverbose[39m: Rendering page: /Users/damithch/Repos/nus-cs2103/cs2103-website-base/book/processModels/introduction/index.md
2026-08-05T09:25:24.813Z - [36mverbose[39m: Rendering page: /Users/damithch/Repos/nus-cs2103/cs2103-website-base/book/processModels/introduction/agileModels/index.md
2026-08-05T09:25:24.818Z - [36mverbose[39m: Rendering page: /Users/damithch/Repos/nus-cs2103/cs2103-website-base/book/processModels/exampleProcessModels/xp/index.md
2026-08-05T09:25:24.823Z - [36mverbose[39m: Rendering page: /Users/damithch/Repos/nus-cs2103/cs2103-website-base/book/processModels/index.md
2026-08-05T09:25:24.928Z - [36mverbose[39m: Rendering page: /Users/damithch/Repos/nus-cs2103/cs2103-website-base/book/processModels/exampleProcessModels/unifiedProcess/index.md
2026-08-05T09:25:24.934Z - [36mverbose[39m: Rendering page: /Users/damithch/Repos/nus-cs2103/cs2103-website-base/book/processModels/exampleProcessModels/scrum/index.md
2026-08-05T09:25:24.939Z - [36mverbose[39m: Rendering page: /Users/damithch/Repos/nus-cs2103/cs2103-website-base/book/processModels/exampleProcessModels/index.md
2026-08-05T09:25:24.946Z - [36mverbose[39m: Rendering page: /Users/damithch/Repos/nus-cs2103/cs2103-website-base/book/principles/yagniPrinciple/index.md
2026-08-05T09:25:25.132Z - [36mverbose[39m: Rendering page: /Users/damithch/Repos/nus-cs2103/cs2103-website-base/book/principles/singleResponsibilityPrinciple/index.md
2026-08-05T09:25:25.137Z - [36mverbose[39m: Rendering page: /Users/damithch/Repos/nus-cs2103/cs2103-website-base/book/principles/solidPrinciples/index.md
2026-08-05T09:25:25.144Z - [36mverbose[39m: Rendering page: /Users/damithch/Repos/nus-cs2103/cs2103-website-base/book/principles/separationOfConcernsPrinciple/index.md
2026-08-05T09:25:25.246Z - [36mverbose[39m: Rendering page: /Users/damithch/Repos/nus-cs2103/cs2103-website-base/book/principles/review/index.md
2026-08-05T09:25:25.252Z - [36mverbose[39m: Rendering page: /Users/damithch/Repos/nus-cs2103/cs2103-website-base/book/principles/openClosedPrinciple/index.md
2026-08-05T09:25:25.257Z - [36mverbose[39m: Rendering page: /Users/damithch/Repos/nus-cs2103/cs2103-website-base/book/principles/liskovSubstitutionPrinciple/index.md
2026-08-05T09:25:25.281Z - [36mverbose[39m: Rendering page: /Users/damithch/Repos/nus-cs2103/cs2103-website-base/book/principles/lawOfDemeter/index.md
2026-08-05T09:25:25.502Z - [36mverbose[39m: Rendering page: /Users/damithch/Repos/nus-cs2103/cs2103-website-base/book/principles/interfaceSegregationPrinciple/index.md
2026-08-05T09:25:25.525Z - [36mverbose[39m: Rendering page: /Users/damithch/Repos/nus-cs2103/cs2103-website-base/book/principles/index.md
2026-08-05T09:25:25.545Z - [36mverbose[39m: Rendering page: /Users/damithch/Repos/nus-cs2103/cs2103-website-base/book/principles/dryPrinciple/index.md
2026-08-05T09:25:25.549Z - [36mverbose[39m: Rendering page: /Users/damithch/Repos/nus-cs2103/cs2103-website-base/book/principles/dependencyInversionPrinciple/index.md
2026-08-05T09:25:25.624Z - [36mverbose[39m: Rendering page: /Users/damithch/Repos/nus-cs2103/cs2103-website-base/book/principles/brooksLaw/index.md
2026-08-05T09:25:25.630Z - [36mverbose[39m: Rendering page: /Users/damithch/Repos/nus-cs2103/cs2103-website-base/book/oop/polymorphism/index.md
2026-08-05T09:25:25.636Z - [36mverbose[39m: Rendering page: /Users/damithch/Repos/nus-cs2103/cs2103-website-base/book/oop/polymorphism/what/index.md
2026-08-05T09:25:25.641Z - [36mverbose[39m: Rendering page: /Users/damithch/Repos/nus-cs2103/cs2103-website-base/book/oop/polymorphism/how/index.md
2026-08-05T09:25:25.743Z - [36mverbose[39m: Rendering page: /Users/damithch/Repos/nus-cs2103/cs2103-website-base/book/oop/objects/index.md
2026-08-05T09:25:25.752Z - [36mverbose[39m: Rendering page: /Users/damithch/Repos/nus-cs2103/cs2103-website-base/book/oop/objects/what/index.md
2026-08-05T09:25:25.759Z - [36mverbose[39m: Rendering page: /Users/damithch/Repos/nus-cs2103/cs2103-website-base/book/oop/objects/abstraction/index.md
2026-08-05T09:25:25.764Z - [36mverbose[39m: Rendering page: /Users/damithch/Repos/nus-cs2103/cs2103-website-base/book/oop/objects/encapsulation/index.md
2026-08-05T09:25:25.832Z - [36mverbose[39m: Rendering page: /Users/damithch/Repos/nus-cs2103/cs2103-website-base/book/oop/more/review/index.md
2026-08-05T09:25:25.839Z - [36mverbose[39m: Rendering page: /Users/damithch/Repos/nus-cs2103/cs2103-website-base/book/oop/more/miscellaneous/index.md
2026-08-05T09:25:25.843Z - [36mverbose[39m: Rendering page: /Users/damithch/Repos/nus-cs2103/cs2103-website-base/book/oop/more/index.md
2026-08-05T09:25:25.887Z - [36mverbose[39m: Rendering page: /Users/damithch/Repos/nus-cs2103/cs2103-website-base/book/oop/introduction/what/index.md
2026-08-05T09:25:25.908Z - [36mverbose[39m: Rendering page: /Users/damithch/Repos/nus-cs2103/cs2103-website-base/book/oop/introduction/index.md
2026-08-05T09:25:25.914Z - [36mverbose[39m: Rendering page: /Users/damithch/Repos/nus-cs2103/cs2103-website-base/book/oop/inheritance/what/index.md
2026-08-05T09:25:25.944Z - [36mverbose[39m: Rendering page: /Users/damithch/Repos/nus-cs2103/cs2103-website-base/book/oop/inheritance/substitutability/index.md
2026-08-05T09:25:25.977Z - [36mverbose[39m: Rendering page: /Users/damithch/Repos/nus-cs2103/cs2103-website-base/book/oop/inheritance/overriding/index.md
2026-08-05T09:25:25.984Z - [36mverbose[39m: Rendering page: /Users/damithch/Repos/nus-cs2103/cs2103-website-base/book/oop/inheritance/interfaces/index.md
2026-08-05T09:25:26.082Z - [36mverbose[39m: Rendering page: /Users/damithch/Repos/nus-cs2103/cs2103-website-base/book/oop/inheritance/overloading/index.md
2026-08-05T09:25:26.152Z - [36mverbose[39m: Rendering page: /Users/damithch/Repos/nus-cs2103/cs2103-website-base/book/oop/inheritance/index.md
2026-08-05T09:25:26.454Z - [36mverbose[39m: Rendering page: /Users/damithch/Repos/nus-cs2103/cs2103-website-base/book/oop/inheritance/dynamicAndStaticBinding/index.md
2026-08-05T09:25:26.479Z - [36mverbose[39m: Rendering page: /Users/damithch/Repos/nus-cs2103/cs2103-website-base/book/oop/inheritance/abstractClasses/index.md
2026-08-05T09:25:26.486Z - [36mverbose[39m: Rendering page: /Users/damithch/Repos/nus-cs2103/cs2103-website-base/book/oop/index.md
2026-08-05T09:25:26.562Z - [36mverbose[39m: Rendering page: /Users/damithch/Repos/nus-cs2103/cs2103-website-base/book/oop/classes/what/index.md
2026-08-05T09:25:26.584Z - [36mverbose[39m: Rendering page: /Users/damithch/Repos/nus-cs2103/cs2103-website-base/book/oop/classes/index.md
2026-08-05T09:25:26.606Z - [36mverbose[39m: Rendering page: /Users/damithch/Repos/nus-cs2103/cs2103-website-base/book/oop/classes/enumerations/index.md
2026-08-05T09:25:26.633Z - [36mverbose[39m: Rendering page: /Users/damithch/Repos/nus-cs2103/cs2103-website-base/book/oop/classes/classLevelMembers/index.md
2026-08-05T09:25:26.658Z - [36mverbose[39m: Rendering page: /Users/damithch/Repos/nus-cs2103/cs2103-website-base/book/oop/associations/what/index.md
2026-08-05T09:25:26.665Z - [36mverbose[39m: Rendering page: /Users/damithch/Repos/nus-cs2103/cs2103-website-base/book/oop/associations/navigability/index.md
2026-08-05T09:25:26.760Z - [36mverbose[39m: Rendering page: /Users/damithch/Repos/nus-cs2103/cs2103-website-base/book/oop/associations/multiplicity/index.md
2026-08-05T09:25:26.803Z - [36mverbose[39m: Rendering page: /Users/damithch/Repos/nus-cs2103/cs2103-website-base/book/oop/associations/dependencies/index.md
2026-08-05T09:25:26.808Z - [36mverbose[39m: Rendering page: /Users/damithch/Repos/nus-cs2103/cs2103-website-base/book/oop/associations/index.md
2026-08-05T09:25:26.823Z - [36mverbose[39m: Rendering page: /Users/damithch/Repos/nus-cs2103/cs2103-website-base/book/oop/associations/composition/index.md
2026-08-05T09:25:26.829Z - [36mverbose[39m: Rendering page: /Users/damithch/Repos/nus-cs2103/cs2103-website-base/book/oop/associations/associationClasses/index.md
2026-08-05T09:25:26.898Z - [36mverbose[39m: Rendering page: /Users/damithch/Repos/nus-cs2103/cs2103-website-base/book/modeling/modelingStructures/packageDiagrams/index.md
2026-08-05T09:25:26.903Z - [36mverbose[39m: Rendering page: /Users/damithch/Repos/nus-cs2103/cs2103-website-base/book/oop/associations/aggregation/index.md
2026-08-05T09:25:26.910Z - [36mverbose[39m: Rendering page: /Users/damithch/Repos/nus-cs2103/cs2103-website-base/book/modeling/modelingStructures/objectOrientedDomainModels/index.md
2026-08-05T09:25:26.915Z - [36mverbose[39m: Rendering page: /Users/damithch/Repos/nus-cs2103/cs2103-website-base/book/modeling/modelingStructures/ooStructures/index.md
2026-08-05T09:25:27.919Z - [34mdebug[39m: 
2026-08-05T09:25:27.954Z - [36mverbose[39m: Rendering page: /Users/damithch/Repos/nus-cs2103/cs2103-website-base/book/modeling/modelingStructures/objectDiagrams/index.md
2026-08-05T09:25:27.962Z - [36mverbose[39m: Rendering page: /Users/damithch/Repos/nus-cs2103/cs2103-website-base/book/modeling/modelingStructures/index.md
2026-08-05T09:25:27.991Z - [36mverbose[39m: Rendering page: /Users/damithch/Repos/nus-cs2103/cs2103-website-base/book/modeling/modelingStructures/deploymentDiagrams/index.md
2026-08-05T09:25:27.996Z - [36mverbose[39m: Rendering page: /Users/damithch/Repos/nus-cs2103/cs2103-website-base/book/modeling/modelingStructures/customisingUml/index.md
2026-08-05T09:25:28.133Z - [36mverbose[39m: Rendering page: /Users/damithch/Repos/nus-cs2103/cs2103-website-base/book/modeling/modelingStructures/compositeStructureDiagrams/index.md
2026-08-05T09:25:28.139Z - [36mverbose[39m: Rendering page: /Users/damithch/Repos/nus-cs2103/cs2103-website-base/book/modeling/modelingStructures/classDiagramsBasic/index.md
2026-08-05T09:25:28.148Z - [36mverbose[39m: Rendering page: /Users/damithch/Repos/nus-cs2103/cs2103-website-base/book/modeling/modelingStructures/componentDiagrams/index.md
2026-08-05T09:25:28.154Z - [36mverbose[39m: Rendering page: /Users/damithch/Repos/nus-cs2103/cs2103-website-base/book/modeling/modelingStructures/classDiagramsIntermediate/index.md
2026-08-05T09:25:28.228Z - [36mverbose[39m: Rendering page: /Users/damithch/Repos/nus-cs2103/cs2103-website-base/book/modeling/modelingStructures/addingMoreInfo/index.md
2026-08-05T09:25:28.234Z - [36mverbose[39m: Rendering page: /Users/damithch/Repos/nus-cs2103/cs2103-website-base/book/modeling/modelingStructures/classDiagramsAdvanced/index.md
2026-08-05T09:25:28.241Z - [36mverbose[39m: Rendering page: /Users/damithch/Repos/nus-cs2103/cs2103-website-base/book/modeling/modelingBehaviors/timingDiagrams/index.md
2026-08-05T09:25:28.246Z - [36mverbose[39m: Rendering page: /Users/damithch/Repos/nus-cs2103/cs2103-website-base/book/modeling/modelingBehaviors/useCaseDiagrams/index.md
2026-08-05T09:25:28.338Z - [36mverbose[39m: Rendering page: /Users/damithch/Repos/nus-cs2103/cs2103-website-base/book/modeling/modelingBehaviors/sequenceDiagramsIntermediate/index.md
2026-08-05T09:25:28.344Z - [36mverbose[39m: Rendering page: /Users/damithch/Repos/nus-cs2103/cs2103-website-base/book/modeling/modelingBehaviors/stateMachineDiagrams/index.md
2026-08-05T09:25:28.350Z - [36mverbose[39m: Rendering page: /Users/damithch/Repos/nus-cs2103/cs2103-website-base/book/modeling/modelingBehaviors/sequenceDiagramsBasic/index.md
2026-08-05T09:25:28.372Z - [36mverbose[39m: Rendering page: /Users/damithch/Repos/nus-cs2103/cs2103-website-base/book/modeling/modelingBehaviors/sequenceDiagramsAdvanced/index.md
2026-08-05T09:25:28.483Z - [36mverbose[39m: Rendering page: /Users/damithch/Repos/nus-cs2103/cs2103-website-base/book/modeling/modelingBehaviors/interactionOverviewDiagrams/index.md
2026-08-05T09:25:28.489Z - [36mverbose[39m: Rendering page: /Users/damithch/Repos/nus-cs2103/cs2103-website-base/book/modeling/modelingBehaviors/index.md
2026-08-05T09:25:28.519Z - [36mverbose[39m: Rendering page: /Users/damithch/Repos/nus-cs2103/cs2103-website-base/book/modeling/modelingBehaviors/communicationDiagrams/index.md
2026-08-05T09:25:28.566Z - [36mverbose[39m: Rendering page: /Users/damithch/Repos/nus-cs2103/cs2103-website-base/book/modeling/modelingBehaviors/activityDiagramsIntermediate/index.md
2026-08-05T09:25:28.596Z - [36mverbose[39m: Rendering page: /Users/damithch/Repos/nus-cs2103/cs2103-website-base/book/modeling/modelingBehaviors/activityDiagrams/index.md
2026-08-05T09:25:28.603Z - [36mverbose[39m: Rendering page: /Users/damithch/Repos/nus-cs2103/cs2103-website-base/book/modeling/modelingASolution/introduction/index.md
2026-08-05T09:25:28.659Z - [36mverbose[39m: Rendering page: /Users/damithch/Repos/nus-cs2103/cs2103-website-base/book/modeling/modelingASolution/intermediate/index.md
2026-08-05T09:25:28.690Z - [36mverbose[39m: Rendering page: /Users/damithch/Repos/nus-cs2103/cs2103-website-base/book/modeling/modelingASolution/index.md
2026-08-05T09:25:28.715Z - [36mverbose[39m: Rendering page: /Users/damithch/Repos/nus-cs2103/cs2103-website-base/book/modeling/modelingASolution/basic/index.md
2026-08-05T09:25:28.722Z - [36mverbose[39m: Rendering page: /Users/damithch/Repos/nus-cs2103/cs2103-website-base/book/modeling/introduction/what/index.md
2026-08-05T09:25:28.770Z - [36mverbose[39m: Rendering page: /Users/damithch/Repos/nus-cs2103/cs2103-website-base/book/modeling/introduction/umlModels/index.md
2026-08-05T09:25:29.118Z - [36mverbose[39m: Rendering page: /Users/damithch/Repos/nus-cs2103/cs2103-website-base/book/modeling/introduction/index.md
2026-08-05T09:25:29.129Z - [36mverbose[39m: Rendering page: /Users/damithch/Repos/nus-cs2103/cs2103-website-base/book/modeling/introduction/how/index.md
2026-08-05T09:25:29.135Z - [36mverbose[39m: Rendering page: /Users/damithch/Repos/nus-cs2103/cs2103-website-base/book/modeling/index.md
2026-08-05T09:25:29.185Z - [36mverbose[39m: Rendering page: /Users/damithch/Repos/nus-cs2103/cs2103-website-base/book/intellij/refactoring/index.md
2026-08-05T09:25:29.231Z - [36mverbose[39m: Rendering page: /Users/damithch/Repos/nus-cs2103/cs2103-website-base/book/intellij/projectSetup/index.md
2026-08-05T09:25:29.239Z - [36mverbose[39m: Rendering page: /Users/damithch/Repos/nus-cs2103/cs2103-website-base/book/intellij/productivityShortcuts/index.md
2026-08-05T09:25:29.255Z - [36mverbose[39m: Rendering page: /Users/damithch/Repos/nus-cs2103/cs2103-website-base/book/intellij/index.md
2026-08-05T09:25:29.261Z - [36mverbose[39m: Rendering page: /Users/damithch/Repos/nus-cs2103/cs2103-website-base/book/intellij/debuggingBasic/index.md
2026-08-05T09:25:29.304Z - [36mverbose[39m: Rendering page: /Users/damithch/Repos/nus-cs2103/cs2103-website-base/book/intellij/codeNavigation/index.md
2026-08-05T09:25:29.349Z - [36mverbose[39m: Rendering page: /Users/damithch/Repos/nus-cs2103/cs2103-website-base/book/integration/introduction/index.md
2026-08-05T09:25:29.355Z - [36mverbose[39m: Rendering page: /Users/damithch/Repos/nus-cs2103/cs2103-website-base/book/integration/introduction/what/index.md
2026-08-05T09:25:29.360Z - [36mverbose[39m: Rendering page: /Users/damithch/Repos/nus-cs2103/cs2103-website-base/book/integration/more/index.md
2026-08-05T09:25:29.423Z - [36mverbose[39m: Rendering page: /Users/damithch/Repos/nus-cs2103/cs2103-website-base/book/integration/more/review/index.md
2026-08-05T09:25:29.462Z - [36mverbose[39m: Rendering page: /Users/damithch/Repos/nus-cs2103/cs2103-website-base/book/integration/index.md
2026-08-05T09:25:29.485Z - [36mverbose[39m: Rendering page: /Users/damithch/Repos/nus-cs2103/cs2103-website-base/book/integration/buildAutomation/index.md
2026-08-05T09:25:29.490Z - [36mverbose[39m: Rendering page: /Users/damithch/Repos/nus-cs2103/cs2103-website-base/book/integration/buildAutomation/what/index.md
2026-08-05T09:25:29.529Z - [36mverbose[39m: Rendering page: /Users/damithch/Repos/nus-cs2103/cs2103-website-base/book/integration/buildAutomation/continuousIntegrationDeployment/index.md
2026-08-05T09:25:29.566Z - [36mverbose[39m: Rendering page: /Users/damithch/Repos/nus-cs2103/cs2103-website-base/book/integration/approaches/topDownVsBottomUp/index.md
2026-08-05T09:25:29.573Z - [36mverbose[39m: Rendering page: /Users/damithch/Repos/nus-cs2103/cs2103-website-base/book/integration/approaches/lateVsEarly/index.md
2026-08-05T09:25:29.592Z - [36mverbose[39m: Rendering page: /Users/damithch/Repos/nus-cs2103/cs2103-website-base/book/integration/approaches/index.md
2026-08-05T09:25:29.632Z - [36mverbose[39m: Rendering page: /Users/damithch/Repos/nus-cs2103/cs2103-website-base/book/integration/approaches/bigBangVsIncremental/index.md
2026-08-05T09:25:29.637Z - [36mverbose[39m: Rendering page: /Users/damithch/Repos/nus-cs2103/cs2103-website-base/book/index.md
2026-08-05T09:25:29.694Z - [36mverbose[39m: Rendering page: /Users/damithch/Repos/nus-cs2103/cs2103-website-base/book/ides/introduction/what/index.md
2026-08-05T09:25:29.701Z - [36mverbose[39m: Rendering page: /Users/damithch/Repos/nus-cs2103/cs2103-website-base/book/ides/introduction/index.md
2026-08-05T09:25:29.706Z - [36mverbose[39m: Rendering page: /Users/damithch/Repos/nus-cs2103/cs2103-website-base/book/ides/index.md
2026-08-05T09:25:29.750Z - [36mverbose[39m: Rendering page: /Users/damithch/Repos/nus-cs2103/cs2103-website-base/book/ides/debugging/what/index.md
2026-08-05T09:25:29.755Z - [36mverbose[39m: Rendering page: /Users/damithch/Repos/nus-cs2103/cs2103-website-base/book/ides/debugging/index.md
2026-08-05T09:25:29.761Z - [36mverbose[39m: Rendering page: /Users/damithch/Repos/nus-cs2103/cs2103-website-base/book/gitAndGithub/trail/workingWithRemotes/index.md
2026-08-05T09:25:29.768Z - [36mverbose[39m: Rendering page: /Users/damithch/Repos/nus-cs2103/cs2103-website-base/book/gitAndGithub/trail/usingRevisionHistory/index.md
2026-08-05T09:25:29.818Z - [36mverbose[39m: Rendering page: /Users/damithch/Repos/nus-cs2103/cs2103-website-base/book/gitAndGithub/trail/syncingBranches/index.md
2026-08-05T09:25:29.823Z - [36mverbose[39m: Rendering page: /Users/damithch/Repos/nus-cs2103/cs2103-website-base/book/gitAndGithub/trail/remoteBranches/index.md
2026-08-05T09:25:29.830Z - [36mverbose[39m: Rendering page: /Users/damithch/Repos/nus-cs2103/cs2103-website-base/book/gitAndGithub/trail/recordingFolderHistory/index.md
2026-08-05T09:25:29.835Z - [36mverbose[39m: Rendering page: /Users/damithch/Repos/nus-cs2103/cs2103-website-base/book/gitAndGithub/trail/index.md
2026-08-05T09:25:29.889Z - [36mverbose[39m: Rendering page: /Users/damithch/Repos/nus-cs2103/cs2103-website-base/book/gitAndGithub/trail/branchingLocally/index.md
2026-08-05T09:25:29.894Z - [36mverbose[39m: Rendering page: /Users/damithch/Repos/nus-cs2103/cs2103-website-base/book/gitAndGithub/trail/fineTuningHistory/index.md
2026-08-05T09:25:29.898Z - [36mverbose[39m: Rendering page: /Users/damithch/Repos/nus-cs2103/cs2103-website-base/book/gitAndGithub/trail/backingUpOnCloud/index.md
2026-08-05T09:25:29.903Z - [36mverbose[39m: Rendering page: /Users/damithch/Repos/nus-cs2103/cs2103-website-base/book/gitAndGithub/reviewPRs/index.md
2026-08-05T09:25:29.959Z - [36mverbose[39m: Rendering page: /Users/damithch/Repos/nus-cs2103/cs2103-website-base/book/gitAndGithub/index.md
2026-08-05T09:25:29.964Z - [36mverbose[39m: Rendering page: /Users/damithch/Repos/nus-cs2103/cs2103-website-base/book/gitAndGithub/forkingWorkflow/index.md
2026-08-05T09:25:29.968Z - [36mverbose[39m: Rendering page: /Users/damithch/Repos/nus-cs2103/cs2103-website-base/book/gitAndGithub/managePRs/index.md
2026-08-05T09:25:29.973Z - [36mverbose[39m: Rendering page: /Users/damithch/Repos/nus-cs2103/cs2103-website-base/book/gitAndGithub/createPRs/index.md
2026-08-05T09:25:30.028Z - [36mverbose[39m: Rendering page: /Users/damithch/Repos/nus-cs2103/cs2103-website-base/book/gatheringRequirements/userSurveys/index.md
2026-08-05T09:25:30.033Z - [36mverbose[39m: Rendering page: /Users/damithch/Repos/nus-cs2103/cs2103-website-base/book/gatheringRequirements/prototyping/index.md
2026-08-05T09:25:30.039Z - [36mverbose[39m: Rendering page: /Users/damithch/Repos/nus-cs2103/cs2103-website-base/book/gatheringRequirements/productSurveys/index.md
2026-08-05T09:25:30.057Z - [36mverbose[39m: Rendering page: /Users/damithch/Repos/nus-cs2103/cs2103-website-base/book/gatheringRequirements/observation/index.md
2026-08-05T09:25:30.135Z - [36mverbose[39m: Rendering page: /Users/damithch/Repos/nus-cs2103/cs2103-website-base/book/gatheringRequirements/interviews/index.md
2026-08-05T09:25:30.141Z - [36mverbose[39m: Rendering page: /Users/damithch/Repos/nus-cs2103/cs2103-website-base/book/gatheringRequirements/index.md
2026-08-05T09:25:30.149Z - [36mverbose[39m: Rendering page: /Users/damithch/Repos/nus-cs2103/cs2103-website-base/book/gatheringRequirements/focusGroups/index.md
2026-08-05T09:25:30.170Z - [36mverbose[39m: Rendering page: /Users/damithch/Repos/nus-cs2103/cs2103-website-base/book/gatheringRequirements/brainstorming/index.md
2026-08-05T09:25:30.239Z - [36mverbose[39m: Rendering page: /Users/damithch/Repos/nus-cs2103/cs2103-website-base/book/errorHandling/logging/what/index.md
2026-08-05T09:25:30.254Z - [36mverbose[39m: Rendering page: /Users/damithch/Repos/nus-cs2103/cs2103-website-base/book/errorHandling/logging/index.md
2026-08-05T09:25:30.262Z - [36mverbose[39m: Rendering page: /Users/damithch/Repos/nus-cs2103/cs2103-website-base/book/errorHandling/logging/how/index.md
2026-08-05T09:25:30.493Z - [36mverbose[39m: Rendering page: /Users/damithch/Repos/nus-cs2103/cs2103-website-base/book/errorHandling/introduction/what/index.md
2026-08-05T09:25:30.498Z - [36mverbose[39m: Rendering page: /Users/damithch/Repos/nus-cs2103/cs2103-website-base/book/errorHandling/introduction/index.md
2026-08-05T09:25:30.503Z - [36mverbose[39m: Rendering page: /Users/damithch/Repos/nus-cs2103/cs2103-website-base/book/errorHandling/index.md
2026-08-05T09:25:30.541Z - [36mverbose[39m: Rendering page: /Users/damithch/Repos/nus-cs2103/cs2103-website-base/book/errorHandling/exceptions/when/index.md
2026-08-05T09:25:30.589Z - [36mverbose[39m: Rendering page: /Users/damithch/Repos/nus-cs2103/cs2103-website-base/book/errorHandling/exceptions/index.md
2026-08-05T09:25:30.610Z - [36mverbose[39m: Rendering page: /Users/damithch/Repos/nus-cs2103/cs2103-website-base/book/errorHandling/exceptions/what/index.md
2026-08-05T09:25:30.617Z - [36mverbose[39m: Rendering page: /Users/damithch/Repos/nus-cs2103/cs2103-website-base/book/errorHandling/exceptions/how/index.md
2026-08-05T09:25:30.669Z - [36mverbose[39m: Rendering page: /Users/damithch/Repos/nus-cs2103/cs2103-website-base/book/errorHandling/designByContract/what/index.md
2026-08-05T09:25:30.674Z - [36mverbose[39m: Rendering page: /Users/damithch/Repos/nus-cs2103/cs2103-website-base/book/errorHandling/designByContract/index.md
2026-08-05T09:25:30.682Z - [36mverbose[39m: Rendering page: /Users/damithch/Repos/nus-cs2103/cs2103-website-base/book/errorHandling/defensiveProgramming/when/index.md
2026-08-05T09:25:30.687Z - [36mverbose[39m: Rendering page: /Users/damithch/Repos/nus-cs2103/cs2103-website-base/book/errorHandling/defensiveProgramming/what/index.md
2026-08-05T09:25:30.903Z - [36mverbose[39m: Rendering page: /Users/damithch/Repos/nus-cs2103/cs2103-website-base/book/errorHandling/defensiveProgramming/referentialIntegrity/index.md
2026-08-05T09:25:30.914Z - [36mverbose[39m: Rendering page: /Users/damithch/Repos/nus-cs2103/cs2103-website-base/book/errorHandling/defensiveProgramming/index.md
2026-08-05T09:25:30.931Z - [36mverbose[39m: Rendering page: /Users/damithch/Repos/nus-cs2103/cs2103-website-base/book/errorHandling/defensiveProgramming/compulsoryAssociations/index.md
2026-08-05T09:25:30.957Z - [36mverbose[39m: Rendering page: /Users/damithch/Repos/nus-cs2103/cs2103-website-base/book/errorHandling/defensiveProgramming/1to1Associations/index.md
2026-08-05T09:25:31.027Z - [36mverbose[39m: Rendering page: /Users/damithch/Repos/nus-cs2103/cs2103-website-base/book/errorHandling/assertions/when/index.md
2026-08-05T09:25:31.035Z - [36mverbose[39m: Rendering page: /Users/damithch/Repos/nus-cs2103/cs2103-website-base/book/errorHandling/assertions/index.md
2026-08-05T09:25:31.042Z - [36mverbose[39m: Rendering page: /Users/damithch/Repos/nus-cs2103/cs2103-website-base/book/errorHandling/assertions/what/index.md
2026-08-05T09:25:31.059Z - [36mverbose[39m: Rendering page: /Users/damithch/Repos/nus-cs2103/cs2103-website-base/book/errorHandling/assertions/how/index.md
2026-08-05T09:25:31.105Z - [36mverbose[39m: Rendering page: /Users/damithch/Repos/nus-cs2103/cs2103-website-base/book/documentation/tools/markdown/index.md
2026-08-05T09:25:31.112Z - [36mverbose[39m: Rendering page: /Users/damithch/Repos/nus-cs2103/cs2103-website-base/book/documentation/tools/markdown/what/index.md
2026-08-05T09:25:31.117Z - [36mverbose[39m: Rendering page: /Users/damithch/Repos/nus-cs2103/cs2103-website-base/book/documentation/tools/javaDoc/what/index.md
2026-08-05T09:25:31.122Z - [36mverbose[39m: Rendering page: /Users/damithch/Repos/nus-cs2103/cs2103-website-base/book/documentation/tools/markdown/how/index.md
2026-08-05T09:25:31.220Z - [36mverbose[39m: Rendering page: /Users/damithch/Repos/nus-cs2103/cs2103-website-base/book/documentation/tools/javaDoc/index.md
2026-08-05T09:25:31.227Z - [36mverbose[39m: Rendering page: /Users/damithch/Repos/nus-cs2103/cs2103-website-base/book/documentation/tools/javaDoc/how/index.md
2026-08-05T09:25:31.232Z - [36mverbose[39m: Rendering page: /Users/damithch/Repos/nus-cs2103/cs2103-website-base/book/documentation/tools/index.md
2026-08-05T09:25:31.272Z - [36mverbose[39m: Rendering page: /Users/damithch/Repos/nus-cs2103/cs2103-website-base/book/documentation/tools/asciiDoc/what/index.md
2026-08-05T09:25:31.298Z - [36mverbose[39m: Rendering page: /Users/damithch/Repos/nus-cs2103/cs2103-website-base/book/documentation/tools/asciiDoc/index.md
2026-08-05T09:25:31.385Z - [36mverbose[39m: Rendering page: /Users/damithch/Repos/nus-cs2103/cs2103-website-base/book/documentation/introduction/index.md
2026-08-05T09:25:31.390Z - [36mverbose[39m: Rendering page: /Users/damithch/Repos/nus-cs2103/cs2103-website-base/book/documentation/introduction/what/index.md
2026-08-05T09:25:31.432Z - [36mverbose[39m: Rendering page: /Users/damithch/Repos/nus-cs2103/cs2103-website-base/book/documentation/index.md
2026-08-05T09:25:31.467Z - [36mverbose[39m: Rendering page: /Users/damithch/Repos/nus-cs2103/cs2103-website-base/book/documentation/guidelines/index.md
2026-08-05T09:25:31.510Z - [36mverbose[39m: Rendering page: /Users/damithch/Repos/nus-cs2103/cs2103-website-base/book/documentation/guidelines/goTopDown/why/index.md
2026-08-05T09:25:31.516Z - [36mverbose[39m: Rendering page: /Users/damithch/Repos/nus-cs2103/cs2103-website-base/book/documentation/guidelines/goTopDown/what/index.md
2026-08-05T09:25:31.520Z - [36mverbose[39m: Rendering page: /Users/damithch/Repos/nus-cs2103/cs2103-website-base/book/documentation/guidelines/goTopDown/index.md
2026-08-05T09:25:31.553Z - [36mverbose[39m: Rendering page: /Users/damithch/Repos/nus-cs2103/cs2103-website-base/book/documentation/guidelines/goTopDown/how/index.md
2026-08-05T09:25:31.583Z - [36mverbose[39m: Rendering page: /Users/damithch/Repos/nus-cs2103/cs2103-website-base/book/documentation/guidelines/documentMinimally/index.md
2026-08-05T09:25:31.588Z - [36mverbose[39m: Rendering page: /Users/damithch/Repos/nus-cs2103/cs2103-website-base/book/documentation/guidelines/documentMinimally/what/index.md
2026-08-05T09:25:31.593Z - [36mverbose[39m: Rendering page: /Users/damithch/Repos/nus-cs2103/cs2103-website-base/book/documentation/guidelines/documentMinimally/how/index.md
2026-08-05T09:25:31.646Z - [36mverbose[39m: Rendering page: /Users/damithch/Repos/nus-cs2103/cs2103-website-base/book/documentation/guidelines/aimForComprehensibility/what/index.md
2026-08-05T09:25:31.653Z - [36mverbose[39m: Rendering page: /Users/damithch/Repos/nus-cs2103/cs2103-website-base/book/documentation/guidelines/aimForComprehensibility/index.md
2026-08-05T09:25:31.687Z - [36mverbose[39m: Rendering page: /Users/damithch/Repos/nus-cs2103/cs2103-website-base/book/designPatterns/singleton/what/index.md
2026-08-05T09:25:31.692Z - [36mverbose[39m: Rendering page: /Users/damithch/Repos/nus-cs2103/cs2103-website-base/book/documentation/guidelines/aimForComprehensibility/how/index.md
2026-08-05T09:25:31.754Z - [36mverbose[39m: Rendering page: /Users/damithch/Repos/nus-cs2103/cs2103-website-base/book/designPatterns/singleton/index.md
2026-08-05T09:25:31.764Z - [36mverbose[39m: Rendering page: /Users/damithch/Repos/nus-cs2103/cs2103-website-base/book/designPatterns/singleton/implementation/index.md
2026-08-05T09:25:31.798Z - [36mverbose[39m: Rendering page: /Users/damithch/Repos/nus-cs2103/cs2103-website-base/book/designPatterns/observer/what/index.md
2026-08-05T09:25:31.806Z - [36mverbose[39m: Rendering page: /Users/damithch/Repos/nus-cs2103/cs2103-website-base/book/designPatterns/singleton/evaluation/index.md
2026-08-05T09:25:31.835Z - [36mverbose[39m: Rendering page: /Users/damithch/Repos/nus-cs2103/cs2103-website-base/book/designPatterns/observer/index.md
2026-08-05T09:25:31.861Z - [36mverbose[39m: Rendering page: /Users/damithch/Repos/nus-cs2103/cs2103-website-base/book/designPatterns/more/usingDesignPatterns/index.md
2026-08-05T09:25:31.866Z - [36mverbose[39m: Rendering page: /Users/damithch/Repos/nus-cs2103/cs2103-website-base/book/designPatterns/more/vsPrinciples/index.md
2026-08-05T09:25:31.883Z - [36mverbose[39m: Rendering page: /Users/damithch/Repos/nus-cs2103/cs2103-website-base/book/designPatterns/more/otherTypesOfPatterns/index.md
2026-08-05T09:25:31.936Z - [36mverbose[39m: Rendering page: /Users/damithch/Repos/nus-cs2103/cs2103-website-base/book/designPatterns/more/otherDesignPatterns/index.md
2026-08-05T09:25:31.955Z - [36mverbose[39m: Rendering page: /Users/damithch/Repos/nus-cs2103/cs2103-website-base/book/designPatterns/more/index.md
2026-08-05T09:25:31.964Z - [36mverbose[39m: Rendering page: /Users/damithch/Repos/nus-cs2103/cs2103-website-base/book/designPatterns/more/combiningDesignPatterns/index.md
2026-08-05T09:25:31.984Z - [36mverbose[39m: Rendering page: /Users/damithch/Repos/nus-cs2103/cs2103-website-base/book/designPatterns/modelViewController/what/index.md
2026-08-05T09:25:32.039Z - [36mverbose[39m: Rendering page: /Users/damithch/Repos/nus-cs2103/cs2103-website-base/book/designPatterns/modelViewController/index.md
2026-08-05T09:25:32.060Z - [36mverbose[39m: Rendering page: /Users/damithch/Repos/nus-cs2103/cs2103-website-base/book/designPatterns/introduction/index.md
2026-08-05T09:25:32.066Z - [36mverbose[39m: Rendering page: /Users/damithch/Repos/nus-cs2103/cs2103-website-base/book/designPatterns/introduction/what/index.md
2026-08-05T09:25:32.208Z - [36mverbose[39m: Rendering page: /Users/damithch/Repos/nus-cs2103/cs2103-website-base/book/designPatterns/introduction/format/index.md
2026-08-05T09:25:32.266Z - [36mverbose[39m: Rendering page: /Users/damithch/Repos/nus-cs2103/cs2103-website-base/book/designPatterns/index.md
2026-08-05T09:25:32.286Z - [36mverbose[39m: Rendering page: /Users/damithch/Repos/nus-cs2103/cs2103-website-base/book/designPatterns/facade/what/index.md
2026-08-05T09:25:32.292Z - [36mverbose[39m: Rendering page: /Users/damithch/Repos/nus-cs2103/cs2103-website-base/book/designPatterns/facade/index.md
2026-08-05T09:25:32.298Z - [36mverbose[39m: Rendering page: /Users/damithch/Repos/nus-cs2103/cs2103-website-base/book/designPatterns/command/what/index.md
2026-08-05T09:25:32.435Z - [36mverbose[39m: Rendering page: /Users/damithch/Repos/nus-cs2103/cs2103-website-base/book/designPatterns/command/index.md
2026-08-05T09:25:32.441Z - [36mverbose[39m: Rendering page: /Users/damithch/Repos/nus-cs2103/cs2103-website-base/book/designPatterns/abstractionOccurrence/what/index.md
2026-08-05T09:25:32.449Z - [36mverbose[39m: Rendering page: /Users/damithch/Repos/nus-cs2103/cs2103-website-base/book/designPatterns/abstractionOccurrence/index.md
2026-08-05T09:25:32.478Z - [36mverbose[39m: Rendering page: /Users/damithch/Repos/nus-cs2103/cs2103-website-base/book/designFundamentals/index.md
2026-08-05T09:25:32.564Z - [36mverbose[39m: Rendering page: /Users/damithch/Repos/nus-cs2103/cs2103-website-base/book/designFundamentals/coupling/what/index.md
2026-08-05T09:25:32.572Z - [36mverbose[39m: Rendering page: /Users/damithch/Repos/nus-cs2103/cs2103-website-base/book/designFundamentals/coupling/index.md
2026-08-05T09:25:32.579Z - [36mverbose[39m: Rendering page: /Users/damithch/Repos/nus-cs2103/cs2103-website-base/book/designFundamentals/coupling/types/index.md
2026-08-05T09:25:32.598Z - [36mverbose[39m: Rendering page: /Users/damithch/Repos/nus-cs2103/cs2103-website-base/book/designFundamentals/coupling/how/index.md
2026-08-05T09:25:32.649Z - [36mverbose[39m: Rendering page: /Users/damithch/Repos/nus-cs2103/cs2103-website-base/book/designFundamentals/cohesion/what/index.md
2026-08-05T09:25:32.671Z - [36mverbose[39m: Rendering page: /Users/damithch/Repos/nus-cs2103/cs2103-website-base/book/designFundamentals/cohesion/index.md
2026-08-05T09:25:32.679Z - [36mverbose[39m: Rendering page: /Users/damithch/Repos/nus-cs2103/cs2103-website-base/book/designFundamentals/cohesion/how/index.md
2026-08-05T09:25:32.739Z - [36mverbose[39m: Rendering page: /Users/damithch/Repos/nus-cs2103/cs2103-website-base/book/designFundamentals/abstraction/what/index.md
2026-08-05T09:25:32.747Z - [36mverbose[39m: Rendering page: /Users/damithch/Repos/nus-cs2103/cs2103-website-base/book/designFundamentals/abstraction/index.md
2026-08-05T09:25:32.767Z - [36mverbose[39m: Rendering page: /Users/damithch/Repos/nus-cs2103/cs2103-website-base/book/designApproaches/topDownBottomUp/index.md
2026-08-05T09:25:32.789Z - [36mverbose[39m: Rendering page: /Users/damithch/Repos/nus-cs2103/cs2103-website-base/book/designApproaches/topDownBottomUp/what/index.md
2026-08-05T09:25:32.828Z - [36mverbose[39m: Rendering page: /Users/damithch/Repos/nus-cs2103/cs2103-website-base/book/designApproaches/multilevelDesign/index.md
2026-08-05T09:25:32.834Z - [36mverbose[39m: Rendering page: /Users/damithch/Repos/nus-cs2103/cs2103-website-base/book/designApproaches/multilevelDesign/what/index.md
2026-08-05T09:25:32.856Z - [36mverbose[39m: Rendering page: /Users/damithch/Repos/nus-cs2103/cs2103-website-base/book/designApproaches/index.md
2026-08-05T09:25:32.922Z - [36mverbose[39m: Rendering page: /Users/damithch/Repos/nus-cs2103/cs2103-website-base/book/designApproaches/agileDesign/what/index.md
2026-08-05T09:25:32.928Z - [36mverbose[39m: Rendering page: /Users/damithch/Repos/nus-cs2103/cs2103-website-base/book/designApproaches/agileDesign/index.md
2026-08-05T09:25:32.951Z - [36mverbose[39m: Rendering page: /Users/damithch/Repos/nus-cs2103/cs2103-website-base/book/design/introduction/index.md
2026-08-05T09:25:32.982Z - [36mverbose[39m: Rendering page: /Users/damithch/Repos/nus-cs2103/cs2103-website-base/book/design/introduction/what/index.md
2026-08-05T09:25:32.989Z - [36mverbose[39m: Rendering page: /Users/damithch/Repos/nus-cs2103/cs2103-website-base/book/design/index.md
2026-08-05T09:25:33.088Z - [36mverbose[39m: Rendering page: /Users/damithch/Repos/nus-cs2103/cs2103-website-base/book/debugging/what/index.md
2026-08-05T09:25:33.121Z - [36mverbose[39m: Rendering page: /Users/damithch/Repos/nus-cs2103/cs2103-website-base/book/debugging/tools/index.md
2026-08-05T09:25:33.127Z - [36mverbose[39m: Rendering page: /Users/damithch/Repos/nus-cs2103/cs2103-website-base/book/debugging/index.md
2026-08-05T09:25:33.155Z - [36mverbose[39m: Rendering page: /Users/damithch/Repos/nus-cs2103/cs2103-website-base/book/debugging/how/index.md
2026-08-05T09:25:33.207Z - [36mverbose[39m: Rendering page: /Users/damithch/Repos/nus-cs2103/cs2103-website-base/book/debugging/fixing/index.md
2026-08-05T09:25:33.270Z - [36mverbose[39m: Rendering page: /Users/damithch/Repos/nus-cs2103/cs2103-website-base/book/debugging/advanced/index.md
2026-08-05T09:25:33.307Z - [36mverbose[39m: Rendering page: /Users/damithch/Repos/nus-cs2103/cs2103-website-base/book/cppToJava/usefulClasses/wrapperClasses/index.md
2026-08-05T09:25:33.439Z - [36mverbose[39m: Rendering page: /Users/damithch/Repos/nus-cs2103/cs2103-website-base/book/cppToJava/usefulClasses/stringClass/index.md
2026-08-05T09:25:33.480Z - [36mverbose[39m: Rendering page: /Users/damithch/Repos/nus-cs2103/cs2103-website-base/book/cppToJava/usefulClasses/scannerClass/index.md
2026-08-05T09:25:33.499Z - [36mverbose[39m: Rendering page: /Users/damithch/Repos/nus-cs2103/cs2103-website-base/book/cppToJava/usefulClasses/index.md
2026-08-05T09:25:33.542Z - [36mverbose[39m: Rendering page: /Users/damithch/Repos/nus-cs2103/cs2103-website-base/book/cppToJava/usefulClasses/arraysClass/index.md
2026-08-05T09:25:33.588Z - [36mverbose[39m: Rendering page: /Users/damithch/Repos/nus-cs2103/cs2103-website-base/book/cppToJava/usefulClasses/api/index.md
2026-08-05T09:25:33.621Z - [36mverbose[39m: Rendering page: /Users/damithch/Repos/nus-cs2103/cs2103-website-base/book/cppToJava/objects/usingObjects/index.md
2026-08-05T09:25:33.707Z - [36mverbose[39m: Rendering page: /Users/damithch/Repos/nus-cs2103/cs2103-website-base/book/cppToJava/objects/passingObjects/index.md
2026-08-05T09:25:33.731Z - [36mverbose[39m: Rendering page: /Users/damithch/Repos/nus-cs2103/cs2103-website-base/book/cppToJava/objects/instanceMembers/index.md
2026-08-05T09:25:33.738Z - [36mverbose[39m: Rendering page: /Users/damithch/Repos/nus-cs2103/cs2103-website-base/book/cppToJava/objects/index.md
2026-08-05T09:25:33.782Z - [36mverbose[39m: Rendering page: /Users/damithch/Repos/nus-cs2103/cs2103-website-base/book/cppToJava/objects/garbageCollection/index.md
2026-08-05T09:25:33.814Z - [36mverbose[39m: Rendering page: /Users/damithch/Repos/nus-cs2103/cs2103-website-base/book/cppToJava/misc/varargs/index.md
2026-08-05T09:25:33.819Z - [36mverbose[39m: Rendering page: /Users/damithch/Repos/nus-cs2103/cs2103-website-base/book/cppToJava/misc/streams/index.md
2026-08-05T09:25:33.864Z - [36mverbose[39m: Rendering page: /Users/damithch/Repos/nus-cs2103/cs2103-website-base/book/cppToJava/misc/packages/index.md
2026-08-05T09:25:33.914Z - [36mverbose[39m: Rendering page: /Users/damithch/Repos/nus-cs2103/cs2103-website-base/book/cppToJava/misc/javaFX/part02/index.md
2026-08-05T09:25:33.939Z - [36mverbose[39m: Rendering page: /Users/damithch/Repos/nus-cs2103/cs2103-website-base/book/cppToJava/misc/javaFX/part01/index.md
2026-08-05T09:25:33.951Z - [36mverbose[39m: Rendering page: /Users/damithch/Repos/nus-cs2103/cs2103-website-base/book/cppToJava/misc/javaFX/index.md
2026-08-05T09:25:34.135Z - [36mverbose[39m: Rendering page: /Users/damithch/Repos/nus-cs2103/cs2103-website-base/book/cppToJava/misc/jar/index.md
2026-08-05T09:25:34.140Z - [36mverbose[39m: Rendering page: /Users/damithch/Repos/nus-cs2103/cs2103-website-base/book/cppToJava/misc/index.md
2026-08-05T09:25:34.173Z - [36mverbose[39m: Rendering page: /Users/damithch/Repos/nus-cs2103/cs2103-website-base/book/cppToJava/misc/fileAccess/index.md
2026-08-05T09:25:34.181Z - [36mverbose[39m: Rendering page: /Users/damithch/Repos/nus-cs2103/cs2103-website-base/book/cppToJava/misc/enums/index.md
2026-08-05T09:25:34.219Z - [36mverbose[39m: Rendering page: /Users/damithch/Repos/nus-cs2103/cs2103-website-base/book/cppToJava/misc/constants/index.md
2026-08-05T09:25:34.254Z - [36mverbose[39m: Rendering page: /Users/damithch/Repos/nus-cs2103/cs2103-website-base/book/cppToJava/misc/casting/index.md
2026-08-05T09:25:34.289Z - [36mverbose[39m: Rendering page: /Users/damithch/Repos/nus-cs2103/cs2103-website-base/book/cppToJava/misc/accessModifiers/index.md
2026-08-05T09:25:34.312Z - [36mverbose[39m: Rendering page: /Users/damithch/Repos/nus-cs2103/cs2103-website-base/book/cppToJava/junit/intermediate/index.md
2026-08-05T09:25:34.318Z - [36mverbose[39m: Rendering page: /Users/damithch/Repos/nus-cs2103/cs2103-website-base/book/cppToJava/junit/index.md
2026-08-05T09:25:34.338Z - [36mverbose[39m: Rendering page: /Users/damithch/Repos/nus-cs2103/cs2103-website-base/book/cppToJava/junit/basic/index.md
2026-08-05T09:25:34.376Z - [36mverbose[39m: Rendering page: /Users/damithch/Repos/nus-cs2103/cs2103-website-base/book/cppToJava/javaWorld/what/index.md
2026-08-05T09:25:34.381Z - [36mverbose[39m: Rendering page: /Users/damithch/Repos/nus-cs2103/cs2103-website-base/book/cppToJava/javaWorld/index.md
2026-08-05T09:25:34.400Z - [36mverbose[39m: Rendering page: /Users/damithch/Repos/nus-cs2103/cs2103-website-base/book/cppToJava/javaWorld/how/index.md
2026-08-05T09:25:34.498Z - [36mverbose[39m: Rendering page: /Users/damithch/Repos/nus-cs2103/cs2103-website-base/book/cppToJava/javaWorld/editions/index.md
2026-08-05T09:25:34.546Z - [36mverbose[39m: Rendering page: /Users/damithch/Repos/nus-cs2103/cs2103-website-base/book/cppToJava/inheritance/polymorphism/index.md
2026-08-05T09:25:34.558Z - [36mverbose[39m: Rendering page: /Users/damithch/Repos/nus-cs2103/cs2103-website-base/book/cppToJava/inheritance/objectClass/index.md
2026-08-05T09:25:34.778Z - [36mverbose[39m: Rendering page: /Users/damithch/Repos/nus-cs2103/cs2103-website-base/book/cppToJava/inheritance/interfaces/index.md
2026-08-05T09:25:34.863Z - [36mverbose[39m: Rendering page: /Users/damithch/Repos/nus-cs2103/cs2103-website-base/book/cppToJava/inheritance/index.md
2026-08-05T09:25:36.377Z - [36mverbose[39m: Rendering page: /Users/damithch/Repos/nus-cs2103/cs2103-website-base/book/cppToJava/inheritance/basic/index.md
2026-08-05T09:25:36.456Z - [36mverbose[39m: Rendering page: /Users/damithch/Repos/nus-cs2103/cs2103-website-base/book/cppToJava/inheritance/abstractClassesAndMethods/index.md
2026-08-05T09:25:36.478Z - [36mverbose[39m: Rendering page: /Users/damithch/Repos/nus-cs2103/cs2103-website-base/book/cppToJava/index.md
2026-08-05T09:25:36.618Z - [36mverbose[39m: Rendering page: /Users/damithch/Repos/nus-cs2103/cs2103-website-base/book/cppToJava/gettingStarted/running/index.md
2026-08-05T09:25:36.692Z - [36mverbose[39m: Rendering page: /Users/damithch/Repos/nus-cs2103/cs2103-website-base/book/cppToJava/gettingStarted/installation/index.md
2026-08-05T09:25:36.711Z - [36mverbose[39m: Rendering page: /Users/damithch/Repos/nus-cs2103/cs2103-website-base/book/cppToJava/gettingStarted/index.md
2026-08-05T09:25:36.781Z - [36mverbose[39m: Rendering page: /Users/damithch/Repos/nus-cs2103/cs2103-website-base/book/cppToJava/gettingStarted/helloWorld/index.md
2026-08-05T09:25:36.789Z - [36mverbose[39m: Rendering page: /Users/damithch/Repos/nus-cs2103/cs2103-website-base/book/cppToJava/gettingStarted/compiling/index.md
2026-08-05T09:25:36.794Z - [36mverbose[39m: Rendering page: /Users/damithch/Repos/nus-cs2103/cs2103-website-base/book/cppToJava/generics/what/index.md
2026-08-05T09:25:36.829Z - [36mverbose[39m: Rendering page: /Users/damithch/Repos/nus-cs2103/cs2103-website-base/book/cppToJava/generics/index.md
2026-08-05T09:25:36.945Z - [36mverbose[39m: Rendering page: /Users/damithch/Repos/nus-cs2103/cs2103-website-base/book/cppToJava/generics/how/index.md
2026-08-05T09:25:36.953Z - [36mverbose[39m: Rendering page: /Users/damithch/Repos/nus-cs2103/cs2103-website-base/book/cppToJava/exceptions/what/index.md
2026-08-05T09:25:36.958Z - [36mverbose[39m: Rendering page: /Users/damithch/Repos/nus-cs2103/cs2103-website-base/book/cppToJava/exceptions/index.md
2026-08-05T09:25:36.989Z - [36mverbose[39m: Rendering page: /Users/damithch/Repos/nus-cs2103/cs2103-website-base/book/cppToJava/exceptions/how/index.md
2026-08-05T09:25:37.042Z - [36mverbose[39m: Rendering page: /Users/damithch/Repos/nus-cs2103/cs2103-website-base/book/cppToJava/dataTypes/variables/index.md
2026-08-05T09:25:37.121Z - [36mverbose[39m: Rendering page: /Users/damithch/Repos/nus-cs2103/cs2103-website-base/book/cppToJava/dataTypes/operators/index.md
2026-08-05T09:25:37.128Z - [36mverbose[39m: Rendering page: /Users/damithch/Repos/nus-cs2103/cs2103-website-base/book/cppToJava/dataTypes/primitiveTypes/index.md
2026-08-05T09:25:37.176Z - [36mverbose[39m: Rendering page: /Users/damithch/Repos/nus-cs2103/cs2103-website-base/book/cppToJava/dataTypes/index.md
2026-08-05T09:25:37.384Z - [36mverbose[39m: Rendering page: /Users/damithch/Repos/nus-cs2103/cs2103-website-base/book/cppToJava/dataTypes/arrays/index.md
2026-08-05T09:25:37.393Z - [36mverbose[39m: Rendering page: /Users/damithch/Repos/nus-cs2103/cs2103-website-base/book/cppToJava/controlFlow/loops/index.md
2026-08-05T09:25:37.402Z - [36mverbose[39m: Rendering page: /Users/damithch/Repos/nus-cs2103/cs2103-website-base/book/cppToJava/controlFlow/methods/index.md
2026-08-05T09:25:37.446Z - [36mverbose[39m: Rendering page: /Users/damithch/Repos/nus-cs2103/cs2103-website-base/book/cppToJava/controlFlow/index.md
2026-08-05T09:25:37.565Z - [36mverbose[39m: Rendering page: /Users/damithch/Repos/nus-cs2103/cs2103-website-base/book/cppToJava/controlFlow/branching/index.md
2026-08-05T09:25:37.573Z - [36mverbose[39m: Rendering page: /Users/damithch/Repos/nus-cs2103/cs2103-website-base/book/cppToJava/collections/index.md
2026-08-05T09:25:37.586Z - [36mverbose[39m: Rendering page: /Users/damithch/Repos/nus-cs2103/cs2103-website-base/book/cppToJava/collections/what/index.md
2026-08-05T09:25:37.617Z - [36mverbose[39m: Rendering page: /Users/damithch/Repos/nus-cs2103/cs2103-website-base/book/cppToJava/collections/hashMapClass/index.md
2026-08-05T09:25:37.777Z - [36mverbose[39m: Rendering page: /Users/damithch/Repos/nus-cs2103/cs2103-website-base/book/cppToJava/collections/arrayListClass/index.md
2026-08-05T09:25:37.784Z - [36mverbose[39m: Rendering page: /Users/damithch/Repos/nus-cs2103/cs2103-website-base/book/cppToJava/classes/index.md
2026-08-05T09:25:37.801Z - [36mverbose[39m: Rendering page: /Users/damithch/Repos/nus-cs2103/cs2103-website-base/book/cppToJava/classes/gettersAndSetters/index.md
2026-08-05T09:25:37.842Z - [36mverbose[39m: Rendering page: /Users/damithch/Repos/nus-cs2103/cs2103-website-base/book/cppToJava/classes/definingClasses/index.md
2026-08-05T09:25:37.895Z - [36mverbose[39m: Rendering page: /Users/damithch/Repos/nus-cs2103/cs2103-website-base/book/cppToJava/classes/classLevelMembers/index.md
2026-08-05T09:25:37.903Z - [36mverbose[39m: Rendering page: /Users/damithch/Repos/nus-cs2103/cs2103-website-base/book/cppToJava/about/index.md
2026-08-05T09:25:37.909Z - [36mverbose[39m: Rendering page: /Users/damithch/Repos/nus-cs2103/cs2103-website-base/book/codeQuality/nameWell/introduction/index.md
2026-08-05T09:25:37.968Z - [36mverbose[39m: Rendering page: /Users/damithch/Repos/nus-cs2103/cs2103-website-base/book/codeQuality/nameWell/intermediate/useNameExplain/index.md
2026-08-05T09:25:37.974Z - [36mverbose[39m: Rendering page: /Users/damithch/Repos/nus-cs2103/cs2103-website-base/book/codeQuality/nameWell/intermediate/notTooLongNorShort/index.md
2026-08-05T09:25:37.978Z - [36mverbose[39m: Rendering page: /Users/damithch/Repos/nus-cs2103/cs2103-website-base/book/codeQuality/nameWell/intermediate/index.md
2026-08-05T09:25:38.033Z - [36mverbose[39m: Rendering page: /Users/damithch/Repos/nus-cs2103/cs2103-website-base/book/codeQuality/nameWell/intermediate/avoidMisleadingNames/index.md
2026-08-05T09:25:38.066Z - [36mverbose[39m: Rendering page: /Users/damithch/Repos/nus-cs2103/cs2103-website-base/book/codeQuality/nameWell/index.md
2026-08-05T09:25:38.109Z - [36mverbose[39m: Rendering page: /Users/damithch/Repos/nus-cs2103/cs2103-website-base/book/codeQuality/nameWell/basic/index.md
2026-08-05T09:25:38.114Z - [36mverbose[39m: Rendering page: /Users/damithch/Repos/nus-cs2103/cs2103-website-base/book/codeQuality/nameWell/basic/nounsAndVerbsAsNames/index.md
2026-08-05T09:25:38.121Z - [36mverbose[39m: Rendering page: /Users/damithch/Repos/nus-cs2103/cs2103-website-base/book/codeQuality/nameWell/basic/useStandardWords/index.md
2026-08-05T09:25:38.170Z - [36mverbose[39m: Rendering page: /Users/damithch/Repos/nus-cs2103/cs2103-website-base/book/codeQuality/maximizeReadability/introduction/index.md
2026-08-05T09:25:38.234Z - [36mverbose[39m: Rendering page: /Users/damithch/Repos/nus-cs2103/cs2103-website-base/book/codeQuality/maximizeReadability/intermediate/practiceKISSing/index.md
2026-08-05T09:25:38.239Z - [36mverbose[39m: Rendering page: /Users/damithch/Repos/nus-cs2103/cs2103-website-base/book/codeQuality/maximizeReadability/intermediate/structureCodeLogically/index.md
2026-08-05T09:25:38.245Z - [36mverbose[39m: Rendering page: /Users/damithch/Repos/nus-cs2103/cs2103-website-base/book/codeQuality/maximizeReadability/intermediate/slapHard/index.md
2026-08-05T09:25:38.251Z - [36mverbose[39m: Rendering page: /Users/damithch/Repos/nus-cs2103/cs2103-website-base/book/codeQuality/maximizeReadability/intermediate/index.md
2026-08-05T09:25:38.415Z - [36mverbose[39m: Rendering page: /Users/damithch/Repos/nus-cs2103/cs2103-website-base/book/codeQuality/maximizeReadability/index.md
2026-08-05T09:25:38.432Z - [36mverbose[39m: Rendering page: /Users/damithch/Repos/nus-cs2103/cs2103-website-base/book/codeQuality/maximizeReadability/intermediate/dontTripReader/index.md
2026-08-05T09:25:38.437Z - [36mverbose[39m: Rendering page: /Users/damithch/Repos/nus-cs2103/cs2103-website-base/book/codeQuality/maximizeReadability/intermediate/avoidPrematureOptimizations/index.md
2026-08-05T09:25:38.442Z - [36mverbose[39m: Rendering page: /Users/damithch/Repos/nus-cs2103/cs2103-website-base/book/codeQuality/maximizeReadability/basic/makeCodeObvious/index.md
2026-08-05T09:25:38.555Z - [36mverbose[39m: Rendering page: /Users/damithch/Repos/nus-cs2103/cs2103-website-base/book/codeQuality/maximizeReadability/basic/index.md
2026-08-05T09:25:38.566Z - [36mverbose[39m: Rendering page: /Users/damithch/Repos/nus-cs2103/cs2103-website-base/book/codeQuality/maximizeReadability/basic/avoidMagicNumbers/index.md
2026-08-05T09:25:38.573Z - [36mverbose[39m: Rendering page: /Users/damithch/Repos/nus-cs2103/cs2103-website-base/book/codeQuality/maximizeReadability/basic/avoidLongMethods/index.md
2026-08-05T09:25:38.577Z - [36mverbose[39m: Rendering page: /Users/damithch/Repos/nus-cs2103/cs2103-website-base/book/codeQuality/maximizeReadability/basic/avoidDeepNesting/index.md
2026-08-05T09:25:38.662Z - [36mverbose[39m: Rendering page: /Users/damithch/Repos/nus-cs2103/cs2103-website-base/book/codeQuality/maximizeReadability/basic/avoidComplicatedExpressions/index.md
2026-08-05T09:25:38.668Z - [36mverbose[39m: Rendering page: /Users/damithch/Repos/nus-cs2103/cs2103-website-base/book/codeQuality/introduction/index.md
2026-08-05T09:25:38.673Z - [36mverbose[39m: Rendering page: /Users/damithch/Repos/nus-cs2103/cs2103-website-base/book/codeQuality/maximizeReadability/advanced/makeHappyPathProminent/index.md
2026-08-05T09:25:38.682Z - [36mverbose[39m: Rendering page: /Users/damithch/Repos/nus-cs2103/cs2103-website-base/book/codeQuality/maximizeReadability/advanced/index.md
2026-08-05T09:25:39.029Z - [36mverbose[39m: Rendering page: /Users/damithch/Repos/nus-cs2103/cs2103-website-base/book/codeQuality/introduction/basic/index.md
2026-08-05T09:25:39.034Z - [36mverbose[39m: Rendering page: /Users/damithch/Repos/nus-cs2103/cs2103-website-base/book/codeQuality/index.md
2026-08-05T09:25:39.067Z - [36mverbose[39m: Rendering page: /Users/damithch/Repos/nus-cs2103/cs2103-website-base/book/codeQuality/followStandard/introduction/index.md
2026-08-05T09:25:39.072Z - [36mverbose[39m: Rendering page: /Users/damithch/Repos/nus-cs2103/cs2103-website-base/book/codeQuality/followStandard/intermediate/index.md
2026-08-05T09:25:39.164Z - [36mverbose[39m: Rendering page: /Users/damithch/Repos/nus-cs2103/cs2103-website-base/book/codeQuality/followStandard/index.md
2026-08-05T09:25:39.174Z - [36mverbose[39m: Rendering page: /Users/damithch/Repos/nus-cs2103/cs2103-website-base/book/codeQuality/followStandard/basic/index.md
2026-08-05T09:25:39.179Z - [36mverbose[39m: Rendering page: /Users/damithch/Repos/nus-cs2103/cs2103-website-base/book/codeQuality/commentMinimally/introduction/index.md
2026-08-05T09:25:39.183Z - [36mverbose[39m: Rendering page: /Users/damithch/Repos/nus-cs2103/cs2103-website-base/book/codeQuality/commentMinimally/intermediate/index.md
2026-08-05T09:25:39.300Z - [36mverbose[39m: Rendering page: /Users/damithch/Repos/nus-cs2103/cs2103-website-base/book/codeQuality/commentMinimally/intermediate/explainWhatWhyNotHow/index.md
2026-08-05T09:25:39.306Z - [36mverbose[39m: Rendering page: /Users/damithch/Repos/nus-cs2103/cs2103-website-base/book/codeQuality/commentMinimally/index.md
2026-08-05T09:25:39.314Z - [36mverbose[39m: Rendering page: /Users/damithch/Repos/nus-cs2103/cs2103-website-base/book/codeQuality/commentMinimally/basic/index.md
2026-08-05T09:25:39.339Z - [36mverbose[39m: Rendering page: /Users/damithch/Repos/nus-cs2103/cs2103-website-base/book/codeQuality/commentMinimally/basic/writeToReader/index.md
2026-08-05T09:25:39.371Z - [36mverbose[39m: Rendering page: /Users/damithch/Repos/nus-cs2103/cs2103-website-base/book/codeQuality/commentMinimally/basic/dontRepeatObvious/index.md
2026-08-05T09:25:39.394Z - [36mverbose[39m: Rendering page: /Users/damithch/Repos/nus-cs2103/cs2103-website-base/book/codeQuality/avoidShortcuts/introduction/index.md
2026-08-05T09:25:39.422Z - [36mverbose[39m: Rendering page: /Users/damithch/Repos/nus-cs2103/cs2103-website-base/book/codeQuality/avoidShortcuts/intermediate/minimiseVariableScope/index.md
2026-08-05T09:25:39.427Z - [36mverbose[39m: Rendering page: /Users/damithch/Repos/nus-cs2103/cs2103-website-base/book/codeQuality/avoidShortcuts/intermediate/minimiseCodeDuplication/index.md
2026-08-05T09:25:39.536Z - [36mverbose[39m: Rendering page: /Users/damithch/Repos/nus-cs2103/cs2103-website-base/book/codeQuality/avoidShortcuts/intermediate/index.md
2026-08-05T09:25:39.544Z - [36mverbose[39m: Rendering page: /Users/damithch/Repos/nus-cs2103/cs2103-website-base/book/codeQuality/avoidShortcuts/index.md
2026-08-05T09:25:39.574Z - [36mverbose[39m: Rendering page: /Users/damithch/Repos/nus-cs2103/cs2103-website-base/book/codeQuality/avoidShortcuts/basic/index.md
2026-08-05T09:25:39.594Z - [36mverbose[39m: Rendering page: /Users/damithch/Repos/nus-cs2103/cs2103-website-base/book/codeQuality/avoidShortcuts/basic/useDefaultBranch/index.md
2026-08-05T09:25:39.612Z - [36mverbose[39m: Rendering page: /Users/damithch/Repos/nus-cs2103/cs2103-website-base/book/codeQuality/avoidShortcuts/basic/dontRecycleVarsOrParams/index.md
2026-08-05T09:25:39.635Z - [36mverbose[39m: Rendering page: /Users/damithch/Repos/nus-cs2103/cs2103-website-base/book/codeQuality/avoidShortcuts/basic/deleteDeadCode/index.md
2026-08-05T09:25:39.663Z - [36mverbose[39m: Rendering page: /Users/damithch/Repos/nus-cs2103/cs2103-website-base/book/codeQuality/avoidShortcuts/basic/avoidEmptyCatchBlocks/index.md
2026-08-05T09:25:39.727Z - [36mverbose[39m: Rendering page: /Users/damithch/Repos/nus-cs2103/cs2103-website-base/book/architecture/introduction/why/index.md
2026-08-05T09:25:39.737Z - [36mverbose[39m: Rendering page: /Users/damithch/Repos/nus-cs2103/cs2103-website-base/book/architecture/introduction/what/index.md
2026-08-05T09:25:39.928Z - [36mverbose[39m: Rendering page: /Users/damithch/Repos/nus-cs2103/cs2103-website-base/book/architecture/introduction/index.md
2026-08-05T09:25:39.962Z - [36mverbose[39m: Rendering page: /Users/damithch/Repos/nus-cs2103/cs2103-website-base/book/architecture/introduction/components/index.md
2026-08-05T09:25:39.983Z - [36mverbose[39m: Rendering page: /Users/damithch/Repos/nus-cs2103/cs2103-website-base/book/architecture/index.md
2026-08-05T09:25:40.005Z - [36mverbose[39m: Rendering page: /Users/damithch/Repos/nus-cs2103/cs2103-website-base/book/architecture/architectureDiagrams/views/index.md
2026-08-05T09:25:40.089Z - [36mverbose[39m: Rendering page: /Users/damithch/Repos/nus-cs2103/cs2103-website-base/book/architecture/architectureDiagrams/reading/index.md
2026-08-05T09:25:40.095Z - [36mverbose[39m: Rendering page: /Users/damithch/Repos/nus-cs2103/cs2103-website-base/book/architecture/architectureDiagrams/index.md
2026-08-05T09:25:40.110Z - [36mverbose[39m: Rendering page: /Users/damithch/Repos/nus-cs2103/cs2103-website-base/book/architecture/architectureDiagrams/drawing/index.md
2026-08-05T09:25:40.117Z - [36mverbose[39m: Rendering page: /Users/damithch/Repos/nus-cs2103/cs2103-website-base/book/architecture/architecturalStyles/serviceOriented/what/index.md
2026-08-05T09:25:40.218Z - [36mverbose[39m: Rendering page: /Users/damithch/Repos/nus-cs2103/cs2103-website-base/book/architecture/architecturalStyles/serviceOriented/index.md
2026-08-05T09:25:40.225Z - [36mverbose[39m: Rendering page: /Users/damithch/Repos/nus-cs2103/cs2103-website-base/book/architecture/architecturalStyles/more/usingStyles/index.md
2026-08-05T09:25:40.231Z - [36mverbose[39m: Rendering page: /Users/damithch/Repos/nus-cs2103/cs2103-website-base/book/architecture/architecturalStyles/more/index.md
2026-08-05T09:25:40.256Z - [36mverbose[39m: Rendering page: /Users/damithch/Repos/nus-cs2103/cs2103-website-base/book/architecture/architecturalStyles/more/moreStyles/index.md
2026-08-05T09:25:40.288Z - [36mverbose[39m: Rendering page: /Users/damithch/Repos/nus-cs2103/cs2103-website-base/book/architecture/architecturalStyles/monolith/what/index.md
2026-08-05T09:25:40.330Z - [36mverbose[39m: Rendering page: /Users/damithch/Repos/nus-cs2103/cs2103-website-base/book/architecture/architecturalStyles/monolith/index.md
2026-08-05T09:25:40.350Z - [36mverbose[39m: Rendering page: /Users/damithch/Repos/nus-cs2103/cs2103-website-base/book/architecture/architecturalStyles/layered/what/index.md
2026-08-05T09:25:40.356Z - [36mverbose[39m: Rendering page: /Users/damithch/Repos/nus-cs2103/cs2103-website-base/book/architecture/architecturalStyles/layered/index.md
2026-08-05T09:25:40.489Z - [36mverbose[39m: Rendering page: /Users/damithch/Repos/nus-cs2103/cs2103-website-base/book/architecture/architecturalStyles/introduction/index.md
2026-08-05T09:25:40.494Z - [36mverbose[39m: Rendering page: /Users/damithch/Repos/nus-cs2103/cs2103-website-base/book/architecture/architecturalStyles/introduction/what/index.md
2026-08-05T09:25:40.502Z - [36mverbose[39m: Rendering page: /Users/damithch/Repos/nus-cs2103/cs2103-website-base/book/architecture/architecturalStyles/index.md
2026-08-05T09:25:40.515Z - [36mverbose[39m: Rendering page: /Users/damithch/Repos/nus-cs2103/cs2103-website-base/book/architecture/architecturalStyles/eventDriven/what/index.md
2026-08-05T09:25:40.718Z - [36mverbose[39m: Rendering page: /Users/damithch/Repos/nus-cs2103/cs2103-website-base/book/architecture/architecturalStyles/clientServer/what/index.md
2026-08-05T09:25:40.724Z - [36mverbose[39m: Rendering page: /Users/damithch/Repos/nus-cs2103/cs2103-website-base/book/architecture/architecturalStyles/eventDriven/index.md
2026-08-05T09:25:40.732Z - [36mverbose[39m: Rendering page: /Users/damithch/Repos/nus-cs2103/cs2103-website-base/book/architecture/architecturalStyles/clientServer/index.md
2026-08-05T09:25:41.151Z - [36mverbose[39m: Rendering page: /Users/damithch/Repos/nus-cs2103/cs2103-website-base/book/combined/exercises.md
2026-08-05T09:25:41.160Z - [36mverbose[39m: Rendering page: /Users/damithch/Repos/nus-cs2103/cs2103-website-base/se-book-adapted/git-trail/index.md
2026-08-05T09:25:41.165Z - [36mverbose[39m: Rendering page: /Users/damithch/Repos/nus-cs2103/cs2103-website-base/se-book-adapted/common/definitions.md
2026-08-05T09:25:41.174Z - [36mverbose[39m: Rendering page: /Users/damithch/Repos/nus-cs2103/cs2103-website-base/se-book-adapted/common/exercises.md
2026-08-05T09:25:41.634Z - [36mverbose[39m: Rendering page: /Users/damithch/Repos/nus-cs2103/cs2103-website-base/se-book-adapted/chapters-printable/uml-printable.md
2026-08-05T09:25:41.657Z - [36mverbose[39m: Rendering page: /Users/damithch/Repos/nus-cs2103/cs2103-website-base/se-book-adapted/chapters-printable/testCaseDesign-printable.md
2026-08-05T09:25:41.672Z - [36mverbose[39m: Rendering page: /Users/damithch/Repos/nus-cs2103/cs2103-website-base/se-book-adapted/chapters-printable/testing-printable.md
2026-08-05T09:25:41.696Z - [36mverbose[39m: Rendering page: /Users/damithch/Repos/nus-cs2103/cs2103-website-base/se-book-adapted/chapters-printable/teamwork-printable.md
2026-08-05T09:25:41.929Z - [36mverbose[39m: Rendering page: /Users/damithch/Repos/nus-cs2103/cs2103-website-base/se-book-adapted/chapters-printable/specifyingRequirements-printable.md
2026-08-05T09:25:41.943Z - [36mverbose[39m: Rendering page: /Users/damithch/Repos/nus-cs2103/cs2103-website-base/se-book-adapted/chapters-printable/softwareEngineering-printable.md
2026-08-05T09:25:41.948Z - [36mverbose[39m: Rendering page: /Users/damithch/Repos/nus-cs2103/cs2103-website-base/se-book-adapted/chapters-printable/reuse-printable.md
2026-08-05T09:25:41.957Z - [36mverbose[39m: Rendering page: /Users/damithch/Repos/nus-cs2103/cs2103-website-base/se-book-adapted/chapters-printable/requirements-printable.md
2026-08-05T09:25:42.125Z - [36mverbose[39m: Rendering page: /Users/damithch/Repos/nus-cs2103/cs2103-website-base/se-book-adapted/chapters-printable/refactoring-printable.md
2026-08-05T09:25:42.136Z - [36mverbose[39m: Rendering page: /Users/damithch/Repos/nus-cs2103/cs2103-website-base/se-book-adapted/chapters-printable/qualityAssurance-printable.md
2026-08-05T09:25:42.142Z - [36mverbose[39m: Rendering page: /Users/damithch/Repos/nus-cs2103/cs2103-website-base/se-book-adapted/chapters-printable/processModels-printable.md
2026-08-05T09:25:42.149Z - [36mverbose[39m: Rendering page: /Users/damithch/Repos/nus-cs2103/cs2103-website-base/se-book-adapted/chapters-printable/projectPlanning-printable.md
2026-08-05T09:25:42.649Z - [36mverbose[39m: Rendering page: /Users/damithch/Repos/nus-cs2103/cs2103-website-base/se-book-adapted/chapters-printable/principles-printable.md
2026-08-05T09:25:42.660Z - [36mverbose[39m: Rendering page: /Users/damithch/Repos/nus-cs2103/cs2103-website-base/se-book-adapted/chapters-printable/oop-printable.md
2026-08-05T09:25:42.682Z - [36mverbose[39m: Rendering page: /Users/damithch/Repos/nus-cs2103/cs2103-website-base/se-book-adapted/chapters-printable/modeling-printable.md
2026-08-05T09:25:42.706Z - [36mverbose[39m: Rendering page: /Users/damithch/Repos/nus-cs2103/cs2103-website-base/se-book-adapted/chapters-printable/intellij-printable.md
2026-08-05T09:25:42.874Z - [36mverbose[39m: Rendering page: /Users/damithch/Repos/nus-cs2103/cs2103-website-base/se-book-adapted/chapters-printable/ides-printable.md
2026-08-05T09:25:42.879Z - [36mverbose[39m: Rendering page: /Users/damithch/Repos/nus-cs2103/cs2103-website-base/se-book-adapted/chapters-printable/integration-printable.md
2026-08-05T09:25:42.887Z - [36mverbose[39m: Rendering page: /Users/damithch/Repos/nus-cs2103/cs2103-website-base/se-book-adapted/chapters-printable/gatheringRequirements-printable.md
2026-08-05T09:25:42.893Z - [36mverbose[39m: Rendering page: /Users/damithch/Repos/nus-cs2103/cs2103-website-base/se-book-adapted/chapters-printable/errorHandling-printable.md
2026-08-05T09:25:43.089Z - [36mverbose[39m: Rendering page: /Users/damithch/Repos/nus-cs2103/cs2103-website-base/se-book-adapted/chapters-printable/documentation-printable.md
2026-08-05T09:25:43.099Z - [36mverbose[39m: Rendering page: /Users/damithch/Repos/nus-cs2103/cs2103-website-base/se-book-adapted/chapters-printable/designPatterns-printable.md
2026-08-05T09:25:43.109Z - [36mverbose[39m: Rendering page: /Users/damithch/Repos/nus-cs2103/cs2103-website-base/se-book-adapted/chapters-printable/designFundamentals-printable.md
2026-08-05T09:25:43.118Z - [36mverbose[39m: Rendering page: /Users/damithch/Repos/nus-cs2103/cs2103-website-base/se-book-adapted/chapters-printable/designApproaches-printable.md
2026-08-05T09:25:43.950Z - [36mverbose[39m: Rendering page: /Users/damithch/Repos/nus-cs2103/cs2103-website-base/se-book-adapted/chapters-printable/design-printable.md
2026-08-05T09:25:44.036Z - [36mverbose[39m: Rendering page: /Users/damithch/Repos/nus-cs2103/cs2103-website-base/se-book-adapted/chapters-printable/cppToJava-printable.md
2026-08-05T09:25:44.114Z - [36mverbose[39m: Rendering page: /Users/damithch/Repos/nus-cs2103/cs2103-website-base/se-book-adapted/chapters-printable/codeQuality-printable.md
2026-08-05T09:25:44.471Z - [36mverbose[39m: Rendering page: /Users/damithch/Repos/nus-cs2103/cs2103-website-base/se-book-adapted/chapters-printable/architecture-printable.md
2026-08-05T09:25:45.060Z - [36mverbose[39m: Rendering page: /Users/damithch/Repos/nus-cs2103/cs2103-website-base/se-book-adapted/chapters/uml.md
2026-08-05T09:25:45.105Z - [36mverbose[39m: Rendering page: /Users/damithch/Repos/nus-cs2103/cs2103-website-base/se-book-adapted/chapters/testing.md
2026-08-05T09:25:45.143Z - [36mverbose[39m: Rendering page: /Users/damithch/Repos/nus-cs2103/cs2103-website-base/se-book-adapted/chapters/testCaseDesign.md
2026-08-05T09:25:45.169Z - [36mverbose[39m: Rendering page: /Users/damithch/Repos/nus-cs2103/cs2103-website-base/se-book-adapted/chapters/test.md
2026-08-05T09:25:45.560Z - [36mverbose[39m: Rendering page: /Users/damithch/Repos/nus-cs2103/cs2103-website-base/se-book-adapted/chapters/teamwork.md
2026-08-05T09:25:45.570Z - [36mverbose[39m: Rendering page: /Users/damithch/Repos/nus-cs2103/cs2103-website-base/se-book-adapted/chapters/softwareEngineering.md
2026-08-05T09:25:45.661Z - [36mverbose[39m: Rendering page: /Users/damithch/Repos/nus-cs2103/cs2103-website-base/se-book-adapted/chapters/specifyingRequirements.md
2026-08-05T09:25:45.685Z - [36mverbose[39m: Rendering page: /Users/damithch/Repos/nus-cs2103/cs2103-website-base/se-book-adapted/chapters/security.md
2026-08-05T09:25:45.750Z - [36mverbose[39m: Rendering page: /Users/damithch/Repos/nus-cs2103/cs2103-website-base/se-book-adapted/chapters/reuse.md
2026-08-05T09:25:45.911Z - [36mverbose[39m: Rendering page: /Users/damithch/Repos/nus-cs2103/cs2103-website-base/se-book-adapted/chapters/requirements.md
2026-08-05T09:25:45.921Z - [36mverbose[39m: Rendering page: /Users/damithch/Repos/nus-cs2103/cs2103-website-base/se-book-adapted/chapters/refactoring.md
2026-08-05T09:25:46.015Z - [36mverbose[39m: Rendering page: /Users/damithch/Repos/nus-cs2103/cs2103-website-base/se-book-adapted/chapters/projectPlanning.md
2026-08-05T09:25:46.027Z - [36mverbose[39m: Rendering page: /Users/damithch/Repos/nus-cs2103/cs2103-website-base/se-book-adapted/chapters/qualityAssurance.md
2026-08-05T09:25:46.552Z - [36mverbose[39m: Rendering page: /Users/damithch/Repos/nus-cs2103/cs2103-website-base/se-book-adapted/chapters/processModels.md
2026-08-05T09:25:46.905Z - [36mverbose[39m: Rendering page: /Users/damithch/Repos/nus-cs2103/cs2103-website-base/se-book-adapted/chapters/principles.md
2026-08-05T09:25:46.953Z - [36mverbose[39m: Rendering page: /Users/damithch/Repos/nus-cs2103/cs2103-website-base/se-book-adapted/chapters/oop.md
2026-08-05T09:25:47.043Z - [36mverbose[39m: Rendering page: /Users/damithch/Repos/nus-cs2103/cs2103-website-base/se-book-adapted/chapters/modeling.md
2026-08-05T09:25:47.086Z - [36mverbose[39m: Rendering page: /Users/damithch/Repos/nus-cs2103/cs2103-website-base/se-book-adapted/chapters/intellij.md
2026-08-05T09:25:47.092Z - [36mverbose[39m: Rendering page: /Users/damithch/Repos/nus-cs2103/cs2103-website-base/se-book-adapted/chapters/integration.md
2026-08-05T09:25:47.452Z - [36mverbose[39m: Rendering page: /Users/damithch/Repos/nus-cs2103/cs2103-website-base/se-book-adapted/chapters/ides.md
2026-08-05T09:25:47.458Z - [36mverbose[39m: Rendering page: /Users/damithch/Repos/nus-cs2103/cs2103-website-base/se-book-adapted/chapters/gatheringRequirements.md
2026-08-05T09:25:47.690Z - [36mverbose[39m: Rendering page: /Users/damithch/Repos/nus-cs2103/cs2103-website-base/se-book-adapted/chapters/documentation.md
2026-08-05T09:25:47.701Z - [36mverbose[39m: Rendering page: /Users/damithch/Repos/nus-cs2103/cs2103-website-base/se-book-adapted/chapters/errorHandling.md
2026-08-05T09:25:47.772Z - [36mverbose[39m: Rendering page: /Users/damithch/Repos/nus-cs2103/cs2103-website-base/se-book-adapted/chapters/designFundamentals.md
2026-08-05T09:25:47.808Z - [36mverbose[39m: Rendering page: /Users/damithch/Repos/nus-cs2103/cs2103-website-base/se-book-adapted/chapters/designPatterns.md
2026-08-05T09:25:47.912Z - [36mverbose[39m: Rendering page: /Users/damithch/Repos/nus-cs2103/cs2103-website-base/se-book-adapted/chapters/designApproaches.md
2026-08-05T09:25:47.920Z - [36mverbose[39m: Rendering page: /Users/damithch/Repos/nus-cs2103/cs2103-website-base/se-book-adapted/chapters/design.md
2026-08-05T09:25:49.873Z - [36mverbose[39m: Rendering page: /Users/damithch/Repos/nus-cs2103/cs2103-website-base/se-book-adapted/chapters/debugging.md
2026-08-05T09:25:49.888Z - [36mverbose[39m: Rendering page: /Users/damithch/Repos/nus-cs2103/cs2103-website-base/se-book-adapted/chapters/cppToJava.md
2026-08-05T09:25:50.043Z - [36mverbose[39m: Rendering page: /Users/damithch/Repos/nus-cs2103/cs2103-website-base/se-book-adapted/chapters/architecture.md
2026-08-05T09:25:50.066Z - [36mverbose[39m: Rendering page: /Users/damithch/Repos/nus-cs2103/cs2103-website-base/se-book-adapted/chapters/codeQuality.md
2026-08-05T09:25:50.114Z - [36mverbose[39m: Rendering page: /Users/damithch/Repos/nus-cs2103/cs2103-website-base/se-book-adapted/index.md
2026-08-05T09:25:50.318Z - [36mverbose[39m: Rendering page: /Users/damithch/Repos/nus-cs2103/cs2103-website-base/book/about/acknowledgements.md
2026-08-05T09:25:50.358Z - [36mverbose[39m: Rendering page: /Users/damithch/Repos/nus-cs2103/cs2103-website-base/schedule/week9/tutorial.md
2026-08-05T09:25:50.365Z - [36mverbose[39m: Rendering page: /Users/damithch/Repos/nus-cs2103/cs2103-website-base/schedule/week8/tutorial.md
2026-08-05T09:25:50.819Z - [36mverbose[39m: Rendering page: /Users/damithch/Repos/nus-cs2103/cs2103-website-base/schedule/week7/tutorial.md
2026-08-05T09:25:50.903Z - [36mverbose[39m: Rendering page: /Users/damithch/Repos/nus-cs2103/cs2103-website-base/schedule/week6/tutorial.md
2026-08-05T09:25:51.351Z - [36mverbose[39m: Rendering page: /Users/damithch/Repos/nus-cs2103/cs2103-website-base/schedule/week4/tutorial.md
2026-08-05T09:25:51.357Z - [36mverbose[39m: Rendering page: /Users/damithch/Repos/nus-cs2103/cs2103-website-base/schedule/week5/tutorial.md
2026-08-05T09:25:51.371Z - [36mverbose[39m: Rendering page: /Users/damithch/Repos/nus-cs2103/cs2103-website-base/schedule/week3/tutorial.md
2026-08-05T09:25:51.423Z - [36mverbose[39m: Rendering page: /Users/damithch/Repos/nus-cs2103/cs2103-website-base/schedule/week2/tutorial.md
2026-08-05T09:25:51.453Z - [36mverbose[39m: Rendering page: /Users/damithch/Repos/nus-cs2103/cs2103-website-base/schedule/week13/tutorial.md
2026-08-05T09:25:51.458Z - [36mverbose[39m: Rendering page: /Users/damithch/Repos/nus-cs2103/cs2103-website-base/schedule/week12/tutorial.md
2026-08-05T09:25:51.603Z - [36mverbose[39m: Rendering page: /Users/damithch/Repos/nus-cs2103/cs2103-website-base/schedule/week11/tutorial.md
2026-08-05T09:25:52.296Z - [36mverbose[39m: Rendering page: /Users/damithch/Repos/nus-cs2103/cs2103-website-base/schedule/week10/tutorial.md
2026-08-05T09:25:52.999Z - [36mverbose[39m: Rendering page: /Users/damithch/Repos/nus-cs2103/cs2103-website-base/schedule/week1/tutorial.md
2026-08-05T09:25:53.005Z - [36mverbose[39m: Rendering page: /Users/damithch/Repos/nus-cs2103/cs2103-website-base/schedule/week9/topics.md
2026-08-05T09:25:53.537Z - [36mverbose[39m: Rendering page: /Users/damithch/Repos/nus-cs2103/cs2103-website-base/schedule/week8/topics.md
2026-08-05T09:25:54.876Z - [36mverbose[39m: Rendering page: /Users/damithch/Repos/nus-cs2103/cs2103-website-base/schedule/week7/topics.md
2026-08-05T09:25:55.500Z - [36mverbose[39m: Rendering page: /Users/damithch/Repos/nus-cs2103/cs2103-website-base/schedule/week6/topics.md
2026-08-05T09:25:55.961Z - [36mverbose[39m: Rendering page: /Users/damithch/Repos/nus-cs2103/cs2103-website-base/schedule/week5/topics.md
2026-08-05T09:25:56.027Z - [36mverbose[39m: Rendering page: /Users/damithch/Repos/nus-cs2103/cs2103-website-base/schedule/week4/topics.md
2026-08-05T09:25:56.368Z - [36mverbose[39m: Rendering page: /Users/damithch/Repos/nus-cs2103/cs2103-website-base/schedule/week3/topics.md
2026-08-05T09:25:56.428Z - [36mverbose[39m: Rendering page: /Users/damithch/Repos/nus-cs2103/cs2103-website-base/schedule/week2/topics.md
2026-08-05T09:25:56.449Z - [36mverbose[39m: Rendering page: /Users/damithch/Repos/nus-cs2103/cs2103-website-base/schedule/week13/topics.md
2026-08-05T09:25:57.103Z - [36mverbose[39m: Rendering page: /Users/damithch/Repos/nus-cs2103/cs2103-website-base/schedule/week12/topics.md
2026-08-05T09:25:59.388Z - [36mverbose[39m: Rendering page: /Users/damithch/Repos/nus-cs2103/cs2103-website-base/schedule/week11/topics.md
2026-08-05T09:26:00.607Z - [36mverbose[39m: Rendering page: /Users/damithch/Repos/nus-cs2103/cs2103-website-base/schedule/week9/project.md
2026-08-05T09:26:00.619Z - [36mverbose[39m: Rendering page: /Users/damithch/Repos/nus-cs2103/cs2103-website-base/schedule/week10/topics.md
2026-08-05T09:26:00.661Z - [36mverbose[39m: Rendering page: /Users/damithch/Repos/nus-cs2103/cs2103-website-base/schedule/week1/topics.md
2026-08-05T09:26:00.748Z - [36mverbose[39m: Rendering page: /Users/damithch/Repos/nus-cs2103/cs2103-website-base/schedule/week8/project.md
2026-08-05T09:26:05.095Z - [36mverbose[39m: Rendering page: /Users/damithch/Repos/nus-cs2103/cs2103-website-base/schedule/week7/project.md
2026-08-05T09:26:05.113Z - [36mverbose[39m: Rendering page: /Users/damithch/Repos/nus-cs2103/cs2103-website-base/schedule/week5/project.md
2026-08-05T09:26:05.132Z - [36mverbose[39m: Rendering page: /Users/damithch/Repos/nus-cs2103/cs2103-website-base/schedule/week6/project.md
2026-08-05T09:26:07.358Z - [36mverbose[39m: Rendering page: /Users/damithch/Repos/nus-cs2103/cs2103-website-base/schedule/week4/project.md
2026-08-05T09:26:07.588Z - [36mverbose[39m: Rendering page: /Users/damithch/Repos/nus-cs2103/cs2103-website-base/schedule/week3/project.md
2026-08-05T09:26:12.708Z - [34mdebug[39m: 
2026-08-05T09:26:12.708Z - [34mdebug[39m: 
2026-08-05T09:26:12.708Z - [36mverbose[39m: Rendering page: /Users/damithch/Repos/nus-cs2103/cs2103-website-base/schedule/week12/project.md
2026-08-05T09:26:13.695Z - [36mverbose[39m: Rendering page: /Users/damithch/Repos/nus-cs2103/cs2103-website-base/schedule/week2/project.md
2026-08-05T09:26:13.722Z - [36mverbose[39m: Rendering page: /Users/damithch/Repos/nus-cs2103/cs2103-website-base/schedule/week13/project.md
2026-08-05T09:26:13.727Z - [36mverbose[39m: Rendering page: /Users/damithch/Repos/nus-cs2103/cs2103-website-base/schedule/week11/project.md
2026-08-05T09:26:14.175Z - [36mverbose[39m: Rendering page: /Users/damithch/Repos/nus-cs2103/cs2103-website-base/schedule/week10/project.md
2026-08-05T09:26:14.450Z - [36mverbose[39m: Rendering page: /Users/damithch/Repos/nus-cs2103/cs2103-website-base/schedule/week1/project.md
2026-08-05T09:26:14.455Z - [36mverbose[39m: Rendering page: /Users/damithch/Repos/nus-cs2103/cs2103-website-base/schedule/week8/index.md
2026-08-05T09:26:14.463Z - [36mverbose[39m: Rendering page: /Users/damithch/Repos/nus-cs2103/cs2103-website-base/schedule/week9/index.md
2026-08-05T09:26:14.708Z - [36mverbose[39m: Rendering page: /Users/damithch/Repos/nus-cs2103/cs2103-website-base/schedule/week7/index.md
2026-08-05T09:26:15.264Z - [36mverbose[39m: Rendering page: /Users/damithch/Repos/nus-cs2103/cs2103-website-base/schedule/week6/index.md
2026-08-05T09:26:15.513Z - [36mverbose[39m: Rendering page: /Users/damithch/Repos/nus-cs2103/cs2103-website-base/schedule/week5/index.md
2026-08-05T09:26:15.522Z - [36mverbose[39m: Rendering page: /Users/damithch/Repos/nus-cs2103/cs2103-website-base/schedule/week4/index.md
2026-08-05T09:26:15.720Z - [36mverbose[39m: Rendering page: /Users/damithch/Repos/nus-cs2103/cs2103-website-base/schedule/week3/index.md
2026-08-05T09:26:15.984Z - [36mverbose[39m: Rendering page: /Users/damithch/Repos/nus-cs2103/cs2103-website-base/schedule/week13/index.md
2026-08-05T09:26:16.335Z - [36mverbose[39m: Rendering page: /Users/damithch/Repos/nus-cs2103/cs2103-website-base/schedule/week2/index.md
2026-08-05T09:26:16.346Z - [36mverbose[39m: Rendering page: /Users/damithch/Repos/nus-cs2103/cs2103-website-base/schedule/week12/index.md
2026-08-05T09:26:16.691Z - [36mverbose[39m: Rendering page: /Users/damithch/Repos/nus-cs2103/cs2103-website-base/schedule/week11/index.md
2026-08-05T09:26:16.847Z - [36mverbose[39m: Rendering page: /Users/damithch/Repos/nus-cs2103/cs2103-website-base/schedule/week1/index.md
2026-08-05T09:26:16.855Z - [36mverbose[39m: Rendering page: /Users/damithch/Repos/nus-cs2103/cs2103-website-base/schedule/week10/index.md
2026-08-05T09:26:16.906Z - [36mverbose[39m: Rendering page: /Users/damithch/Repos/nus-cs2103/cs2103-website-base/schedule/week9/admin.md
2026-08-05T09:26:16.993Z - [36mverbose[39m: Rendering page: /Users/damithch/Repos/nus-cs2103/cs2103-website-base/schedule/week8/admin.md
2026-08-05T09:26:17.003Z - [36mverbose[39m: Rendering page: /Users/damithch/Repos/nus-cs2103/cs2103-website-base/schedule/week7/admin.md
2026-08-05T09:26:17.467Z - [36mverbose[39m: Rendering page: /Users/damithch/Repos/nus-cs2103/cs2103-website-base/schedule/week6/admin.md
2026-08-05T09:26:17.989Z - [36mverbose[39m: Rendering page: /Users/damithch/Repos/nus-cs2103/cs2103-website-base/schedule/week4/admin.md
2026-08-05T09:26:18.295Z - [36mverbose[39m: Rendering page: /Users/damithch/Repos/nus-cs2103/cs2103-website-base/schedule/week5/admin.md
2026-08-05T09:26:18.335Z - [36mverbose[39m: Rendering page: /Users/damithch/Repos/nus-cs2103/cs2103-website-base/schedule/week2/admin.md
2026-08-05T09:26:18.346Z - [36mverbose[39m: Rendering page: /Users/damithch/Repos/nus-cs2103/cs2103-website-base/schedule/week3/admin.md
2026-08-05T09:26:18.527Z - [36mverbose[39m: Rendering page: /Users/damithch/Repos/nus-cs2103/cs2103-website-base/schedule/week13/admin.md
2026-08-05T09:26:18.801Z - [36mverbose[39m: Rendering page: /Users/damithch/Repos/nus-cs2103/cs2103-website-base/schedule/week12/admin.md
2026-08-05T09:26:18.812Z - [36mverbose[39m: Rendering page: /Users/damithch/Repos/nus-cs2103/cs2103-website-base/schedule/week10/admin.md
2026-08-05T09:26:22.382Z - [34mdebug[39m: 
2026-08-05T09:26:22.510Z - [36mverbose[39m: Rendering page: /Users/damithch/Repos/nus-cs2103/cs2103-website-base/schedule/week11/admin.md
2026-08-05T09:26:22.521Z - [36mverbose[39m: Rendering page: /Users/damithch/Repos/nus-cs2103/cs2103-website-base/schedule/week1/admin.md
2026-08-05T09:26:22.761Z - [36mverbose[39m: Rendering page: /Users/damithch/Repos/nus-cs2103/cs2103-website-base/schedule/index.md
2026-08-05T09:26:22.770Z - [36mverbose[39m: Rendering page: /Users/damithch/Repos/nus-cs2103/cs2103-website-base/schedule/timeline.md
2026-08-05T09:26:23.038Z - [36mverbose[39m: Rendering page: /Users/damithch/Repos/nus-cs2103/cs2103-website-base/projectDuke/print.md
2026-08-05T09:26:23.047Z - [36mverbose[39m: Rendering page: /Users/damithch/Repos/nus-cs2103/cs2103-website-base/projectDuke/text.md
2026-08-05T09:26:23.081Z - [36mverbose[39m: Rendering page: /Users/damithch/Repos/nus-cs2103/cs2103-website-base/projectDuke/path.md
2026-08-05T09:26:23.086Z - [36mverbose[39m: Rendering page: /Users/damithch/Repos/nus-cs2103/cs2103-website-base/projectDuke/index.md
2026-08-05T09:26:23.243Z - [36mverbose[39m: Rendering page: /Users/damithch/Repos/nus-cs2103/cs2103-website-base/admin/weeklySchedule.md
2026-08-05T09:26:23.256Z - [36mverbose[39m: Rendering page: /Users/damithch/Repos/nus-cs2103/cs2103-website-base/admin/uml-reference-sheet.md
2026-08-05T09:26:23.261Z - [36mverbose[39m: Rendering page: /Users/damithch/Repos/nus-cs2103/cs2103-website-base/admin/usingThisWebsite.md
2026-08-05T09:26:23.278Z - [36mverbose[39m: Rendering page: /Users/damithch/Repos/nus-cs2103/cs2103-website-base/admin/tutors-info.md
2026-08-05T09:26:26.726Z - [36mverbose[39m: Rendering page: /Users/damithch/Repos/nus-cs2103/cs2103-website-base/admin/tutorials.md
2026-08-05T09:26:26.743Z - [36mverbose[39m: Rendering page: /Users/damithch/Repos/nus-cs2103/cs2103-website-base/admin/tp-w9.md
2026-08-05T09:26:26.757Z - [36mverbose[39m: Rendering page: /Users/damithch/Repos/nus-cs2103/cs2103-website-base/admin/tp-w8.md
2026-08-05T09:26:27.606Z - [36mverbose[39m: Rendering page: /Users/damithch/Repos/nus-cs2103/cs2103-website-base/admin/tp-w7.md
2026-08-05T09:26:29.033Z - [36mverbose[39m: Rendering page: /Users/damithch/Repos/nus-cs2103/cs2103-website-base/admin/tp-w6.md
2026-08-05T09:26:29.518Z - [36mverbose[39m: Rendering page: /Users/damithch/Repos/nus-cs2103/cs2103-website-base/admin/tp-w5.md
2026-08-05T09:26:29.531Z - [36mverbose[39m: Rendering page: /Users/damithch/Repos/nus-cs2103/cs2103-website-base/admin/tp-w4.md
2026-08-05T09:26:29.631Z - [36mverbose[39m: Rendering page: /Users/damithch/Repos/nus-cs2103/cs2103-website-base/admin/tp-w3.md
2026-08-05T09:26:32.077Z - [36mverbose[39m: Rendering page: /Users/damithch/Repos/nus-cs2103/cs2103-website-base/admin/tp-w2.md
2026-08-05T09:26:35.695Z - [36mverbose[39m: Rendering page: /Users/damithch/Repos/nus-cs2103/cs2103-website-base/admin/tp-w13.md
2026-08-05T09:26:35.702Z - [36mverbose[39m: Rendering page: /Users/damithch/Repos/nus-cs2103/cs2103-website-base/admin/tp-w12.md
2026-08-05T09:26:37.461Z - [34mdebug[39m: 
2026-08-05T09:26:37.475Z - [34mdebug[39m: 
2026-08-05T09:26:37.504Z - [36mverbose[39m: Rendering page: /Users/damithch/Repos/nus-cs2103/cs2103-website-base/admin/tp-w10.md
2026-08-05T09:26:37.530Z - [36mverbose[39m: Rendering page: /Users/damithch/Repos/nus-cs2103/cs2103-website-base/admin/tp-w11.md
2026-08-05T09:26:37.598Z - [36mverbose[39m: Rendering page: /Users/damithch/Repos/nus-cs2103/cs2103-website-base/admin/tp-timeline.md
2026-08-05T09:26:37.607Z - [36mverbose[39m: Rendering page: /Users/damithch/Repos/nus-cs2103/cs2103-website-base/admin/tp-teams.md
2026-08-05T09:26:39.742Z - [36mverbose[39m: Rendering page: /Users/damithch/Repos/nus-cs2103/cs2103-website-base/admin/tp-supervision.md
2026-08-05T09:26:39.750Z - [36mverbose[39m: Rendering page: /Users/damithch/Repos/nus-cs2103/cs2103-website-base/admin/tp-pe.md
2026-08-05T09:26:39.788Z - [36mverbose[39m: Rendering page: /Users/damithch/Repos/nus-cs2103/cs2103-website-base/admin/tp-ped.md
2026-08-05T09:26:39.818Z - [36mverbose[39m: Rendering page: /Users/damithch/Repos/nus-cs2103/cs2103-website-base/admin/tp-overview.md
2026-08-05T09:26:40.507Z - [36mverbose[39m: Rendering page: /Users/damithch/Repos/nus-cs2103/cs2103-website-base/admin/tp-grading.md
2026-08-05T09:26:40.521Z - [36mverbose[39m: Rendering page: /Users/damithch/Repos/nus-cs2103/cs2103-website-base/admin/tp-expectations.md
2026-08-05T09:26:40.531Z - [36mverbose[39m: Rendering page: /Users/damithch/Repos/nus-cs2103/cs2103-website-base/admin/tp-deliverables.md
2026-08-05T09:26:40.548Z - [36mverbose[39m: Rendering page: /Users/damithch/Repos/nus-cs2103/cs2103-website-base/admin/tp-constraints.md
2026-08-05T09:26:40.669Z - [36mverbose[39m: Rendering page: /Users/damithch/Repos/nus-cs2103/cs2103-website-base/admin/tp-common-fragments.md
2026-08-05T09:26:40.674Z - [36mverbose[39m: Rendering page: /Users/damithch/Repos/nus-cs2103/cs2103-website-base/admin/textbooks.md
2026-08-05T09:26:40.684Z - [36mverbose[39m: Rendering page: /Users/damithch/Repos/nus-cs2103/cs2103-website-base/admin/tools.md
2026-08-05T09:26:40.695Z - [36mverbose[39m: Rendering page: /Users/damithch/Repos/nus-cs2103/cs2103-website-base/admin/teamList.md
2026-08-05T09:26:40.798Z - [36mverbose[39m: Rendering page: /Users/damithch/Repos/nus-cs2103/cs2103-website-base/admin/syllabus.md
2026-08-05T09:26:40.804Z - [36mverbose[39m: Rendering page: /Users/damithch/Repos/nus-cs2103/cs2103-website-base/admin/standardsAndConventions.md
2026-08-05T09:26:40.811Z - [36mverbose[39m: Rendering page: /Users/damithch/Repos/nus-cs2103/cs2103-website-base/admin/reposenseAuthorAnnotation.md
2026-08-05T09:26:40.817Z - [36mverbose[39m: Rendering page: /Users/damithch/Repos/nus-cs2103/cs2103-website-base/admin/programmingLanguages.md
2026-08-05T09:26:41.016Z - [36mverbose[39m: Rendering page: /Users/damithch/Repos/nus-cs2103/cs2103-website-base/admin/participation.md
2026-08-05T09:26:41.025Z - [36mverbose[39m: Rendering page: /Users/damithch/Repos/nus-cs2103/cs2103-website-base/admin/peerEvaluations.md
2026-08-05T09:26:41.041Z - [36mverbose[39m: Rendering page: /Users/damithch/Repos/nus-cs2103/cs2103-website-base/admin/overview-for-teachers.md
2026-08-05T09:26:41.076Z - [36mverbose[39m: Rendering page: /Users/damithch/Repos/nus-cs2103/cs2103-website-base/admin/mid-semester-survey-results.md
2026-08-05T09:26:41.299Z - [36mverbose[39m: Rendering page: /Users/damithch/Repos/nus-cs2103/cs2103-website-base/admin/lectures.md
2026-08-05T09:26:41.801Z - [36mverbose[39m: Rendering page: /Users/damithch/Repos/nus-cs2103/cs2103-website-base/admin/ip-w8.md
2026-08-05T09:26:41.811Z - [36mverbose[39m: Rendering page: /Users/damithch/Repos/nus-cs2103/cs2103-website-base/admin/ip-w7.md
2026-08-05T09:26:42.151Z - [36mverbose[39m: Rendering page: /Users/damithch/Repos/nus-cs2103/cs2103-website-base/admin/ip-w6.md
2026-08-05T09:26:43.265Z - [36mverbose[39m: Rendering page: /Users/damithch/Repos/nus-cs2103/cs2103-website-base/admin/ip-w5.md
2026-08-05T09:26:44.307Z - [36mverbose[39m: Rendering page: /Users/damithch/Repos/nus-cs2103/cs2103-website-base/admin/ip-w4.md
2026-08-05T09:26:44.342Z - [36mverbose[39m: Rendering page: /Users/damithch/Repos/nus-cs2103/cs2103-website-base/admin/ip-w3.md
2026-08-05T09:26:44.390Z - [36mverbose[39m: Rendering page: /Users/damithch/Repos/nus-cs2103/cs2103-website-base/admin/ip-w2.md
2026-08-05T09:26:44.448Z - [36mverbose[39m: Rendering page: /Users/damithch/Repos/nus-cs2103/cs2103-website-base/admin/ip-showcase.md
2026-08-05T09:26:44.454Z - [36mverbose[39m: Rendering page: /Users/damithch/Repos/nus-cs2103/cs2103-website-base/admin/ip-overview.md
2026-08-05T09:26:44.537Z - [36mverbose[39m: Rendering page: /Users/damithch/Repos/nus-cs2103/cs2103-website-base/admin/ip-grading.md
2026-08-05T09:26:45.024Z - [36mverbose[39m: Rendering page: /Users/damithch/Repos/nus-cs2103/cs2103-website-base/admin/instructors.md
2026-08-05T09:26:45.032Z - [36mverbose[39m: Rendering page: /Users/damithch/Repos/nus-cs2103/cs2103-website-base/admin/index.md
2026-08-05T09:26:45.263Z - [36mverbose[39m: Rendering page: /Users/damithch/Repos/nus-cs2103/cs2103-website-base/admin/gradeBreakdown.md
2026-08-05T09:26:45.293Z - [36mverbose[39m: Rendering page: /Users/damithch/Repos/nus-cs2103/cs2103-website-base/admin/exams.md
2026-08-05T09:26:45.321Z - [36mverbose[39m: Rendering page: /Users/damithch/Repos/nus-cs2103/cs2103-website-base/admin/exams-f2f.md
2026-08-05T09:26:45.331Z - [36mverbose[39m: Rendering page: /Users/damithch/Repos/nus-cs2103/cs2103-website-base/admin/exam-reference-sheet.md
2026-08-05T09:26:45.434Z - [36mverbose[39m: Rendering page: /Users/damithch/Repos/nus-cs2103/cs2103-website-base/admin/exam-pen-and-paper.md
2026-08-05T09:26:45.470Z - [36mverbose[39m: Rendering page: /Users/damithch/Repos/nus-cs2103/cs2103-website-base/admin/courseOverview.md
2026-08-05T09:26:45.507Z - [36mverbose[39m: Rendering page: /Users/damithch/Repos/nus-cs2103/cs2103-website-base/admin/courseExpectations.md
2026-08-05T09:26:45.547Z - [36mverbose[39m: Rendering page: /Users/damithch/Repos/nus-cs2103/cs2103-website-base/admin/courseBriefings.md
2026-08-05T09:26:45.571Z - [36mverbose[39m: Rendering page: /Users/damithch/Repos/nus-cs2103/cs2103-website-base/admin/appendixH-tipsFromStudents.md
2026-08-05T09:26:45.583Z - [36mverbose[39m: Rendering page: /Users/damithch/Repos/nus-cs2103/cs2103-website-base/admin/appendixG-troubleshooting.md
2026-08-05T09:26:45.822Z - [36mverbose[39m: Rendering page: /Users/damithch/Repos/nus-cs2103/cs2103-website-base/admin/appendixG-CS2103R.md
2026-08-05T09:26:45.900Z - [36mverbose[39m: Rendering page: /Users/damithch/Repos/nus-cs2103/cs2103-website-base/admin/appendixF-teamworkIssues.md
2026-08-05T09:26:45.915Z - [36mverbose[39m: Rendering page: /Users/damithch/Repos/nus-cs2103/cs2103-website-base/admin/appendixE-gitHub.md
2026-08-05T09:26:45.930Z - [36mverbose[39m: Rendering page: /Users/damithch/Repos/nus-cs2103/cs2103-website-base/admin/appendixD-help.md
2026-08-05T09:26:45.943Z - [32minfo[39m: Pages built
2026-08-05T09:26:46.042Z - [32minfo[39m: Site data built
2026-08-05T09:26:46.042Z - [32minfo[39m: Website generation complete! Total build time: 103.126s
2026-08-05T09:26:46.042Z - [32minfo[39m: Build success!
2026-08-05T09:27:15.400Z - [32minfo[39m: GitHub Actions deployment initiated. Check status at: https://github.com/NUS-CS2103-AY2627-S1/website/actions
2026-08-05T09:27:15.400Z - [32minfo[39m: The website will be deployed at: https://NUS-CS2103-AY2627-S1.github.io/website
2026-08-05T10:13:29.067Z - [32minfo[39m: Website generation (lazy) started at 18:13:28
2026-08-05T10:13:29.594Z - [32minfo[39m: Building assets...
2026-08-05T10:13:29.972Z - [32minfo[39m: Assets built
2026-08-05T10:13:29.973Z - [32minfo[39m: Generating landing page...
2026-08-05T10:13:30.208Z - [36mverbose[39m: Rendering page: /Users/damithch/Repos/nus-cs2103/cs2103-website-base/index.md
2026-08-05T10:13:30.236Z - [32minfo[39m: Landing page built, other pages will be built as you navigate to them!
2026-08-05T10:13:30.315Z - [32minfo[39m: Site data built
2026-08-05T10:13:30.315Z - [32minfo[39m: Website generation (lazy) complete! Total build time: 1.75s
2026-08-05T10:13:30.327Z - [32minfo[39m: Serving "/Users/damithch/Repos/nus-cs2103/cs2103-website-base/_site" at http://127.0.0.1:8080
2026-08-05T10:13:30.327Z - [32minfo[39m: Press CTRL+C to stop ...
2026-08-05T10:13:41.707Z - [32minfo[39m: Building /Users/damithch/Repos/nus-cs2103/cs2103-website-base/admin/ip-w2 as some of its dependencies were changed since the last visit
2026-08-05T10:13:42.861Z - [36mverbose[39m: Rendering page: /Users/damithch/Repos/nus-cs2103/cs2103-website-base/admin/ip-w2.md
2026-08-05T10:13:42.899Z - [32minfo[39m: Site data built
2026-08-05T10:13:42.899Z - [32minfo[39m: Lazy website regeneration complete! Total build time: 1.194s
2026-08-05T10:15:01.273Z - [32minfo[39m: [18:15:01] Reload for file deletion: /Users/damithch/Repos/nus-cs2103/cs2103-website-base/admin/images/present-changes-visually-example.png
2026-08-05T10:15:01.274Z - [32minfo[39m: Synchronizing opened pages list before reload
2026-08-05T10:15:01.275Z - [32minfo[39m: Current opened pages, from most-to-least recent:
2026-08-05T10:15:01.275Z - [32minfo[39m: 1. admin/ip-w2
2026-08-05T10:15:01.486Z - [32minfo[39m: [18:15:01] Reload for file add: /Users/damithch/Repos/nus-cs2103/cs2103-website-base/projectDuke/images/present-changes-visually-example.png
2026-08-05T10:15:01.486Z - [32minfo[39m: Synchronizing opened pages list before reload
2026-08-05T10:15:01.486Z - [32minfo[39m: Current opened pages, from most-to-least recent:
2026-08-05T10:15:01.486Z - [32minfo[39m: 1. admin/ip-w2
2026-08-05T10:15:02.485Z - [34mdebug[39m: Assets removed
2026-08-05T10:15:02.615Z - [32minfo[39m: Assets built
2026-08-05T10:16:04.451Z - [32minfo[39m: [18:16:04] Reload for file change: /Users/damithch/Repos/nus-cs2103/cs2103-website-base/projectDuke/Level-3-fragment.md
2026-08-05T10:16:04.453Z - [32minfo[39m: Synchronizing opened pages list before reload
2026-08-05T10:16:04.454Z - [32minfo[39m: Current opened pages, from most-to-least recent:
2026-08-05T10:16:04.454Z - [32minfo[39m: 1. admin/ip-w2
2026-08-05T10:16:05.461Z - [32minfo[39m: Rebuilding 1 pages
2026-08-05T10:16:06.602Z - [36mverbose[39m: Rendering page: /Users/damithch/Repos/nus-cs2103/cs2103-website-base/admin/ip-w2.md
2026-08-05T10:16:06.637Z - [32minfo[39m: Site data built
2026-08-05T10:16:06.637Z - [32minfo[39m: Pages rebuilt
2026-08-05T10:16:06.637Z - [32minfo[39m: Website regeneration complete! Total build time: 1.181s
2026-08-05T10:17:04.603Z - [32minfo[39m: [18:17:04] Reload for file change: /Users/damithch/Repos/nus-cs2103/cs2103-website-base/projectDuke/Level-3-fragment.md
2026-08-05T10:17:04.607Z - [32minfo[39m: Synchronizing opened pages list before reload
2026-08-05T10:17:04.609Z - [32minfo[39m: Current opened pages, from most-to-least recent:
2026-08-05T10:17:04.609Z - [32minfo[39m: 1. admin/ip-w2
2026-08-05T10:17:05.625Z - [32minfo[39m: Rebuilding 1 pages
2026-08-05T10:17:06.803Z - [36mverbose[39m: Rendering page: /Users/damithch/Repos/nus-cs2103/cs2103-website-base/admin/ip-w2.md
2026-08-05T10:17:06.841Z - [32minfo[39m: Site data built
2026-08-05T10:17:06.841Z - [32minfo[39m: Pages rebuilt
2026-08-05T10:17:06.841Z - [32minfo[39m: Website regeneration complete! Total build time: 1.227s
2026-08-05T10:17:10.848Z - [32minfo[39m: [18:17:10] Reload for file change: /Users/damithch/Repos/nus-cs2103/cs2103-website-base/projectDuke/Level-3-fragment.md
2026-08-05T10:17:10.849Z - [32minfo[39m: Synchronizing opened pages list before reload
2026-08-05T10:17:10.849Z - [32minfo[39m: Current opened pages, from most-to-least recent:
2026-08-05T10:17:10.849Z - [32minfo[39m: 1. admin/ip-w2
2026-08-05T10:17:11.867Z - [32minfo[39m: Rebuilding 1 pages
2026-08-05T10:17:12.885Z - [36mverbose[39m: Rendering page: /Users/damithch/Repos/nus-cs2103/cs2103-website-base/admin/ip-w2.md
2026-08-05T10:17:12.919Z - [32minfo[39m: Site data built
2026-08-05T10:17:12.919Z - [32minfo[39m: Pages rebuilt
2026-08-05T10:17:12.919Z - [32minfo[39m: Website regeneration complete! Total build time: 1.064s
2026-08-05T10:17:25.255Z - [32minfo[39m: [18:17:25] Reload for file change: /Users/damithch/Repos/nus-cs2103/cs2103-website-base/projectDuke/Level-3-fragment.md
2026-08-05T10:17:25.256Z - [32minfo[39m: Synchronizing opened pages list before reload
2026-08-05T10:17:25.256Z - [32minfo[39m: Current opened pages, from most-to-least recent:
2026-08-05T10:17:25.256Z - [32minfo[39m: 1. admin/ip-w2
2026-08-05T10:17:26.308Z - [32minfo[39m: Rebuilding 1 pages
2026-08-05T10:17:27.466Z - [36mverbose[39m: Rendering page: /Users/damithch/Repos/nus-cs2103/cs2103-website-base/admin/ip-w2.md
2026-08-05T10:17:27.501Z - [32minfo[39m: Site data built
2026-08-05T10:17:27.501Z - [32minfo[39m: Pages rebuilt
2026-08-05T10:17:27.501Z - [32minfo[39m: Website regeneration complete! Total build time: 1.237s
2026-08-05T10:20:07.404Z - [32minfo[39m: [18:20:07] Reload for file change: /Users/damithch/Repos/nus-cs2103/cs2103-website-base/projectDuke/extensions-fragment.md
2026-08-05T10:20:07.412Z - [32minfo[39m: Synchronizing opened pages list before reload
2026-08-05T10:20:07.415Z - [32minfo[39m: Current opened pages, from most-to-least recent:
2026-08-05T10:20:07.416Z - [32minfo[39m: 1. admin/ip-w2
2026-08-05T10:20:08.429Z - [32minfo[39m: Rebuilding 1 pages
2026-08-05T10:20:09.552Z - [36mverbose[39m: Rendering page: /Users/damithch/Repos/nus-cs2103/cs2103-website-base/admin/ip-w2.md
2026-08-05T10:20:09.586Z - [32minfo[39m: Site data built
2026-08-05T10:20:09.586Z - [32minfo[39m: Pages rebuilt
2026-08-05T10:20:09.586Z - [32minfo[39m: Website regeneration complete! Total build time: 1.168s
2026-08-05T10:54:01.555Z - [32minfo[39m: Building /Users/damithch/Repos/nus-cs2103/cs2103-website-base/se-book-adapted/index as some of its dependencies were changed since the last visit
2026-08-05T10:54:01.815Z - [36mverbose[39m: Rendering page: /Users/damithch/Repos/nus-cs2103/cs2103-website-base/se-book-adapted/index.md
2026-08-05T10:54:01.844Z - [32minfo[39m: Site data built
2026-08-05T10:54:01.844Z - [32minfo[39m: Lazy website regeneration complete! Total build time: 0.304s
2026-08-05T10:54:04.583Z - [32minfo[39m: Building /Users/damithch/Repos/nus-cs2103/cs2103-website-base/se-book-adapted/chapters/softwareEngineering as some of its dependencies were changed since the last visit
2026-08-05T10:54:04.696Z - [36mverbose[39m: Rendering page: /Users/damithch/Repos/nus-cs2103/cs2103-website-base/se-book-adapted/chapters/softwareEngineering.md
2026-08-05T10:54:04.715Z - [32minfo[39m: Site data built
2026-08-05T10:54:04.715Z - [32minfo[39m: Lazy website regeneration complete! Total build time: 0.132s
2026-08-05T10:54:10.760Z - [32minfo[39m: Building /Users/damithch/Repos/nus-cs2103/cs2103-website-base/se-book-adapted/chapters-printable/softwareEngineering-printable as some of its dependencies were changed since the last visit
2026-08-05T10:54:10.864Z - [36mverbose[39m: Rendering page: /Users/damithch/Repos/nus-cs2103/cs2103-website-base/se-book-adapted/chapters-printable/softwareEngineering-printable.md
2026-08-05T10:54:10.871Z - [32minfo[39m: Site data built
2026-08-05T10:54:10.871Z - [32minfo[39m: Lazy website regeneration complete! Total build time: 0.111s
2026-08-05T13:16:41.647Z - [32minfo[39m: [21:16:41] Reload for file change: /Users/damithch/Repos/nus-cs2103/cs2103-website-base/projectDuke/Level-6-fragment.md
2026-08-05T13:16:41.671Z - [32minfo[39m: Synchronizing opened pages list before reload
2026-08-05T13:16:41.729Z - [32minfo[39m: Current opened pages, from most-to-least recent:
2026-08-05T13:16:41.735Z - [32minfo[39m: 1. admin/ip-w2
2026-08-05T13:16:42.837Z - [32minfo[39m: Rebuilding 1 pages
2026-08-05T13:16:44.524Z - [36mverbose[39m: Rendering page: /Users/damithch/Repos/nus-cs2103/cs2103-website-base/admin/ip-w2.md
2026-08-05T13:16:44.565Z - [32minfo[39m: Site data built
2026-08-05T13:16:44.565Z - [32minfo[39m: Pages rebuilt
2026-08-05T13:16:44.565Z - [32minfo[39m: Website regeneration complete! Total build time: 1.781s
2026-08-05T13:16:48.097Z - [32minfo[39m: [21:16:48] Reload for file change: /Users/damithch/Repos/nus-cs2103/cs2103-website-base/projectDuke/Level-6-fragment.md
2026-08-05T13:16:48.097Z - [32minfo[39m: Synchronizing opened pages list before reload
2026-08-05T13:16:48.097Z - [32minfo[39m: No pages are currently opened
2026-08-05T13:16:49.101Z - [32minfo[39m: No pages needed to be rebuilt
2026-08-05T13:17:00.696Z - [32minfo[39m: Building /Users/damithch/Repos/nus-cs2103/cs2103-website-base/admin/ip-w2 as some of its dependencies were changed since the last visit
2026-08-05T13:17:01.824Z - [36mverbose[39m: Rendering page: /Users/damithch/Repos/nus-cs2103/cs2103-website-base/admin/ip-w2.md
2026-08-05T13:17:01.858Z - [32minfo[39m: Site data built
2026-08-05T13:17:01.858Z - [32minfo[39m: Lazy website regeneration complete! Total build time: 1.163s
2026-08-05T13:17:48.942Z - [32minfo[39m: Website generation started at 21:17:48
2026-08-05T13:17:49.577Z - [32minfo[39m: Building assets...
2026-08-05T13:17:49.966Z - [32minfo[39m: Assets built
2026-08-05T13:17:49.967Z - [32minfo[39m: Generating pages...
2026-08-05T13:17:52.909Z - [36mverbose[39m: Rendering page: /Users/damithch/Repos/nus-cs2103/cs2103-website-base/admin/acknowledgements.md
2026-08-05T13:17:52.925Z - [36mverbose[39m: Rendering page: /Users/damithch/Repos/nus-cs2103/cs2103-website-base/admin/appendixA-principles.md
2026-08-05T13:17:52.945Z - [36mverbose[39m: Rendering page: /Users/damithch/Repos/nus-cs2103/cs2103-website-base/admin/appendixB-policies.md
2026-08-05T13:17:52.968Z - [36mverbose[39m: Rendering page: /Users/damithch/Repos/nus-cs2103/cs2103-website-base/admin/appendixC-faq.md
2026-08-05T13:18:04.336Z - [34mdebug[39m: 
2026-08-05T13:18:04.337Z - [34mdebug[39m: 
2026-08-05T13:18:04.337Z - [34mdebug[39m: 
2026-08-05T13:18:04.337Z - [34mdebug[39m: 
2026-08-05T13:18:04.337Z - [34mdebug[39m: 
2026-08-05T13:18:04.337Z - [34mdebug[39m: 
2026-08-05T13:18:04.337Z - [34mdebug[39m: 
2026-08-05T13:18:04.337Z - [34mdebug[39m: 
2026-08-05T13:18:04.337Z - [34mdebug[39m: 
2026-08-05T13:18:04.337Z - [34mdebug[39m: 
2026-08-05T13:18:04.337Z - [34mdebug[39m: 
2026-08-05T13:18:04.337Z - [34mdebug[39m: 
2026-08-05T13:18:04.337Z - [34mdebug[39m: 
2026-08-05T13:18:04.337Z - [34mdebug[39m: 
2026-08-05T13:18:04.337Z - [34mdebug[39m: 
2026-08-05T13:18:04.337Z - [34mdebug[39m: 
2026-08-05T13:18:04.337Z - [34mdebug[39m: 
2026-08-05T13:18:04.337Z - [34mdebug[39m: 
2026-08-05T13:18:04.337Z - [34mdebug[39m: 
2026-08-05T13:18:04.337Z - [34mdebug[39m: 
2026-08-05T13:18:04.337Z - [34mdebug[39m: 
2026-08-05T13:18:04.337Z - [34mdebug[39m: 
2026-08-05T13:18:04.338Z - [34mdebug[39m: 
2026-08-05T13:18:04.338Z - [34mdebug[39m: 
2026-08-05T13:18:04.338Z - [34mdebug[39m: 
2026-08-05T13:18:04.338Z - [36mverbose[39m: Rendering page: /Users/damithch/Repos/nus-cs2103/cs2103-website-base/book/uml/stereotypes/what/index.md
2026-08-05T13:18:04.363Z - [36mverbose[39m: Rendering page: /Users/damithch/Repos/nus-cs2103/cs2103-website-base/se-book-adapted/print.md
2026-08-05T13:18:04.555Z - [36mverbose[39m: Rendering page: /Users/damithch/Repos/nus-cs2103/cs2103-website-base/book/uml/stereotypes/index.md
2026-08-05T13:18:04.561Z - [36mverbose[39m: Rendering page: /Users/damithch/Repos/nus-cs2103/cs2103-website-base/index.md
2026-08-05T13:18:04.574Z - [36mverbose[39m: Rendering page: /Users/damithch/Repos/nus-cs2103/cs2103-website-base/book/uml/sequenceDiagrams/staticMethods/index.md
2026-08-05T13:18:04.652Z - [36mverbose[39m: Rendering page: /Users/damithch/Repos/nus-cs2103/cs2103-website-base/book/uml/sequenceDiagrams/selfInvocation/index.md
2026-08-05T13:18:04.659Z - [36mverbose[39m: Rendering page: /Users/damithch/Repos/nus-cs2103/cs2103-website-base/book/uml/sequenceDiagrams/referenceFrames/index.md
2026-08-05T13:18:04.666Z - [36mverbose[39m: Rendering page: /Users/damithch/Repos/nus-cs2103/cs2103-website-base/book/uml/sequenceDiagrams/parallelPaths/index.md
2026-08-05T13:18:04.673Z - [36mverbose[39m: Rendering page: /Users/damithch/Repos/nus-cs2103/cs2103-website-base/book/uml/sequenceDiagrams/optionalPaths/index.md
2026-08-05T13:18:04.732Z - [36mverbose[39m: Rendering page: /Users/damithch/Repos/nus-cs2103/cs2103-website-base/book/uml/sequenceDiagrams/objectDeletion/index.md
2026-08-05T13:18:04.740Z - [36mverbose[39m: Rendering page: /Users/damithch/Repos/nus-cs2103/cs2103-website-base/book/uml/sequenceDiagrams/objectCreation/index.md
2026-08-05T13:18:04.746Z - [36mverbose[39m: Rendering page: /Users/damithch/Repos/nus-cs2103/cs2103-website-base/book/uml/sequenceDiagrams/minimalNotation/index.md
2026-08-05T13:18:04.766Z - [36mverbose[39m: Rendering page: /Users/damithch/Repos/nus-cs2103/cs2103-website-base/book/uml/sequenceDiagrams/loops/index.md
2026-08-05T13:18:04.842Z - [36mverbose[39m: Rendering page: /Users/damithch/Repos/nus-cs2103/cs2103-website-base/book/uml/sequenceDiagrams/introduction/index.md
2026-08-05T13:18:04.861Z - [36mverbose[39m: Rendering page: /Users/damithch/Repos/nus-cs2103/cs2103-website-base/book/uml/sequenceDiagrams/index.md
2026-08-05T13:18:04.876Z - [36mverbose[39m: Rendering page: /Users/damithch/Repos/nus-cs2103/cs2103-website-base/book/uml/sequenceDiagrams/basic/index.md
2026-08-05T13:18:04.901Z - [36mverbose[39m: Rendering page: /Users/damithch/Repos/nus-cs2103/cs2103-website-base/book/uml/sequenceDiagrams/alternativePaths/index.md
2026-08-05T13:18:04.959Z - [36mverbose[39m: Rendering page: /Users/damithch/Repos/nus-cs2103/cs2103-website-base/book/uml/objectDiagrams/objects/index.md
2026-08-05T13:18:04.966Z - [36mverbose[39m: Rendering page: /Users/damithch/Repos/nus-cs2103/cs2103-website-base/book/uml/objectDiagrams/index.md
2026-08-05T13:18:04.973Z - [36mverbose[39m: Rendering page: /Users/damithch/Repos/nus-cs2103/cs2103-website-base/book/uml/objectDiagrams/introduction/index.md
2026-08-05T13:18:04.993Z - [36mverbose[39m: Rendering page: /Users/damithch/Repos/nus-cs2103/cs2103-website-base/book/uml/objectDiagrams/associations/index.md
2026-08-05T13:18:06.846Z - [34mdebug[39m: 
2026-08-05T13:18:07.095Z - [34mdebug[39m: 
2026-08-05T13:18:07.101Z - [34mdebug[39m: 
2026-08-05T13:18:07.103Z - [34mdebug[39m: 
2026-08-05T13:18:07.107Z - [34mdebug[39m: 
2026-08-05T13:18:07.111Z - [34mdebug[39m: 
2026-08-05T13:18:07.183Z - [36mverbose[39m: Rendering page: /Users/damithch/Repos/nus-cs2103/cs2103-website-base/book/uml/notes/notes/index.md
2026-08-05T13:18:07.198Z - [36mverbose[39m: Rendering page: /Users/damithch/Repos/nus-cs2103/cs2103-website-base/book/uml/notes/index.md
2026-08-05T13:18:07.205Z - [36mverbose[39m: Rendering page: /Users/damithch/Repos/nus-cs2103/cs2103-website-base/book/uml/notes/constraints/index.md
2026-08-05T13:18:07.214Z - [36mverbose[39m: Rendering page: /Users/damithch/Repos/nus-cs2103/cs2103-website-base/book/uml/miscellaneous/objectVsClassDiagrams/index.md
2026-08-05T13:18:07.634Z - [36mverbose[39m: Rendering page: /Users/damithch/Repos/nus-cs2103/cs2103-website-base/book/uml/miscellaneous/index.md
2026-08-05T13:18:07.641Z - [36mverbose[39m: Rendering page: /Users/damithch/Repos/nus-cs2103/cs2103-website-base/book/uml/index.md
2026-08-05T13:18:07.691Z - [36mverbose[39m: Rendering page: /Users/damithch/Repos/nus-cs2103/cs2103-website-base/book/uml/classDiagrams/introduction/what/index.md
2026-08-05T13:18:07.696Z - [36mverbose[39m: Rendering page: /Users/damithch/Repos/nus-cs2103/cs2103-website-base/book/uml/classDiagrams/introduction/index.md
2026-08-05T13:18:07.889Z - [36mverbose[39m: Rendering page: /Users/damithch/Repos/nus-cs2103/cs2103-website-base/book/uml/classDiagrams/interfaces/what/index.md
2026-08-05T13:18:07.896Z - [36mverbose[39m: Rendering page: /Users/damithch/Repos/nus-cs2103/cs2103-website-base/book/uml/classDiagrams/interfaces/index.md
2026-08-05T13:18:07.903Z - [36mverbose[39m: Rendering page: /Users/damithch/Repos/nus-cs2103/cs2103-website-base/book/uml/classDiagrams/index.md
2026-08-05T13:18:07.926Z - [36mverbose[39m: Rendering page: /Users/damithch/Repos/nus-cs2103/cs2103-website-base/book/uml/classDiagrams/enumerations/what/index.md
2026-08-05T13:18:07.998Z - [36mverbose[39m: Rendering page: /Users/damithch/Repos/nus-cs2103/cs2103-website-base/book/uml/classDiagrams/dependencies/what/index.md
2026-08-05T13:18:08.004Z - [36mverbose[39m: Rendering page: /Users/damithch/Repos/nus-cs2103/cs2103-website-base/book/uml/classDiagrams/enumerations/index.md
2026-08-05T13:18:08.012Z - [36mverbose[39m: Rendering page: /Users/damithch/Repos/nus-cs2103/cs2103-website-base/book/uml/classDiagrams/dependencies/index.md
2026-08-05T13:18:08.018Z - [36mverbose[39m: Rendering page: /Users/damithch/Repos/nus-cs2103/cs2103-website-base/book/uml/classDiagrams/composition/what/index.md
2026-08-05T13:18:08.134Z - [36mverbose[39m: Rendering page: /Users/damithch/Repos/nus-cs2103/cs2103-website-base/book/uml/classDiagrams/composition/index.md
2026-08-05T13:18:08.140Z - [36mverbose[39m: Rendering page: /Users/damithch/Repos/nus-cs2103/cs2103-website-base/book/uml/classDiagrams/combine/index.md
2026-08-05T13:18:08.149Z - [36mverbose[39m: Rendering page: /Users/damithch/Repos/nus-cs2103/cs2103-website-base/book/uml/classDiagrams/combine/basic/index.md
2026-08-05T13:18:08.156Z - [36mverbose[39m: Rendering page: /Users/damithch/Repos/nus-cs2103/cs2103-website-base/book/uml/classDiagrams/classes/what/index.md
2026-08-05T13:18:08.254Z - [36mverbose[39m: Rendering page: /Users/damithch/Repos/nus-cs2103/cs2103-website-base/book/uml/classDiagrams/classLevelMembers/what/index.md
2026-08-05T13:18:08.260Z - [36mverbose[39m: Rendering page: /Users/damithch/Repos/nus-cs2103/cs2103-website-base/book/uml/classDiagrams/classes/index.md
2026-08-05T13:18:08.268Z - [36mverbose[39m: Rendering page: /Users/damithch/Repos/nus-cs2103/cs2103-website-base/book/uml/classDiagrams/classInheritance/what/index.md
2026-08-05T13:18:08.275Z - [36mverbose[39m: Rendering page: /Users/damithch/Repos/nus-cs2103/cs2103-website-base/book/uml/classDiagrams/classLevelMembers/index.md
2026-08-05T13:18:08.343Z - [36mverbose[39m: Rendering page: /Users/damithch/Repos/nus-cs2103/cs2103-website-base/book/uml/classDiagrams/classInheritance/index.md
2026-08-05T13:18:08.352Z - [36mverbose[39m: Rendering page: /Users/damithch/Repos/nus-cs2103/cs2103-website-base/book/uml/classDiagrams/associations/what/index.md
2026-08-05T13:18:08.357Z - [36mverbose[39m: Rendering page: /Users/damithch/Repos/nus-cs2103/cs2103-website-base/book/uml/classDiagrams/associationsAsAttributes/what/index.md
2026-08-05T13:18:08.362Z - [36mverbose[39m: Rendering page: /Users/damithch/Repos/nus-cs2103/cs2103-website-base/book/uml/classDiagrams/associationsAsAttributes/index.md
2026-08-05T13:18:08.444Z - [36mverbose[39m: Rendering page: /Users/damithch/Repos/nus-cs2103/cs2103-website-base/book/uml/classDiagrams/associations/roles/index.md
2026-08-05T13:18:08.452Z - [36mverbose[39m: Rendering page: /Users/damithch/Repos/nus-cs2103/cs2103-website-base/book/uml/classDiagrams/associations/multiplicity/index.md
2026-08-05T13:18:08.457Z - [36mverbose[39m: Rendering page: /Users/damithch/Repos/nus-cs2103/cs2103-website-base/book/uml/classDiagrams/associations/navigability/index.md
2026-08-05T13:18:08.513Z - [36mverbose[39m: Rendering page: /Users/damithch/Repos/nus-cs2103/cs2103-website-base/book/uml/classDiagrams/associations/labels/index.md
2026-08-05T13:18:08.559Z - [36mverbose[39m: Rendering page: /Users/damithch/Repos/nus-cs2103/cs2103-website-base/book/uml/classDiagrams/associations/index.md
2026-08-05T13:18:08.570Z - [36mverbose[39m: Rendering page: /Users/damithch/Repos/nus-cs2103/cs2103-website-base/book/uml/classDiagrams/associationClasses/what/index.md
2026-08-05T13:18:08.577Z - [36mverbose[39m: Rendering page: /Users/damithch/Repos/nus-cs2103/cs2103-website-base/book/uml/classDiagrams/associationClasses/index.md
2026-08-05T13:18:08.582Z - [36mverbose[39m: Rendering page: /Users/damithch/Repos/nus-cs2103/cs2103-website-base/book/uml/classDiagrams/aggregation/what/index.md
2026-08-05T13:18:08.650Z - [36mverbose[39m: Rendering page: /Users/damithch/Repos/nus-cs2103/cs2103-website-base/book/uml/classDiagrams/aggregation/index.md
2026-08-05T13:18:08.656Z - [36mverbose[39m: Rendering page: /Users/damithch/Repos/nus-cs2103/cs2103-website-base/book/uml/classDiagrams/abstractClasses/what/index.md
2026-08-05T13:18:08.662Z - [36mverbose[39m: Rendering page: /Users/damithch/Repos/nus-cs2103/cs2103-website-base/book/uml/classDiagrams/abstractClasses/index.md
2026-08-05T13:18:08.667Z - [36mverbose[39m: Rendering page: /Users/damithch/Repos/nus-cs2103/cs2103-website-base/book/uml/activityDiagrams/introduction/what/index.md
2026-08-05T13:18:08.742Z - [36mverbose[39m: Rendering page: /Users/damithch/Repos/nus-cs2103/cs2103-website-base/book/uml/activityDiagrams/introduction/index.md
2026-08-05T13:18:08.772Z - [36mverbose[39m: Rendering page: /Users/damithch/Repos/nus-cs2103/cs2103-website-base/book/uml/activityDiagrams/index.md
2026-08-05T13:18:08.819Z - [36mverbose[39m: Rendering page: /Users/damithch/Repos/nus-cs2103/cs2103-website-base/book/uml/activityDiagrams/basicNotations/swimlanes/index.md
2026-08-05T13:18:08.824Z - [36mverbose[39m: Rendering page: /Users/damithch/Repos/nus-cs2103/cs2103-website-base/book/uml/activityDiagrams/basicNotations/rakes/index.md
2026-08-05T13:18:08.907Z - [36mverbose[39m: Rendering page: /Users/damithch/Repos/nus-cs2103/cs2103-website-base/book/uml/activityDiagrams/basicNotations/linearPaths/index.md
2026-08-05T13:18:08.913Z - [36mverbose[39m: Rendering page: /Users/damithch/Repos/nus-cs2103/cs2103-website-base/book/uml/activityDiagrams/basicNotations/parallelPaths/index.md
2026-08-05T13:18:08.947Z - [36mverbose[39m: Rendering page: /Users/damithch/Repos/nus-cs2103/cs2103-website-base/book/uml/activityDiagrams/basicNotations/index.md
2026-08-05T13:18:08.955Z - [36mverbose[39m: Rendering page: /Users/damithch/Repos/nus-cs2103/cs2103-website-base/book/uml/activityDiagrams/basicNotations/alternatePaths/index.md
2026-08-05T13:18:09.000Z - [36mverbose[39m: Rendering page: /Users/damithch/Repos/nus-cs2103/cs2103-website-base/book/testing/testingTypes/unitTesting/stubs/index.md
2026-08-05T13:18:09.078Z - [36mverbose[39m: Rendering page: /Users/damithch/Repos/nus-cs2103/cs2103-website-base/book/testing/testingTypes/unitTesting/what/index.md
2026-08-05T13:18:09.134Z - [36mverbose[39m: Rendering page: /Users/damithch/Repos/nus-cs2103/cs2103-website-base/book/testing/testingTypes/unitTesting/index.md
2026-08-05T13:18:09.145Z - [36mverbose[39m: Rendering page: /Users/damithch/Repos/nus-cs2103/cs2103-website-base/book/testing/testingTypes/systemTesting/what/index.md
2026-08-05T13:18:09.168Z - [36mverbose[39m: Rendering page: /Users/damithch/Repos/nus-cs2103/cs2103-website-base/book/testing/testingTypes/systemTesting/index.md
2026-08-05T13:18:09.193Z - [36mverbose[39m: Rendering page: /Users/damithch/Repos/nus-cs2103/cs2103-website-base/book/testing/testingTypes/regressionTesting/what/index.md
2026-08-05T13:18:09.221Z - [36mverbose[39m: Rendering page: /Users/damithch/Repos/nus-cs2103/cs2103-website-base/book/testing/testingTypes/regressionTesting/index.md
2026-08-05T13:18:09.243Z - [36mverbose[39m: Rendering page: /Users/damithch/Repos/nus-cs2103/cs2103-website-base/book/testing/testingTypes/integrationTesting/index.md
2026-08-05T13:18:09.251Z - [36mverbose[39m: Rendering page: /Users/damithch/Repos/nus-cs2103/cs2103-website-base/book/testing/testingTypes/integrationTesting/what/index.md
2026-08-05T13:18:09.452Z - [36mverbose[39m: Rendering page: /Users/damithch/Repos/nus-cs2103/cs2103-website-base/book/testing/testingTypes/integrationTesting/how/index.md
2026-08-05T13:18:09.461Z - [36mverbose[39m: Rendering page: /Users/damithch/Repos/nus-cs2103/cs2103-website-base/book/testing/testingTypes/exploratoryVsScriptedTesting/what/index.md
2026-08-05T13:18:09.496Z - [36mverbose[39m: Rendering page: /Users/damithch/Repos/nus-cs2103/cs2103-website-base/book/testing/testingTypes/index.md
2026-08-05T13:18:09.515Z - [36mverbose[39m: Rendering page: /Users/damithch/Repos/nus-cs2103/cs2103-website-base/book/testing/testingTypes/exploratoryVsScriptedTesting/when/index.md
2026-08-05T13:18:09.540Z - [36mverbose[39m: Rendering page: /Users/damithch/Repos/nus-cs2103/cs2103-website-base/book/testing/testingTypes/exploratoryVsScriptedTesting/index.md
2026-08-05T13:18:09.598Z - [36mverbose[39m: Rendering page: /Users/damithch/Repos/nus-cs2103/cs2103-website-base/book/testing/testingTypes/dogfooding/index.md
2026-08-05T13:18:09.603Z - [36mverbose[39m: Rendering page: /Users/damithch/Repos/nus-cs2103/cs2103-website-base/book/testing/testingTypes/developerTesting/why/index.md
2026-08-05T13:18:09.611Z - [36mverbose[39m: Rendering page: /Users/damithch/Repos/nus-cs2103/cs2103-website-base/book/testing/testingTypes/dogfooding/what/index.md
2026-08-05T13:18:09.641Z - [36mverbose[39m: Rendering page: /Users/damithch/Repos/nus-cs2103/cs2103-website-base/book/testing/testingTypes/developerTesting/what/index.md
2026-08-05T13:18:09.699Z - [36mverbose[39m: Rendering page: /Users/damithch/Repos/nus-cs2103/cs2103-website-base/book/testing/testingTypes/developerTesting/index.md
2026-08-05T13:18:09.729Z - [36mverbose[39m: Rendering page: /Users/damithch/Repos/nus-cs2103/cs2103-website-base/book/testing/testingTypes/alphaBetaTesting/index.md
2026-08-05T13:18:09.734Z - [36mverbose[39m: Rendering page: /Users/damithch/Repos/nus-cs2103/cs2103-website-base/book/testing/testingTypes/alphaBetaTesting/what/index.md
2026-08-05T13:18:09.739Z - [36mverbose[39m: Rendering page: /Users/damithch/Repos/nus-cs2103/cs2103-website-base/book/testing/testingTypes/acceptanceTesting/what/index.md
2026-08-05T13:18:09.744Z - [36mverbose[39m: Rendering page: /Users/damithch/Repos/nus-cs2103/cs2103-website-base/book/testing/testingTypes/acceptanceTesting/index.md
2026-08-05T13:18:09.844Z - [36mverbose[39m: Rendering page: /Users/damithch/Repos/nus-cs2103/cs2103-website-base/book/testing/testingTypes/acceptanceTesting/acceptanceVsSystemTesting/index.md
2026-08-05T13:18:09.854Z - [36mverbose[39m: Rendering page: /Users/damithch/Repos/nus-cs2103/cs2103-website-base/book/testing/testCoverage/what/index.md
2026-08-05T13:18:09.861Z - [36mverbose[39m: Rendering page: /Users/damithch/Repos/nus-cs2103/cs2103-website-base/book/testing/testCoverage/index.md
2026-08-05T13:18:09.894Z - [36mverbose[39m: Rendering page: /Users/damithch/Repos/nus-cs2103/cs2103-website-base/book/testing/testCoverage/how/index.md
2026-08-05T13:18:09.967Z - [36mverbose[39m: Rendering page: /Users/damithch/Repos/nus-cs2103/cs2103-website-base/book/testing/testAutomation/what/index.md
2026-08-05T13:18:09.972Z - [36mverbose[39m: Rendering page: /Users/damithch/Repos/nus-cs2103/cs2103-website-base/book/testing/testAutomation/tools/index.md
2026-08-05T13:18:09.978Z - [36mverbose[39m: Rendering page: /Users/damithch/Repos/nus-cs2103/cs2103-website-base/book/testing/testAutomation/usingTestDrivers/index.md
2026-08-05T13:18:09.984Z - [36mverbose[39m: Rendering page: /Users/damithch/Repos/nus-cs2103/cs2103-website-base/book/testing/testAutomation/testingTextUis/index.md
2026-08-05T13:18:10.106Z - [36mverbose[39m: Rendering page: /Users/damithch/Repos/nus-cs2103/cs2103-website-base/book/testing/testAutomation/testingGuis/index.md
2026-08-05T13:18:10.113Z - [36mverbose[39m: Rendering page: /Users/damithch/Repos/nus-cs2103/cs2103-website-base/book/testing/testAutomation/index.md
2026-08-05T13:18:10.125Z - [36mverbose[39m: Rendering page: /Users/damithch/Repos/nus-cs2103/cs2103-website-base/book/testing/tdd/index.md
2026-08-05T13:18:10.131Z - [36mverbose[39m: Rendering page: /Users/damithch/Repos/nus-cs2103/cs2103-website-base/book/testing/tdd/what/index.md
2026-08-05T13:18:10.209Z - [36mverbose[39m: Rendering page: /Users/damithch/Repos/nus-cs2103/cs2103-website-base/book/testing/tdd/how/index.md
2026-08-05T13:18:10.214Z - [36mverbose[39m: Rendering page: /Users/damithch/Repos/nus-cs2103/cs2103-website-base/book/testing/introduction/what/index.md
2026-08-05T13:18:10.223Z - [36mverbose[39m: Rendering page: /Users/damithch/Repos/nus-cs2103/cs2103-website-base/book/testing/introduction/index.md
2026-08-05T13:18:10.229Z - [36mverbose[39m: Rendering page: /Users/damithch/Repos/nus-cs2103/cs2103-website-base/book/testing/introduction/testability/index.md
2026-08-05T13:18:10.722Z - [36mverbose[39m: Rendering page: /Users/damithch/Repos/nus-cs2103/cs2103-website-base/book/testing/index.md
2026-08-05T13:18:10.763Z - [36mverbose[39m: Rendering page: /Users/damithch/Repos/nus-cs2103/cs2103-website-base/book/testing/dependencyInjection/what/index.md
2026-08-05T13:18:10.784Z - [36mverbose[39m: Rendering page: /Users/damithch/Repos/nus-cs2103/cs2103-website-base/book/testing/dependencyInjection/index.md
2026-08-05T13:18:10.794Z - [36mverbose[39m: Rendering page: /Users/damithch/Repos/nus-cs2103/cs2103-website-base/book/testing/dependencyInjection/how/index.md
2026-08-05T13:18:10.904Z - [36mverbose[39m: Rendering page: /Users/damithch/Repos/nus-cs2103/cs2103-website-base/book/testCaseDesign/summary/recap/index.md
2026-08-05T13:18:10.909Z - [36mverbose[39m: Rendering page: /Users/damithch/Repos/nus-cs2103/cs2103-website-base/book/testCaseDesign/summary/index.md
2026-08-05T13:18:10.941Z - [36mverbose[39m: Rendering page: /Users/damithch/Repos/nus-cs2103/cs2103-website-base/book/testCaseDesign/summary/exercises/index.md
2026-08-05T13:18:10.973Z - [36mverbose[39m: Rendering page: /Users/damithch/Repos/nus-cs2103/cs2103-website-base/book/testCaseDesign/more/testingUseCases/index.md
2026-08-05T13:18:10.990Z - [36mverbose[39m: Rendering page: /Users/damithch/Repos/nus-cs2103/cs2103-website-base/book/testCaseDesign/more/index.md
2026-08-05T13:18:10.998Z - [36mverbose[39m: Rendering page: /Users/damithch/Repos/nus-cs2103/cs2103-website-base/book/testCaseDesign/introduction/what/index.md
2026-08-05T13:18:11.050Z - [36mverbose[39m: Rendering page: /Users/damithch/Repos/nus-cs2103/cs2103-website-base/book/testCaseDesign/introduction/positiveVsNegative/index.md
2026-08-05T13:18:11.259Z - [36mverbose[39m: Rendering page: /Users/damithch/Repos/nus-cs2103/cs2103-website-base/book/testCaseDesign/introduction/index.md
2026-08-05T13:18:11.283Z - [36mverbose[39m: Rendering page: /Users/damithch/Repos/nus-cs2103/cs2103-website-base/book/testCaseDesign/introduction/blackVsGlass/index.md
2026-08-05T13:18:11.288Z - [36mverbose[39m: Rendering page: /Users/damithch/Repos/nus-cs2103/cs2103-website-base/book/testCaseDesign/index.md
2026-08-05T13:18:11.369Z - [36mverbose[39m: Rendering page: /Users/damithch/Repos/nus-cs2103/cs2103-website-base/book/testCaseDesign/equivalencePartitions/what/index.md
2026-08-05T13:18:11.398Z - [36mverbose[39m: Rendering page: /Users/damithch/Repos/nus-cs2103/cs2103-website-base/book/testCaseDesign/equivalencePartitions/index.md
2026-08-05T13:18:11.406Z - [36mverbose[39m: Rendering page: /Users/damithch/Repos/nus-cs2103/cs2103-website-base/book/testCaseDesign/equivalencePartitions/intermediate/index.md
2026-08-05T13:18:11.425Z - [36mverbose[39m: Rendering page: /Users/damithch/Repos/nus-cs2103/cs2103-website-base/book/testCaseDesign/equivalencePartitions/basic/index.md
2026-08-05T13:18:11.532Z - [36mverbose[39m: Rendering page: /Users/damithch/Repos/nus-cs2103/cs2103-website-base/book/testCaseDesign/combiningTestInputs/why/index.md
2026-08-05T13:18:11.555Z - [36mverbose[39m: Rendering page: /Users/damithch/Repos/nus-cs2103/cs2103-website-base/book/testCaseDesign/combiningTestInputs/index.md
2026-08-05T13:18:11.567Z - [36mverbose[39m: Rendering page: /Users/damithch/Repos/nus-cs2103/cs2103-website-base/book/testCaseDesign/combiningTestInputs/mix/index.md
2026-08-05T13:18:11.597Z - [36mverbose[39m: Rendering page: /Users/damithch/Repos/nus-cs2103/cs2103-website-base/book/testCaseDesign/combiningTestInputs/heuristicValid/index.md
2026-08-05T13:18:11.643Z - [36mverbose[39m: Rendering page: /Users/damithch/Repos/nus-cs2103/cs2103-website-base/book/testCaseDesign/combiningTestInputs/heuristicInvalid/index.md
2026-08-05T13:18:11.669Z - [36mverbose[39m: Rendering page: /Users/damithch/Repos/nus-cs2103/cs2103-website-base/book/testCaseDesign/combiningTestInputs/combinationStrategies/index.md
2026-08-05T13:18:11.677Z - [36mverbose[39m: Rendering page: /Users/damithch/Repos/nus-cs2103/cs2103-website-base/book/testCaseDesign/boundaryValueAnalysis/what/index.md
2026-08-05T13:18:11.696Z - [36mverbose[39m: Rendering page: /Users/damithch/Repos/nus-cs2103/cs2103-website-base/book/testCaseDesign/boundaryValueAnalysis/index.md
2026-08-05T13:18:11.736Z - [36mverbose[39m: Rendering page: /Users/damithch/Repos/nus-cs2103/cs2103-website-base/book/testCaseDesign/boundaryValueAnalysis/how/index.md
2026-08-05T13:18:11.774Z - [36mverbose[39m: Rendering page: /Users/damithch/Repos/nus-cs2103/cs2103-website-base/book/teamwork/index.md
2026-08-05T13:18:11.780Z - [36mverbose[39m: Rendering page: /Users/damithch/Repos/nus-cs2103/cs2103-website-base/book/teamwork/teamStructures/index.md
2026-08-05T13:18:11.820Z - [36mverbose[39m: Rendering page: /Users/damithch/Repos/nus-cs2103/cs2103-website-base/book/specifyingRequirements/userStories/usage/index.md
2026-08-05T13:18:11.918Z - [36mverbose[39m: Rendering page: /Users/damithch/Repos/nus-cs2103/cs2103-website-base/book/specifyingRequirements/userStories/introduction/index.md
2026-08-05T13:18:11.947Z - [36mverbose[39m: Rendering page: /Users/damithch/Repos/nus-cs2103/cs2103-website-base/book/specifyingRequirements/userStories/index.md
2026-08-05T13:18:11.958Z - [36mverbose[39m: Rendering page: /Users/damithch/Repos/nus-cs2103/cs2103-website-base/book/specifyingRequirements/userStories/details/index.md
2026-08-05T13:18:11.991Z - [36mverbose[39m: Rendering page: /Users/damithch/Repos/nus-cs2103/cs2103-website-base/book/specifyingRequirements/useCases/usage/index.md
2026-08-05T13:18:12.094Z - [36mverbose[39m: Rendering page: /Users/damithch/Repos/nus-cs2103/cs2103-website-base/book/specifyingRequirements/useCases/introduction/index.md
2026-08-05T13:18:12.134Z - [36mverbose[39m: Rendering page: /Users/damithch/Repos/nus-cs2103/cs2103-website-base/book/specifyingRequirements/useCases/index.md
2026-08-05T13:18:12.148Z - [36mverbose[39m: Rendering page: /Users/damithch/Repos/nus-cs2103/cs2103-website-base/book/specifyingRequirements/useCases/identifying/index.md
2026-08-05T13:18:12.208Z - [36mverbose[39m: Rendering page: /Users/damithch/Repos/nus-cs2103/cs2103-website-base/book/specifyingRequirements/useCases/details/index.md
2026-08-05T13:18:12.218Z - [36mverbose[39m: Rendering page: /Users/damithch/Repos/nus-cs2103/cs2103-website-base/book/specifyingRequirements/supplementaryRequirements/index.md
2026-08-05T13:18:12.224Z - [36mverbose[39m: Rendering page: /Users/damithch/Repos/nus-cs2103/cs2103-website-base/book/specifyingRequirements/supplementaryRequirements/what/index.md
2026-08-05T13:18:12.245Z - [36mverbose[39m: Rendering page: /Users/damithch/Repos/nus-cs2103/cs2103-website-base/book/specifyingRequirements/prose/what/index.md
2026-08-05T13:18:12.433Z - [36mverbose[39m: Rendering page: /Users/damithch/Repos/nus-cs2103/cs2103-website-base/book/specifyingRequirements/prose/index.md
2026-08-05T13:18:12.487Z - [36mverbose[39m: Rendering page: /Users/damithch/Repos/nus-cs2103/cs2103-website-base/book/specifyingRequirements/index.md
2026-08-05T13:18:12.511Z - [36mverbose[39m: Rendering page: /Users/damithch/Repos/nus-cs2103/cs2103-website-base/book/specifyingRequirements/glossary/index.md
2026-08-05T13:18:12.517Z - [36mverbose[39m: Rendering page: /Users/damithch/Repos/nus-cs2103/cs2103-website-base/book/specifyingRequirements/glossary/what/index.md
2026-08-05T13:18:12.541Z - [36mverbose[39m: Rendering page: /Users/damithch/Repos/nus-cs2103/cs2103-website-base/book/specifyingRequirements/featureList/what/index.md
2026-08-05T13:18:12.602Z - [36mverbose[39m: Rendering page: /Users/damithch/Repos/nus-cs2103/cs2103-website-base/book/specifyingRequirements/featureList/index.md
2026-08-05T13:18:12.681Z - [36mverbose[39m: Rendering page: /Users/damithch/Repos/nus-cs2103/cs2103-website-base/book/softwareEngineering/introduction/index.md
2026-08-05T13:18:12.689Z - [36mverbose[39m: Rendering page: /Users/damithch/Repos/nus-cs2103/cs2103-website-base/book/softwareEngineering/index.md
2026-08-05T13:18:12.696Z - [36mverbose[39m: Rendering page: /Users/damithch/Repos/nus-cs2103/cs2103-website-base/book/softwareEngineering/introduction/prosAndCons/index.md
2026-08-05T13:18:12.705Z - [36mverbose[39m: Rendering page: /Users/damithch/Repos/nus-cs2103/cs2103-website-base/book/security/wrapUp/index.md
2026-08-05T13:18:12.875Z - [36mverbose[39m: Rendering page: /Users/damithch/Repos/nus-cs2103/cs2103-website-base/book/security/when/index.md
2026-08-05T13:18:12.880Z - [36mverbose[39m: Rendering page: /Users/damithch/Repos/nus-cs2103/cs2103-website-base/book/security/why/index.md
2026-08-05T13:18:12.886Z - [36mverbose[39m: Rendering page: /Users/damithch/Repos/nus-cs2103/cs2103-website-base/book/security/what/index.md
2026-08-05T13:18:12.893Z - [36mverbose[39m: Rendering page: /Users/damithch/Repos/nus-cs2103/cs2103-website-base/book/security/index.md
2026-08-05T13:18:13.014Z - [36mverbose[39m: Rendering page: /Users/damithch/Repos/nus-cs2103/cs2103-website-base/book/security/how/index.md
2026-08-05T13:18:13.026Z - [36mverbose[39m: Rendering page: /Users/damithch/Repos/nus-cs2103/cs2103-website-base/book/security/ai/index.md
2026-08-05T13:18:13.032Z - [36mverbose[39m: Rendering page: /Users/damithch/Repos/nus-cs2103/cs2103-website-base/book/reuse/platforms/index.md
2026-08-05T13:18:13.067Z - [36mverbose[39m: Rendering page: /Users/damithch/Repos/nus-cs2103/cs2103-website-base/book/reuse/platforms/what/index.md
2026-08-05T13:18:13.086Z - [36mverbose[39m: Rendering page: /Users/damithch/Repos/nus-cs2103/cs2103-website-base/book/reuse/libraries/what/index.md
2026-08-05T13:18:13.091Z - [36mverbose[39m: Rendering page: /Users/damithch/Repos/nus-cs2103/cs2103-website-base/book/reuse/libraries/index.md
2026-08-05T13:18:13.121Z - [36mverbose[39m: Rendering page: /Users/damithch/Repos/nus-cs2103/cs2103-website-base/book/reuse/libraries/how/index.md
2026-08-05T13:18:13.143Z - [36mverbose[39m: Rendering page: /Users/damithch/Repos/nus-cs2103/cs2103-website-base/book/reuse/introduction/when/index.md
2026-08-05T13:18:13.224Z - [36mverbose[39m: Rendering page: /Users/damithch/Repos/nus-cs2103/cs2103-website-base/book/reuse/introduction/index.md
2026-08-05T13:18:13.230Z - [36mverbose[39m: Rendering page: /Users/damithch/Repos/nus-cs2103/cs2103-website-base/book/reuse/introduction/what/index.md
2026-08-05T13:18:13.271Z - [36mverbose[39m: Rendering page: /Users/damithch/Repos/nus-cs2103/cs2103-website-base/book/reuse/index.md
2026-08-05T13:18:13.300Z - [36mverbose[39m: Rendering page: /Users/damithch/Repos/nus-cs2103/cs2103-website-base/book/reuse/frameworks/what/index.md
2026-08-05T13:18:13.317Z - [36mverbose[39m: Rendering page: /Users/damithch/Repos/nus-cs2103/cs2103-website-base/book/reuse/frameworks/index.md
2026-08-05T13:18:13.324Z - [36mverbose[39m: Rendering page: /Users/damithch/Repos/nus-cs2103/cs2103-website-base/book/reuse/frameworks/frameworksVsLibraries/index.md
2026-08-05T13:18:13.363Z - [36mverbose[39m: Rendering page: /Users/damithch/Repos/nus-cs2103/cs2103-website-base/book/reuse/cloudComputing/what/index.md
2026-08-05T13:18:13.367Z - [36mverbose[39m: Rendering page: /Users/damithch/Repos/nus-cs2103/cs2103-website-base/book/reuse/cloudComputing/services/index.md
2026-08-05T13:18:13.390Z - [36mverbose[39m: Rendering page: /Users/damithch/Repos/nus-cs2103/cs2103-website-base/book/reuse/cloudComputing/index.md
2026-08-05T13:18:13.446Z - [36mverbose[39m: Rendering page: /Users/damithch/Repos/nus-cs2103/cs2103-website-base/book/reuse/apis/what/index.md
2026-08-05T13:18:13.452Z - [36mverbose[39m: Rendering page: /Users/damithch/Repos/nus-cs2103/cs2103-website-base/book/reuse/apis/index.md
2026-08-05T13:18:13.459Z - [36mverbose[39m: Rendering page: /Users/damithch/Repos/nus-cs2103/cs2103-website-base/book/reuse/apis/designingAPIs/index.md
2026-08-05T13:18:13.496Z - [36mverbose[39m: Rendering page: /Users/damithch/Repos/nus-cs2103/cs2103-website-base/book/requirements/quality/index.md
2026-08-05T13:18:13.523Z - [36mverbose[39m: Rendering page: /Users/damithch/Repos/nus-cs2103/cs2103-website-base/book/requirements/introduction/index.md
2026-08-05T13:18:13.568Z - [36mverbose[39m: Rendering page: /Users/damithch/Repos/nus-cs2103/cs2103-website-base/book/requirements/prioritizing/index.md
2026-08-05T13:18:13.573Z - [36mverbose[39m: Rendering page: /Users/damithch/Repos/nus-cs2103/cs2103-website-base/book/requirements/nonFunctionalRequirements/index.md
2026-08-05T13:18:13.680Z - [36mverbose[39m: Rendering page: /Users/damithch/Repos/nus-cs2103/cs2103-website-base/book/requirements/index.md
2026-08-05T13:18:13.704Z - [36mverbose[39m: Rendering page: /Users/damithch/Repos/nus-cs2103/cs2103-website-base/book/refactoring/what/index.md
2026-08-05T13:18:13.712Z - [36mverbose[39m: Rendering page: /Users/damithch/Repos/nus-cs2103/cs2103-website-base/book/refactoring/index.md
2026-08-05T13:18:13.721Z - [36mverbose[39m: Rendering page: /Users/damithch/Repos/nus-cs2103/cs2103-website-base/book/refactoring/when/index.md
2026-08-05T13:18:13.762Z - [36mverbose[39m: Rendering page: /Users/damithch/Repos/nus-cs2103/cs2103-website-base/book/refactoring/how/index.md
2026-08-05T13:18:13.795Z - [36mverbose[39m: Rendering page: /Users/damithch/Repos/nus-cs2103/cs2103-website-base/book/qualityAssurance/staticAnalysis/index.md
2026-08-05T13:18:13.802Z - [36mverbose[39m: Rendering page: /Users/damithch/Repos/nus-cs2103/cs2103-website-base/book/qualityAssurance/introduction/what/index.md
2026-08-05T13:18:13.807Z - [36mverbose[39m: Rendering page: /Users/damithch/Repos/nus-cs2103/cs2103-website-base/book/qualityAssurance/staticAnalysis/what/index.md
2026-08-05T13:18:13.832Z - [36mverbose[39m: Rendering page: /Users/damithch/Repos/nus-cs2103/cs2103-website-base/book/qualityAssurance/introduction/validationVsVerification/index.md
2026-08-05T13:18:13.897Z - [36mverbose[39m: Rendering page: /Users/damithch/Repos/nus-cs2103/cs2103-website-base/book/qualityAssurance/introduction/index.md
2026-08-05T13:18:13.920Z - [36mverbose[39m: Rendering page: /Users/damithch/Repos/nus-cs2103/cs2103-website-base/book/qualityAssurance/index.md
2026-08-05T13:18:13.947Z - [36mverbose[39m: Rendering page: /Users/damithch/Repos/nus-cs2103/cs2103-website-base/book/qualityAssurance/formalVerification/index.md
2026-08-05T13:18:13.953Z - [36mverbose[39m: Rendering page: /Users/damithch/Repos/nus-cs2103/cs2103-website-base/book/qualityAssurance/formalVerification/what/index.md
2026-08-05T13:18:14.010Z - [36mverbose[39m: Rendering page: /Users/damithch/Repos/nus-cs2103/cs2103-website-base/book/qualityAssurance/codeReviews/what/index.md
2026-08-05T13:18:14.015Z - [36mverbose[39m: Rendering page: /Users/damithch/Repos/nus-cs2103/cs2103-website-base/book/qualityAssurance/codeReviews/index.md
2026-08-05T13:18:14.022Z - [36mverbose[39m: Rendering page: /Users/damithch/Repos/nus-cs2103/cs2103-website-base/book/projectPlanning/workBreakdownStructure/index.md
2026-08-05T13:18:14.041Z - [36mverbose[39m: Rendering page: /Users/damithch/Repos/nus-cs2103/cs2103-website-base/book/projectPlanning/pertCharts/index.md
2026-08-05T13:18:14.107Z - [36mverbose[39m: Rendering page: /Users/damithch/Repos/nus-cs2103/cs2103-website-base/book/projectPlanning/issueTrackers/index.md
2026-08-05T13:18:14.113Z - [36mverbose[39m: Rendering page: /Users/damithch/Repos/nus-cs2103/cs2103-website-base/book/projectPlanning/milestones/index.md
2026-08-05T13:18:14.130Z - [36mverbose[39m: Rendering page: /Users/damithch/Repos/nus-cs2103/cs2103-website-base/book/projectPlanning/ganttCharts/index.md
2026-08-05T13:18:14.135Z - [36mverbose[39m: Rendering page: /Users/damithch/Repos/nus-cs2103/cs2103-website-base/book/projectPlanning/index.md
2026-08-05T13:18:14.209Z - [36mverbose[39m: Rendering page: /Users/damithch/Repos/nus-cs2103/cs2103-website-base/book/projectPlanning/buffers/index.md
2026-08-05T13:18:14.228Z - [36mverbose[39m: Rendering page: /Users/damithch/Repos/nus-cs2103/cs2103-website-base/book/processModels/more/index.md
2026-08-05T13:18:14.235Z - [36mverbose[39m: Rendering page: /Users/damithch/Repos/nus-cs2103/cs2103-website-base/book/processModels/summary/index.md
2026-08-05T13:18:14.241Z - [36mverbose[39m: Rendering page: /Users/damithch/Repos/nus-cs2103/cs2103-website-base/book/processModels/summary/recap/index.md
2026-08-05T13:18:14.285Z - [36mverbose[39m: Rendering page: /Users/damithch/Repos/nus-cs2103/cs2103-website-base/book/processModels/more/cmmi/index.md
2026-08-05T13:18:14.293Z - [36mverbose[39m: Rendering page: /Users/damithch/Repos/nus-cs2103/cs2103-website-base/book/processModels/introduction/iterativeModels/index.md
2026-08-05T13:18:14.298Z - [36mverbose[39m: Rendering page: /Users/damithch/Repos/nus-cs2103/cs2103-website-base/book/processModels/introduction/sequentialModels/index.md
2026-08-05T13:18:14.331Z - [36mverbose[39m: Rendering page: /Users/damithch/Repos/nus-cs2103/cs2103-website-base/book/processModels/introduction/what/index.md
2026-08-05T13:18:14.434Z - [36mverbose[39m: Rendering page: /Users/damithch/Repos/nus-cs2103/cs2103-website-base/book/processModels/introduction/index.md
2026-08-05T13:18:14.441Z - [36mverbose[39m: Rendering page: /Users/damithch/Repos/nus-cs2103/cs2103-website-base/book/processModels/index.md
2026-08-05T13:18:14.470Z - [36mverbose[39m: Rendering page: /Users/damithch/Repos/nus-cs2103/cs2103-website-base/book/processModels/introduction/agileModels/index.md
2026-08-05T13:18:14.476Z - [36mverbose[39m: Rendering page: /Users/damithch/Repos/nus-cs2103/cs2103-website-base/book/processModels/exampleProcessModels/xp/index.md
2026-08-05T13:18:14.483Z - [36mverbose[39m: Rendering page: /Users/damithch/Repos/nus-cs2103/cs2103-website-base/book/processModels/exampleProcessModels/unifiedProcess/index.md
2026-08-05T13:18:14.643Z - [36mverbose[39m: Rendering page: /Users/damithch/Repos/nus-cs2103/cs2103-website-base/book/processModels/exampleProcessModels/scrum/index.md
2026-08-05T13:18:14.649Z - [36mverbose[39m: Rendering page: /Users/damithch/Repos/nus-cs2103/cs2103-website-base/book/processModels/exampleProcessModels/index.md
2026-08-05T13:18:14.659Z - [36mverbose[39m: Rendering page: /Users/damithch/Repos/nus-cs2103/cs2103-website-base/book/principles/yagniPrinciple/index.md
2026-08-05T13:18:14.679Z - [36mverbose[39m: Rendering page: /Users/damithch/Repos/nus-cs2103/cs2103-website-base/book/principles/solidPrinciples/index.md
2026-08-05T13:18:14.803Z - [36mverbose[39m: Rendering page: /Users/damithch/Repos/nus-cs2103/cs2103-website-base/book/principles/singleResponsibilityPrinciple/index.md
2026-08-05T13:18:14.809Z - [36mverbose[39m: Rendering page: /Users/damithch/Repos/nus-cs2103/cs2103-website-base/book/principles/separationOfConcernsPrinciple/index.md
2026-08-05T13:18:14.837Z - [36mverbose[39m: Rendering page: /Users/damithch/Repos/nus-cs2103/cs2103-website-base/book/principles/openClosedPrinciple/index.md
2026-08-05T13:18:14.921Z - [36mverbose[39m: Rendering page: /Users/damithch/Repos/nus-cs2103/cs2103-website-base/book/principles/review/index.md
2026-08-05T13:18:14.927Z - [36mverbose[39m: Rendering page: /Users/damithch/Repos/nus-cs2103/cs2103-website-base/book/principles/liskovSubstitutionPrinciple/index.md
2026-08-05T13:18:15.141Z - [36mverbose[39m: Rendering page: /Users/damithch/Repos/nus-cs2103/cs2103-website-base/book/principles/lawOfDemeter/index.md
2026-08-05T13:18:15.149Z - [36mverbose[39m: Rendering page: /Users/damithch/Repos/nus-cs2103/cs2103-website-base/book/principles/interfaceSegregationPrinciple/index.md
2026-08-05T13:18:15.188Z - [36mverbose[39m: Rendering page: /Users/damithch/Repos/nus-cs2103/cs2103-website-base/book/principles/index.md
2026-08-05T13:18:15.226Z - [36mverbose[39m: Rendering page: /Users/damithch/Repos/nus-cs2103/cs2103-website-base/book/principles/dryPrinciple/index.md
2026-08-05T13:18:15.231Z - [36mverbose[39m: Rendering page: /Users/damithch/Repos/nus-cs2103/cs2103-website-base/book/principles/dependencyInversionPrinciple/index.md
2026-08-05T13:18:15.276Z - [36mverbose[39m: Rendering page: /Users/damithch/Repos/nus-cs2103/cs2103-website-base/book/principles/brooksLaw/index.md
2026-08-05T13:18:15.296Z - [36mverbose[39m: Rendering page: /Users/damithch/Repos/nus-cs2103/cs2103-website-base/book/oop/polymorphism/index.md
2026-08-05T13:18:15.331Z - [36mverbose[39m: Rendering page: /Users/damithch/Repos/nus-cs2103/cs2103-website-base/book/oop/polymorphism/what/index.md
2026-08-05T13:18:15.379Z - [36mverbose[39m: Rendering page: /Users/damithch/Repos/nus-cs2103/cs2103-website-base/book/oop/polymorphism/how/index.md
2026-08-05T13:18:15.401Z - [36mverbose[39m: Rendering page: /Users/damithch/Repos/nus-cs2103/cs2103-website-base/book/oop/objects/what/index.md
2026-08-05T13:18:15.424Z - [36mverbose[39m: Rendering page: /Users/damithch/Repos/nus-cs2103/cs2103-website-base/book/oop/objects/index.md
2026-08-05T13:18:15.434Z - [36mverbose[39m: Rendering page: /Users/damithch/Repos/nus-cs2103/cs2103-website-base/book/oop/objects/encapsulation/index.md
2026-08-05T13:18:15.485Z - [36mverbose[39m: Rendering page: /Users/damithch/Repos/nus-cs2103/cs2103-website-base/book/oop/objects/abstraction/index.md
2026-08-05T13:18:15.493Z - [36mverbose[39m: Rendering page: /Users/damithch/Repos/nus-cs2103/cs2103-website-base/book/oop/more/review/index.md
2026-08-05T13:18:15.498Z - [36mverbose[39m: Rendering page: /Users/damithch/Repos/nus-cs2103/cs2103-website-base/book/oop/more/index.md
2026-08-05T13:18:15.523Z - [36mverbose[39m: Rendering page: /Users/damithch/Repos/nus-cs2103/cs2103-website-base/book/oop/more/miscellaneous/index.md
2026-08-05T13:18:15.584Z - [36mverbose[39m: Rendering page: /Users/damithch/Repos/nus-cs2103/cs2103-website-base/book/oop/introduction/index.md
2026-08-05T13:18:15.590Z - [36mverbose[39m: Rendering page: /Users/damithch/Repos/nus-cs2103/cs2103-website-base/book/oop/introduction/what/index.md
2026-08-05T13:18:15.596Z - [36mverbose[39m: Rendering page: /Users/damithch/Repos/nus-cs2103/cs2103-website-base/book/oop/inheritance/what/index.md
2026-08-05T13:18:15.657Z - [36mverbose[39m: Rendering page: /Users/damithch/Repos/nus-cs2103/cs2103-website-base/book/oop/inheritance/substitutability/index.md
2026-08-05T13:18:15.664Z - [36mverbose[39m: Rendering page: /Users/damithch/Repos/nus-cs2103/cs2103-website-base/book/oop/inheritance/interfaces/index.md
2026-08-05T13:18:15.765Z - [36mverbose[39m: Rendering page: /Users/damithch/Repos/nus-cs2103/cs2103-website-base/book/oop/inheritance/overriding/index.md
2026-08-05T13:18:15.773Z - [36mverbose[39m: Rendering page: /Users/damithch/Repos/nus-cs2103/cs2103-website-base/book/oop/inheritance/overloading/index.md
2026-08-05T13:18:15.823Z - [36mverbose[39m: Rendering page: /Users/damithch/Repos/nus-cs2103/cs2103-website-base/book/oop/inheritance/index.md
2026-08-05T13:18:16.156Z - [36mverbose[39m: Rendering page: /Users/damithch/Repos/nus-cs2103/cs2103-website-base/book/oop/inheritance/abstractClasses/index.md
2026-08-05T13:18:16.186Z - [36mverbose[39m: Rendering page: /Users/damithch/Repos/nus-cs2103/cs2103-website-base/book/oop/inheritance/dynamicAndStaticBinding/index.md
2026-08-05T13:18:16.194Z - [36mverbose[39m: Rendering page: /Users/damithch/Repos/nus-cs2103/cs2103-website-base/book/oop/index.md
2026-08-05T13:18:16.278Z - [36mverbose[39m: Rendering page: /Users/damithch/Repos/nus-cs2103/cs2103-website-base/book/oop/classes/what/index.md
2026-08-05T13:18:16.305Z - [36mverbose[39m: Rendering page: /Users/damithch/Repos/nus-cs2103/cs2103-website-base/book/oop/classes/index.md
2026-08-05T13:18:16.312Z - [36mverbose[39m: Rendering page: /Users/damithch/Repos/nus-cs2103/cs2103-website-base/book/oop/classes/enumerations/index.md
2026-08-05T13:18:16.378Z - [36mverbose[39m: Rendering page: /Users/damithch/Repos/nus-cs2103/cs2103-website-base/book/oop/associations/what/index.md
2026-08-05T13:18:16.383Z - [36mverbose[39m: Rendering page: /Users/damithch/Repos/nus-cs2103/cs2103-website-base/book/oop/classes/classLevelMembers/index.md
2026-08-05T13:18:16.484Z - [36mverbose[39m: Rendering page: /Users/damithch/Repos/nus-cs2103/cs2103-website-base/book/oop/associations/navigability/index.md
2026-08-05T13:18:16.491Z - [36mverbose[39m: Rendering page: /Users/damithch/Repos/nus-cs2103/cs2103-website-base/book/oop/associations/multiplicity/index.md
2026-08-05T13:18:16.517Z - [36mverbose[39m: Rendering page: /Users/damithch/Repos/nus-cs2103/cs2103-website-base/book/oop/associations/dependencies/index.md
2026-08-05T13:18:16.541Z - [36mverbose[39m: Rendering page: /Users/damithch/Repos/nus-cs2103/cs2103-website-base/book/oop/associations/index.md
2026-08-05T13:18:16.557Z - [36mverbose[39m: Rendering page: /Users/damithch/Repos/nus-cs2103/cs2103-website-base/book/oop/associations/composition/index.md
2026-08-05T13:18:16.578Z - [36mverbose[39m: Rendering page: /Users/damithch/Repos/nus-cs2103/cs2103-website-base/book/oop/associations/associationClasses/index.md
2026-08-05T13:18:16.613Z - [36mverbose[39m: Rendering page: /Users/damithch/Repos/nus-cs2103/cs2103-website-base/book/oop/associations/aggregation/index.md
2026-08-05T13:18:16.640Z - [36mverbose[39m: Rendering page: /Users/damithch/Repos/nus-cs2103/cs2103-website-base/book/modeling/modelingStructures/packageDiagrams/index.md
2026-08-05T13:18:16.646Z - [36mverbose[39m: Rendering page: /Users/damithch/Repos/nus-cs2103/cs2103-website-base/book/modeling/modelingStructures/ooStructures/index.md
2026-08-05T13:18:17.706Z - [34mdebug[39m: 
2026-08-05T13:18:17.766Z - [36mverbose[39m: Rendering page: /Users/damithch/Repos/nus-cs2103/cs2103-website-base/book/modeling/modelingStructures/objectOrientedDomainModels/index.md
2026-08-05T13:18:17.790Z - [36mverbose[39m: Rendering page: /Users/damithch/Repos/nus-cs2103/cs2103-website-base/book/modeling/modelingStructures/objectDiagrams/index.md
2026-08-05T13:18:17.797Z - [36mverbose[39m: Rendering page: /Users/damithch/Repos/nus-cs2103/cs2103-website-base/book/modeling/modelingStructures/index.md
2026-08-05T13:18:17.820Z - [36mverbose[39m: Rendering page: /Users/damithch/Repos/nus-cs2103/cs2103-website-base/book/modeling/modelingStructures/deploymentDiagrams/index.md
2026-08-05T13:18:17.936Z - [36mverbose[39m: Rendering page: /Users/damithch/Repos/nus-cs2103/cs2103-website-base/book/modeling/modelingStructures/customisingUml/index.md
2026-08-05T13:18:17.943Z - [36mverbose[39m: Rendering page: /Users/damithch/Repos/nus-cs2103/cs2103-website-base/book/modeling/modelingStructures/componentDiagrams/index.md
2026-08-05T13:18:17.948Z - [36mverbose[39m: Rendering page: /Users/damithch/Repos/nus-cs2103/cs2103-website-base/book/modeling/modelingStructures/compositeStructureDiagrams/index.md
2026-08-05T13:18:17.954Z - [36mverbose[39m: Rendering page: /Users/damithch/Repos/nus-cs2103/cs2103-website-base/book/modeling/modelingStructures/classDiagramsIntermediate/index.md
2026-08-05T13:18:18.072Z - [36mverbose[39m: Rendering page: /Users/damithch/Repos/nus-cs2103/cs2103-website-base/book/modeling/modelingStructures/classDiagramsBasic/index.md
2026-08-05T13:18:18.081Z - [36mverbose[39m: Rendering page: /Users/damithch/Repos/nus-cs2103/cs2103-website-base/book/modeling/modelingStructures/classDiagramsAdvanced/index.md
2026-08-05T13:18:18.089Z - [36mverbose[39m: Rendering page: /Users/damithch/Repos/nus-cs2103/cs2103-website-base/book/modeling/modelingStructures/addingMoreInfo/index.md
2026-08-05T13:18:18.095Z - [36mverbose[39m: Rendering page: /Users/damithch/Repos/nus-cs2103/cs2103-website-base/book/modeling/modelingBehaviors/useCaseDiagrams/index.md
2026-08-05T13:18:18.160Z - [36mverbose[39m: Rendering page: /Users/damithch/Repos/nus-cs2103/cs2103-website-base/book/modeling/modelingBehaviors/timingDiagrams/index.md
2026-08-05T13:18:18.194Z - [36mverbose[39m: Rendering page: /Users/damithch/Repos/nus-cs2103/cs2103-website-base/book/modeling/modelingBehaviors/stateMachineDiagrams/index.md
2026-08-05T13:18:18.200Z - [36mverbose[39m: Rendering page: /Users/damithch/Repos/nus-cs2103/cs2103-website-base/book/modeling/modelingBehaviors/sequenceDiagramsIntermediate/index.md
2026-08-05T13:18:18.221Z - [36mverbose[39m: Rendering page: /Users/damithch/Repos/nus-cs2103/cs2103-website-base/book/modeling/modelingBehaviors/sequenceDiagramsBasic/index.md
2026-08-05T13:18:18.350Z - [36mverbose[39m: Rendering page: /Users/damithch/Repos/nus-cs2103/cs2103-website-base/book/modeling/modelingBehaviors/sequenceDiagramsAdvanced/index.md
2026-08-05T13:18:18.355Z - [36mverbose[39m: Rendering page: /Users/damithch/Repos/nus-cs2103/cs2103-website-base/book/modeling/modelingBehaviors/interactionOverviewDiagrams/index.md
2026-08-05T13:18:18.361Z - [36mverbose[39m: Rendering page: /Users/damithch/Repos/nus-cs2103/cs2103-website-base/book/modeling/modelingBehaviors/index.md
2026-08-05T13:18:18.391Z - [36mverbose[39m: Rendering page: /Users/damithch/Repos/nus-cs2103/cs2103-website-base/book/modeling/modelingBehaviors/communicationDiagrams/index.md
2026-08-05T13:18:18.468Z - [36mverbose[39m: Rendering page: /Users/damithch/Repos/nus-cs2103/cs2103-website-base/book/modeling/modelingBehaviors/activityDiagrams/index.md
2026-08-05T13:18:18.476Z - [36mverbose[39m: Rendering page: /Users/damithch/Repos/nus-cs2103/cs2103-website-base/book/modeling/modelingBehaviors/activityDiagramsIntermediate/index.md
2026-08-05T13:18:18.482Z - [36mverbose[39m: Rendering page: /Users/damithch/Repos/nus-cs2103/cs2103-website-base/book/modeling/modelingASolution/introduction/index.md
2026-08-05T13:18:18.525Z - [36mverbose[39m: Rendering page: /Users/damithch/Repos/nus-cs2103/cs2103-website-base/book/modeling/modelingASolution/intermediate/index.md
2026-08-05T13:18:18.577Z - [36mverbose[39m: Rendering page: /Users/damithch/Repos/nus-cs2103/cs2103-website-base/book/modeling/modelingASolution/index.md
2026-08-05T13:18:18.602Z - [36mverbose[39m: Rendering page: /Users/damithch/Repos/nus-cs2103/cs2103-website-base/book/modeling/modelingASolution/basic/index.md
2026-08-05T13:18:18.657Z - [36mverbose[39m: Rendering page: /Users/damithch/Repos/nus-cs2103/cs2103-website-base/book/modeling/introduction/what/index.md
2026-08-05T13:18:18.665Z - [36mverbose[39m: Rendering page: /Users/damithch/Repos/nus-cs2103/cs2103-website-base/book/modeling/introduction/umlModels/index.md
2026-08-05T13:18:19.045Z - [36mverbose[39m: Rendering page: /Users/damithch/Repos/nus-cs2103/cs2103-website-base/book/modeling/introduction/index.md
2026-08-05T13:18:19.055Z - [36mverbose[39m: Rendering page: /Users/damithch/Repos/nus-cs2103/cs2103-website-base/book/modeling/introduction/how/index.md
2026-08-05T13:18:19.065Z - [36mverbose[39m: Rendering page: /Users/damithch/Repos/nus-cs2103/cs2103-website-base/book/modeling/index.md
2026-08-05T13:18:19.119Z - [36mverbose[39m: Rendering page: /Users/damithch/Repos/nus-cs2103/cs2103-website-base/book/intellij/refactoring/index.md
2026-08-05T13:18:19.172Z - [36mverbose[39m: Rendering page: /Users/damithch/Repos/nus-cs2103/cs2103-website-base/book/intellij/projectSetup/index.md
2026-08-05T13:18:19.179Z - [36mverbose[39m: Rendering page: /Users/damithch/Repos/nus-cs2103/cs2103-website-base/book/intellij/productivityShortcuts/index.md
2026-08-05T13:18:19.184Z - [36mverbose[39m: Rendering page: /Users/damithch/Repos/nus-cs2103/cs2103-website-base/book/intellij/index.md
2026-08-05T13:18:19.205Z - [36mverbose[39m: Rendering page: /Users/damithch/Repos/nus-cs2103/cs2103-website-base/book/intellij/debuggingBasic/index.md
2026-08-05T13:18:19.251Z - [36mverbose[39m: Rendering page: /Users/damithch/Repos/nus-cs2103/cs2103-website-base/book/intellij/codeNavigation/index.md
2026-08-05T13:18:19.298Z - [36mverbose[39m: Rendering page: /Users/damithch/Repos/nus-cs2103/cs2103-website-base/book/integration/introduction/what/index.md
2026-08-05T13:18:19.303Z - [36mverbose[39m: Rendering page: /Users/damithch/Repos/nus-cs2103/cs2103-website-base/book/integration/introduction/index.md
2026-08-05T13:18:19.308Z - [36mverbose[39m: Rendering page: /Users/damithch/Repos/nus-cs2103/cs2103-website-base/book/integration/more/index.md
2026-08-05T13:18:19.316Z - [36mverbose[39m: Rendering page: /Users/damithch/Repos/nus-cs2103/cs2103-website-base/book/integration/more/review/index.md
2026-08-05T13:18:19.432Z - [36mverbose[39m: Rendering page: /Users/damithch/Repos/nus-cs2103/cs2103-website-base/book/integration/index.md
2026-08-05T13:18:19.441Z - [36mverbose[39m: Rendering page: /Users/damithch/Repos/nus-cs2103/cs2103-website-base/book/integration/buildAutomation/what/index.md
2026-08-05T13:18:19.446Z - [36mverbose[39m: Rendering page: /Users/damithch/Repos/nus-cs2103/cs2103-website-base/book/integration/buildAutomation/index.md
2026-08-05T13:18:19.454Z - [36mverbose[39m: Rendering page: /Users/damithch/Repos/nus-cs2103/cs2103-website-base/book/integration/buildAutomation/continuousIntegrationDeployment/index.md
2026-08-05T13:18:19.543Z - [36mverbose[39m: Rendering page: /Users/damithch/Repos/nus-cs2103/cs2103-website-base/book/integration/approaches/lateVsEarly/index.md
2026-08-05T13:18:19.548Z - [36mverbose[39m: Rendering page: /Users/damithch/Repos/nus-cs2103/cs2103-website-base/book/integration/approaches/topDownVsBottomUp/index.md
2026-08-05T13:18:19.556Z - [36mverbose[39m: Rendering page: /Users/damithch/Repos/nus-cs2103/cs2103-website-base/book/integration/approaches/index.md
2026-08-05T13:18:19.563Z - [36mverbose[39m: Rendering page: /Users/damithch/Repos/nus-cs2103/cs2103-website-base/book/integration/approaches/bigBangVsIncremental/index.md
2026-08-05T13:18:19.651Z - [36mverbose[39m: Rendering page: /Users/damithch/Repos/nus-cs2103/cs2103-website-base/book/index.md
2026-08-05T13:18:19.658Z - [36mverbose[39m: Rendering page: /Users/damithch/Repos/nus-cs2103/cs2103-website-base/book/ides/introduction/index.md
2026-08-05T13:18:19.663Z - [36mverbose[39m: Rendering page: /Users/damithch/Repos/nus-cs2103/cs2103-website-base/book/ides/introduction/what/index.md
2026-08-05T13:18:19.668Z - [36mverbose[39m: Rendering page: /Users/damithch/Repos/nus-cs2103/cs2103-website-base/book/ides/index.md
2026-08-05T13:18:19.724Z - [36mverbose[39m: Rendering page: /Users/damithch/Repos/nus-cs2103/cs2103-website-base/book/ides/debugging/index.md
2026-08-05T13:18:19.731Z - [36mverbose[39m: Rendering page: /Users/damithch/Repos/nus-cs2103/cs2103-website-base/book/ides/debugging/what/index.md
2026-08-05T13:18:19.736Z - [36mverbose[39m: Rendering page: /Users/damithch/Repos/nus-cs2103/cs2103-website-base/book/gitAndGithub/trail/workingWithRemotes/index.md
2026-08-05T13:18:19.741Z - [36mverbose[39m: Rendering page: /Users/damithch/Repos/nus-cs2103/cs2103-website-base/book/gitAndGithub/trail/usingRevisionHistory/index.md
2026-08-05T13:18:19.794Z - [36mverbose[39m: Rendering page: /Users/damithch/Repos/nus-cs2103/cs2103-website-base/book/gitAndGithub/trail/syncingBranches/index.md
2026-08-05T13:18:19.799Z - [36mverbose[39m: Rendering page: /Users/damithch/Repos/nus-cs2103/cs2103-website-base/book/gitAndGithub/trail/remoteBranches/index.md
2026-08-05T13:18:19.803Z - [36mverbose[39m: Rendering page: /Users/damithch/Repos/nus-cs2103/cs2103-website-base/book/gitAndGithub/trail/index.md
2026-08-05T13:18:19.808Z - [36mverbose[39m: Rendering page: /Users/damithch/Repos/nus-cs2103/cs2103-website-base/book/gitAndGithub/trail/recordingFolderHistory/index.md
2026-08-05T13:18:19.862Z - [36mverbose[39m: Rendering page: /Users/damithch/Repos/nus-cs2103/cs2103-website-base/book/gitAndGithub/trail/branchingLocally/index.md
2026-08-05T13:18:19.867Z - [36mverbose[39m: Rendering page: /Users/damithch/Repos/nus-cs2103/cs2103-website-base/book/gitAndGithub/trail/fineTuningHistory/index.md
2026-08-05T13:18:19.872Z - [36mverbose[39m: Rendering page: /Users/damithch/Repos/nus-cs2103/cs2103-website-base/book/gitAndGithub/trail/backingUpOnCloud/index.md
2026-08-05T13:18:19.879Z - [36mverbose[39m: Rendering page: /Users/damithch/Repos/nus-cs2103/cs2103-website-base/book/gitAndGithub/reviewPRs/index.md
2026-08-05T13:18:19.934Z - [36mverbose[39m: Rendering page: /Users/damithch/Repos/nus-cs2103/cs2103-website-base/book/gitAndGithub/managePRs/index.md
2026-08-05T13:18:19.939Z - [36mverbose[39m: Rendering page: /Users/damithch/Repos/nus-cs2103/cs2103-website-base/book/gitAndGithub/forkingWorkflow/index.md
2026-08-05T13:18:19.945Z - [36mverbose[39m: Rendering page: /Users/damithch/Repos/nus-cs2103/cs2103-website-base/book/gitAndGithub/index.md
2026-08-05T13:18:19.961Z - [36mverbose[39m: Rendering page: /Users/damithch/Repos/nus-cs2103/cs2103-website-base/book/gitAndGithub/createPRs/index.md
2026-08-05T13:18:19.996Z - [36mverbose[39m: Rendering page: /Users/damithch/Repos/nus-cs2103/cs2103-website-base/book/gatheringRequirements/userSurveys/index.md
2026-08-05T13:18:20.012Z - [36mverbose[39m: Rendering page: /Users/damithch/Repos/nus-cs2103/cs2103-website-base/book/gatheringRequirements/prototyping/index.md
2026-08-05T13:18:20.035Z - [36mverbose[39m: Rendering page: /Users/damithch/Repos/nus-cs2103/cs2103-website-base/book/gatheringRequirements/productSurveys/index.md
2026-08-05T13:18:20.084Z - [36mverbose[39m: Rendering page: /Users/damithch/Repos/nus-cs2103/cs2103-website-base/book/gatheringRequirements/observation/index.md
2026-08-05T13:18:20.089Z - [36mverbose[39m: Rendering page: /Users/damithch/Repos/nus-cs2103/cs2103-website-base/book/gatheringRequirements/interviews/index.md
2026-08-05T13:18:20.108Z - [36mverbose[39m: Rendering page: /Users/damithch/Repos/nus-cs2103/cs2103-website-base/book/gatheringRequirements/index.md
2026-08-05T13:18:20.178Z - [36mverbose[39m: Rendering page: /Users/damithch/Repos/nus-cs2103/cs2103-website-base/book/gatheringRequirements/focusGroups/index.md
2026-08-05T13:18:20.183Z - [36mverbose[39m: Rendering page: /Users/damithch/Repos/nus-cs2103/cs2103-website-base/book/gatheringRequirements/brainstorming/index.md
2026-08-05T13:18:20.189Z - [36mverbose[39m: Rendering page: /Users/damithch/Repos/nus-cs2103/cs2103-website-base/book/errorHandling/logging/index.md
2026-08-05T13:18:20.195Z - [36mverbose[39m: Rendering page: /Users/damithch/Repos/nus-cs2103/cs2103-website-base/book/errorHandling/logging/what/index.md
2026-08-05T13:18:20.447Z - [36mverbose[39m: Rendering page: /Users/damithch/Repos/nus-cs2103/cs2103-website-base/book/errorHandling/logging/how/index.md
2026-08-05T13:18:20.456Z - [36mverbose[39m: Rendering page: /Users/damithch/Repos/nus-cs2103/cs2103-website-base/book/errorHandling/introduction/index.md
2026-08-05T13:18:20.461Z - [36mverbose[39m: Rendering page: /Users/damithch/Repos/nus-cs2103/cs2103-website-base/book/errorHandling/introduction/what/index.md
2026-08-05T13:18:20.465Z - [36mverbose[39m: Rendering page: /Users/damithch/Repos/nus-cs2103/cs2103-website-base/book/errorHandling/index.md
2026-08-05T13:18:20.586Z - [36mverbose[39m: Rendering page: /Users/damithch/Repos/nus-cs2103/cs2103-website-base/book/errorHandling/exceptions/when/index.md
2026-08-05T13:18:20.592Z - [36mverbose[39m: Rendering page: /Users/damithch/Repos/nus-cs2103/cs2103-website-base/book/errorHandling/exceptions/index.md
2026-08-05T13:18:20.600Z - [36mverbose[39m: Rendering page: /Users/damithch/Repos/nus-cs2103/cs2103-website-base/book/errorHandling/exceptions/what/index.md
2026-08-05T13:18:20.605Z - [36mverbose[39m: Rendering page: /Users/damithch/Repos/nus-cs2103/cs2103-website-base/book/errorHandling/exceptions/how/index.md
2026-08-05T13:18:20.675Z - [36mverbose[39m: Rendering page: /Users/damithch/Repos/nus-cs2103/cs2103-website-base/book/errorHandling/designByContract/what/index.md
2026-08-05T13:18:20.680Z - [36mverbose[39m: Rendering page: /Users/damithch/Repos/nus-cs2103/cs2103-website-base/book/errorHandling/designByContract/index.md
2026-08-05T13:18:20.686Z - [36mverbose[39m: Rendering page: /Users/damithch/Repos/nus-cs2103/cs2103-website-base/book/errorHandling/defensiveProgramming/when/index.md
2026-08-05T13:18:20.693Z - [36mverbose[39m: Rendering page: /Users/damithch/Repos/nus-cs2103/cs2103-website-base/book/errorHandling/defensiveProgramming/what/index.md
2026-08-05T13:18:20.914Z - [36mverbose[39m: Rendering page: /Users/damithch/Repos/nus-cs2103/cs2103-website-base/book/errorHandling/defensiveProgramming/compulsoryAssociations/index.md
2026-08-05T13:18:20.922Z - [36mverbose[39m: Rendering page: /Users/damithch/Repos/nus-cs2103/cs2103-website-base/book/errorHandling/defensiveProgramming/index.md
2026-08-05T13:18:20.938Z - [36mverbose[39m: Rendering page: /Users/damithch/Repos/nus-cs2103/cs2103-website-base/book/errorHandling/defensiveProgramming/referentialIntegrity/index.md
2026-08-05T13:18:20.949Z - [36mverbose[39m: Rendering page: /Users/damithch/Repos/nus-cs2103/cs2103-website-base/book/errorHandling/defensiveProgramming/1to1Associations/index.md
2026-08-05T13:18:21.040Z - [36mverbose[39m: Rendering page: /Users/damithch/Repos/nus-cs2103/cs2103-website-base/book/errorHandling/assertions/what/index.md
2026-08-05T13:18:21.045Z - [36mverbose[39m: Rendering page: /Users/damithch/Repos/nus-cs2103/cs2103-website-base/book/errorHandling/assertions/index.md
2026-08-05T13:18:21.052Z - [36mverbose[39m: Rendering page: /Users/damithch/Repos/nus-cs2103/cs2103-website-base/book/errorHandling/assertions/when/index.md
2026-08-05T13:18:21.073Z - [36mverbose[39m: Rendering page: /Users/damithch/Repos/nus-cs2103/cs2103-website-base/book/errorHandling/assertions/how/index.md
2026-08-05T13:18:21.122Z - [36mverbose[39m: Rendering page: /Users/damithch/Repos/nus-cs2103/cs2103-website-base/book/documentation/tools/markdown/index.md
2026-08-05T13:18:21.127Z - [36mverbose[39m: Rendering page: /Users/damithch/Repos/nus-cs2103/cs2103-website-base/book/documentation/tools/markdown/what/index.md
2026-08-05T13:18:21.132Z - [36mverbose[39m: Rendering page: /Users/damithch/Repos/nus-cs2103/cs2103-website-base/book/documentation/tools/javaDoc/what/index.md
2026-08-05T13:18:21.138Z - [36mverbose[39m: Rendering page: /Users/damithch/Repos/nus-cs2103/cs2103-website-base/book/documentation/tools/markdown/how/index.md
2026-08-05T13:18:21.233Z - [36mverbose[39m: Rendering page: /Users/damithch/Repos/nus-cs2103/cs2103-website-base/book/documentation/tools/javaDoc/index.md
2026-08-05T13:18:21.240Z - [36mverbose[39m: Rendering page: /Users/damithch/Repos/nus-cs2103/cs2103-website-base/book/documentation/tools/javaDoc/how/index.md
2026-08-05T13:18:21.247Z - [36mverbose[39m: Rendering page: /Users/damithch/Repos/nus-cs2103/cs2103-website-base/book/documentation/tools/index.md
2026-08-05T13:18:21.268Z - [36mverbose[39m: Rendering page: /Users/damithch/Repos/nus-cs2103/cs2103-website-base/book/documentation/tools/asciiDoc/what/index.md
2026-08-05T13:18:21.312Z - [36mverbose[39m: Rendering page: /Users/damithch/Repos/nus-cs2103/cs2103-website-base/book/documentation/tools/asciiDoc/index.md
2026-08-05T13:18:21.445Z - [36mverbose[39m: Rendering page: /Users/damithch/Repos/nus-cs2103/cs2103-website-base/book/documentation/introduction/index.md
2026-08-05T13:18:21.453Z - [36mverbose[39m: Rendering page: /Users/damithch/Repos/nus-cs2103/cs2103-website-base/book/documentation/index.md
2026-08-05T13:18:21.465Z - [36mverbose[39m: Rendering page: /Users/damithch/Repos/nus-cs2103/cs2103-website-base/book/documentation/introduction/what/index.md
2026-08-05T13:18:21.485Z - [36mverbose[39m: Rendering page: /Users/damithch/Repos/nus-cs2103/cs2103-website-base/book/documentation/guidelines/index.md
2026-08-05T13:18:21.540Z - [36mverbose[39m: Rendering page: /Users/damithch/Repos/nus-cs2103/cs2103-website-base/book/documentation/guidelines/goTopDown/why/index.md
2026-08-05T13:18:21.547Z - [36mverbose[39m: Rendering page: /Users/damithch/Repos/nus-cs2103/cs2103-website-base/book/documentation/guidelines/goTopDown/what/index.md
2026-08-05T13:18:21.552Z - [36mverbose[39m: Rendering page: /Users/damithch/Repos/nus-cs2103/cs2103-website-base/book/documentation/guidelines/goTopDown/index.md
2026-08-05T13:18:21.558Z - [36mverbose[39m: Rendering page: /Users/damithch/Repos/nus-cs2103/cs2103-website-base/book/documentation/guidelines/goTopDown/how/index.md
2026-08-05T13:18:21.616Z - [36mverbose[39m: Rendering page: /Users/damithch/Repos/nus-cs2103/cs2103-website-base/book/documentation/guidelines/documentMinimally/what/index.md
2026-08-05T13:18:21.620Z - [36mverbose[39m: Rendering page: /Users/damithch/Repos/nus-cs2103/cs2103-website-base/book/documentation/guidelines/documentMinimally/how/index.md
2026-08-05T13:18:21.625Z - [36mverbose[39m: Rendering page: /Users/damithch/Repos/nus-cs2103/cs2103-website-base/book/documentation/guidelines/documentMinimally/index.md
2026-08-05T13:18:21.632Z - [36mverbose[39m: Rendering page: /Users/damithch/Repos/nus-cs2103/cs2103-website-base/book/documentation/guidelines/aimForComprehensibility/what/index.md
2026-08-05T13:18:21.719Z - [36mverbose[39m: Rendering page: /Users/damithch/Repos/nus-cs2103/cs2103-website-base/book/documentation/guidelines/aimForComprehensibility/index.md
2026-08-05T13:18:21.725Z - [36mverbose[39m: Rendering page: /Users/damithch/Repos/nus-cs2103/cs2103-website-base/book/documentation/guidelines/aimForComprehensibility/how/index.md
2026-08-05T13:18:21.730Z - [36mverbose[39m: Rendering page: /Users/damithch/Repos/nus-cs2103/cs2103-website-base/book/designPatterns/singleton/what/index.md
2026-08-05T13:18:21.735Z - [36mverbose[39m: Rendering page: /Users/damithch/Repos/nus-cs2103/cs2103-website-base/book/designPatterns/singleton/index.md
2026-08-05T13:18:21.831Z - [36mverbose[39m: Rendering page: /Users/damithch/Repos/nus-cs2103/cs2103-website-base/book/designPatterns/singleton/implementation/index.md
2026-08-05T13:18:21.836Z - [36mverbose[39m: Rendering page: /Users/damithch/Repos/nus-cs2103/cs2103-website-base/book/designPatterns/singleton/evaluation/index.md
2026-08-05T13:18:21.841Z - [36mverbose[39m: Rendering page: /Users/damithch/Repos/nus-cs2103/cs2103-website-base/book/designPatterns/observer/what/index.md
2026-08-05T13:18:21.848Z - [36mverbose[39m: Rendering page: /Users/damithch/Repos/nus-cs2103/cs2103-website-base/book/designPatterns/observer/index.md
2026-08-05T13:18:21.912Z - [36mverbose[39m: Rendering page: /Users/damithch/Repos/nus-cs2103/cs2103-website-base/book/designPatterns/more/vsPrinciples/index.md
2026-08-05T13:18:21.917Z - [36mverbose[39m: Rendering page: /Users/damithch/Repos/nus-cs2103/cs2103-website-base/book/designPatterns/more/usingDesignPatterns/index.md
2026-08-05T13:18:21.921Z - [36mverbose[39m: Rendering page: /Users/damithch/Repos/nus-cs2103/cs2103-website-base/book/designPatterns/more/otherDesignPatterns/index.md
2026-08-05T13:18:21.926Z - [36mverbose[39m: Rendering page: /Users/damithch/Repos/nus-cs2103/cs2103-website-base/book/designPatterns/more/otherTypesOfPatterns/index.md
2026-08-05T13:18:22.008Z - [36mverbose[39m: Rendering page: /Users/damithch/Repos/nus-cs2103/cs2103-website-base/book/designPatterns/more/index.md
2026-08-05T13:18:22.016Z - [36mverbose[39m: Rendering page: /Users/damithch/Repos/nus-cs2103/cs2103-website-base/book/designPatterns/more/combiningDesignPatterns/index.md
2026-08-05T13:18:22.023Z - [36mverbose[39m: Rendering page: /Users/damithch/Repos/nus-cs2103/cs2103-website-base/book/designPatterns/modelViewController/what/index.md
2026-08-05T13:18:22.028Z - [36mverbose[39m: Rendering page: /Users/damithch/Repos/nus-cs2103/cs2103-website-base/book/designPatterns/modelViewController/index.md
2026-08-05T13:18:22.236Z - [36mverbose[39m: Rendering page: /Users/damithch/Repos/nus-cs2103/cs2103-website-base/book/designPatterns/introduction/what/index.md
2026-08-05T13:18:22.242Z - [36mverbose[39m: Rendering page: /Users/damithch/Repos/nus-cs2103/cs2103-website-base/book/designPatterns/introduction/index.md
2026-08-05T13:18:22.248Z - [36mverbose[39m: Rendering page: /Users/damithch/Repos/nus-cs2103/cs2103-website-base/book/designPatterns/index.md
2026-08-05T13:18:22.287Z - [36mverbose[39m: Rendering page: /Users/damithch/Repos/nus-cs2103/cs2103-website-base/book/designPatterns/introduction/format/index.md
2026-08-05T13:18:22.326Z - [36mverbose[39m: Rendering page: /Users/damithch/Repos/nus-cs2103/cs2103-website-base/book/designPatterns/facade/what/index.md
2026-08-05T13:18:22.351Z - [36mverbose[39m: Rendering page: /Users/damithch/Repos/nus-cs2103/cs2103-website-base/book/designPatterns/facade/index.md
2026-08-05T13:18:22.357Z - [36mverbose[39m: Rendering page: /Users/damithch/Repos/nus-cs2103/cs2103-website-base/book/designPatterns/command/what/index.md
2026-08-05T13:18:22.388Z - [36mverbose[39m: Rendering page: /Users/damithch/Repos/nus-cs2103/cs2103-website-base/book/designPatterns/command/index.md
2026-08-05T13:18:22.492Z - [36mverbose[39m: Rendering page: /Users/damithch/Repos/nus-cs2103/cs2103-website-base/book/designPatterns/abstractionOccurrence/what/index.md
2026-08-05T13:18:22.521Z - [36mverbose[39m: Rendering page: /Users/damithch/Repos/nus-cs2103/cs2103-website-base/book/designPatterns/abstractionOccurrence/index.md
2026-08-05T13:18:22.527Z - [36mverbose[39m: Rendering page: /Users/damithch/Repos/nus-cs2103/cs2103-website-base/book/designFundamentals/index.md
2026-08-05T13:18:22.554Z - [36mverbose[39m: Rendering page: /Users/damithch/Repos/nus-cs2103/cs2103-website-base/book/designFundamentals/coupling/what/index.md
2026-08-05T13:18:22.635Z - [36mverbose[39m: Rendering page: /Users/damithch/Repos/nus-cs2103/cs2103-website-base/book/designFundamentals/coupling/types/index.md
2026-08-05T13:18:22.640Z - [36mverbose[39m: Rendering page: /Users/damithch/Repos/nus-cs2103/cs2103-website-base/book/designFundamentals/coupling/index.md
2026-08-05T13:18:22.650Z - [36mverbose[39m: Rendering page: /Users/damithch/Repos/nus-cs2103/cs2103-website-base/book/designFundamentals/coupling/how/index.md
2026-08-05T13:18:22.699Z - [36mverbose[39m: Rendering page: /Users/damithch/Repos/nus-cs2103/cs2103-website-base/book/designFundamentals/cohesion/what/index.md
2026-08-05T13:18:22.724Z - [36mverbose[39m: Rendering page: /Users/damithch/Repos/nus-cs2103/cs2103-website-base/book/designFundamentals/cohesion/index.md
2026-08-05T13:18:22.748Z - [36mverbose[39m: Rendering page: /Users/damithch/Repos/nus-cs2103/cs2103-website-base/book/designFundamentals/cohesion/how/index.md
2026-08-05T13:18:22.773Z - [36mverbose[39m: Rendering page: /Users/damithch/Repos/nus-cs2103/cs2103-website-base/book/designFundamentals/abstraction/index.md
2026-08-05T13:18:22.779Z - [36mverbose[39m: Rendering page: /Users/damithch/Repos/nus-cs2103/cs2103-website-base/book/designFundamentals/abstraction/what/index.md
2026-08-05T13:18:22.819Z - [36mverbose[39m: Rendering page: /Users/damithch/Repos/nus-cs2103/cs2103-website-base/book/designApproaches/topDownBottomUp/what/index.md
2026-08-05T13:18:22.840Z - [36mverbose[39m: Rendering page: /Users/damithch/Repos/nus-cs2103/cs2103-website-base/book/designApproaches/topDownBottomUp/index.md
2026-08-05T13:18:22.882Z - [36mverbose[39m: Rendering page: /Users/damithch/Repos/nus-cs2103/cs2103-website-base/book/designApproaches/multilevelDesign/index.md
2026-08-05T13:18:22.903Z - [36mverbose[39m: Rendering page: /Users/damithch/Repos/nus-cs2103/cs2103-website-base/book/designApproaches/multilevelDesign/what/index.md
2026-08-05T13:18:22.909Z - [36mverbose[39m: Rendering page: /Users/damithch/Repos/nus-cs2103/cs2103-website-base/book/designApproaches/index.md
2026-08-05T13:18:22.962Z - [36mverbose[39m: Rendering page: /Users/damithch/Repos/nus-cs2103/cs2103-website-base/book/designApproaches/agileDesign/index.md
2026-08-05T13:18:22.968Z - [36mverbose[39m: Rendering page: /Users/damithch/Repos/nus-cs2103/cs2103-website-base/book/designApproaches/agileDesign/what/index.md
2026-08-05T13:18:23.014Z - [36mverbose[39m: Rendering page: /Users/damithch/Repos/nus-cs2103/cs2103-website-base/book/design/introduction/index.md
2026-08-05T13:18:23.019Z - [36mverbose[39m: Rendering page: /Users/damithch/Repos/nus-cs2103/cs2103-website-base/book/design/introduction/what/index.md
2026-08-05T13:18:23.026Z - [36mverbose[39m: Rendering page: /Users/damithch/Repos/nus-cs2103/cs2103-website-base/book/design/index.md
2026-08-05T13:18:23.126Z - [36mverbose[39m: Rendering page: /Users/damithch/Repos/nus-cs2103/cs2103-website-base/book/debugging/what/index.md
2026-08-05T13:18:23.163Z - [36mverbose[39m: Rendering page: /Users/damithch/Repos/nus-cs2103/cs2103-website-base/book/debugging/index.md
2026-08-05T13:18:23.191Z - [36mverbose[39m: Rendering page: /Users/damithch/Repos/nus-cs2103/cs2103-website-base/book/debugging/tools/index.md
2026-08-05T13:18:23.200Z - [36mverbose[39m: Rendering page: /Users/damithch/Repos/nus-cs2103/cs2103-website-base/book/debugging/how/index.md
2026-08-05T13:18:23.251Z - [36mverbose[39m: Rendering page: /Users/damithch/Repos/nus-cs2103/cs2103-website-base/book/debugging/fixing/index.md
2026-08-05T13:18:23.315Z - [36mverbose[39m: Rendering page: /Users/damithch/Repos/nus-cs2103/cs2103-website-base/book/debugging/advanced/index.md
2026-08-05T13:18:23.366Z - [36mverbose[39m: Rendering page: /Users/damithch/Repos/nus-cs2103/cs2103-website-base/book/cppToJava/usefulClasses/wrapperClasses/index.md
2026-08-05T13:18:23.513Z - [36mverbose[39m: Rendering page: /Users/damithch/Repos/nus-cs2103/cs2103-website-base/book/cppToJava/usefulClasses/stringClass/index.md
2026-08-05T13:18:23.553Z - [36mverbose[39m: Rendering page: /Users/damithch/Repos/nus-cs2103/cs2103-website-base/book/cppToJava/usefulClasses/scannerClass/index.md
2026-08-05T13:18:23.574Z - [36mverbose[39m: Rendering page: /Users/damithch/Repos/nus-cs2103/cs2103-website-base/book/cppToJava/usefulClasses/index.md
2026-08-05T13:18:23.624Z - [36mverbose[39m: Rendering page: /Users/damithch/Repos/nus-cs2103/cs2103-website-base/book/cppToJava/usefulClasses/arraysClass/index.md
2026-08-05T13:18:23.672Z - [36mverbose[39m: Rendering page: /Users/damithch/Repos/nus-cs2103/cs2103-website-base/book/cppToJava/usefulClasses/api/index.md
2026-08-05T13:18:23.788Z - [36mverbose[39m: Rendering page: /Users/damithch/Repos/nus-cs2103/cs2103-website-base/book/cppToJava/objects/usingObjects/index.md
2026-08-05T13:18:23.796Z - [36mverbose[39m: Rendering page: /Users/damithch/Repos/nus-cs2103/cs2103-website-base/book/cppToJava/objects/passingObjects/index.md
2026-08-05T13:18:23.820Z - [36mverbose[39m: Rendering page: /Users/damithch/Repos/nus-cs2103/cs2103-website-base/book/cppToJava/objects/instanceMembers/index.md
2026-08-05T13:18:23.828Z - [36mverbose[39m: Rendering page: /Users/damithch/Repos/nus-cs2103/cs2103-website-base/book/cppToJava/objects/index.md
2026-08-05T13:18:23.900Z - [36mverbose[39m: Rendering page: /Users/damithch/Repos/nus-cs2103/cs2103-website-base/book/cppToJava/objects/garbageCollection/index.md
2026-08-05T13:18:23.906Z - [36mverbose[39m: Rendering page: /Users/damithch/Repos/nus-cs2103/cs2103-website-base/book/cppToJava/misc/varargs/index.md
2026-08-05T13:18:23.911Z - [36mverbose[39m: Rendering page: /Users/damithch/Repos/nus-cs2103/cs2103-website-base/book/cppToJava/misc/streams/index.md
2026-08-05T13:18:23.916Z - [36mverbose[39m: Rendering page: /Users/damithch/Repos/nus-cs2103/cs2103-website-base/book/cppToJava/misc/packages/index.md
2026-08-05T13:18:24.028Z - [36mverbose[39m: Rendering page: /Users/damithch/Repos/nus-cs2103/cs2103-website-base/book/cppToJava/misc/javaFX/part02/index.md
2026-08-05T13:18:24.038Z - [36mverbose[39m: Rendering page: /Users/damithch/Repos/nus-cs2103/cs2103-website-base/book/cppToJava/misc/javaFX/part01/index.md
2026-08-05T13:18:24.048Z - [36mverbose[39m: Rendering page: /Users/damithch/Repos/nus-cs2103/cs2103-website-base/book/cppToJava/misc/javaFX/index.md
2026-08-05T13:18:24.053Z - [36mverbose[39m: Rendering page: /Users/damithch/Repos/nus-cs2103/cs2103-website-base/book/cppToJava/misc/jar/index.md
2026-08-05T13:18:24.260Z - [36mverbose[39m: Rendering page: /Users/damithch/Repos/nus-cs2103/cs2103-website-base/book/cppToJava/misc/index.md
2026-08-05T13:18:24.279Z - [36mverbose[39m: Rendering page: /Users/damithch/Repos/nus-cs2103/cs2103-website-base/book/cppToJava/misc/fileAccess/index.md
2026-08-05T13:18:24.289Z - [36mverbose[39m: Rendering page: /Users/damithch/Repos/nus-cs2103/cs2103-website-base/book/cppToJava/misc/enums/index.md
2026-08-05T13:18:24.296Z - [36mverbose[39m: Rendering page: /Users/damithch/Repos/nus-cs2103/cs2103-website-base/book/cppToJava/misc/constants/index.md
2026-08-05T13:18:24.395Z - [36mverbose[39m: Rendering page: /Users/damithch/Repos/nus-cs2103/cs2103-website-base/book/cppToJava/misc/casting/index.md
2026-08-05T13:18:24.403Z - [36mverbose[39m: Rendering page: /Users/damithch/Repos/nus-cs2103/cs2103-website-base/book/cppToJava/misc/accessModifiers/index.md
2026-08-05T13:18:24.408Z - [36mverbose[39m: Rendering page: /Users/damithch/Repos/nus-cs2103/cs2103-website-base/book/cppToJava/junit/index.md
2026-08-05T13:18:24.417Z - [36mverbose[39m: Rendering page: /Users/damithch/Repos/nus-cs2103/cs2103-website-base/book/cppToJava/junit/intermediate/index.md
2026-08-05T13:18:24.491Z - [36mverbose[39m: Rendering page: /Users/damithch/Repos/nus-cs2103/cs2103-website-base/book/cppToJava/junit/basic/index.md
2026-08-05T13:18:24.498Z - [36mverbose[39m: Rendering page: /Users/damithch/Repos/nus-cs2103/cs2103-website-base/book/cppToJava/javaWorld/what/index.md
2026-08-05T13:18:24.503Z - [36mverbose[39m: Rendering page: /Users/damithch/Repos/nus-cs2103/cs2103-website-base/book/cppToJava/javaWorld/index.md
2026-08-05T13:18:24.509Z - [36mverbose[39m: Rendering page: /Users/damithch/Repos/nus-cs2103/cs2103-website-base/book/cppToJava/javaWorld/how/index.md
2026-08-05T13:18:24.673Z - [36mverbose[39m: Rendering page: /Users/damithch/Repos/nus-cs2103/cs2103-website-base/book/cppToJava/inheritance/polymorphism/index.md
2026-08-05T13:18:24.685Z - [36mverbose[39m: Rendering page: /Users/damithch/Repos/nus-cs2103/cs2103-website-base/book/cppToJava/javaWorld/editions/index.md
2026-08-05T13:18:24.690Z - [36mverbose[39m: Rendering page: /Users/damithch/Repos/nus-cs2103/cs2103-website-base/book/cppToJava/inheritance/objectClass/index.md
2026-08-05T13:18:24.700Z - [36mverbose[39m: Rendering page: /Users/damithch/Repos/nus-cs2103/cs2103-website-base/book/cppToJava/inheritance/interfaces/index.md
2026-08-05T13:18:26.603Z - [36mverbose[39m: Rendering page: /Users/damithch/Repos/nus-cs2103/cs2103-website-base/book/cppToJava/inheritance/index.md
2026-08-05T13:18:26.654Z - [36mverbose[39m: Rendering page: /Users/damithch/Repos/nus-cs2103/cs2103-website-base/book/cppToJava/inheritance/basic/index.md
2026-08-05T13:18:26.667Z - [36mverbose[39m: Rendering page: /Users/damithch/Repos/nus-cs2103/cs2103-website-base/book/cppToJava/inheritance/abstractClassesAndMethods/index.md
2026-08-05T13:18:26.708Z - [36mverbose[39m: Rendering page: /Users/damithch/Repos/nus-cs2103/cs2103-website-base/book/cppToJava/index.md
2026-08-05T13:18:26.964Z - [36mverbose[39m: Rendering page: /Users/damithch/Repos/nus-cs2103/cs2103-website-base/book/cppToJava/gettingStarted/running/index.md
2026-08-05T13:18:26.975Z - [36mverbose[39m: Rendering page: /Users/damithch/Repos/nus-cs2103/cs2103-website-base/book/cppToJava/gettingStarted/installation/index.md
2026-08-05T13:18:26.981Z - [36mverbose[39m: Rendering page: /Users/damithch/Repos/nus-cs2103/cs2103-website-base/book/cppToJava/gettingStarted/index.md
2026-08-05T13:18:27.032Z - [36mverbose[39m: Rendering page: /Users/damithch/Repos/nus-cs2103/cs2103-website-base/book/cppToJava/gettingStarted/helloWorld/index.md
2026-08-05T13:18:27.089Z - [36mverbose[39m: Rendering page: /Users/damithch/Repos/nus-cs2103/cs2103-website-base/book/cppToJava/gettingStarted/compiling/index.md
2026-08-05T13:18:27.130Z - [36mverbose[39m: Rendering page: /Users/damithch/Repos/nus-cs2103/cs2103-website-base/book/cppToJava/generics/what/index.md
2026-08-05T13:18:27.143Z - [36mverbose[39m: Rendering page: /Users/damithch/Repos/nus-cs2103/cs2103-website-base/book/cppToJava/generics/index.md
2026-08-05T13:18:27.193Z - [36mverbose[39m: Rendering page: /Users/damithch/Repos/nus-cs2103/cs2103-website-base/book/cppToJava/generics/how/index.md
2026-08-05T13:18:27.314Z - [36mverbose[39m: Rendering page: /Users/damithch/Repos/nus-cs2103/cs2103-website-base/book/cppToJava/exceptions/what/index.md
2026-08-05T13:18:27.339Z - [36mverbose[39m: Rendering page: /Users/damithch/Repos/nus-cs2103/cs2103-website-base/book/cppToJava/exceptions/index.md
2026-08-05T13:18:27.353Z - [36mverbose[39m: Rendering page: /Users/damithch/Repos/nus-cs2103/cs2103-website-base/book/cppToJava/exceptions/how/index.md
2026-08-05T13:18:27.406Z - [36mverbose[39m: Rendering page: /Users/damithch/Repos/nus-cs2103/cs2103-website-base/book/cppToJava/dataTypes/variables/index.md
2026-08-05T13:18:27.492Z - [36mverbose[39m: Rendering page: /Users/damithch/Repos/nus-cs2103/cs2103-website-base/book/cppToJava/dataTypes/primitiveTypes/index.md
2026-08-05T13:18:27.535Z - [36mverbose[39m: Rendering page: /Users/damithch/Repos/nus-cs2103/cs2103-website-base/book/cppToJava/dataTypes/operators/index.md
2026-08-05T13:18:27.546Z - [36mverbose[39m: Rendering page: /Users/damithch/Repos/nus-cs2103/cs2103-website-base/book/cppToJava/dataTypes/index.md
2026-08-05T13:18:27.663Z - [36mverbose[39m: Rendering page: /Users/damithch/Repos/nus-cs2103/cs2103-website-base/book/cppToJava/dataTypes/arrays/index.md
2026-08-05T13:18:27.803Z - [36mverbose[39m: Rendering page: /Users/damithch/Repos/nus-cs2103/cs2103-website-base/book/cppToJava/controlFlow/methods/index.md
2026-08-05T13:18:27.812Z - [36mverbose[39m: Rendering page: /Users/damithch/Repos/nus-cs2103/cs2103-website-base/book/cppToJava/controlFlow/loops/index.md
2026-08-05T13:18:27.869Z - [36mverbose[39m: Rendering page: /Users/damithch/Repos/nus-cs2103/cs2103-website-base/book/cppToJava/controlFlow/index.md
2026-08-05T13:18:28.000Z - [36mverbose[39m: Rendering page: /Users/damithch/Repos/nus-cs2103/cs2103-website-base/book/cppToJava/controlFlow/branching/index.md
2026-08-05T13:18:28.009Z - [36mverbose[39m: Rendering page: /Users/damithch/Repos/nus-cs2103/cs2103-website-base/book/cppToJava/collections/index.md
2026-08-05T13:18:28.019Z - [36mverbose[39m: Rendering page: /Users/damithch/Repos/nus-cs2103/cs2103-website-base/book/cppToJava/collections/what/index.md
2026-08-05T13:18:28.155Z - [36mverbose[39m: Rendering page: /Users/damithch/Repos/nus-cs2103/cs2103-website-base/book/cppToJava/collections/hashMapClass/index.md
2026-08-05T13:18:28.201Z - [36mverbose[39m: Rendering page: /Users/damithch/Repos/nus-cs2103/cs2103-website-base/book/cppToJava/collections/arrayListClass/index.md
2026-08-05T13:18:28.210Z - [36mverbose[39m: Rendering page: /Users/damithch/Repos/nus-cs2103/cs2103-website-base/book/cppToJava/classes/index.md
2026-08-05T13:18:28.278Z - [36mverbose[39m: Rendering page: /Users/damithch/Repos/nus-cs2103/cs2103-website-base/book/cppToJava/classes/gettersAndSetters/index.md
2026-08-05T13:18:28.335Z - [36mverbose[39m: Rendering page: /Users/damithch/Repos/nus-cs2103/cs2103-website-base/book/cppToJava/classes/definingClasses/index.md
2026-08-05T13:18:28.360Z - [36mverbose[39m: Rendering page: /Users/damithch/Repos/nus-cs2103/cs2103-website-base/book/cppToJava/about/index.md
2026-08-05T13:18:28.366Z - [36mverbose[39m: Rendering page: /Users/damithch/Repos/nus-cs2103/cs2103-website-base/book/cppToJava/classes/classLevelMembers/index.md
2026-08-05T13:18:28.436Z - [36mverbose[39m: Rendering page: /Users/damithch/Repos/nus-cs2103/cs2103-website-base/book/codeQuality/nameWell/introduction/index.md
2026-08-05T13:18:28.461Z - [36mverbose[39m: Rendering page: /Users/damithch/Repos/nus-cs2103/cs2103-website-base/book/codeQuality/nameWell/intermediate/notTooLongNorShort/index.md
2026-08-05T13:18:28.466Z - [36mverbose[39m: Rendering page: /Users/damithch/Repos/nus-cs2103/cs2103-website-base/book/codeQuality/nameWell/intermediate/index.md
2026-08-05T13:18:28.475Z - [36mverbose[39m: Rendering page: /Users/damithch/Repos/nus-cs2103/cs2103-website-base/book/codeQuality/nameWell/intermediate/useNameExplain/index.md
2026-08-05T13:18:28.539Z - [36mverbose[39m: Rendering page: /Users/damithch/Repos/nus-cs2103/cs2103-website-base/book/codeQuality/nameWell/intermediate/avoidMisleadingNames/index.md
2026-08-05T13:18:28.563Z - [36mverbose[39m: Rendering page: /Users/damithch/Repos/nus-cs2103/cs2103-website-base/book/codeQuality/nameWell/index.md
2026-08-05T13:18:28.596Z - [36mverbose[39m: Rendering page: /Users/damithch/Repos/nus-cs2103/cs2103-website-base/book/codeQuality/nameWell/basic/nounsAndVerbsAsNames/index.md
2026-08-05T13:18:28.616Z - [36mverbose[39m: Rendering page: /Users/damithch/Repos/nus-cs2103/cs2103-website-base/book/codeQuality/nameWell/basic/useStandardWords/index.md
2026-08-05T13:18:28.622Z - [36mverbose[39m: Rendering page: /Users/damithch/Repos/nus-cs2103/cs2103-website-base/book/codeQuality/nameWell/basic/index.md
2026-08-05T13:18:28.677Z - [36mverbose[39m: Rendering page: /Users/damithch/Repos/nus-cs2103/cs2103-website-base/book/codeQuality/maximizeReadability/introduction/index.md
2026-08-05T13:18:28.746Z - [36mverbose[39m: Rendering page: /Users/damithch/Repos/nus-cs2103/cs2103-website-base/book/codeQuality/maximizeReadability/intermediate/structureCodeLogically/index.md
2026-08-05T13:18:28.752Z - [36mverbose[39m: Rendering page: /Users/damithch/Repos/nus-cs2103/cs2103-website-base/book/codeQuality/maximizeReadability/intermediate/practiceKISSing/index.md
2026-08-05T13:18:28.758Z - [36mverbose[39m: Rendering page: /Users/damithch/Repos/nus-cs2103/cs2103-website-base/book/codeQuality/maximizeReadability/intermediate/slapHard/index.md
2026-08-05T13:18:28.765Z - [36mverbose[39m: Rendering page: /Users/damithch/Repos/nus-cs2103/cs2103-website-base/book/codeQuality/maximizeReadability/intermediate/index.md
2026-08-05T13:18:28.938Z - [36mverbose[39m: Rendering page: /Users/damithch/Repos/nus-cs2103/cs2103-website-base/book/codeQuality/maximizeReadability/intermediate/dontTripReader/index.md
2026-08-05T13:18:28.943Z - [36mverbose[39m: Rendering page: /Users/damithch/Repos/nus-cs2103/cs2103-website-base/book/codeQuality/maximizeReadability/intermediate/avoidPrematureOptimizations/index.md
2026-08-05T13:18:28.947Z - [36mverbose[39m: Rendering page: /Users/damithch/Repos/nus-cs2103/cs2103-website-base/book/codeQuality/maximizeReadability/index.md
2026-08-05T13:18:28.966Z - [36mverbose[39m: Rendering page: /Users/damithch/Repos/nus-cs2103/cs2103-website-base/book/codeQuality/maximizeReadability/basic/makeCodeObvious/index.md
2026-08-05T13:18:29.082Z - [36mverbose[39m: Rendering page: /Users/damithch/Repos/nus-cs2103/cs2103-website-base/book/codeQuality/maximizeReadability/basic/index.md
2026-08-05T13:18:29.093Z - [36mverbose[39m: Rendering page: /Users/damithch/Repos/nus-cs2103/cs2103-website-base/book/codeQuality/maximizeReadability/basic/avoidLongMethods/index.md
2026-08-05T13:18:29.098Z - [36mverbose[39m: Rendering page: /Users/damithch/Repos/nus-cs2103/cs2103-website-base/book/codeQuality/maximizeReadability/basic/avoidMagicNumbers/index.md
2026-08-05T13:18:29.105Z - [36mverbose[39m: Rendering page: /Users/damithch/Repos/nus-cs2103/cs2103-website-base/book/codeQuality/maximizeReadability/basic/avoidDeepNesting/index.md
2026-08-05T13:18:29.203Z - [36mverbose[39m: Rendering page: /Users/damithch/Repos/nus-cs2103/cs2103-website-base/book/codeQuality/maximizeReadability/basic/avoidComplicatedExpressions/index.md
2026-08-05T13:18:29.210Z - [36mverbose[39m: Rendering page: /Users/damithch/Repos/nus-cs2103/cs2103-website-base/book/codeQuality/introduction/index.md
2026-08-05T13:18:29.216Z - [36mverbose[39m: Rendering page: /Users/damithch/Repos/nus-cs2103/cs2103-website-base/book/codeQuality/maximizeReadability/advanced/index.md
2026-08-05T13:18:29.222Z - [36mverbose[39m: Rendering page: /Users/damithch/Repos/nus-cs2103/cs2103-website-base/book/codeQuality/maximizeReadability/advanced/makeHappyPathProminent/index.md
2026-08-05T13:18:29.593Z - [36mverbose[39m: Rendering page: /Users/damithch/Repos/nus-cs2103/cs2103-website-base/book/codeQuality/introduction/basic/index.md
2026-08-05T13:18:29.599Z - [36mverbose[39m: Rendering page: /Users/damithch/Repos/nus-cs2103/cs2103-website-base/book/codeQuality/followStandard/introduction/index.md
2026-08-05T13:18:29.605Z - [36mverbose[39m: Rendering page: /Users/damithch/Repos/nus-cs2103/cs2103-website-base/book/codeQuality/followStandard/intermediate/index.md
2026-08-05T13:18:29.612Z - [36mverbose[39m: Rendering page: /Users/damithch/Repos/nus-cs2103/cs2103-website-base/book/codeQuality/index.md
2026-08-05T13:18:29.755Z - [36mverbose[39m: Rendering page: /Users/damithch/Repos/nus-cs2103/cs2103-website-base/book/codeQuality/followStandard/index.md
2026-08-05T13:18:29.764Z - [36mverbose[39m: Rendering page: /Users/damithch/Repos/nus-cs2103/cs2103-website-base/book/codeQuality/followStandard/basic/index.md
2026-08-05T13:18:29.790Z - [36mverbose[39m: Rendering page: /Users/damithch/Repos/nus-cs2103/cs2103-website-base/book/codeQuality/commentMinimally/introduction/index.md
2026-08-05T13:18:29.797Z - [36mverbose[39m: Rendering page: /Users/damithch/Repos/nus-cs2103/cs2103-website-base/book/codeQuality/commentMinimally/intermediate/index.md
2026-08-05T13:18:29.896Z - [36mverbose[39m: Rendering page: /Users/damithch/Repos/nus-cs2103/cs2103-website-base/book/codeQuality/commentMinimally/intermediate/explainWhatWhyNotHow/index.md
2026-08-05T13:18:29.905Z - [36mverbose[39m: Rendering page: /Users/damithch/Repos/nus-cs2103/cs2103-website-base/book/codeQuality/commentMinimally/index.md
2026-08-05T13:18:29.930Z - [36mverbose[39m: Rendering page: /Users/damithch/Repos/nus-cs2103/cs2103-website-base/book/codeQuality/commentMinimally/basic/index.md
2026-08-05T13:18:29.949Z - [36mverbose[39m: Rendering page: /Users/damithch/Repos/nus-cs2103/cs2103-website-base/book/codeQuality/commentMinimally/basic/writeToReader/index.md
2026-08-05T13:18:29.957Z - [36mverbose[39m: Rendering page: /Users/damithch/Repos/nus-cs2103/cs2103-website-base/book/codeQuality/commentMinimally/basic/dontRepeatObvious/index.md
2026-08-05T13:18:29.993Z - [36mverbose[39m: Rendering page: /Users/damithch/Repos/nus-cs2103/cs2103-website-base/book/codeQuality/avoidShortcuts/introduction/index.md
2026-08-05T13:18:30.078Z - [36mverbose[39m: Rendering page: /Users/damithch/Repos/nus-cs2103/cs2103-website-base/book/codeQuality/avoidShortcuts/intermediate/index.md
2026-08-05T13:18:30.083Z - [36mverbose[39m: Rendering page: /Users/damithch/Repos/nus-cs2103/cs2103-website-base/book/codeQuality/avoidShortcuts/intermediate/minimiseVariableScope/index.md
2026-08-05T13:18:30.088Z - [36mverbose[39m: Rendering page: /Users/damithch/Repos/nus-cs2103/cs2103-website-base/book/codeQuality/avoidShortcuts/intermediate/minimiseCodeDuplication/index.md
2026-08-05T13:18:30.093Z - [36mverbose[39m: Rendering page: /Users/damithch/Repos/nus-cs2103/cs2103-website-base/book/codeQuality/avoidShortcuts/index.md
2026-08-05T13:18:30.190Z - [36mverbose[39m: Rendering page: /Users/damithch/Repos/nus-cs2103/cs2103-website-base/book/codeQuality/avoidShortcuts/basic/index.md
2026-08-05T13:18:30.199Z - [36mverbose[39m: Rendering page: /Users/damithch/Repos/nus-cs2103/cs2103-website-base/book/codeQuality/avoidShortcuts/basic/useDefaultBranch/index.md
2026-08-05T13:18:30.204Z - [36mverbose[39m: Rendering page: /Users/damithch/Repos/nus-cs2103/cs2103-website-base/book/codeQuality/avoidShortcuts/basic/dontRecycleVarsOrParams/index.md
2026-08-05T13:18:30.226Z - [36mverbose[39m: Rendering page: /Users/damithch/Repos/nus-cs2103/cs2103-website-base/book/codeQuality/avoidShortcuts/basic/deleteDeadCode/index.md
2026-08-05T13:18:30.315Z - [36mverbose[39m: Rendering page: /Users/damithch/Repos/nus-cs2103/cs2103-website-base/book/codeQuality/avoidShortcuts/basic/avoidEmptyCatchBlocks/index.md
2026-08-05T13:18:30.324Z - [36mverbose[39m: Rendering page: /Users/damithch/Repos/nus-cs2103/cs2103-website-base/book/architecture/introduction/why/index.md
2026-08-05T13:18:30.329Z - [36mverbose[39m: Rendering page: /Users/damithch/Repos/nus-cs2103/cs2103-website-base/book/architecture/introduction/what/index.md
2026-08-05T13:18:30.336Z - [36mverbose[39m: Rendering page: /Users/damithch/Repos/nus-cs2103/cs2103-website-base/book/architecture/introduction/index.md
2026-08-05T13:18:30.568Z - [36mverbose[39m: Rendering page: /Users/damithch/Repos/nus-cs2103/cs2103-website-base/book/architecture/introduction/components/index.md
2026-08-05T13:18:30.575Z - [36mverbose[39m: Rendering page: /Users/damithch/Repos/nus-cs2103/cs2103-website-base/book/architecture/architectureDiagrams/views/index.md
2026-08-05T13:18:30.580Z - [36mverbose[39m: Rendering page: /Users/damithch/Repos/nus-cs2103/cs2103-website-base/book/architecture/index.md
2026-08-05T13:18:30.602Z - [36mverbose[39m: Rendering page: /Users/damithch/Repos/nus-cs2103/cs2103-website-base/book/architecture/architectureDiagrams/reading/index.md
2026-08-05T13:18:30.713Z - [36mverbose[39m: Rendering page: /Users/damithch/Repos/nus-cs2103/cs2103-website-base/book/architecture/architectureDiagrams/index.md
2026-08-05T13:18:30.720Z - [36mverbose[39m: Rendering page: /Users/damithch/Repos/nus-cs2103/cs2103-website-base/book/architecture/architecturalStyles/serviceOriented/what/index.md
2026-08-05T13:18:30.726Z - [36mverbose[39m: Rendering page: /Users/damithch/Repos/nus-cs2103/cs2103-website-base/book/architecture/architectureDiagrams/drawing/index.md
2026-08-05T13:18:30.734Z - [36mverbose[39m: Rendering page: /Users/damithch/Repos/nus-cs2103/cs2103-website-base/book/architecture/architecturalStyles/serviceOriented/index.md
2026-08-05T13:18:30.824Z - [36mverbose[39m: Rendering page: /Users/damithch/Repos/nus-cs2103/cs2103-website-base/book/architecture/architecturalStyles/more/usingStyles/index.md
2026-08-05T13:18:30.831Z - [36mverbose[39m: Rendering page: /Users/damithch/Repos/nus-cs2103/cs2103-website-base/book/architecture/architecturalStyles/more/index.md
2026-08-05T13:18:30.838Z - [36mverbose[39m: Rendering page: /Users/damithch/Repos/nus-cs2103/cs2103-website-base/book/architecture/architecturalStyles/monolith/what/index.md
2026-08-05T13:18:30.844Z - [36mverbose[39m: Rendering page: /Users/damithch/Repos/nus-cs2103/cs2103-website-base/book/architecture/architecturalStyles/more/moreStyles/index.md
2026-08-05T13:18:30.931Z - [36mverbose[39m: Rendering page: /Users/damithch/Repos/nus-cs2103/cs2103-website-base/book/architecture/architecturalStyles/monolith/index.md
2026-08-05T13:18:30.943Z - [36mverbose[39m: Rendering page: /Users/damithch/Repos/nus-cs2103/cs2103-website-base/book/architecture/architecturalStyles/layered/what/index.md
2026-08-05T13:18:30.951Z - [36mverbose[39m: Rendering page: /Users/damithch/Repos/nus-cs2103/cs2103-website-base/book/architecture/architecturalStyles/layered/index.md
2026-08-05T13:18:31.092Z - [36mverbose[39m: Rendering page: /Users/damithch/Repos/nus-cs2103/cs2103-website-base/book/architecture/architecturalStyles/introduction/what/index.md
2026-08-05T13:18:31.120Z - [36mverbose[39m: Rendering page: /Users/damithch/Repos/nus-cs2103/cs2103-website-base/book/architecture/architecturalStyles/introduction/index.md
2026-08-05T13:18:31.145Z - [36mverbose[39m: Rendering page: /Users/damithch/Repos/nus-cs2103/cs2103-website-base/book/architecture/architecturalStyles/index.md
2026-08-05T13:18:31.160Z - [36mverbose[39m: Rendering page: /Users/damithch/Repos/nus-cs2103/cs2103-website-base/book/architecture/architecturalStyles/eventDriven/what/index.md
2026-08-05T13:18:31.205Z - [36mverbose[39m: Rendering page: /Users/damithch/Repos/nus-cs2103/cs2103-website-base/book/architecture/architecturalStyles/eventDriven/index.md
2026-08-05T13:18:31.325Z - [36mverbose[39m: Rendering page: /Users/damithch/Repos/nus-cs2103/cs2103-website-base/book/architecture/architecturalStyles/clientServer/what/index.md
2026-08-05T13:18:31.332Z - [36mverbose[39m: Rendering page: /Users/damithch/Repos/nus-cs2103/cs2103-website-base/book/architecture/architecturalStyles/clientServer/index.md
2026-08-05T13:18:31.782Z - [36mverbose[39m: Rendering page: /Users/damithch/Repos/nus-cs2103/cs2103-website-base/se-book-adapted/git-trail/index.md
2026-08-05T13:18:31.788Z - [36mverbose[39m: Rendering page: /Users/damithch/Repos/nus-cs2103/cs2103-website-base/book/combined/exercises.md
2026-08-05T13:18:31.799Z - [36mverbose[39m: Rendering page: /Users/damithch/Repos/nus-cs2103/cs2103-website-base/se-book-adapted/common/definitions.md
2026-08-05T13:18:31.807Z - [36mverbose[39m: Rendering page: /Users/damithch/Repos/nus-cs2103/cs2103-website-base/se-book-adapted/common/exercises.md
2026-08-05T13:18:32.321Z - [36mverbose[39m: Rendering page: /Users/damithch/Repos/nus-cs2103/cs2103-website-base/se-book-adapted/chapters-printable/uml-printable.md
2026-08-05T13:18:32.352Z - [36mverbose[39m: Rendering page: /Users/damithch/Repos/nus-cs2103/cs2103-website-base/se-book-adapted/chapters-printable/testing-printable.md
2026-08-05T13:18:32.378Z - [36mverbose[39m: Rendering page: /Users/damithch/Repos/nus-cs2103/cs2103-website-base/se-book-adapted/chapters-printable/teamwork-printable.md
2026-08-05T13:18:32.384Z - [36mverbose[39m: Rendering page: /Users/damithch/Repos/nus-cs2103/cs2103-website-base/se-book-adapted/chapters-printable/testCaseDesign-printable.md
2026-08-05T13:18:32.687Z - [36mverbose[39m: Rendering page: /Users/damithch/Repos/nus-cs2103/cs2103-website-base/se-book-adapted/chapters-printable/softwareEngineering-printable.md
2026-08-05T13:18:32.693Z - [36mverbose[39m: Rendering page: /Users/damithch/Repos/nus-cs2103/cs2103-website-base/se-book-adapted/chapters-printable/requirements-printable.md
2026-08-05T13:18:32.699Z - [36mverbose[39m: Rendering page: /Users/damithch/Repos/nus-cs2103/cs2103-website-base/se-book-adapted/chapters-printable/reuse-printable.md
2026-08-05T13:18:32.706Z - [36mverbose[39m: Rendering page: /Users/damithch/Repos/nus-cs2103/cs2103-website-base/se-book-adapted/chapters-printable/specifyingRequirements-printable.md
2026-08-05T13:18:32.909Z - [36mverbose[39m: Rendering page: /Users/damithch/Repos/nus-cs2103/cs2103-website-base/se-book-adapted/chapters-printable/refactoring-printable.md
2026-08-05T13:18:32.918Z - [36mverbose[39m: Rendering page: /Users/damithch/Repos/nus-cs2103/cs2103-website-base/se-book-adapted/chapters-printable/qualityAssurance-printable.md
2026-08-05T13:18:32.927Z - [36mverbose[39m: Rendering page: /Users/damithch/Repos/nus-cs2103/cs2103-website-base/se-book-adapted/chapters-printable/projectPlanning-printable.md
2026-08-05T13:18:32.936Z - [36mverbose[39m: Rendering page: /Users/damithch/Repos/nus-cs2103/cs2103-website-base/se-book-adapted/chapters-printable/processModels-printable.md
2026-08-05T13:18:33.529Z - [36mverbose[39m: Rendering page: /Users/damithch/Repos/nus-cs2103/cs2103-website-base/se-book-adapted/chapters-printable/oop-printable.md
2026-08-05T13:18:33.554Z - [36mverbose[39m: Rendering page: /Users/damithch/Repos/nus-cs2103/cs2103-website-base/se-book-adapted/chapters-printable/modeling-printable.md
2026-08-05T13:18:33.580Z - [36mverbose[39m: Rendering page: /Users/damithch/Repos/nus-cs2103/cs2103-website-base/se-book-adapted/chapters-printable/principles-printable.md
2026-08-05T13:18:33.598Z - [36mverbose[39m: Rendering page: /Users/damithch/Repos/nus-cs2103/cs2103-website-base/se-book-adapted/chapters-printable/intellij-printable.md
2026-08-05T13:18:33.815Z - [36mverbose[39m: Rendering page: /Users/damithch/Repos/nus-cs2103/cs2103-website-base/se-book-adapted/chapters-printable/integration-printable.md
2026-08-05T13:18:33.824Z - [36mverbose[39m: Rendering page: /Users/damithch/Repos/nus-cs2103/cs2103-website-base/se-book-adapted/chapters-printable/ides-printable.md
2026-08-05T13:18:33.830Z - [36mverbose[39m: Rendering page: /Users/damithch/Repos/nus-cs2103/cs2103-website-base/se-book-adapted/chapters-printable/gatheringRequirements-printable.md
2026-08-05T13:18:33.895Z - [36mverbose[39m: Rendering page: /Users/damithch/Repos/nus-cs2103/cs2103-website-base/se-book-adapted/chapters-printable/errorHandling-printable.md
2026-08-05T13:18:34.082Z - [36mverbose[39m: Rendering page: /Users/damithch/Repos/nus-cs2103/cs2103-website-base/se-book-adapted/chapters-printable/documentation-printable.md
2026-08-05T13:18:34.092Z - [36mverbose[39m: Rendering page: /Users/damithch/Repos/nus-cs2103/cs2103-website-base/se-book-adapted/chapters-printable/designFundamentals-printable.md
2026-08-05T13:18:34.099Z - [36mverbose[39m: Rendering page: /Users/damithch/Repos/nus-cs2103/cs2103-website-base/se-book-adapted/chapters-printable/designPatterns-printable.md
2026-08-05T13:18:34.145Z - [36mverbose[39m: Rendering page: /Users/damithch/Repos/nus-cs2103/cs2103-website-base/se-book-adapted/chapters-printable/designApproaches-printable.md
2026-08-05T13:18:35.099Z - [36mverbose[39m: Rendering page: /Users/damithch/Repos/nus-cs2103/cs2103-website-base/se-book-adapted/chapters-printable/design-printable.md
2026-08-05T13:18:35.458Z - [36mverbose[39m: Rendering page: /Users/damithch/Repos/nus-cs2103/cs2103-website-base/se-book-adapted/chapters-printable/architecture-printable.md
2026-08-05T13:18:35.471Z - [36mverbose[39m: Rendering page: /Users/damithch/Repos/nus-cs2103/cs2103-website-base/se-book-adapted/chapters-printable/cppToJava-printable.md
2026-08-05T13:18:35.561Z - [36mverbose[39m: Rendering page: /Users/damithch/Repos/nus-cs2103/cs2103-website-base/se-book-adapted/chapters-printable/codeQuality-printable.md
2026-08-05T13:18:36.004Z - [36mverbose[39m: Rendering page: /Users/damithch/Repos/nus-cs2103/cs2103-website-base/se-book-adapted/chapters/uml.md
2026-08-05T13:18:36.357Z - [36mverbose[39m: Rendering page: /Users/damithch/Repos/nus-cs2103/cs2103-website-base/se-book-adapted/chapters/testing.md
2026-08-05T13:18:36.398Z - [36mverbose[39m: Rendering page: /Users/damithch/Repos/nus-cs2103/cs2103-website-base/se-book-adapted/chapters/testCaseDesign.md
2026-08-05T13:18:36.432Z - [36mverbose[39m: Rendering page: /Users/damithch/Repos/nus-cs2103/cs2103-website-base/se-book-adapted/chapters/test.md
2026-08-05T13:18:36.722Z - [36mverbose[39m: Rendering page: /Users/damithch/Repos/nus-cs2103/cs2103-website-base/se-book-adapted/chapters/teamwork.md
2026-08-05T13:18:36.975Z - [36mverbose[39m: Rendering page: /Users/damithch/Repos/nus-cs2103/cs2103-website-base/se-book-adapted/chapters/specifyingRequirements.md
2026-08-05T13:18:37.001Z - [36mverbose[39m: Rendering page: /Users/damithch/Repos/nus-cs2103/cs2103-website-base/se-book-adapted/chapters/security.md
2026-08-05T13:18:37.022Z - [36mverbose[39m: Rendering page: /Users/damithch/Repos/nus-cs2103/cs2103-website-base/se-book-adapted/chapters/softwareEngineering.md
2026-08-05T13:18:37.193Z - [36mverbose[39m: Rendering page: /Users/damithch/Repos/nus-cs2103/cs2103-website-base/se-book-adapted/chapters/reuse.md
2026-08-05T13:18:37.210Z - [36mverbose[39m: Rendering page: /Users/damithch/Repos/nus-cs2103/cs2103-website-base/se-book-adapted/chapters/requirements.md
2026-08-05T13:18:37.285Z - [36mverbose[39m: Rendering page: /Users/damithch/Repos/nus-cs2103/cs2103-website-base/se-book-adapted/chapters/qualityAssurance.md
2026-08-05T13:18:37.295Z - [36mverbose[39m: Rendering page: /Users/damithch/Repos/nus-cs2103/cs2103-website-base/se-book-adapted/chapters/refactoring.md
2026-08-05T13:18:38.076Z - [36mverbose[39m: Rendering page: /Users/damithch/Repos/nus-cs2103/cs2103-website-base/se-book-adapted/chapters/projectPlanning.md
2026-08-05T13:18:38.091Z - [36mverbose[39m: Rendering page: /Users/damithch/Repos/nus-cs2103/cs2103-website-base/se-book-adapted/chapters/processModels.md
2026-08-05T13:18:38.479Z - [36mverbose[39m: Rendering page: /Users/damithch/Repos/nus-cs2103/cs2103-website-base/se-book-adapted/chapters/oop.md
2026-08-05T13:18:38.517Z - [36mverbose[39m: Rendering page: /Users/damithch/Repos/nus-cs2103/cs2103-website-base/se-book-adapted/chapters/principles.md
2026-08-05T13:18:38.649Z - [36mverbose[39m: Rendering page: /Users/damithch/Repos/nus-cs2103/cs2103-website-base/se-book-adapted/chapters/modeling.md
2026-08-05T13:18:38.693Z - [36mverbose[39m: Rendering page: /Users/damithch/Repos/nus-cs2103/cs2103-website-base/se-book-adapted/chapters/intellij.md
2026-08-05T13:18:38.703Z - [36mverbose[39m: Rendering page: /Users/damithch/Repos/nus-cs2103/cs2103-website-base/se-book-adapted/chapters/integration.md
2026-08-05T13:18:38.712Z - [36mverbose[39m: Rendering page: /Users/damithch/Repos/nus-cs2103/cs2103-website-base/se-book-adapted/chapters/ides.md
2026-08-05T13:18:39.252Z - [36mverbose[39m: Rendering page: /Users/damithch/Repos/nus-cs2103/cs2103-website-base/se-book-adapted/chapters/gatheringRequirements.md
2026-08-05T13:18:39.261Z - [36mverbose[39m: Rendering page: /Users/damithch/Repos/nus-cs2103/cs2103-website-base/se-book-adapted/chapters/errorHandling.md
2026-08-05T13:18:39.288Z - [36mverbose[39m: Rendering page: /Users/damithch/Repos/nus-cs2103/cs2103-website-base/se-book-adapted/chapters/designPatterns.md
2026-08-05T13:18:39.310Z - [36mverbose[39m: Rendering page: /Users/damithch/Repos/nus-cs2103/cs2103-website-base/se-book-adapted/chapters/documentation.md
2026-08-05T13:18:39.540Z - [36mverbose[39m: Rendering page: /Users/damithch/Repos/nus-cs2103/cs2103-website-base/se-book-adapted/chapters/designFundamentals.md
2026-08-05T13:18:39.555Z - [36mverbose[39m: Rendering page: /Users/damithch/Repos/nus-cs2103/cs2103-website-base/se-book-adapted/chapters/designApproaches.md
2026-08-05T13:18:39.563Z - [36mverbose[39m: Rendering page: /Users/damithch/Repos/nus-cs2103/cs2103-website-base/se-book-adapted/chapters/design.md
2026-08-05T13:18:39.569Z - [36mverbose[39m: Rendering page: /Users/damithch/Repos/nus-cs2103/cs2103-website-base/se-book-adapted/chapters/debugging.md
2026-08-05T13:18:41.696Z - [36mverbose[39m: Rendering page: /Users/damithch/Repos/nus-cs2103/cs2103-website-base/se-book-adapted/chapters/cppToJava.md
2026-08-05T13:18:41.855Z - [36mverbose[39m: Rendering page: /Users/damithch/Repos/nus-cs2103/cs2103-website-base/se-book-adapted/index.md
2026-08-05T13:18:41.862Z - [36mverbose[39m: Rendering page: /Users/damithch/Repos/nus-cs2103/cs2103-website-base/se-book-adapted/chapters/architecture.md
2026-08-05T13:18:41.887Z - [36mverbose[39m: Rendering page: /Users/damithch/Repos/nus-cs2103/cs2103-website-base/se-book-adapted/chapters/codeQuality.md
2026-08-05T13:18:42.205Z - [36mverbose[39m: Rendering page: /Users/damithch/Repos/nus-cs2103/cs2103-website-base/book/about/acknowledgements.md
2026-08-05T13:18:42.214Z - [36mverbose[39m: Rendering page: /Users/damithch/Repos/nus-cs2103/cs2103-website-base/schedule/week8/tutorial.md
2026-08-05T13:18:42.222Z - [36mverbose[39m: Rendering page: /Users/damithch/Repos/nus-cs2103/cs2103-website-base/schedule/week9/tutorial.md
2026-08-05T13:18:42.259Z - [36mverbose[39m: Rendering page: /Users/damithch/Repos/nus-cs2103/cs2103-website-base/schedule/week7/tutorial.md
2026-08-05T13:18:42.885Z - [36mverbose[39m: Rendering page: /Users/damithch/Repos/nus-cs2103/cs2103-website-base/schedule/week6/tutorial.md
2026-08-05T13:18:43.332Z - [36mverbose[39m: Rendering page: /Users/damithch/Repos/nus-cs2103/cs2103-website-base/schedule/week4/tutorial.md
2026-08-05T13:18:43.339Z - [36mverbose[39m: Rendering page: /Users/damithch/Repos/nus-cs2103/cs2103-website-base/schedule/week5/tutorial.md
2026-08-05T13:18:43.393Z - [36mverbose[39m: Rendering page: /Users/damithch/Repos/nus-cs2103/cs2103-website-base/schedule/week3/tutorial.md
2026-08-05T13:18:43.452Z - [36mverbose[39m: Rendering page: /Users/damithch/Repos/nus-cs2103/cs2103-website-base/schedule/week2/tutorial.md
2026-08-05T13:18:43.458Z - [36mverbose[39m: Rendering page: /Users/damithch/Repos/nus-cs2103/cs2103-website-base/schedule/week13/tutorial.md
2026-08-05T13:18:43.463Z - [36mverbose[39m: Rendering page: /Users/damithch/Repos/nus-cs2103/cs2103-website-base/schedule/week12/tutorial.md
2026-08-05T13:18:43.625Z - [36mverbose[39m: Rendering page: /Users/damithch/Repos/nus-cs2103/cs2103-website-base/schedule/week11/tutorial.md
2026-08-05T13:18:45.001Z - [36mverbose[39m: Rendering page: /Users/damithch/Repos/nus-cs2103/cs2103-website-base/schedule/week10/tutorial.md
2026-08-05T13:18:45.014Z - [36mverbose[39m: Rendering page: /Users/damithch/Repos/nus-cs2103/cs2103-website-base/schedule/week1/tutorial.md
2026-08-05T13:18:45.020Z - [36mverbose[39m: Rendering page: /Users/damithch/Repos/nus-cs2103/cs2103-website-base/schedule/week9/topics.md
2026-08-05T13:18:45.524Z - [36mverbose[39m: Rendering page: /Users/damithch/Repos/nus-cs2103/cs2103-website-base/schedule/week8/topics.md
2026-08-05T13:18:46.641Z - [36mverbose[39m: Rendering page: /Users/damithch/Repos/nus-cs2103/cs2103-website-base/schedule/week7/topics.md
2026-08-05T13:18:47.092Z - [36mverbose[39m: Rendering page: /Users/damithch/Repos/nus-cs2103/cs2103-website-base/schedule/week6/topics.md
2026-08-05T13:18:47.133Z - [36mverbose[39m: Rendering page: /Users/damithch/Repos/nus-cs2103/cs2103-website-base/schedule/week5/topics.md
2026-08-05T13:18:47.585Z - [36mverbose[39m: Rendering page: /Users/damithch/Repos/nus-cs2103/cs2103-website-base/schedule/week4/topics.md
2026-08-05T13:18:47.886Z - [36mverbose[39m: Rendering page: /Users/damithch/Repos/nus-cs2103/cs2103-website-base/schedule/week3/topics.md
2026-08-05T13:18:47.937Z - [36mverbose[39m: Rendering page: /Users/damithch/Repos/nus-cs2103/cs2103-website-base/schedule/week2/topics.md
2026-08-05T13:18:47.959Z - [36mverbose[39m: Rendering page: /Users/damithch/Repos/nus-cs2103/cs2103-website-base/schedule/week13/topics.md
2026-08-05T13:18:47.963Z - [36mverbose[39m: Rendering page: /Users/damithch/Repos/nus-cs2103/cs2103-website-base/schedule/week12/topics.md
2026-08-05T13:18:50.855Z - [36mverbose[39m: Rendering page: /Users/damithch/Repos/nus-cs2103/cs2103-website-base/schedule/week11/topics.md
2026-08-05T13:18:50.902Z - [36mverbose[39m: Rendering page: /Users/damithch/Repos/nus-cs2103/cs2103-website-base/schedule/week10/topics.md
2026-08-05T13:18:50.944Z - [36mverbose[39m: Rendering page: /Users/damithch/Repos/nus-cs2103/cs2103-website-base/schedule/week1/topics.md
2026-08-05T13:18:52.170Z - [36mverbose[39m: Rendering page: /Users/damithch/Repos/nus-cs2103/cs2103-website-base/schedule/week9/project.md
2026-08-05T13:18:54.628Z - [36mverbose[39m: Rendering page: /Users/damithch/Repos/nus-cs2103/cs2103-website-base/schedule/week8/project.md
2026-08-05T13:18:54.648Z - [36mverbose[39m: Rendering page: /Users/damithch/Repos/nus-cs2103/cs2103-website-base/schedule/week7/project.md
2026-08-05T13:18:56.531Z - [36mverbose[39m: Rendering page: /Users/damithch/Repos/nus-cs2103/cs2103-website-base/schedule/week6/project.md
2026-08-05T13:18:57.872Z - [36mverbose[39m: Rendering page: /Users/damithch/Repos/nus-cs2103/cs2103-website-base/schedule/week5/project.md
2026-08-05T13:18:59.116Z - [36mverbose[39m: Rendering page: /Users/damithch/Repos/nus-cs2103/cs2103-website-base/schedule/week4/project.md
2026-08-05T13:18:59.147Z - [36mverbose[39m: Rendering page: /Users/damithch/Repos/nus-cs2103/cs2103-website-base/schedule/week3/project.md
2026-08-05T13:19:04.712Z - [34mdebug[39m: 
2026-08-05T13:19:04.775Z - [34mdebug[39m: 
2026-08-05T13:19:04.789Z - [36mverbose[39m: Rendering page: /Users/damithch/Repos/nus-cs2103/cs2103-website-base/schedule/week13/project.md
2026-08-05T13:19:04.799Z - [36mverbose[39m: Rendering page: /Users/damithch/Repos/nus-cs2103/cs2103-website-base/schedule/week2/project.md
2026-08-05T13:19:04.838Z - [36mverbose[39m: Rendering page: /Users/damithch/Repos/nus-cs2103/cs2103-website-base/schedule/week12/project.md
2026-08-05T13:19:04.898Z - [36mverbose[39m: Rendering page: /Users/damithch/Repos/nus-cs2103/cs2103-website-base/schedule/week11/project.md
2026-08-05T13:19:06.457Z - [36mverbose[39m: Rendering page: /Users/damithch/Repos/nus-cs2103/cs2103-website-base/schedule/week10/project.md
2026-08-05T13:19:06.476Z - [36mverbose[39m: Rendering page: /Users/damithch/Repos/nus-cs2103/cs2103-website-base/schedule/week1/project.md
2026-08-05T13:19:06.482Z - [36mverbose[39m: Rendering page: /Users/damithch/Repos/nus-cs2103/cs2103-website-base/schedule/week9/index.md
2026-08-05T13:19:06.490Z - [36mverbose[39m: Rendering page: /Users/damithch/Repos/nus-cs2103/cs2103-website-base/schedule/week8/index.md
2026-08-05T13:19:07.598Z - [36mverbose[39m: Rendering page: /Users/damithch/Repos/nus-cs2103/cs2103-website-base/schedule/week7/index.md
2026-08-05T13:19:07.608Z - [36mverbose[39m: Rendering page: /Users/damithch/Repos/nus-cs2103/cs2103-website-base/schedule/week6/index.md
2026-08-05T13:19:07.614Z - [36mverbose[39m: Rendering page: /Users/damithch/Repos/nus-cs2103/cs2103-website-base/schedule/week5/index.md
2026-08-05T13:19:08.043Z - [36mverbose[39m: Rendering page: /Users/damithch/Repos/nus-cs2103/cs2103-website-base/schedule/week4/index.md
2026-08-05T13:19:08.260Z - [36mverbose[39m: Rendering page: /Users/damithch/Repos/nus-cs2103/cs2103-website-base/schedule/week2/index.md
2026-08-05T13:19:08.271Z - [36mverbose[39m: Rendering page: /Users/damithch/Repos/nus-cs2103/cs2103-website-base/schedule/week3/index.md
2026-08-05T13:19:08.280Z - [36mverbose[39m: Rendering page: /Users/damithch/Repos/nus-cs2103/cs2103-website-base/schedule/week13/index.md
2026-08-05T13:19:09.041Z - [36mverbose[39m: Rendering page: /Users/damithch/Repos/nus-cs2103/cs2103-website-base/schedule/week12/index.md
2026-08-05T13:19:09.047Z - [36mverbose[39m: Rendering page: /Users/damithch/Repos/nus-cs2103/cs2103-website-base/schedule/week11/index.md
2026-08-05T13:19:09.095Z - [36mverbose[39m: Rendering page: /Users/damithch/Repos/nus-cs2103/cs2103-website-base/schedule/week10/index.md
2026-08-05T13:19:09.104Z - [36mverbose[39m: Rendering page: /Users/damithch/Repos/nus-cs2103/cs2103-website-base/schedule/week1/index.md
2026-08-05T13:19:09.335Z - [36mverbose[39m: Rendering page: /Users/damithch/Repos/nus-cs2103/cs2103-website-base/schedule/week9/admin.md
2026-08-05T13:19:09.344Z - [36mverbose[39m: Rendering page: /Users/damithch/Repos/nus-cs2103/cs2103-website-base/schedule/week8/admin.md
2026-08-05T13:19:09.697Z - [36mverbose[39m: Rendering page: /Users/damithch/Repos/nus-cs2103/cs2103-website-base/schedule/week6/admin.md
2026-08-05T13:19:09.704Z - [36mverbose[39m: Rendering page: /Users/damithch/Repos/nus-cs2103/cs2103-website-base/schedule/week7/admin.md
2026-08-05T13:19:10.659Z - [36mverbose[39m: Rendering page: /Users/damithch/Repos/nus-cs2103/cs2103-website-base/schedule/week5/admin.md
2026-08-05T13:19:10.672Z - [36mverbose[39m: Rendering page: /Users/damithch/Repos/nus-cs2103/cs2103-website-base/schedule/week4/admin.md
2026-08-05T13:19:10.707Z - [36mverbose[39m: Rendering page: /Users/damithch/Repos/nus-cs2103/cs2103-website-base/schedule/week2/admin.md
2026-08-05T13:19:10.721Z - [36mverbose[39m: Rendering page: /Users/damithch/Repos/nus-cs2103/cs2103-website-base/schedule/week3/admin.md
2026-08-05T13:19:10.907Z - [36mverbose[39m: Rendering page: /Users/damithch/Repos/nus-cs2103/cs2103-website-base/schedule/week13/admin.md
2026-08-05T13:19:12.907Z - [34mdebug[39m: 
2026-08-05T13:19:12.993Z - [36mverbose[39m: Rendering page: /Users/damithch/Repos/nus-cs2103/cs2103-website-base/schedule/week12/admin.md
2026-08-05T13:19:13.025Z - [36mverbose[39m: Rendering page: /Users/damithch/Repos/nus-cs2103/cs2103-website-base/schedule/week10/admin.md
2026-08-05T13:19:13.034Z - [36mverbose[39m: Rendering page: /Users/damithch/Repos/nus-cs2103/cs2103-website-base/schedule/week11/admin.md
2026-08-05T13:19:13.044Z - [36mverbose[39m: Rendering page: /Users/damithch/Repos/nus-cs2103/cs2103-website-base/schedule/week1/admin.md
2026-08-05T13:19:16.035Z - [36mverbose[39m: Rendering page: /Users/damithch/Repos/nus-cs2103/cs2103-website-base/schedule/index.md
2026-08-05T13:19:16.044Z - [36mverbose[39m: Rendering page: /Users/damithch/Repos/nus-cs2103/cs2103-website-base/projectDuke/text.md
2026-08-05T13:19:16.076Z - [36mverbose[39m: Rendering page: /Users/damithch/Repos/nus-cs2103/cs2103-website-base/schedule/timeline.md
2026-08-05T13:19:16.104Z - [36mverbose[39m: Rendering page: /Users/damithch/Repos/nus-cs2103/cs2103-website-base/projectDuke/print.md
2026-08-05T13:19:16.432Z - [36mverbose[39m: Rendering page: /Users/damithch/Repos/nus-cs2103/cs2103-website-base/projectDuke/path.md
2026-08-05T13:19:16.437Z - [36mverbose[39m: Rendering page: /Users/damithch/Repos/nus-cs2103/cs2103-website-base/projectDuke/index.md
2026-08-05T13:19:16.466Z - [36mverbose[39m: Rendering page: /Users/damithch/Repos/nus-cs2103/cs2103-website-base/admin/weeklySchedule.md
2026-08-05T13:19:16.473Z - [36mverbose[39m: Rendering page: /Users/damithch/Repos/nus-cs2103/cs2103-website-base/admin/usingThisWebsite.md
2026-08-05T13:19:17.595Z - [36mverbose[39m: Rendering page: /Users/damithch/Repos/nus-cs2103/cs2103-website-base/admin/uml-reference-sheet.md
2026-08-05T13:19:17.600Z - [36mverbose[39m: Rendering page: /Users/damithch/Repos/nus-cs2103/cs2103-website-base/admin/tutors-info.md
2026-08-05T13:19:17.605Z - [36mverbose[39m: Rendering page: /Users/damithch/Repos/nus-cs2103/cs2103-website-base/admin/tutorials.md
2026-08-05T13:19:17.621Z - [36mverbose[39m: Rendering page: /Users/damithch/Repos/nus-cs2103/cs2103-website-base/admin/tp-w9.md
2026-08-05T13:19:20.996Z - [36mverbose[39m: Rendering page: /Users/damithch/Repos/nus-cs2103/cs2103-website-base/admin/tp-w7.md
2026-08-05T13:19:21.014Z - [36mverbose[39m: Rendering page: /Users/damithch/Repos/nus-cs2103/cs2103-website-base/admin/tp-w8.md
2026-08-05T13:19:21.035Z - [36mverbose[39m: Rendering page: /Users/damithch/Repos/nus-cs2103/cs2103-website-base/admin/tp-w6.md
2026-08-05T13:19:21.053Z - [36mverbose[39m: Rendering page: /Users/damithch/Repos/nus-cs2103/cs2103-website-base/admin/tp-w5.md
2026-08-05T13:19:22.579Z - [36mverbose[39m: Rendering page: /Users/damithch/Repos/nus-cs2103/cs2103-website-base/admin/tp-w4.md
2026-08-05T13:19:22.595Z - [36mverbose[39m: Rendering page: /Users/damithch/Repos/nus-cs2103/cs2103-website-base/admin/tp-w3.md
2026-08-05T13:19:22.604Z - [36mverbose[39m: Rendering page: /Users/damithch/Repos/nus-cs2103/cs2103-website-base/admin/tp-w2.md
2026-08-05T13:19:24.718Z - [36mverbose[39m: Rendering page: /Users/damithch/Repos/nus-cs2103/cs2103-website-base/admin/tp-w13.md
2026-08-05T13:19:29.658Z - [34mdebug[39m: 
2026-08-05T13:19:29.668Z - [34mdebug[39m: 
2026-08-05T13:19:29.736Z - [36mverbose[39m: Rendering page: /Users/damithch/Repos/nus-cs2103/cs2103-website-base/admin/tp-w12.md
2026-08-05T13:19:29.808Z - [36mverbose[39m: Rendering page: /Users/damithch/Repos/nus-cs2103/cs2103-website-base/admin/tp-w11.md
2026-08-05T13:19:29.857Z - [36mverbose[39m: Rendering page: /Users/damithch/Repos/nus-cs2103/cs2103-website-base/admin/tp-timeline.md
2026-08-05T13:19:29.866Z - [36mverbose[39m: Rendering page: /Users/damithch/Repos/nus-cs2103/cs2103-website-base/admin/tp-w10.md
2026-08-05T13:19:31.884Z - [36mverbose[39m: Rendering page: /Users/damithch/Repos/nus-cs2103/cs2103-website-base/admin/tp-supervision.md
2026-08-05T13:19:31.895Z - [36mverbose[39m: Rendering page: /Users/damithch/Repos/nus-cs2103/cs2103-website-base/admin/tp-teams.md
2026-08-05T13:19:31.904Z - [36mverbose[39m: Rendering page: /Users/damithch/Repos/nus-cs2103/cs2103-website-base/admin/tp-ped.md
2026-08-05T13:19:31.934Z - [36mverbose[39m: Rendering page: /Users/damithch/Repos/nus-cs2103/cs2103-website-base/admin/tp-pe.md
2026-08-05T13:19:32.831Z - [36mverbose[39m: Rendering page: /Users/damithch/Repos/nus-cs2103/cs2103-website-base/admin/tp-overview.md
2026-08-05T13:19:32.840Z - [36mverbose[39m: Rendering page: /Users/damithch/Repos/nus-cs2103/cs2103-website-base/admin/tp-grading.md
2026-08-05T13:19:32.855Z - [36mverbose[39m: Rendering page: /Users/damithch/Repos/nus-cs2103/cs2103-website-base/admin/tp-expectations.md
2026-08-05T13:19:32.867Z - [36mverbose[39m: Rendering page: /Users/damithch/Repos/nus-cs2103/cs2103-website-base/admin/tp-deliverables.md
2026-08-05T13:19:33.094Z - [36mverbose[39m: Rendering page: /Users/damithch/Repos/nus-cs2103/cs2103-website-base/admin/tp-common-fragments.md
2026-08-05T13:19:33.105Z - [36mverbose[39m: Rendering page: /Users/damithch/Repos/nus-cs2103/cs2103-website-base/admin/tp-constraints.md
2026-08-05T13:19:33.118Z - [36mverbose[39m: Rendering page: /Users/damithch/Repos/nus-cs2103/cs2103-website-base/admin/tools.md
2026-08-05T13:19:33.173Z - [36mverbose[39m: Rendering page: /Users/damithch/Repos/nus-cs2103/cs2103-website-base/admin/textbooks.md
2026-08-05T13:19:33.224Z - [36mverbose[39m: Rendering page: /Users/damithch/Repos/nus-cs2103/cs2103-website-base/admin/syllabus.md
2026-08-05T13:19:33.259Z - [36mverbose[39m: Rendering page: /Users/damithch/Repos/nus-cs2103/cs2103-website-base/admin/teamList.md
2026-08-05T13:19:33.264Z - [36mverbose[39m: Rendering page: /Users/damithch/Repos/nus-cs2103/cs2103-website-base/admin/standardsAndConventions.md
2026-08-05T13:19:33.408Z - [36mverbose[39m: Rendering page: /Users/damithch/Repos/nus-cs2103/cs2103-website-base/admin/reposenseAuthorAnnotation.md
2026-08-05T13:19:33.496Z - [36mverbose[39m: Rendering page: /Users/damithch/Repos/nus-cs2103/cs2103-website-base/admin/programmingLanguages.md
2026-08-05T13:19:33.543Z - [36mverbose[39m: Rendering page: /Users/damithch/Repos/nus-cs2103/cs2103-website-base/admin/peerEvaluations.md
2026-08-05T13:19:33.555Z - [36mverbose[39m: Rendering page: /Users/damithch/Repos/nus-cs2103/cs2103-website-base/admin/participation.md
2026-08-05T13:19:33.606Z - [36mverbose[39m: Rendering page: /Users/damithch/Repos/nus-cs2103/cs2103-website-base/admin/overview-for-teachers.md
2026-08-05T13:19:33.721Z - [36mverbose[39m: Rendering page: /Users/damithch/Repos/nus-cs2103/cs2103-website-base/admin/mid-semester-survey-results.md
2026-08-05T13:19:33.726Z - [36mverbose[39m: Rendering page: /Users/damithch/Repos/nus-cs2103/cs2103-website-base/admin/lectures.md
2026-08-05T13:19:33.848Z - [36mverbose[39m: Rendering page: /Users/damithch/Repos/nus-cs2103/cs2103-website-base/admin/ip-w8.md
2026-08-05T13:19:34.765Z - [36mverbose[39m: Rendering page: /Users/damithch/Repos/nus-cs2103/cs2103-website-base/admin/ip-w7.md
2026-08-05T13:19:35.104Z - [36mverbose[39m: Rendering page: /Users/damithch/Repos/nus-cs2103/cs2103-website-base/admin/ip-w6.md
2026-08-05T13:19:35.880Z - [36mverbose[39m: Rendering page: /Users/damithch/Repos/nus-cs2103/cs2103-website-base/admin/ip-w5.md
2026-08-05T13:19:35.891Z - [36mverbose[39m: Rendering page: /Users/damithch/Repos/nus-cs2103/cs2103-website-base/admin/ip-w4.md
2026-08-05T13:19:36.868Z - [36mverbose[39m: Rendering page: /Users/damithch/Repos/nus-cs2103/cs2103-website-base/admin/ip-w3.md
2026-08-05T13:19:36.948Z - [36mverbose[39m: Rendering page: /Users/damithch/Repos/nus-cs2103/cs2103-website-base/admin/ip-showcase.md
2026-08-05T13:19:36.953Z - [36mverbose[39m: Rendering page: /Users/damithch/Repos/nus-cs2103/cs2103-website-base/admin/ip-w2.md
2026-08-05T13:19:36.981Z - [36mverbose[39m: Rendering page: /Users/damithch/Repos/nus-cs2103/cs2103-website-base/admin/ip-overview.md
2026-08-05T13:19:37.013Z - [36mverbose[39m: Rendering page: /Users/damithch/Repos/nus-cs2103/cs2103-website-base/admin/ip-grading.md
2026-08-05T13:19:37.713Z - [36mverbose[39m: Rendering page: /Users/damithch/Repos/nus-cs2103/cs2103-website-base/admin/instructors.md
2026-08-05T13:19:37.720Z - [36mverbose[39m: Rendering page: /Users/damithch/Repos/nus-cs2103/cs2103-website-base/admin/index.md
2026-08-05T13:19:37.750Z - [36mverbose[39m: Rendering page: /Users/damithch/Repos/nus-cs2103/cs2103-website-base/admin/exams.md
2026-08-05T13:19:37.761Z - [36mverbose[39m: Rendering page: /Users/damithch/Repos/nus-cs2103/cs2103-website-base/admin/gradeBreakdown.md
2026-08-05T13:19:37.849Z - [36mverbose[39m: Rendering page: /Users/damithch/Repos/nus-cs2103/cs2103-website-base/admin/exams-f2f.md
2026-08-05T13:19:37.857Z - [36mverbose[39m: Rendering page: /Users/damithch/Repos/nus-cs2103/cs2103-website-base/admin/exam-reference-sheet.md
2026-08-05T13:19:37.864Z - [36mverbose[39m: Rendering page: /Users/damithch/Repos/nus-cs2103/cs2103-website-base/admin/exam-pen-and-paper.md
2026-08-05T13:19:37.914Z - [36mverbose[39m: Rendering page: /Users/damithch/Repos/nus-cs2103/cs2103-website-base/admin/courseOverview.md
2026-08-05T13:19:38.006Z - [36mverbose[39m: Rendering page: /Users/damithch/Repos/nus-cs2103/cs2103-website-base/admin/courseExpectations.md
2026-08-05T13:19:38.014Z - [36mverbose[39m: Rendering page: /Users/damithch/Repos/nus-cs2103/cs2103-website-base/admin/courseBriefings.md
2026-08-05T13:19:38.027Z - [36mverbose[39m: Rendering page: /Users/damithch/Repos/nus-cs2103/cs2103-website-base/admin/appendixH-tipsFromStudents.md
2026-08-05T13:19:38.050Z - [36mverbose[39m: Rendering page: /Users/damithch/Repos/nus-cs2103/cs2103-website-base/admin/appendixG-troubleshooting.md
2026-08-05T13:19:38.270Z - [36mverbose[39m: Rendering page: /Users/damithch/Repos/nus-cs2103/cs2103-website-base/admin/appendixG-CS2103R.md
2026-08-05T13:19:38.349Z - [36mverbose[39m: Rendering page: /Users/damithch/Repos/nus-cs2103/cs2103-website-base/admin/appendixF-teamworkIssues.md
2026-08-05T13:19:38.364Z - [36mverbose[39m: Rendering page: /Users/damithch/Repos/nus-cs2103/cs2103-website-base/admin/appendixE-gitHub.md
2026-08-05T13:19:38.384Z - [36mverbose[39m: Rendering page: /Users/damithch/Repos/nus-cs2103/cs2103-website-base/admin/appendixD-help.md
2026-08-05T13:19:38.395Z - [32minfo[39m: Pages built
2026-08-05T13:19:38.506Z - [32minfo[39m: Site data built
2026-08-05T13:19:38.506Z - [32minfo[39m: Website generation complete! Total build time: 109.744s
2026-08-05T13:19:38.506Z - [32minfo[39m: Build success!
2026-08-05T13:20:11.522Z - [32minfo[39m: GitHub Actions deployment initiated. Check status at: https://github.com/NUS-CS2103-AY2627-S1/website/actions
2026-08-05T13:20:11.522Z - [32minfo[39m: The website will be deployed at: https://NUS-CS2103-AY2627-S1.github.io/website
2026-08-05T13:45:42.205Z - [32minfo[39m: Website generation (lazy) started at 21:45:41
2026-08-05T13:45:42.798Z - [32minfo[39m: Building assets...
2026-08-05T13:45:43.197Z - [32minfo[39m: Assets built
2026-08-05T13:45:43.197Z - [32minfo[39m: Generating landing page...
2026-08-05T13:45:43.481Z - [36mverbose[39m: Rendering page: /Users/damithch/Repos/nus-cs2103/cs2103-website-base/index.md
2026-08-05T13:45:43.515Z - [32minfo[39m: Landing page built, other pages will be built as you navigate to them!
2026-08-05T13:45:43.656Z - [32minfo[39m: Site data built
2026-08-05T13:45:43.656Z - [32minfo[39m: Website generation (lazy) complete! Total build time: 1.93s
2026-08-05T13:45:43.691Z - [32minfo[39m: Serving "/Users/damithch/Repos/nus-cs2103/cs2103-website-base/_site" at http://127.0.0.1:8080
2026-08-05T13:45:43.692Z - [32minfo[39m: Press CTRL+C to stop ...
2026-08-05T13:45:52.101Z - [32minfo[39m: Building /Users/damithch/Repos/nus-cs2103/cs2103-website-base/admin/ip-w2 as some of its dependencies were changed since the last visit
2026-08-05T13:45:53.200Z - [36mverbose[39m: Rendering page: /Users/damithch/Repos/nus-cs2103/cs2103-website-base/admin/ip-w2.md
2026-08-05T13:45:53.232Z - [32minfo[39m: Site data built
2026-08-05T13:45:53.232Z - [32minfo[39m: Lazy website regeneration complete! Total build time: 1.132s
2026-08-05T13:49:53.367Z - [32minfo[39m: [21:49:53] Reload for file change: /Users/damithch/Repos/nus-cs2103/cs2103-website-base/projectDuke/Level-0-fragment.md
2026-08-05T13:49:53.377Z - [32minfo[39m: Synchronizing opened pages list before reload
2026-08-05T13:49:53.397Z - [32minfo[39m: Current opened pages, from most-to-least recent:
2026-08-05T13:49:53.398Z - [32minfo[39m: 1. admin/ip-w2
2026-08-05T13:49:54.417Z - [32minfo[39m: Rebuilding 1 pages
2026-08-05T13:49:55.489Z - [36mverbose[39m: Rendering page: /Users/damithch/Repos/nus-cs2103/cs2103-website-base/admin/ip-w2.md
2026-08-05T13:49:55.523Z - [32minfo[39m: Site data built
2026-08-05T13:49:55.523Z - [32minfo[39m: Pages rebuilt
2026-08-05T13:49:55.523Z - [32minfo[39m: Website regeneration complete! Total build time: 1.111s
2026-08-05T13:50:43.656Z - [32minfo[39m: [21:50:43] Reload for file change: /Users/damithch/Repos/nus-cs2103/cs2103-website-base/projectDuke/Level-0-fragment.md
2026-08-05T13:50:43.660Z - [32minfo[39m: Synchronizing opened pages list before reload
2026-08-05T13:50:43.662Z - [32minfo[39m: Current opened pages, from most-to-least recent:
2026-08-05T13:50:43.663Z - [32minfo[39m: 1. admin/ip-w2
2026-08-05T13:50:44.671Z - [32minfo[39m: Rebuilding 1 pages
2026-08-05T13:50:45.737Z - [36mverbose[39m: Rendering page: /Users/damithch/Repos/nus-cs2103/cs2103-website-base/admin/ip-w2.md
2026-08-05T13:50:45.771Z - [32minfo[39m: Site data built
2026-08-05T13:50:45.771Z - [32minfo[39m: Pages rebuilt
2026-08-05T13:50:45.771Z - [32minfo[39m: Website regeneration complete! Total build time: 1.105s
2026-08-05T13:53:42.244Z - [32minfo[39m: [21:53:42] Reload for file change: /Users/damithch/Repos/nus-cs2103/cs2103-website-base/projectDuke/Level-0-fragment.md
2026-08-05T13:53:42.247Z - [32minfo[39m: Synchronizing opened pages list before reload
2026-08-05T13:53:42.248Z - [32minfo[39m: Current opened pages, from most-to-least recent:
2026-08-05T13:53:42.248Z - [32minfo[39m: 1. admin/ip-w2
2026-08-05T13:53:43.252Z - [32minfo[39m: Rebuilding 1 pages
2026-08-05T13:53:44.317Z - [36mverbose[39m: Rendering page: /Users/damithch/Repos/nus-cs2103/cs2103-website-base/admin/ip-w2.md
2026-08-05T13:53:44.351Z - [32minfo[39m: Site data built
2026-08-05T13:53:44.351Z - [32minfo[39m: Pages rebuilt
2026-08-05T13:53:44.351Z - [32minfo[39m: Website regeneration complete! Total build time: 1.102s
2026-08-05T13:54:20.427Z - [32minfo[39m: [21:54:20] Reload for file change: /Users/damithch/Repos/nus-cs2103/cs2103-website-base/projectDuke/Level-0-fragment.md
2026-08-05T13:54:20.429Z - [32minfo[39m: Synchronizing opened pages list before reload
2026-08-05T13:54:20.431Z - [32minfo[39m: Current opened pages, from most-to-least recent:
2026-08-05T13:54:20.431Z - [32minfo[39m: 1. admin/ip-w2
2026-08-05T13:54:21.452Z - [32minfo[39m: Rebuilding 1 pages
2026-08-05T13:54:22.527Z - [36mverbose[39m: Rendering page: /Users/damithch/Repos/nus-cs2103/cs2103-website-base/admin/ip-w2.md
2026-08-05T13:54:22.560Z - [32minfo[39m: Site data built
2026-08-05T13:54:22.560Z - [32minfo[39m: Pages rebuilt
2026-08-05T13:54:22.560Z - [32minfo[39m: Website regeneration complete! Total build time: 1.123s
2026-08-05T13:54:56.035Z - [32minfo[39m: [21:54:56] Reload for file change: /Users/damithch/Repos/nus-cs2103/cs2103-website-base/projectDuke/Level-0-fragment.md
2026-08-05T13:54:56.038Z - [32minfo[39m: Synchronizing opened pages list before reload
2026-08-05T13:54:56.041Z - [32minfo[39m: Current opened pages, from most-to-least recent:
2026-08-05T13:54:56.041Z - [32minfo[39m: 1. admin/ip-w2
2026-08-05T13:54:57.043Z - [32minfo[39m: Rebuilding 1 pages
2026-08-05T13:54:58.029Z - [36mverbose[39m: Rendering page: /Users/damithch/Repos/nus-cs2103/cs2103-website-base/admin/ip-w2.md
2026-08-05T13:54:58.060Z - [32minfo[39m: Site data built
2026-08-05T13:54:58.060Z - [32minfo[39m: Pages rebuilt
2026-08-05T13:54:58.060Z - [32minfo[39m: Website regeneration complete! Total build time: 1.018s
2026-08-05T13:55:16.920Z - [32minfo[39m: Building /Users/damithch/Repos/nus-cs2103/cs2103-website-base/projectDuke/index as some of its dependencies were changed since the last visit
2026-08-05T13:55:17.268Z - [36mverbose[39m: Rendering page: /Users/damithch/Repos/nus-cs2103/cs2103-website-base/projectDuke/index.md
2026-08-05T13:55:17.304Z - [32minfo[39m: Site data built
2026-08-05T13:55:17.304Z - [32minfo[39m: Lazy website regeneration complete! Total build time: 0.385s
2026-08-05T13:56:30.681Z - [32minfo[39m: [21:56:30] Reload for file change: /Users/damithch/Repos/nus-cs2103/cs2103-website-base/projectDuke/Level-0-fragment.md
2026-08-05T13:56:30.683Z - [32minfo[39m: Synchronizing opened pages list before reload
2026-08-05T13:56:30.685Z - [32minfo[39m: Current opened pages, from most-to-least recent:
2026-08-05T13:56:30.686Z - [32minfo[39m: 1. projectDuke/index
2026-08-05T13:56:31.699Z - [32minfo[39m: Rebuilding 1 pages
2026-08-05T13:56:32.119Z - [36mverbose[39m: Rendering page: /Users/damithch/Repos/nus-cs2103/cs2103-website-base/projectDuke/index.md
2026-08-05T13:56:32.158Z - [32minfo[39m: Site data built
2026-08-05T13:56:32.158Z - [32minfo[39m: Pages rebuilt
2026-08-05T13:56:32.158Z - [32minfo[39m: Website regeneration complete! Total build time: 0.466s
2026-08-05T14:03:57.534Z - [32minfo[39m: [22:03:57] Reload for file change: /Users/damithch/Repos/nus-cs2103/cs2103-website-base/common/macros.njk
2026-08-05T14:03:57.551Z - [32minfo[39m: Synchronizing opened pages list before reload
2026-08-05T14:03:57.560Z - [32minfo[39m: Current opened pages, from most-to-least recent:
2026-08-05T14:03:57.561Z - [32minfo[39m: 1. projectDuke/index
2026-08-05T14:03:58.818Z - [32minfo[39m: Rebuilding 1 pages
2026-08-05T14:03:59.140Z - [36mverbose[39m: Rendering page: /Users/damithch/Repos/nus-cs2103/cs2103-website-base/projectDuke/index.md
2026-08-05T14:03:59.195Z - [32minfo[39m: Site data built
2026-08-05T14:03:59.195Z - [32minfo[39m: Pages rebuilt
2026-08-05T14:03:59.195Z - [32minfo[39m: Website regeneration complete! Total build time: 0.383s
2026-08-05T14:05:11.615Z - [32minfo[39m: [22:05:11] Reload for file change: /Users/damithch/Repos/nus-cs2103/cs2103-website-base/common/macros.njk
2026-08-05T14:05:11.617Z - [32minfo[39m: Synchronizing opened pages list before reload
2026-08-05T14:05:11.618Z - [32minfo[39m: Current opened pages, from most-to-least recent:
2026-08-05T14:05:11.618Z - [32minfo[39m: 1. projectDuke/index
2026-08-05T14:05:12.653Z - [33mwarn[39m: Template render error: (/Users/damithch/Repos/nus-cs2103/cs2103-website-base/_markbind/layouts/admin-layout.md)
  Template render error: (/Users/damithch/Repos/nus-cs2103/cs2103-website-base/_markbind/layouts/admin-layout.md)
  Template render error: (/Users/damithch/Repos/nus-cs2103/cs2103-website-base/_markbind/layouts/header.md)
  Template render error: (/Users/damithch/Repos/nus-cs2103/cs2103-website-base/_markbind/layouts/admin-layout.md)
  Template render error: (/Users/damithch/Repos/nus-cs2103/cs2103-website-base/_markbind/layouts/header.md)
  TypeError: Cannot read properties of undefined (reading 'children')
    at Object._prettifyError (/opt/homebrew/lib/node_modules/markbind-cli/node_modules/nunjucks/src/lib.js:32:11)
    at file:///opt/homebrew/lib/node_modules/markbind-cli/node_modules/@markbind/core/src/patches/nunjucks/context-overrides-frame.js:336:23
    at Template.root [as rootRenderFunc] (eval at _compile (/opt/homebrew/lib/node_modules/markbind-cli/node_modules/nunjucks/src/environment.js:527:18), <anonymous>:101:3)
    at Template.render (file:///opt/homebrew/lib/node_modules/markbind-cli/node_modules/@markbind/core/src/patches/nunjucks/context-overrides-frame.js:326:10)
    at file:///opt/homebrew/lib/node_modules/markbind-cli/node_modules/@markbind/core/src/patches/nunjucks/context-overrides-frame.js:55:31
    at createTemplate (file:///opt/homebrew/lib/node_modules/markbind-cli/node_modules/@markbind/core/src/patches/nunjucks/load-event.js:110:13)
    at handle (file:///opt/homebrew/lib/node_modules/markbind-cli/node_modules/@markbind/core/src/patches/nunjucks/load-event.js:123:17)
    at file:///opt/homebrew/lib/node_modules/markbind-cli/node_modules/@markbind/core/src/patches/nunjucks/load-event.js:134:13
    at next (/opt/homebrew/lib/node_modules/markbind-cli/node_modules/nunjucks/src/lib.js:258:7)
    at Object.asyncIter (/opt/homebrew/lib/node_modules/markbind-cli/node_modules/nunjucks/src/lib.js:263:3)
2026-08-05T14:05:30.676Z - [32minfo[39m: [22:05:30] Reload for file change: /Users/damithch/Repos/nus-cs2103/cs2103-website-base/common/macros.njk
2026-08-05T14:05:30.681Z - [32minfo[39m: Synchronizing opened pages list before reload
2026-08-05T14:05:30.681Z - [32minfo[39m: No pages are currently opened
2026-08-05T14:05:31.686Z - [32minfo[39m: No pages needed to be rebuilt
2026-08-05T14:05:35.408Z - [32minfo[39m: Building /Users/damithch/Repos/nus-cs2103/cs2103-website-base/projectDuke/index as some of its dependencies were changed since the last visit
2026-08-05T14:05:35.688Z - [36mverbose[39m: Rendering page: /Users/damithch/Repos/nus-cs2103/cs2103-website-base/projectDuke/index.md
2026-08-05T14:05:35.692Z - [32minfo[39m: Site data built
2026-08-05T14:05:35.692Z - [32minfo[39m: Lazy website regeneration complete! Total build time: 0.284s
2026-08-05T14:05:47.130Z - [32minfo[39m: Website generation (lazy) started at 22:05:47
2026-08-05T14:05:47.615Z - [32minfo[39m: Building assets...
2026-08-05T14:05:47.989Z - [32minfo[39m: Assets built
2026-08-05T14:05:47.990Z - [32minfo[39m: Generating landing page...
2026-08-05T14:05:48.251Z - [36mverbose[39m: Rendering page: /Users/damithch/Repos/nus-cs2103/cs2103-website-base/index.md
2026-08-05T14:05:48.282Z - [32minfo[39m: Landing page built, other pages will be built as you navigate to them!
2026-08-05T14:05:48.363Z - [32minfo[39m: Site data built
2026-08-05T14:05:48.363Z - [32minfo[39m: Website generation (lazy) complete! Total build time: 1.27s
2026-08-05T14:05:48.374Z - [32minfo[39m: Serving "/Users/damithch/Repos/nus-cs2103/cs2103-website-base/_site" at http://127.0.0.1:8080
2026-08-05T14:05:48.374Z - [32minfo[39m: Press CTRL+C to stop ...
2026-08-05T14:05:52.262Z - [32minfo[39m: Building /Users/damithch/Repos/nus-cs2103/cs2103-website-base/projectDuke/index as some of its dependencies were changed since the last visit
2026-08-05T14:05:52.642Z - [36mverbose[39m: Rendering page: /Users/damithch/Repos/nus-cs2103/cs2103-website-base/projectDuke/index.md
2026-08-05T14:05:52.680Z - [32minfo[39m: Site data built
2026-08-05T14:05:52.680Z - [32minfo[39m: Lazy website regeneration complete! Total build time: 0.42s
2026-08-05T14:07:20.869Z - [32minfo[39m: [22:07:20] Reload for file change: /Users/damithch/Repos/nus-cs2103/cs2103-website-base/_markbind/variables.md
2026-08-05T14:07:20.878Z - [32minfo[39m: Synchronizing opened pages list before reload
2026-08-05T14:07:20.884Z - [32minfo[39m: Current opened pages, from most-to-least recent:
2026-08-05T14:07:20.884Z - [32minfo[39m: 1. projectDuke/index
2026-08-05T14:07:21.960Z - [33mwarn[39m: Rebuilding all pages as variables file was changed, or the --force-reload flag was set
2026-08-05T14:07:21.963Z - [32minfo[39m: Rebuilding 1 pages
2026-08-05T14:07:22.294Z - [36mverbose[39m: Rendering page: /Users/damithch/Repos/nus-cs2103/cs2103-website-base/projectDuke/index.md
2026-08-05T14:07:22.334Z - [32minfo[39m: Site data built
2026-08-05T14:07:22.334Z - [32minfo[39m: Pages rebuilt
2026-08-05T14:07:22.334Z - [32minfo[39m: Website regeneration complete! Total build time: 0.417s
2026-08-05T14:07:50.357Z - [32minfo[39m: [22:07:50] Reload for file change: /Users/damithch/Repos/nus-cs2103/cs2103-website-base/_markbind/variables.md
2026-08-05T14:07:50.359Z - [32minfo[39m: Synchronizing opened pages list before reload
2026-08-05T14:07:50.361Z - [32minfo[39m: Current opened pages, from most-to-least recent:
2026-08-05T14:07:50.362Z - [32minfo[39m: 1. projectDuke/index
2026-08-05T14:07:51.433Z - [33mwarn[39m: Rebuilding all pages as variables file was changed, or the --force-reload flag was set
2026-08-05T14:07:51.435Z - [32minfo[39m: Rebuilding 1 pages
2026-08-05T14:07:51.778Z - [36mverbose[39m: Rendering page: /Users/damithch/Repos/nus-cs2103/cs2103-website-base/projectDuke/index.md
2026-08-05T14:07:51.825Z - [32minfo[39m: Site data built
2026-08-05T14:07:51.825Z - [32minfo[39m: Pages rebuilt
2026-08-05T14:07:51.825Z - [32minfo[39m: Website regeneration complete! Total build time: 0.453s
2026-08-05T14:08:08.748Z - [32minfo[39m: [22:08:08] Reload for file change: /Users/damithch/Repos/nus-cs2103/cs2103-website-base/_markbind/variables.md
2026-08-05T14:08:08.754Z - [32minfo[39m: Synchronizing opened pages list before reload
2026-08-05T14:08:08.754Z - [32minfo[39m: Current opened pages, from most-to-least recent:
2026-08-05T14:08:08.755Z - [32minfo[39m: 1. projectDuke/index
2026-08-05T14:08:09.814Z - [33mwarn[39m: Rebuilding all pages as variables file was changed, or the --force-reload flag was set
2026-08-05T14:08:09.817Z - [32minfo[39m: Rebuilding 1 pages
2026-08-05T14:08:10.167Z - [36mverbose[39m: Rendering page: /Users/damithch/Repos/nus-cs2103/cs2103-website-base/projectDuke/index.md
2026-08-05T14:08:10.219Z - [32minfo[39m: Site data built
2026-08-05T14:08:10.219Z - [32minfo[39m: Pages rebuilt
2026-08-05T14:08:10.219Z - [32minfo[39m: Website regeneration complete! Total build time: 0.455s
2026-08-05T14:09:38.744Z - [32minfo[39m: [22:09:38] Reload for file change: /Users/damithch/Repos/nus-cs2103/cs2103-website-base/_markbind/variables.md
2026-08-05T14:09:38.746Z - [32minfo[39m: Synchronizing opened pages list before reload
2026-08-05T14:09:38.746Z - [32minfo[39m: Current opened pages, from most-to-least recent:
2026-08-05T14:09:38.747Z - [32minfo[39m: 1. projectDuke/index
2026-08-05T14:09:39.802Z - [33mwarn[39m: Rebuilding all pages as variables file was changed, or the --force-reload flag was set
2026-08-05T14:09:39.803Z - [32minfo[39m: Rebuilding 1 pages
2026-08-05T14:09:40.111Z - [36mverbose[39m: Rendering page: /Users/damithch/Repos/nus-cs2103/cs2103-website-base/projectDuke/index.md
2026-08-05T14:09:40.146Z - [32minfo[39m: Site data built
2026-08-05T14:09:40.146Z - [32minfo[39m: Pages rebuilt
2026-08-05T14:09:40.146Z - [32minfo[39m: Website regeneration complete! Total build time: 0.391s
2026-08-05T14:11:39.130Z - [32minfo[39m: Website generation (lazy) started at 22:11:38
2026-08-05T14:11:39.674Z - [32minfo[39m: Building assets...
2026-08-05T14:11:40.378Z - [32minfo[39m: Assets built
2026-08-05T14:11:40.380Z - [32minfo[39m: Generating landing page...
2026-08-05T14:11:40.884Z - [36mverbose[39m: Rendering page: /Users/damithch/Repos/nus-cs2103/cs2103-website-base/index.md
2026-08-05T14:11:40.921Z - [32minfo[39m: Landing page built, other pages will be built as you navigate to them!
2026-08-05T14:11:41.008Z - [32minfo[39m: Site data built
2026-08-05T14:11:41.008Z - [32minfo[39m: Website generation (lazy) complete! Total build time: 2.208s
2026-08-05T14:11:41.023Z - [32minfo[39m: Serving "/Users/damithch/Repos/nus-cs2103/cs2103-website-base/_site" at http://127.0.0.1:8080
2026-08-05T14:11:41.023Z - [32minfo[39m: Press CTRL+C to stop ...
2026-08-05T14:11:48.219Z - [32minfo[39m: Building /Users/damithch/Repos/nus-cs2103/cs2103-website-base/projectDuke/index as some of its dependencies were changed since the last visit
2026-08-05T14:11:48.637Z - [36mverbose[39m: Rendering page: /Users/damithch/Repos/nus-cs2103/cs2103-website-base/projectDuke/index.md
2026-08-05T14:11:48.675Z - [32minfo[39m: Site data built
2026-08-05T14:11:48.676Z - [32minfo[39m: Lazy website regeneration complete! Total build time: 0.458s
2026-08-05T14:16:52.327Z - [32minfo[39m: [22:16:52] Reload for file change: /Users/damithch/Repos/nus-cs2103/cs2103-website-base/common/macros.njk
2026-08-05T14:16:52.345Z - [32minfo[39m: Synchronizing opened pages list before reload
2026-08-05T14:16:52.349Z - [32minfo[39m: Current opened pages, from most-to-least recent:
2026-08-05T14:16:52.350Z - [32minfo[39m: 1. projectDuke/index
2026-08-05T14:16:52.350Z - [32minfo[39m: 2. index
2026-08-05T14:16:53.511Z - [32minfo[39m: Rebuilding 2 pages
2026-08-05T14:16:53.819Z - [36mverbose[39m: Rendering page: /Users/damithch/Repos/nus-cs2103/cs2103-website-base/projectDuke/index.md
2026-08-05T14:16:53.947Z - [36mverbose[39m: Rendering page: /Users/damithch/Repos/nus-cs2103/cs2103-website-base/index.md
2026-08-05T14:16:53.957Z - [32minfo[39m: Site data built
2026-08-05T14:16:53.957Z - [32minfo[39m: Pages rebuilt
2026-08-05T14:16:53.957Z - [32minfo[39m: Website regeneration complete! Total build time: 0.462s
2026-08-05T14:17:45.637Z - [32minfo[39m: [22:17:45] Reload for file change: /Users/damithch/Repos/nus-cs2103/cs2103-website-base/projectDuke/Level-0-fragment.md
2026-08-05T14:17:45.640Z - [32minfo[39m: Synchronizing opened pages list before reload
2026-08-05T14:17:45.641Z - [32minfo[39m: Current opened pages, from most-to-least recent:
2026-08-05T14:17:45.641Z - [32minfo[39m: 1. projectDuke/index
2026-08-05T14:17:46.648Z - [32minfo[39m: Rebuilding 1 pages
2026-08-05T14:17:46.990Z - [36mverbose[39m: Rendering page: /Users/damithch/Repos/nus-cs2103/cs2103-website-base/projectDuke/index.md
2026-08-05T14:17:47.028Z - [32minfo[39m: Site data built
2026-08-05T14:17:47.029Z - [32minfo[39m: Pages rebuilt
2026-08-05T14:17:47.029Z - [32minfo[39m: Website regeneration complete! Total build time: 0.385s
2026-08-05T14:23:03.798Z - [32minfo[39m: [22:23:03] Reload for file change: /Users/damithch/Repos/nus-cs2103/cs2103-website-base/_markbind/layouts/admin-layout.md
2026-08-05T14:23:03.810Z - [32minfo[39m: Synchronizing opened pages list before reload
2026-08-05T14:23:03.815Z - [32minfo[39m: Current opened pages, from most-to-least recent:
2026-08-05T14:23:03.816Z - [32minfo[39m: 1. projectDuke/index
2026-08-05T14:23:05.044Z - [32minfo[39m: No pages needed to be rebuilt
2026-08-05T14:24:00.943Z - [32minfo[39m: Website generation (lazy) started at 22:24:00
2026-08-05T14:24:01.425Z - [32minfo[39m: Building assets...
2026-08-05T14:24:01.819Z - [32minfo[39m: Assets built
2026-08-05T14:24:01.819Z - [32minfo[39m: Generating landing page...
2026-08-05T14:24:02.077Z - [36mverbose[39m: Rendering page: /Users/damithch/Repos/nus-cs2103/cs2103-website-base/index.md
2026-08-05T14:24:02.121Z - [32minfo[39m: Landing page built, other pages will be built as you navigate to them!
2026-08-05T14:24:02.215Z - [32minfo[39m: Site data built
2026-08-05T14:24:02.215Z - [32minfo[39m: Website generation (lazy) complete! Total build time: 1.468s
2026-08-05T14:24:02.226Z - [32minfo[39m: Serving "/Users/damithch/Repos/nus-cs2103/cs2103-website-base/_site" at http://127.0.0.1:8080
2026-08-05T14:24:02.226Z - [32minfo[39m: Press CTRL+C to stop ...
2026-08-05T14:24:14.534Z - [32minfo[39m: Building /Users/damithch/Repos/nus-cs2103/cs2103-website-base/projectDuke/index as some of its dependencies were changed since the last visit
2026-08-05T14:24:14.975Z - [36mverbose[39m: Rendering page: /Users/damithch/Repos/nus-cs2103/cs2103-website-base/projectDuke/index.md
2026-08-05T14:24:15.013Z - [32minfo[39m: Site data built
2026-08-05T14:24:15.013Z - [32minfo[39m: Lazy website regeneration complete! Total build time: 0.48s
2026-08-05T14:25:39.440Z - [32minfo[39m: Building /Users/damithch/Repos/nus-cs2103/cs2103-website-base/admin/ip-w2 as some of its dependencies were changed since the last visit
2026-08-05T14:25:40.562Z - [36mverbose[39m: Rendering page: /Users/damithch/Repos/nus-cs2103/cs2103-website-base/admin/ip-w2.md
2026-08-05T14:25:40.597Z - [32minfo[39m: Site data built
2026-08-05T14:25:40.597Z - [32minfo[39m: Lazy website regeneration complete! Total build time: 1.158s
2026-08-05T14:27:39.071Z - [32minfo[39m: [22:27:39] Reload for file change: /Users/damithch/Repos/nus-cs2103/cs2103-website-base/projectDuke/index.md
2026-08-05T14:27:39.081Z - [32minfo[39m: Synchronizing opened pages list before reload
2026-08-05T14:27:39.087Z - [32minfo[39m: Current opened pages, from most-to-least recent:
2026-08-05T14:27:39.088Z - [32minfo[39m: 1. admin/ip-w2
2026-08-05T14:27:40.099Z - [32minfo[39m: No pages needed to be rebuilt
2026-08-05T14:27:53.057Z - [32minfo[39m: Building /Users/damithch/Repos/nus-cs2103/cs2103-website-base/admin/ip-overview as some of its dependencies were changed since the last visit
2026-08-05T14:27:53.208Z - [36mverbose[39m: Rendering page: /Users/damithch/Repos/nus-cs2103/cs2103-website-base/admin/ip-overview.md
2026-08-05T14:27:53.229Z - [32minfo[39m: Site data built
2026-08-05T14:27:53.229Z - [32minfo[39m: Lazy website regeneration complete! Total build time: 0.173s
2026-08-05T14:27:55.641Z - [32minfo[39m: Building /Users/damithch/Repos/nus-cs2103/cs2103-website-base/projectDuke/index as some of its dependencies were changed since the last visit
2026-08-05T14:27:55.934Z - [36mverbose[39m: Rendering page: /Users/damithch/Repos/nus-cs2103/cs2103-website-base/projectDuke/index.md
2026-08-05T14:27:55.974Z - [32minfo[39m: Site data built
2026-08-05T14:27:55.974Z - [32minfo[39m: Lazy website regeneration complete! Total build time: 0.333s
2026-08-05T14:28:48.926Z - [32minfo[39m: [22:28:48] Reload for file change: /Users/damithch/Repos/nus-cs2103/cs2103-website-base/projectDuke/Level-0-fragment.md
2026-08-05T14:28:48.928Z - [32minfo[39m: Synchronizing opened pages list before reload
2026-08-05T14:28:48.928Z - [32minfo[39m: Current opened pages, from most-to-least recent:
2026-08-05T14:28:48.929Z - [32minfo[39m: 1. projectDuke/index
2026-08-05T14:28:49.942Z - [32minfo[39m: Rebuilding 1 pages
2026-08-05T14:28:50.307Z - [36mverbose[39m: Rendering page: /Users/damithch/Repos/nus-cs2103/cs2103-website-base/projectDuke/index.md
2026-08-05T14:28:50.354Z - [32minfo[39m: Site data built
2026-08-05T14:28:50.354Z - [32minfo[39m: Pages rebuilt
2026-08-05T14:28:50.354Z - [32minfo[39m: Website regeneration complete! Total build time: 0.416s
2026-08-05T14:28:57.375Z - [32minfo[39m: [22:28:57] Reload for file change: /Users/damithch/Repos/nus-cs2103/cs2103-website-base/common/macros.njk
2026-08-05T14:28:57.376Z - [32minfo[39m: Synchronizing opened pages list before reload
2026-08-05T14:28:57.377Z - [32minfo[39m: Current opened pages, from most-to-least recent:
2026-08-05T14:28:57.378Z - [32minfo[39m: 1. projectDuke/index
2026-08-05T14:28:58.480Z - [32minfo[39m: Rebuilding 1 pages
2026-08-05T14:28:58.713Z - [36mverbose[39m: Rendering page: /Users/damithch/Repos/nus-cs2103/cs2103-website-base/projectDuke/index.md
2026-08-05T14:28:58.746Z - [32minfo[39m: Site data built
2026-08-05T14:28:58.746Z - [32minfo[39m: Pages rebuilt
2026-08-05T14:28:58.746Z - [32minfo[39m: Website regeneration complete! Total build time: 0.267s
2026-08-05T14:33:24.956Z - [32minfo[39m: [22:33:24] Reload for file change: /Users/damithch/Repos/nus-cs2103/cs2103-website-base/css/main.css
2026-08-05T14:33:24.965Z - [32minfo[39m: Synchronizing opened pages list before reload
2026-08-05T14:33:24.969Z - [32minfo[39m: Current opened pages, from most-to-least recent:
2026-08-05T14:33:24.970Z - [32minfo[39m: 1. projectDuke/index
2026-08-05T14:33:26.008Z - [32minfo[39m: Assets built
2026-08-05T14:37:19.802Z - [32minfo[39m: [22:37:19] Reload for file change: /Users/damithch/Repos/nus-cs2103/cs2103-website-base/projectDuke/Level-3-fragment.md
2026-08-05T14:37:19.812Z - [32minfo[39m: Synchronizing opened pages list before reload
2026-08-05T14:37:19.815Z - [32minfo[39m: Current opened pages, from most-to-least recent:
2026-08-05T14:37:19.816Z - [32minfo[39m: 1. projectDuke/index
2026-08-05T14:37:20.846Z - [32minfo[39m: Rebuilding 1 pages
2026-08-05T14:37:21.224Z - [36mverbose[39m: Rendering page: /Users/damithch/Repos/nus-cs2103/cs2103-website-base/projectDuke/index.md
2026-08-05T14:37:21.280Z - [32minfo[39m: Site data built
2026-08-05T14:37:21.280Z - [32minfo[39m: Pages rebuilt
2026-08-05T14:37:21.280Z - [32minfo[39m: Website regeneration complete! Total build time: 0.456s
2026-08-05T14:39:02.921Z - [32minfo[39m: [22:39:02] Reload for file change: /Users/damithch/Repos/nus-cs2103/cs2103-website-base/projectDuke/Level-3-fragment.md
2026-08-05T14:39:02.925Z - [32minfo[39m: Synchronizing opened pages list before reload
2026-08-05T14:39:02.927Z - [32minfo[39m: Current opened pages, from most-to-least recent:
2026-08-05T14:39:02.928Z - [32minfo[39m: 1. projectDuke/index
2026-08-05T14:39:03.940Z - [32minfo[39m: Rebuilding 1 pages
2026-08-05T14:39:04.285Z - [36mverbose[39m: Rendering page: /Users/damithch/Repos/nus-cs2103/cs2103-website-base/projectDuke/index.md
2026-08-05T14:39:04.325Z - [32minfo[39m: Site data built
2026-08-05T14:39:04.325Z - [32minfo[39m: Pages rebuilt
2026-08-05T14:39:04.325Z - [32minfo[39m: Website regeneration complete! Total build time: 0.39s
2026-08-05T14:39:23.497Z - [32minfo[39m: [22:39:23] Reload for file change: /Users/damithch/Repos/nus-cs2103/cs2103-website-base/projectDuke/Level-3-fragment.md
2026-08-05T14:39:23.502Z - [32minfo[39m: Synchronizing opened pages list before reload
2026-08-05T14:39:23.505Z - [32minfo[39m: Current opened pages, from most-to-least recent:
2026-08-05T14:39:23.507Z - [32minfo[39m: 1. projectDuke/index
2026-08-05T14:39:24.514Z - [32minfo[39m: Rebuilding 1 pages
2026-08-05T14:39:24.844Z - [36mverbose[39m: Rendering page: /Users/damithch/Repos/nus-cs2103/cs2103-website-base/projectDuke/index.md
2026-08-05T14:39:24.882Z - [32minfo[39m: Site data built
2026-08-05T14:39:24.882Z - [32minfo[39m: Pages rebuilt
2026-08-05T14:39:24.882Z - [32minfo[39m: Website regeneration complete! Total build time: 0.372s
2026-08-05T15:15:12.132Z - [32minfo[39m: [23:15:12] Reload for file change: /Users/damithch/Repos/nus-cs2103/cs2103-website-base/projectDuke/Level-4-fragment.md
2026-08-05T15:15:12.144Z - [32minfo[39m: Synchronizing opened pages list before reload
2026-08-05T15:15:12.148Z - [32minfo[39m: Current opened pages, from most-to-least recent:
2026-08-05T15:15:12.149Z - [32minfo[39m: 1. projectDuke/index
2026-08-05T15:15:13.219Z - [32minfo[39m: Rebuilding 1 pages
2026-08-05T15:15:13.643Z - [36mverbose[39m: Rendering page: /Users/damithch/Repos/nus-cs2103/cs2103-website-base/projectDuke/index.md
2026-08-05T15:15:13.681Z - [32minfo[39m: Site data built
2026-08-05T15:15:13.681Z - [32minfo[39m: Pages rebuilt
2026-08-05T15:15:13.681Z - [32minfo[39m: Website regeneration complete! Total build time: 0.521s
2026-08-05T15:16:20.668Z - [32minfo[39m: [23:16:20] Reload for file change: /Users/damithch/Repos/nus-cs2103/cs2103-website-base/projectDuke/Level-5-fragment.md
2026-08-05T15:16:20.671Z - [32minfo[39m: Synchronizing opened pages list before reload
2026-08-05T15:16:20.674Z - [32minfo[39m: Current opened pages, from most-to-least recent:
2026-08-05T15:16:20.674Z - [32minfo[39m: 1. projectDuke/index
2026-08-05T15:16:21.682Z - [32minfo[39m: Rebuilding 1 pages
2026-08-05T15:16:22.030Z - [36mverbose[39m: Rendering page: /Users/damithch/Repos/nus-cs2103/cs2103-website-base/projectDuke/index.md
2026-08-05T15:16:22.068Z - [32minfo[39m: Site data built
2026-08-05T15:16:22.068Z - [32minfo[39m: Pages rebuilt
2026-08-05T15:16:22.068Z - [32minfo[39m: Website regeneration complete! Total build time: 0.392s
2026-08-05T15:18:13.449Z - [32minfo[39m: [23:18:13] Reload for file change: /Users/damithch/Repos/nus-cs2103/cs2103-website-base/projectDuke/text.md
2026-08-05T15:18:13.455Z - [32minfo[39m: Synchronizing opened pages list before reload
2026-08-05T15:18:13.456Z - [32minfo[39m: Current opened pages, from most-to-least recent:
2026-08-05T15:18:13.456Z - [32minfo[39m: 1. projectDuke/index
2026-08-05T15:18:14.476Z - [32minfo[39m: Rebuilding 1 pages
2026-08-05T15:18:14.839Z - [36mverbose[39m: Rendering page: /Users/damithch/Repos/nus-cs2103/cs2103-website-base/projectDuke/index.md
2026-08-05T15:18:14.882Z - [32minfo[39m: Site data built
2026-08-05T15:18:14.883Z - [32minfo[39m: Pages rebuilt
2026-08-05T15:18:14.883Z - [32minfo[39m: Website regeneration complete! Total build time: 0.424s
2026-08-05T15:19:39.595Z - [32minfo[39m: [23:19:39] Reload for file change: /Users/damithch/Repos/nus-cs2103/cs2103-website-base/projectDuke/extensions-fragment.md
2026-08-05T15:19:39.596Z - [32minfo[39m: Synchronizing opened pages list before reload
2026-08-05T15:19:39.597Z - [32minfo[39m: Current opened pages, from most-to-least recent:
2026-08-05T15:19:39.598Z - [32minfo[39m: 1. projectDuke/index
2026-08-05T15:19:40.607Z - [32minfo[39m: Rebuilding 1 pages
2026-08-05T15:19:40.932Z - [36mverbose[39m: Rendering page: /Users/damithch/Repos/nus-cs2103/cs2103-website-base/projectDuke/index.md
2026-08-05T15:19:40.970Z - [32minfo[39m: Site data built
2026-08-05T15:19:40.970Z - [32minfo[39m: Pages rebuilt
2026-08-05T15:19:40.970Z - [32minfo[39m: Website regeneration complete! Total build time: 0.372s
2026-08-05T15:20:19.632Z - [32minfo[39m: [23:20:19] Reload for file change: /Users/damithch/Repos/nus-cs2103/cs2103-website-base/projectDuke/extensions-fragment.md
2026-08-05T15:20:19.635Z - [32minfo[39m: Synchronizing opened pages list before reload
2026-08-05T15:20:19.636Z - [32minfo[39m: Current opened pages, from most-to-least recent:
2026-08-05T15:20:19.636Z - [32minfo[39m: 1. projectDuke/index
2026-08-05T15:20:20.643Z - [32minfo[39m: Rebuilding 1 pages
2026-08-05T15:20:20.991Z - [36mverbose[39m: Rendering page: /Users/damithch/Repos/nus-cs2103/cs2103-website-base/projectDuke/index.md
2026-08-05T15:20:21.044Z - [32minfo[39m: Site data built
2026-08-05T15:20:21.044Z - [32minfo[39m: Pages rebuilt
2026-08-05T15:20:21.044Z - [32minfo[39m: Website regeneration complete! Total build time: 0.404s
2026-08-05T15:20:38.271Z - [32minfo[39m: [23:20:38] Reload for file change: /Users/damithch/Repos/nus-cs2103/cs2103-website-base/projectDuke/extensions-fragment.md
2026-08-05T15:20:38.274Z - [32minfo[39m: Synchronizing opened pages list before reload
2026-08-05T15:20:38.276Z - [32minfo[39m: Current opened pages, from most-to-least recent:
2026-08-05T15:20:38.277Z - [32minfo[39m: 1. projectDuke/index
2026-08-05T15:20:39.285Z - [32minfo[39m: Rebuilding 1 pages
2026-08-05T15:20:39.624Z - [36mverbose[39m: Rendering page: /Users/damithch/Repos/nus-cs2103/cs2103-website-base/projectDuke/index.md
2026-08-05T15:20:39.664Z - [32minfo[39m: Site data built
2026-08-05T15:20:39.664Z - [32minfo[39m: Pages rebuilt
2026-08-05T15:20:39.664Z - [32minfo[39m: Website regeneration complete! Total build time: 0.385s
2026-08-05T15:21:16.267Z - [32minfo[39m: [23:21:16] Reload for file change: /Users/damithch/Repos/nus-cs2103/cs2103-website-base/projectDuke/extensions-fragment.md
2026-08-05T15:21:16.271Z - [32minfo[39m: Synchronizing opened pages list before reload
2026-08-05T15:21:16.272Z - [32minfo[39m: Current opened pages, from most-to-least recent:
2026-08-05T15:21:16.272Z - [32minfo[39m: 1. projectDuke/index
2026-08-05T15:21:17.281Z - [32minfo[39m: Rebuilding 1 pages
2026-08-05T15:21:17.599Z - [36mverbose[39m: Rendering page: /Users/damithch/Repos/nus-cs2103/cs2103-website-base/projectDuke/index.md
2026-08-05T15:21:17.637Z - [32minfo[39m: Site data built
2026-08-05T15:21:17.637Z - [32minfo[39m: Pages rebuilt
2026-08-05T15:21:17.637Z - [32minfo[39m: Website regeneration complete! Total build time: 0.363s
2026-08-05T15:22:23.891Z - [32minfo[39m: [23:22:23] Reload for file change: /Users/damithch/Repos/nus-cs2103/cs2103-website-base/projectDuke/extensions-fragment.md
2026-08-05T15:22:23.894Z - [32minfo[39m: Synchronizing opened pages list before reload
2026-08-05T15:22:23.894Z - [32minfo[39m: Current opened pages, from most-to-least recent:
2026-08-05T15:22:23.894Z - [32minfo[39m: 1. projectDuke/index
2026-08-05T15:22:24.901Z - [32minfo[39m: Rebuilding 1 pages
2026-08-05T15:22:25.248Z - [36mverbose[39m: Rendering page: /Users/damithch/Repos/nus-cs2103/cs2103-website-base/projectDuke/index.md
2026-08-05T15:22:25.286Z - [32minfo[39m: Site data built
2026-08-05T15:22:25.286Z - [32minfo[39m: Pages rebuilt
2026-08-05T15:22:25.286Z - [32minfo[39m: Website regeneration complete! Total build time: 0.39s
2026-08-05T15:22:58.974Z - [32minfo[39m: [23:22:58] Reload for file change: /Users/damithch/Repos/nus-cs2103/cs2103-website-base/projectDuke/extensions-fragment.md
2026-08-05T15:22:58.984Z - [32minfo[39m: Synchronizing opened pages list before reload
2026-08-05T15:22:58.987Z - [32minfo[39m: Current opened pages, from most-to-least recent:
2026-08-05T15:22:58.987Z - [32minfo[39m: 1. projectDuke/index
2026-08-05T15:23:00.015Z - [32minfo[39m: Rebuilding 1 pages
2026-08-05T15:23:00.347Z - [36mverbose[39m: Rendering page: /Users/damithch/Repos/nus-cs2103/cs2103-website-base/projectDuke/index.md
2026-08-05T15:23:00.383Z - [32minfo[39m: Site data built
2026-08-05T15:23:00.383Z - [32minfo[39m: Pages rebuilt
2026-08-05T15:23:00.383Z - [32minfo[39m: Website regeneration complete! Total build time: 0.389s
2026-08-05T15:23:27.282Z - [32minfo[39m: [23:23:27] Reload for file change: /Users/damithch/Repos/nus-cs2103/cs2103-website-base/projectDuke/extensions-fragment.md
2026-08-05T15:23:27.282Z - [32minfo[39m: Synchronizing opened pages list before reload
2026-08-05T15:23:27.283Z - [32minfo[39m: Current opened pages, from most-to-least recent:
2026-08-05T15:23:27.283Z - [32minfo[39m: 1. projectDuke/index
2026-08-05T15:23:28.290Z - [32minfo[39m: Rebuilding 1 pages
2026-08-05T15:23:28.615Z - [36mverbose[39m: Rendering page: /Users/damithch/Repos/nus-cs2103/cs2103-website-base/projectDuke/index.md
2026-08-05T15:23:28.654Z - [32minfo[39m: Site data built
2026-08-05T15:23:28.654Z - [32minfo[39m: Pages rebuilt
2026-08-05T15:23:28.654Z - [32minfo[39m: Website regeneration complete! Total build time: 0.367s
2026-08-05T15:24:09.933Z - [32minfo[39m: [23:24:09] Reload for file change: /Users/damithch/Repos/nus-cs2103/cs2103-website-base/projectDuke/extensions-fragment.md
2026-08-05T15:24:09.936Z - [32minfo[39m: Synchronizing opened pages list before reload
2026-08-05T15:24:09.937Z - [32minfo[39m: Current opened pages, from most-to-least recent:
2026-08-05T15:24:09.937Z - [32minfo[39m: 1. projectDuke/index
2026-08-05T15:24:10.945Z - [32minfo[39m: Rebuilding 1 pages
2026-08-05T15:24:11.289Z - [36mverbose[39m: Rendering page: /Users/damithch/Repos/nus-cs2103/cs2103-website-base/projectDuke/index.md
2026-08-05T15:24:11.333Z - [32minfo[39m: Site data built
2026-08-05T15:24:11.333Z - [32minfo[39m: Pages rebuilt
2026-08-05T15:24:11.333Z - [32minfo[39m: Website regeneration complete! Total build time: 0.395s
2026-08-05T15:24:36.603Z - [32minfo[39m: [23:24:36] Reload for file change: /Users/damithch/Repos/nus-cs2103/cs2103-website-base/projectDuke/extensions-fragment.md
2026-08-05T15:24:36.604Z - [32minfo[39m: Synchronizing opened pages list before reload
2026-08-05T15:24:36.605Z - [32minfo[39m: Current opened pages, from most-to-least recent:
2026-08-05T15:24:36.605Z - [32minfo[39m: 1. projectDuke/index
2026-08-05T15:24:37.619Z - [32minfo[39m: Rebuilding 1 pages
2026-08-05T15:24:38.015Z - [36mverbose[39m: Rendering page: /Users/damithch/Repos/nus-cs2103/cs2103-website-base/projectDuke/index.md
2026-08-05T15:24:38.054Z - [32minfo[39m: Site data built
2026-08-05T15:24:38.054Z - [32minfo[39m: Pages rebuilt
2026-08-05T15:24:38.054Z - [32minfo[39m: Website regeneration complete! Total build time: 0.44s
2026-08-05T15:25:15.733Z - [32minfo[39m: [23:25:15] Reload for file change: /Users/damithch/Repos/nus-cs2103/cs2103-website-base/projectDuke/extensions-fragment.md
2026-08-05T15:25:15.737Z - [32minfo[39m: Synchronizing opened pages list before reload
2026-08-05T15:25:15.740Z - [32minfo[39m: Current opened pages, from most-to-least recent:
2026-08-05T15:25:15.741Z - [32minfo[39m: 1. projectDuke/index
2026-08-05T15:25:16.754Z - [32minfo[39m: Rebuilding 1 pages
2026-08-05T15:25:17.098Z - [36mverbose[39m: Rendering page: /Users/damithch/Repos/nus-cs2103/cs2103-website-base/projectDuke/index.md
2026-08-05T15:25:17.136Z - [32minfo[39m: Site data built
2026-08-05T15:25:17.136Z - [32minfo[39m: Pages rebuilt
2026-08-05T15:25:17.136Z - [32minfo[39m: Website regeneration complete! Total build time: 0.391s
2026-08-05T15:25:57.355Z - [32minfo[39m: [23:25:57] Reload for file change: /Users/damithch/Repos/nus-cs2103/cs2103-website-base/projectDuke/extensions-fragment.md
2026-08-05T15:25:57.356Z - [32minfo[39m: Synchronizing opened pages list before reload
2026-08-05T15:25:57.357Z - [32minfo[39m: Current opened pages, from most-to-least recent:
2026-08-05T15:25:57.357Z - [32minfo[39m: 1. projectDuke/index
2026-08-05T15:25:58.362Z - [32minfo[39m: Rebuilding 1 pages
2026-08-05T15:25:58.704Z - [36mverbose[39m: Rendering page: /Users/damithch/Repos/nus-cs2103/cs2103-website-base/projectDuke/index.md
2026-08-05T15:25:58.748Z - [32minfo[39m: Site data built
2026-08-05T15:25:58.748Z - [32minfo[39m: Pages rebuilt
2026-08-05T15:25:58.748Z - [32minfo[39m: Website regeneration complete! Total build time: 0.39s
2026-08-05T15:26:13.284Z - [32minfo[39m: [23:26:13] Reload for file change: /Users/damithch/Repos/nus-cs2103/cs2103-website-base/projectDuke/extensions-fragment.md
2026-08-05T15:26:13.285Z - [32minfo[39m: Synchronizing opened pages list before reload
2026-08-05T15:26:13.287Z - [32minfo[39m: Current opened pages, from most-to-least recent:
2026-08-05T15:26:13.288Z - [32minfo[39m: 1. projectDuke/index
2026-08-05T15:26:14.296Z - [32minfo[39m: Rebuilding 1 pages
2026-08-05T15:26:14.615Z - [36mverbose[39m: Rendering page: /Users/damithch/Repos/nus-cs2103/cs2103-website-base/projectDuke/index.md
2026-08-05T15:26:14.652Z - [32minfo[39m: Site data built
2026-08-05T15:26:14.653Z - [32minfo[39m: Pages rebuilt
2026-08-05T15:26:14.653Z - [32minfo[39m: Website regeneration complete! Total build time: 0.363s
2026-08-05T15:27:02.125Z - [32minfo[39m: [23:27:02] Reload for file change: /Users/damithch/Repos/nus-cs2103/cs2103-website-base/projectDuke/extensions-fragment.md
2026-08-05T15:27:02.128Z - [32minfo[39m: Synchronizing opened pages list before reload
2026-08-05T15:27:02.129Z - [32minfo[39m: Current opened pages, from most-to-least recent:
2026-08-05T15:27:02.130Z - [32minfo[39m: 1. projectDuke/index
2026-08-05T15:27:03.141Z - [32minfo[39m: Rebuilding 1 pages
2026-08-05T15:27:03.560Z - [36mverbose[39m: Rendering page: /Users/damithch/Repos/nus-cs2103/cs2103-website-base/projectDuke/index.md
2026-08-05T15:27:03.600Z - [32minfo[39m: Site data built
2026-08-05T15:27:03.600Z - [32minfo[39m: Pages rebuilt
2026-08-05T15:27:03.600Z - [32minfo[39m: Website regeneration complete! Total build time: 0.466s
2026-08-05T15:27:17.815Z - [32minfo[39m: [23:27:17] Reload for file change: /Users/damithch/Repos/nus-cs2103/cs2103-website-base/projectDuke/extensions-fragment.md
2026-08-05T15:27:17.816Z - [32minfo[39m: Synchronizing opened pages list before reload
2026-08-05T15:27:17.816Z - [32minfo[39m: Current opened pages, from most-to-least recent:
2026-08-05T15:27:17.816Z - [32minfo[39m: 1. projectDuke/index
2026-08-05T15:27:18.818Z - [32minfo[39m: Rebuilding 1 pages
2026-08-05T15:27:19.134Z - [36mverbose[39m: Rendering page: /Users/damithch/Repos/nus-cs2103/cs2103-website-base/projectDuke/index.md
2026-08-05T15:27:19.173Z - [32minfo[39m: Site data built
2026-08-05T15:27:19.173Z - [32minfo[39m: Pages rebuilt
2026-08-05T15:27:19.173Z - [32minfo[39m: Website regeneration complete! Total build time: 0.357s
2026-08-05T15:27:53.484Z - [32minfo[39m: Website generation started at 23:27:53
2026-08-05T15:27:54.065Z - [32minfo[39m: Building assets...
2026-08-05T15:27:54.439Z - [32minfo[39m: Assets built
2026-08-05T15:27:54.440Z - [32minfo[39m: Generating pages...
2026-08-05T15:27:57.378Z - [36mverbose[39m: Rendering page: /Users/damithch/Repos/nus-cs2103/cs2103-website-base/admin/appendixA-principles.md
2026-08-05T15:27:57.396Z - [36mverbose[39m: Rendering page: /Users/damithch/Repos/nus-cs2103/cs2103-website-base/admin/appendixB-policies.md
2026-08-05T15:27:57.420Z - [36mverbose[39m: Rendering page: /Users/damithch/Repos/nus-cs2103/cs2103-website-base/admin/acknowledgements.md
2026-08-05T15:27:57.426Z - [36mverbose[39m: Rendering page: /Users/damithch/Repos/nus-cs2103/cs2103-website-base/admin/appendixC-faq.md
2026-08-05T15:28:08.514Z - [34mdebug[39m: 
2026-08-05T15:28:08.515Z - [34mdebug[39m: 
2026-08-05T15:28:08.515Z - [34mdebug[39m: 
2026-08-05T15:28:08.515Z - [34mdebug[39m: 
2026-08-05T15:28:08.515Z - [34mdebug[39m: 
2026-08-05T15:28:08.515Z - [34mdebug[39m: 
2026-08-05T15:28:08.515Z - [34mdebug[39m: 
2026-08-05T15:28:08.515Z - [34mdebug[39m: 
2026-08-05T15:28:08.516Z - [34mdebug[39m: 
2026-08-05T15:28:08.516Z - [34mdebug[39m: 
2026-08-05T15:28:08.516Z - [34mdebug[39m: 
2026-08-05T15:28:08.516Z - [34mdebug[39m: 
2026-08-05T15:28:08.516Z - [34mdebug[39m: 
2026-08-05T15:28:08.516Z - [34mdebug[39m: 
2026-08-05T15:28:08.516Z - [34mdebug[39m: 
2026-08-05T15:28:08.516Z - [34mdebug[39m: 
2026-08-05T15:28:08.516Z - [34mdebug[39m: 
2026-08-05T15:28:08.516Z - [34mdebug[39m: 
2026-08-05T15:28:08.516Z - [34mdebug[39m: 
2026-08-05T15:28:08.516Z - [34mdebug[39m: 
2026-08-05T15:28:08.516Z - [34mdebug[39m: 
2026-08-05T15:28:08.516Z - [34mdebug[39m: 
2026-08-05T15:28:08.516Z - [34mdebug[39m: 
2026-08-05T15:28:08.516Z - [34mdebug[39m: 
2026-08-05T15:28:08.517Z - [34mdebug[39m: 
2026-08-05T15:28:08.517Z - [36mverbose[39m: Rendering page: /Users/damithch/Repos/nus-cs2103/cs2103-website-base/book/uml/stereotypes/what/index.md
2026-08-05T15:28:08.550Z - [36mverbose[39m: Rendering page: /Users/damithch/Repos/nus-cs2103/cs2103-website-base/se-book-adapted/print.md
2026-08-05T15:28:08.731Z - [36mverbose[39m: Rendering page: /Users/damithch/Repos/nus-cs2103/cs2103-website-base/index.md
2026-08-05T15:28:08.740Z - [36mverbose[39m: Rendering page: /Users/damithch/Repos/nus-cs2103/cs2103-website-base/book/uml/stereotypes/index.md
2026-08-05T15:28:08.749Z - [36mverbose[39m: Rendering page: /Users/damithch/Repos/nus-cs2103/cs2103-website-base/book/uml/sequenceDiagrams/staticMethods/index.md
2026-08-05T15:28:08.811Z - [36mverbose[39m: Rendering page: /Users/damithch/Repos/nus-cs2103/cs2103-website-base/book/uml/sequenceDiagrams/selfInvocation/index.md
2026-08-05T15:28:08.818Z - [36mverbose[39m: Rendering page: /Users/damithch/Repos/nus-cs2103/cs2103-website-base/book/uml/sequenceDiagrams/referenceFrames/index.md
2026-08-05T15:28:08.823Z - [36mverbose[39m: Rendering page: /Users/damithch/Repos/nus-cs2103/cs2103-website-base/book/uml/sequenceDiagrams/parallelPaths/index.md
2026-08-05T15:28:08.829Z - [36mverbose[39m: Rendering page: /Users/damithch/Repos/nus-cs2103/cs2103-website-base/book/uml/sequenceDiagrams/optionalPaths/index.md
2026-08-05T15:28:08.906Z - [36mverbose[39m: Rendering page: /Users/damithch/Repos/nus-cs2103/cs2103-website-base/book/uml/sequenceDiagrams/objectDeletion/index.md
2026-08-05T15:28:08.914Z - [36mverbose[39m: Rendering page: /Users/damithch/Repos/nus-cs2103/cs2103-website-base/book/uml/sequenceDiagrams/objectCreation/index.md
2026-08-05T15:28:08.919Z - [36mverbose[39m: Rendering page: /Users/damithch/Repos/nus-cs2103/cs2103-website-base/book/uml/sequenceDiagrams/minimalNotation/index.md
2026-08-05T15:28:08.924Z - [36mverbose[39m: Rendering page: /Users/damithch/Repos/nus-cs2103/cs2103-website-base/book/uml/sequenceDiagrams/loops/index.md
2026-08-05T15:28:09.068Z - [36mverbose[39m: Rendering page: /Users/damithch/Repos/nus-cs2103/cs2103-website-base/book/uml/sequenceDiagrams/introduction/index.md
2026-08-05T15:28:09.075Z - [36mverbose[39m: Rendering page: /Users/damithch/Repos/nus-cs2103/cs2103-website-base/book/uml/sequenceDiagrams/basic/index.md
2026-08-05T15:28:09.081Z - [36mverbose[39m: Rendering page: /Users/damithch/Repos/nus-cs2103/cs2103-website-base/book/uml/sequenceDiagrams/index.md
2026-08-05T15:28:09.096Z - [36mverbose[39m: Rendering page: /Users/damithch/Repos/nus-cs2103/cs2103-website-base/book/uml/sequenceDiagrams/alternativePaths/index.md
2026-08-05T15:28:09.176Z - [36mverbose[39m: Rendering page: /Users/damithch/Repos/nus-cs2103/cs2103-website-base/book/uml/objectDiagrams/objects/index.md
2026-08-05T15:28:09.183Z - [36mverbose[39m: Rendering page: /Users/damithch/Repos/nus-cs2103/cs2103-website-base/book/uml/objectDiagrams/introduction/index.md
2026-08-05T15:28:09.189Z - [36mverbose[39m: Rendering page: /Users/damithch/Repos/nus-cs2103/cs2103-website-base/book/uml/objectDiagrams/index.md
2026-08-05T15:28:09.198Z - [36mverbose[39m: Rendering page: /Users/damithch/Repos/nus-cs2103/cs2103-website-base/book/uml/objectDiagrams/associations/index.md
2026-08-05T15:28:11.305Z - [34mdebug[39m: 
2026-08-05T15:28:11.306Z - [34mdebug[39m: 
2026-08-05T15:28:11.310Z - [34mdebug[39m: 
2026-08-05T15:28:11.335Z - [34mdebug[39m: 
2026-08-05T15:28:11.339Z - [34mdebug[39m: 
2026-08-05T15:28:11.341Z - [34mdebug[39m: 
2026-08-05T15:28:11.407Z - [36mverbose[39m: Rendering page: /Users/damithch/Repos/nus-cs2103/cs2103-website-base/book/uml/notes/notes/index.md
2026-08-05T15:28:11.426Z - [36mverbose[39m: Rendering page: /Users/damithch/Repos/nus-cs2103/cs2103-website-base/book/uml/notes/index.md
2026-08-05T15:28:11.435Z - [36mverbose[39m: Rendering page: /Users/damithch/Repos/nus-cs2103/cs2103-website-base/book/uml/notes/constraints/index.md
2026-08-05T15:28:11.444Z - [36mverbose[39m: Rendering page: /Users/damithch/Repos/nus-cs2103/cs2103-website-base/book/uml/miscellaneous/objectVsClassDiagrams/index.md
2026-08-05T15:28:11.787Z - [36mverbose[39m: Rendering page: /Users/damithch/Repos/nus-cs2103/cs2103-website-base/book/uml/miscellaneous/index.md
2026-08-05T15:28:11.793Z - [36mverbose[39m: Rendering page: /Users/damithch/Repos/nus-cs2103/cs2103-website-base/book/uml/classDiagrams/introduction/what/index.md
2026-08-05T15:28:11.800Z - [36mverbose[39m: Rendering page: /Users/damithch/Repos/nus-cs2103/cs2103-website-base/book/uml/index.md
2026-08-05T15:28:11.846Z - [36mverbose[39m: Rendering page: /Users/damithch/Repos/nus-cs2103/cs2103-website-base/book/uml/classDiagrams/introduction/index.md
2026-08-05T15:28:12.038Z - [36mverbose[39m: Rendering page: /Users/damithch/Repos/nus-cs2103/cs2103-website-base/book/uml/classDiagrams/interfaces/index.md
2026-08-05T15:28:12.045Z - [36mverbose[39m: Rendering page: /Users/damithch/Repos/nus-cs2103/cs2103-website-base/book/uml/classDiagrams/interfaces/what/index.md
2026-08-05T15:28:12.050Z - [36mverbose[39m: Rendering page: /Users/damithch/Repos/nus-cs2103/cs2103-website-base/book/uml/classDiagrams/index.md
2026-08-05T15:28:12.074Z - [36mverbose[39m: Rendering page: /Users/damithch/Repos/nus-cs2103/cs2103-website-base/book/uml/classDiagrams/enumerations/what/index.md
2026-08-05T15:28:12.135Z - [36mverbose[39m: Rendering page: /Users/damithch/Repos/nus-cs2103/cs2103-website-base/book/uml/classDiagrams/dependencies/what/index.md
2026-08-05T15:28:12.140Z - [36mverbose[39m: Rendering page: /Users/damithch/Repos/nus-cs2103/cs2103-website-base/book/uml/classDiagrams/enumerations/index.md
2026-08-05T15:28:12.146Z - [36mverbose[39m: Rendering page: /Users/damithch/Repos/nus-cs2103/cs2103-website-base/book/uml/classDiagrams/dependencies/index.md
2026-08-05T15:28:12.151Z - [36mverbose[39m: Rendering page: /Users/damithch/Repos/nus-cs2103/cs2103-website-base/book/uml/classDiagrams/composition/what/index.md
2026-08-05T15:28:12.255Z - [36mverbose[39m: Rendering page: /Users/damithch/Repos/nus-cs2103/cs2103-website-base/book/uml/classDiagrams/composition/index.md
2026-08-05T15:28:12.260Z - [36mverbose[39m: Rendering page: /Users/damithch/Repos/nus-cs2103/cs2103-website-base/book/uml/classDiagrams/combine/index.md
2026-08-05T15:28:12.266Z - [36mverbose[39m: Rendering page: /Users/damithch/Repos/nus-cs2103/cs2103-website-base/book/uml/classDiagrams/combine/basic/index.md
2026-08-05T15:28:12.310Z - [36mverbose[39m: Rendering page: /Users/damithch/Repos/nus-cs2103/cs2103-website-base/book/uml/classDiagrams/classes/what/index.md
2026-08-05T15:28:12.346Z - [36mverbose[39m: Rendering page: /Users/damithch/Repos/nus-cs2103/cs2103-website-base/book/uml/classDiagrams/classLevelMembers/index.md
2026-08-05T15:28:12.365Z - [36mverbose[39m: Rendering page: /Users/damithch/Repos/nus-cs2103/cs2103-website-base/book/uml/classDiagrams/classLevelMembers/what/index.md
2026-08-05T15:28:12.370Z - [36mverbose[39m: Rendering page: /Users/damithch/Repos/nus-cs2103/cs2103-website-base/book/uml/classDiagrams/classes/index.md
2026-08-05T15:28:12.396Z - [36mverbose[39m: Rendering page: /Users/damithch/Repos/nus-cs2103/cs2103-website-base/book/uml/classDiagrams/classInheritance/what/index.md
2026-08-05T15:28:12.443Z - [36mverbose[39m: Rendering page: /Users/damithch/Repos/nus-cs2103/cs2103-website-base/book/uml/classDiagrams/classInheritance/index.md
2026-08-05T15:28:12.449Z - [36mverbose[39m: Rendering page: /Users/damithch/Repos/nus-cs2103/cs2103-website-base/book/uml/classDiagrams/associationsAsAttributes/index.md
2026-08-05T15:28:12.454Z - [36mverbose[39m: Rendering page: /Users/damithch/Repos/nus-cs2103/cs2103-website-base/book/uml/classDiagrams/associationsAsAttributes/what/index.md
2026-08-05T15:28:12.482Z - [36mverbose[39m: Rendering page: /Users/damithch/Repos/nus-cs2103/cs2103-website-base/book/uml/classDiagrams/associations/what/index.md
2026-08-05T15:28:12.527Z - [36mverbose[39m: Rendering page: /Users/damithch/Repos/nus-cs2103/cs2103-website-base/book/uml/classDiagrams/associations/multiplicity/index.md
2026-08-05T15:28:12.544Z - [36mverbose[39m: Rendering page: /Users/damithch/Repos/nus-cs2103/cs2103-website-base/book/uml/classDiagrams/associations/navigability/index.md
2026-08-05T15:28:12.552Z - [36mverbose[39m: Rendering page: /Users/damithch/Repos/nus-cs2103/cs2103-website-base/book/uml/classDiagrams/associations/roles/index.md
2026-08-05T15:28:12.665Z - [36mverbose[39m: Rendering page: /Users/damithch/Repos/nus-cs2103/cs2103-website-base/book/uml/classDiagrams/associations/labels/index.md
2026-08-05T15:28:12.678Z - [36mverbose[39m: Rendering page: /Users/damithch/Repos/nus-cs2103/cs2103-website-base/book/uml/classDiagrams/associations/index.md
2026-08-05T15:28:12.690Z - [36mverbose[39m: Rendering page: /Users/damithch/Repos/nus-cs2103/cs2103-website-base/book/uml/classDiagrams/associationClasses/index.md
2026-08-05T15:28:12.696Z - [36mverbose[39m: Rendering page: /Users/damithch/Repos/nus-cs2103/cs2103-website-base/book/uml/classDiagrams/associationClasses/what/index.md
2026-08-05T15:28:12.763Z - [36mverbose[39m: Rendering page: /Users/damithch/Repos/nus-cs2103/cs2103-website-base/book/uml/classDiagrams/aggregation/what/index.md
2026-08-05T15:28:12.770Z - [36mverbose[39m: Rendering page: /Users/damithch/Repos/nus-cs2103/cs2103-website-base/book/uml/classDiagrams/aggregation/index.md
2026-08-05T15:28:12.776Z - [36mverbose[39m: Rendering page: /Users/damithch/Repos/nus-cs2103/cs2103-website-base/book/uml/classDiagrams/abstractClasses/index.md
2026-08-05T15:28:12.780Z - [36mverbose[39m: Rendering page: /Users/damithch/Repos/nus-cs2103/cs2103-website-base/book/uml/classDiagrams/abstractClasses/what/index.md
2026-08-05T15:28:12.879Z - [36mverbose[39m: Rendering page: /Users/damithch/Repos/nus-cs2103/cs2103-website-base/book/uml/activityDiagrams/introduction/what/index.md
2026-08-05T15:28:12.884Z - [36mverbose[39m: Rendering page: /Users/damithch/Repos/nus-cs2103/cs2103-website-base/book/uml/activityDiagrams/introduction/index.md
2026-08-05T15:28:12.890Z - [36mverbose[39m: Rendering page: /Users/damithch/Repos/nus-cs2103/cs2103-website-base/book/uml/activityDiagrams/basicNotations/swimlanes/index.md
2026-08-05T15:28:12.895Z - [36mverbose[39m: Rendering page: /Users/damithch/Repos/nus-cs2103/cs2103-website-base/book/uml/activityDiagrams/index.md
2026-08-05T15:28:12.985Z - [36mverbose[39m: Rendering page: /Users/damithch/Repos/nus-cs2103/cs2103-website-base/book/uml/activityDiagrams/basicNotations/rakes/index.md
2026-08-05T15:28:12.991Z - [36mverbose[39m: Rendering page: /Users/damithch/Repos/nus-cs2103/cs2103-website-base/book/uml/activityDiagrams/basicNotations/parallelPaths/index.md
2026-08-05T15:28:12.997Z - [36mverbose[39m: Rendering page: /Users/damithch/Repos/nus-cs2103/cs2103-website-base/book/uml/activityDiagrams/basicNotations/index.md
2026-08-05T15:28:13.005Z - [36mverbose[39m: Rendering page: /Users/damithch/Repos/nus-cs2103/cs2103-website-base/book/uml/activityDiagrams/basicNotations/linearPaths/index.md
2026-08-05T15:28:13.125Z - [36mverbose[39m: Rendering page: /Users/damithch/Repos/nus-cs2103/cs2103-website-base/book/uml/activityDiagrams/basicNotations/alternatePaths/index.md
2026-08-05T15:28:13.132Z - [36mverbose[39m: Rendering page: /Users/damithch/Repos/nus-cs2103/cs2103-website-base/book/testing/testingTypes/unitTesting/index.md
2026-08-05T15:28:13.159Z - [36mverbose[39m: Rendering page: /Users/damithch/Repos/nus-cs2103/cs2103-website-base/book/testing/testingTypes/unitTesting/stubs/index.md
2026-08-05T15:28:13.167Z - [36mverbose[39m: Rendering page: /Users/damithch/Repos/nus-cs2103/cs2103-website-base/book/testing/testingTypes/unitTesting/what/index.md
2026-08-05T15:28:13.223Z - [36mverbose[39m: Rendering page: /Users/damithch/Repos/nus-cs2103/cs2103-website-base/book/testing/testingTypes/systemTesting/what/index.md
2026-08-05T15:28:13.228Z - [36mverbose[39m: Rendering page: /Users/damithch/Repos/nus-cs2103/cs2103-website-base/book/testing/testingTypes/systemTesting/index.md
2026-08-05T15:28:13.235Z - [36mverbose[39m: Rendering page: /Users/damithch/Repos/nus-cs2103/cs2103-website-base/book/testing/testingTypes/regressionTesting/index.md
2026-08-05T15:28:13.252Z - [36mverbose[39m: Rendering page: /Users/damithch/Repos/nus-cs2103/cs2103-website-base/book/testing/testingTypes/regressionTesting/what/index.md
2026-08-05T15:28:13.417Z - [36mverbose[39m: Rendering page: /Users/damithch/Repos/nus-cs2103/cs2103-website-base/book/testing/testingTypes/integrationTesting/index.md
2026-08-05T15:28:13.424Z - [36mverbose[39m: Rendering page: /Users/damithch/Repos/nus-cs2103/cs2103-website-base/book/testing/testingTypes/integrationTesting/what/index.md
2026-08-05T15:28:13.429Z - [36mverbose[39m: Rendering page: /Users/damithch/Repos/nus-cs2103/cs2103-website-base/book/testing/testingTypes/integrationTesting/how/index.md
2026-08-05T15:28:13.434Z - [36mverbose[39m: Rendering page: /Users/damithch/Repos/nus-cs2103/cs2103-website-base/book/testing/testingTypes/index.md
2026-08-05T15:28:13.528Z - [36mverbose[39m: Rendering page: /Users/damithch/Repos/nus-cs2103/cs2103-website-base/book/testing/testingTypes/exploratoryVsScriptedTesting/what/index.md
2026-08-05T15:28:13.534Z - [36mverbose[39m: Rendering page: /Users/damithch/Repos/nus-cs2103/cs2103-website-base/book/testing/testingTypes/exploratoryVsScriptedTesting/index.md
2026-08-05T15:28:13.541Z - [36mverbose[39m: Rendering page: /Users/damithch/Repos/nus-cs2103/cs2103-website-base/book/testing/testingTypes/exploratoryVsScriptedTesting/when/index.md
2026-08-05T15:28:13.547Z - [36mverbose[39m: Rendering page: /Users/damithch/Repos/nus-cs2103/cs2103-website-base/book/testing/testingTypes/dogfooding/what/index.md
2026-08-05T15:28:13.614Z - [36mverbose[39m: Rendering page: /Users/damithch/Repos/nus-cs2103/cs2103-website-base/book/testing/testingTypes/dogfooding/index.md
2026-08-05T15:28:13.619Z - [36mverbose[39m: Rendering page: /Users/damithch/Repos/nus-cs2103/cs2103-website-base/book/testing/testingTypes/developerTesting/why/index.md
2026-08-05T15:28:13.626Z - [36mverbose[39m: Rendering page: /Users/damithch/Repos/nus-cs2103/cs2103-website-base/book/testing/testingTypes/developerTesting/index.md
2026-08-05T15:28:13.632Z - [36mverbose[39m: Rendering page: /Users/damithch/Repos/nus-cs2103/cs2103-website-base/book/testing/testingTypes/developerTesting/what/index.md
2026-08-05T15:28:13.696Z - [36mverbose[39m: Rendering page: /Users/damithch/Repos/nus-cs2103/cs2103-website-base/book/testing/testingTypes/acceptanceTesting/index.md
2026-08-05T15:28:13.701Z - [36mverbose[39m: Rendering page: /Users/damithch/Repos/nus-cs2103/cs2103-website-base/book/testing/testingTypes/alphaBetaTesting/what/index.md
2026-08-05T15:28:13.706Z - [36mverbose[39m: Rendering page: /Users/damithch/Repos/nus-cs2103/cs2103-website-base/book/testing/testingTypes/alphaBetaTesting/index.md
2026-08-05T15:28:13.712Z - [36mverbose[39m: Rendering page: /Users/damithch/Repos/nus-cs2103/cs2103-website-base/book/testing/testingTypes/acceptanceTesting/what/index.md
2026-08-05T15:28:13.796Z - [36mverbose[39m: Rendering page: /Users/damithch/Repos/nus-cs2103/cs2103-website-base/book/testing/testingTypes/acceptanceTesting/acceptanceVsSystemTesting/index.md
2026-08-05T15:28:13.801Z - [36mverbose[39m: Rendering page: /Users/damithch/Repos/nus-cs2103/cs2103-website-base/book/testing/testCoverage/index.md
2026-08-05T15:28:13.808Z - [36mverbose[39m: Rendering page: /Users/damithch/Repos/nus-cs2103/cs2103-website-base/book/testing/testCoverage/what/index.md
2026-08-05T15:28:13.815Z - [36mverbose[39m: Rendering page: /Users/damithch/Repos/nus-cs2103/cs2103-website-base/book/testing/testCoverage/how/index.md
2026-08-05T15:28:13.889Z - [36mverbose[39m: Rendering page: /Users/damithch/Repos/nus-cs2103/cs2103-website-base/book/testing/testAutomation/what/index.md
2026-08-05T15:28:13.896Z - [36mverbose[39m: Rendering page: /Users/damithch/Repos/nus-cs2103/cs2103-website-base/book/testing/testAutomation/usingTestDrivers/index.md
2026-08-05T15:28:13.908Z - [36mverbose[39m: Rendering page: /Users/damithch/Repos/nus-cs2103/cs2103-website-base/book/testing/testAutomation/tools/index.md
2026-08-05T15:28:13.931Z - [36mverbose[39m: Rendering page: /Users/damithch/Repos/nus-cs2103/cs2103-website-base/book/testing/testAutomation/testingTextUis/index.md
2026-08-05T15:28:14.002Z - [36mverbose[39m: Rendering page: /Users/damithch/Repos/nus-cs2103/cs2103-website-base/book/testing/testAutomation/testingGuis/index.md
2026-08-05T15:28:14.026Z - [36mverbose[39m: Rendering page: /Users/damithch/Repos/nus-cs2103/cs2103-website-base/book/testing/testAutomation/index.md
2026-08-05T15:28:14.050Z - [36mverbose[39m: Rendering page: /Users/damithch/Repos/nus-cs2103/cs2103-website-base/book/testing/tdd/what/index.md
2026-08-05T15:28:14.055Z - [36mverbose[39m: Rendering page: /Users/damithch/Repos/nus-cs2103/cs2103-website-base/book/testing/tdd/index.md
2026-08-05T15:28:14.115Z - [36mverbose[39m: Rendering page: /Users/damithch/Repos/nus-cs2103/cs2103-website-base/book/testing/tdd/how/index.md
2026-08-05T15:28:14.122Z - [36mverbose[39m: Rendering page: /Users/damithch/Repos/nus-cs2103/cs2103-website-base/book/testing/introduction/what/index.md
2026-08-05T15:28:14.421Z - [36mverbose[39m: Rendering page: /Users/damithch/Repos/nus-cs2103/cs2103-website-base/book/testing/introduction/testability/index.md
2026-08-05T15:28:14.426Z - [36mverbose[39m: Rendering page: /Users/damithch/Repos/nus-cs2103/cs2103-website-base/book/testing/introduction/index.md
2026-08-05T15:28:14.570Z - [36mverbose[39m: Rendering page: /Users/damithch/Repos/nus-cs2103/cs2103-website-base/book/testing/index.md
2026-08-05T15:28:14.605Z - [36mverbose[39m: Rendering page: /Users/damithch/Repos/nus-cs2103/cs2103-website-base/book/testing/dependencyInjection/what/index.md
2026-08-05T15:28:14.626Z - [36mverbose[39m: Rendering page: /Users/damithch/Repos/nus-cs2103/cs2103-website-base/book/testing/dependencyInjection/index.md
2026-08-05T15:28:14.679Z - [36mverbose[39m: Rendering page: /Users/damithch/Repos/nus-cs2103/cs2103-website-base/book/testing/dependencyInjection/how/index.md
2026-08-05T15:28:14.688Z - [36mverbose[39m: Rendering page: /Users/damithch/Repos/nus-cs2103/cs2103-website-base/book/testCaseDesign/summary/recap/index.md
2026-08-05T15:28:14.749Z - [36mverbose[39m: Rendering page: /Users/damithch/Repos/nus-cs2103/cs2103-website-base/book/testCaseDesign/summary/index.md
2026-08-05T15:28:14.800Z - [36mverbose[39m: Rendering page: /Users/damithch/Repos/nus-cs2103/cs2103-website-base/book/testCaseDesign/summary/exercises/index.md
2026-08-05T15:28:14.810Z - [36mverbose[39m: Rendering page: /Users/damithch/Repos/nus-cs2103/cs2103-website-base/book/testCaseDesign/more/index.md
2026-08-05T15:28:14.827Z - [36mverbose[39m: Rendering page: /Users/damithch/Repos/nus-cs2103/cs2103-website-base/book/testCaseDesign/more/testingUseCases/index.md
2026-08-05T15:28:14.833Z - [36mverbose[39m: Rendering page: /Users/damithch/Repos/nus-cs2103/cs2103-website-base/book/testCaseDesign/introduction/what/index.md
2026-08-05T15:28:14.873Z - [36mverbose[39m: Rendering page: /Users/damithch/Repos/nus-cs2103/cs2103-website-base/book/testCaseDesign/introduction/positiveVsNegative/index.md
2026-08-05T15:28:15.082Z - [36mverbose[39m: Rendering page: /Users/damithch/Repos/nus-cs2103/cs2103-website-base/book/testCaseDesign/introduction/index.md
2026-08-05T15:28:15.104Z - [36mverbose[39m: Rendering page: /Users/damithch/Repos/nus-cs2103/cs2103-website-base/book/testCaseDesign/introduction/blackVsGlass/index.md
2026-08-05T15:28:15.109Z - [36mverbose[39m: Rendering page: /Users/damithch/Repos/nus-cs2103/cs2103-website-base/book/testCaseDesign/index.md
2026-08-05T15:28:15.186Z - [36mverbose[39m: Rendering page: /Users/damithch/Repos/nus-cs2103/cs2103-website-base/book/testCaseDesign/equivalencePartitions/what/index.md
2026-08-05T15:28:15.214Z - [36mverbose[39m: Rendering page: /Users/damithch/Repos/nus-cs2103/cs2103-website-base/book/testCaseDesign/equivalencePartitions/intermediate/index.md
2026-08-05T15:28:15.232Z - [36mverbose[39m: Rendering page: /Users/damithch/Repos/nus-cs2103/cs2103-website-base/book/testCaseDesign/equivalencePartitions/index.md
2026-08-05T15:28:15.268Z - [36mverbose[39m: Rendering page: /Users/damithch/Repos/nus-cs2103/cs2103-website-base/book/testCaseDesign/equivalencePartitions/basic/index.md
2026-08-05T15:28:15.339Z - [36mverbose[39m: Rendering page: /Users/damithch/Repos/nus-cs2103/cs2103-website-base/book/testCaseDesign/combiningTestInputs/why/index.md
2026-08-05T15:28:15.361Z - [36mverbose[39m: Rendering page: /Users/damithch/Repos/nus-cs2103/cs2103-website-base/book/testCaseDesign/combiningTestInputs/mix/index.md
2026-08-05T15:28:15.368Z - [36mverbose[39m: Rendering page: /Users/damithch/Repos/nus-cs2103/cs2103-website-base/book/testCaseDesign/combiningTestInputs/index.md
2026-08-05T15:28:15.400Z - [36mverbose[39m: Rendering page: /Users/damithch/Repos/nus-cs2103/cs2103-website-base/book/testCaseDesign/combiningTestInputs/heuristicValid/index.md
2026-08-05T15:28:15.444Z - [36mverbose[39m: Rendering page: /Users/damithch/Repos/nus-cs2103/cs2103-website-base/book/testCaseDesign/combiningTestInputs/heuristicInvalid/index.md
2026-08-05T15:28:15.471Z - [36mverbose[39m: Rendering page: /Users/damithch/Repos/nus-cs2103/cs2103-website-base/book/testCaseDesign/combiningTestInputs/combinationStrategies/index.md
2026-08-05T15:28:15.478Z - [36mverbose[39m: Rendering page: /Users/damithch/Repos/nus-cs2103/cs2103-website-base/book/testCaseDesign/boundaryValueAnalysis/what/index.md
2026-08-05T15:28:15.498Z - [36mverbose[39m: Rendering page: /Users/damithch/Repos/nus-cs2103/cs2103-website-base/book/testCaseDesign/boundaryValueAnalysis/index.md
2026-08-05T15:28:15.582Z - [36mverbose[39m: Rendering page: /Users/damithch/Repos/nus-cs2103/cs2103-website-base/book/testCaseDesign/boundaryValueAnalysis/how/index.md
2026-08-05T15:28:15.588Z - [36mverbose[39m: Rendering page: /Users/damithch/Repos/nus-cs2103/cs2103-website-base/book/teamwork/teamStructures/index.md
2026-08-05T15:28:15.594Z - [36mverbose[39m: Rendering page: /Users/damithch/Repos/nus-cs2103/cs2103-website-base/book/teamwork/index.md
2026-08-05T15:28:15.601Z - [36mverbose[39m: Rendering page: /Users/damithch/Repos/nus-cs2103/cs2103-website-base/book/specifyingRequirements/userStories/usage/index.md
2026-08-05T15:28:15.727Z - [36mverbose[39m: Rendering page: /Users/damithch/Repos/nus-cs2103/cs2103-website-base/book/specifyingRequirements/userStories/introduction/index.md
2026-08-05T15:28:15.752Z - [36mverbose[39m: Rendering page: /Users/damithch/Repos/nus-cs2103/cs2103-website-base/book/specifyingRequirements/userStories/index.md
2026-08-05T15:28:15.763Z - [36mverbose[39m: Rendering page: /Users/damithch/Repos/nus-cs2103/cs2103-website-base/book/specifyingRequirements/userStories/details/index.md
2026-08-05T15:28:15.793Z - [36mverbose[39m: Rendering page: /Users/damithch/Repos/nus-cs2103/cs2103-website-base/book/specifyingRequirements/useCases/usage/index.md
2026-08-05T15:28:15.893Z - [36mverbose[39m: Rendering page: /Users/damithch/Repos/nus-cs2103/cs2103-website-base/book/specifyingRequirements/useCases/introduction/index.md
2026-08-05T15:28:15.931Z - [36mverbose[39m: Rendering page: /Users/damithch/Repos/nus-cs2103/cs2103-website-base/book/specifyingRequirements/useCases/index.md
2026-08-05T15:28:15.961Z - [36mverbose[39m: Rendering page: /Users/damithch/Repos/nus-cs2103/cs2103-website-base/book/specifyingRequirements/useCases/identifying/index.md
2026-08-05T15:28:15.968Z - [36mverbose[39m: Rendering page: /Users/damithch/Repos/nus-cs2103/cs2103-website-base/book/specifyingRequirements/useCases/details/index.md
2026-08-05T15:28:16.020Z - [36mverbose[39m: Rendering page: /Users/damithch/Repos/nus-cs2103/cs2103-website-base/book/specifyingRequirements/supplementaryRequirements/what/index.md
2026-08-05T15:28:16.027Z - [36mverbose[39m: Rendering page: /Users/damithch/Repos/nus-cs2103/cs2103-website-base/book/specifyingRequirements/supplementaryRequirements/index.md
2026-08-05T15:28:16.208Z - [36mverbose[39m: Rendering page: /Users/damithch/Repos/nus-cs2103/cs2103-website-base/book/specifyingRequirements/prose/index.md
2026-08-05T15:28:16.214Z - [36mverbose[39m: Rendering page: /Users/damithch/Repos/nus-cs2103/cs2103-website-base/book/specifyingRequirements/prose/what/index.md
2026-08-05T15:28:16.250Z - [36mverbose[39m: Rendering page: /Users/damithch/Repos/nus-cs2103/cs2103-website-base/book/specifyingRequirements/index.md
2026-08-05T15:28:16.304Z - [36mverbose[39m: Rendering page: /Users/damithch/Repos/nus-cs2103/cs2103-website-base/book/specifyingRequirements/glossary/what/index.md
2026-08-05T15:28:16.309Z - [36mverbose[39m: Rendering page: /Users/damithch/Repos/nus-cs2103/cs2103-website-base/book/specifyingRequirements/glossary/index.md
2026-08-05T15:28:16.316Z - [36mverbose[39m: Rendering page: /Users/damithch/Repos/nus-cs2103/cs2103-website-base/book/specifyingRequirements/featureList/what/index.md
2026-08-05T15:28:16.321Z - [36mverbose[39m: Rendering page: /Users/damithch/Repos/nus-cs2103/cs2103-website-base/book/specifyingRequirements/featureList/index.md
2026-08-05T15:28:16.428Z - [36mverbose[39m: Rendering page: /Users/damithch/Repos/nus-cs2103/cs2103-website-base/book/softwareEngineering/index.md
2026-08-05T15:28:16.436Z - [36mverbose[39m: Rendering page: /Users/damithch/Repos/nus-cs2103/cs2103-website-base/book/softwareEngineering/introduction/index.md
2026-08-05T15:28:16.444Z - [36mverbose[39m: Rendering page: /Users/damithch/Repos/nus-cs2103/cs2103-website-base/book/softwareEngineering/introduction/prosAndCons/index.md
2026-08-05T15:28:16.450Z - [36mverbose[39m: Rendering page: /Users/damithch/Repos/nus-cs2103/cs2103-website-base/book/security/wrapUp/index.md
2026-08-05T15:28:16.618Z - [36mverbose[39m: Rendering page: /Users/damithch/Repos/nus-cs2103/cs2103-website-base/book/security/why/index.md
2026-08-05T15:28:16.624Z - [36mverbose[39m: Rendering page: /Users/damithch/Repos/nus-cs2103/cs2103-website-base/book/security/when/index.md
2026-08-05T15:28:16.629Z - [36mverbose[39m: Rendering page: /Users/damithch/Repos/nus-cs2103/cs2103-website-base/book/security/what/index.md
2026-08-05T15:28:16.635Z - [36mverbose[39m: Rendering page: /Users/damithch/Repos/nus-cs2103/cs2103-website-base/book/security/index.md
2026-08-05T15:28:16.755Z - [36mverbose[39m: Rendering page: /Users/damithch/Repos/nus-cs2103/cs2103-website-base/book/security/how/index.md
2026-08-05T15:28:16.766Z - [36mverbose[39m: Rendering page: /Users/damithch/Repos/nus-cs2103/cs2103-website-base/book/security/ai/index.md
2026-08-05T15:28:16.772Z - [36mverbose[39m: Rendering page: /Users/damithch/Repos/nus-cs2103/cs2103-website-base/book/reuse/platforms/what/index.md
2026-08-05T15:28:16.779Z - [36mverbose[39m: Rendering page: /Users/damithch/Repos/nus-cs2103/cs2103-website-base/book/reuse/platforms/index.md
2026-08-05T15:28:16.838Z - [36mverbose[39m: Rendering page: /Users/damithch/Repos/nus-cs2103/cs2103-website-base/book/reuse/libraries/index.md
2026-08-05T15:28:16.843Z - [36mverbose[39m: Rendering page: /Users/damithch/Repos/nus-cs2103/cs2103-website-base/book/reuse/libraries/what/index.md
2026-08-05T15:28:16.850Z - [36mverbose[39m: Rendering page: /Users/damithch/Repos/nus-cs2103/cs2103-website-base/book/reuse/introduction/when/index.md
2026-08-05T15:28:16.855Z - [36mverbose[39m: Rendering page: /Users/damithch/Repos/nus-cs2103/cs2103-website-base/book/reuse/libraries/how/index.md
2026-08-05T15:28:16.971Z - [36mverbose[39m: Rendering page: /Users/damithch/Repos/nus-cs2103/cs2103-website-base/book/reuse/introduction/index.md
2026-08-05T15:28:16.979Z - [36mverbose[39m: Rendering page: /Users/damithch/Repos/nus-cs2103/cs2103-website-base/book/reuse/introduction/what/index.md
2026-08-05T15:28:16.984Z - [36mverbose[39m: Rendering page: /Users/damithch/Repos/nus-cs2103/cs2103-website-base/book/reuse/index.md
2026-08-05T15:28:17.018Z - [36mverbose[39m: Rendering page: /Users/damithch/Repos/nus-cs2103/cs2103-website-base/book/reuse/frameworks/what/index.md
2026-08-05T15:28:17.051Z - [36mverbose[39m: Rendering page: /Users/damithch/Repos/nus-cs2103/cs2103-website-base/book/reuse/frameworks/index.md
2026-08-05T15:28:17.072Z - [36mverbose[39m: Rendering page: /Users/damithch/Repos/nus-cs2103/cs2103-website-base/book/reuse/frameworks/frameworksVsLibraries/index.md
2026-08-05T15:28:17.094Z - [36mverbose[39m: Rendering page: /Users/damithch/Repos/nus-cs2103/cs2103-website-base/book/reuse/cloudComputing/what/index.md
2026-08-05T15:28:17.101Z - [36mverbose[39m: Rendering page: /Users/damithch/Repos/nus-cs2103/cs2103-website-base/book/reuse/cloudComputing/services/index.md
2026-08-05T15:28:17.121Z - [36mverbose[39m: Rendering page: /Users/damithch/Repos/nus-cs2103/cs2103-website-base/book/reuse/cloudComputing/index.md
2026-08-05T15:28:17.163Z - [36mverbose[39m: Rendering page: /Users/damithch/Repos/nus-cs2103/cs2103-website-base/book/reuse/apis/what/index.md
2026-08-05T15:28:17.181Z - [36mverbose[39m: Rendering page: /Users/damithch/Repos/nus-cs2103/cs2103-website-base/book/reuse/apis/index.md
2026-08-05T15:28:17.190Z - [36mverbose[39m: Rendering page: /Users/damithch/Repos/nus-cs2103/cs2103-website-base/book/reuse/apis/designingAPIs/index.md
2026-08-05T15:28:17.243Z - [36mverbose[39m: Rendering page: /Users/damithch/Repos/nus-cs2103/cs2103-website-base/book/requirements/quality/index.md
2026-08-05T15:28:17.250Z - [36mverbose[39m: Rendering page: /Users/damithch/Repos/nus-cs2103/cs2103-website-base/book/requirements/prioritizing/index.md
2026-08-05T15:28:17.255Z - [36mverbose[39m: Rendering page: /Users/damithch/Repos/nus-cs2103/cs2103-website-base/book/requirements/nonFunctionalRequirements/index.md
2026-08-05T15:28:17.297Z - [36mverbose[39m: Rendering page: /Users/damithch/Repos/nus-cs2103/cs2103-website-base/book/requirements/introduction/index.md
2026-08-05T15:28:17.414Z - [36mverbose[39m: Rendering page: /Users/damithch/Repos/nus-cs2103/cs2103-website-base/book/requirements/index.md
2026-08-05T15:28:17.436Z - [36mverbose[39m: Rendering page: /Users/damithch/Repos/nus-cs2103/cs2103-website-base/book/refactoring/when/index.md
2026-08-05T15:28:17.441Z - [36mverbose[39m: Rendering page: /Users/damithch/Repos/nus-cs2103/cs2103-website-base/book/refactoring/what/index.md
2026-08-05T15:28:17.450Z - [36mverbose[39m: Rendering page: /Users/damithch/Repos/nus-cs2103/cs2103-website-base/book/refactoring/index.md
2026-08-05T15:28:17.503Z - [36mverbose[39m: Rendering page: /Users/damithch/Repos/nus-cs2103/cs2103-website-base/book/refactoring/how/index.md
2026-08-05T15:28:17.509Z - [36mverbose[39m: Rendering page: /Users/damithch/Repos/nus-cs2103/cs2103-website-base/book/qualityAssurance/introduction/what/index.md
2026-08-05T15:28:17.514Z - [36mverbose[39m: Rendering page: /Users/damithch/Repos/nus-cs2103/cs2103-website-base/book/qualityAssurance/staticAnalysis/index.md
2026-08-05T15:28:17.534Z - [36mverbose[39m: Rendering page: /Users/damithch/Repos/nus-cs2103/cs2103-website-base/book/qualityAssurance/staticAnalysis/what/index.md
2026-08-05T15:28:17.603Z - [36mverbose[39m: Rendering page: /Users/damithch/Repos/nus-cs2103/cs2103-website-base/book/qualityAssurance/introduction/validationVsVerification/index.md
2026-08-05T15:28:17.623Z - [36mverbose[39m: Rendering page: /Users/damithch/Repos/nus-cs2103/cs2103-website-base/book/qualityAssurance/introduction/index.md
2026-08-05T15:28:17.628Z - [36mverbose[39m: Rendering page: /Users/damithch/Repos/nus-cs2103/cs2103-website-base/book/qualityAssurance/index.md
2026-08-05T15:28:17.690Z - [36mverbose[39m: Rendering page: /Users/damithch/Repos/nus-cs2103/cs2103-website-base/book/qualityAssurance/formalVerification/what/index.md
2026-08-05T15:28:17.695Z - [36mverbose[39m: Rendering page: /Users/damithch/Repos/nus-cs2103/cs2103-website-base/book/qualityAssurance/formalVerification/index.md
2026-08-05T15:28:17.721Z - [36mverbose[39m: Rendering page: /Users/damithch/Repos/nus-cs2103/cs2103-website-base/book/qualityAssurance/codeReviews/index.md
2026-08-05T15:28:17.739Z - [36mverbose[39m: Rendering page: /Users/damithch/Repos/nus-cs2103/cs2103-website-base/book/qualityAssurance/codeReviews/what/index.md
2026-08-05T15:28:17.758Z - [36mverbose[39m: Rendering page: /Users/damithch/Repos/nus-cs2103/cs2103-website-base/book/projectPlanning/pertCharts/index.md
2026-08-05T15:28:17.763Z - [36mverbose[39m: Rendering page: /Users/damithch/Repos/nus-cs2103/cs2103-website-base/book/projectPlanning/workBreakdownStructure/index.md
2026-08-05T15:28:17.828Z - [36mverbose[39m: Rendering page: /Users/damithch/Repos/nus-cs2103/cs2103-website-base/book/projectPlanning/milestones/index.md
2026-08-05T15:28:17.835Z - [36mverbose[39m: Rendering page: /Users/damithch/Repos/nus-cs2103/cs2103-website-base/book/projectPlanning/issueTrackers/index.md
2026-08-05T15:28:17.840Z - [36mverbose[39m: Rendering page: /Users/damithch/Repos/nus-cs2103/cs2103-website-base/book/projectPlanning/ganttCharts/index.md
2026-08-05T15:28:17.844Z - [36mverbose[39m: Rendering page: /Users/damithch/Repos/nus-cs2103/cs2103-website-base/book/projectPlanning/index.md
2026-08-05T15:28:17.924Z - [36mverbose[39m: Rendering page: /Users/damithch/Repos/nus-cs2103/cs2103-website-base/book/projectPlanning/buffers/index.md
2026-08-05T15:28:17.929Z - [36mverbose[39m: Rendering page: /Users/damithch/Repos/nus-cs2103/cs2103-website-base/book/processModels/more/index.md
2026-08-05T15:28:17.935Z - [36mverbose[39m: Rendering page: /Users/damithch/Repos/nus-cs2103/cs2103-website-base/book/processModels/summary/index.md
2026-08-05T15:28:17.941Z - [36mverbose[39m: Rendering page: /Users/damithch/Repos/nus-cs2103/cs2103-website-base/book/processModels/summary/recap/index.md
2026-08-05T15:28:17.996Z - [36mverbose[39m: Rendering page: /Users/damithch/Repos/nus-cs2103/cs2103-website-base/book/processModels/more/cmmi/index.md
2026-08-05T15:28:18.003Z - [36mverbose[39m: Rendering page: /Users/damithch/Repos/nus-cs2103/cs2103-website-base/book/processModels/introduction/what/index.md
2026-08-05T15:28:18.038Z - [36mverbose[39m: Rendering page: /Users/damithch/Repos/nus-cs2103/cs2103-website-base/book/processModels/introduction/sequentialModels/index.md
2026-08-05T15:28:18.043Z - [36mverbose[39m: Rendering page: /Users/damithch/Repos/nus-cs2103/cs2103-website-base/book/processModels/introduction/iterativeModels/index.md
2026-08-05T15:28:18.283Z - [36mverbose[39m: Rendering page: /Users/damithch/Repos/nus-cs2103/cs2103-website-base/book/processModels/introduction/index.md
2026-08-05T15:28:18.315Z - [36mverbose[39m: Rendering page: /Users/damithch/Repos/nus-cs2103/cs2103-website-base/book/processModels/index.md
2026-08-05T15:28:18.341Z - [36mverbose[39m: Rendering page: /Users/damithch/Repos/nus-cs2103/cs2103-website-base/book/processModels/exampleProcessModels/xp/index.md
2026-08-05T15:28:18.388Z - [36mverbose[39m: Rendering page: /Users/damithch/Repos/nus-cs2103/cs2103-website-base/book/processModels/introduction/agileModels/index.md
2026-08-05T15:28:18.400Z - [36mverbose[39m: Rendering page: /Users/damithch/Repos/nus-cs2103/cs2103-website-base/book/processModels/exampleProcessModels/unifiedProcess/index.md
2026-08-05T15:28:18.685Z - [36mverbose[39m: Rendering page: /Users/damithch/Repos/nus-cs2103/cs2103-website-base/book/processModels/exampleProcessModels/scrum/index.md
2026-08-05T15:28:18.697Z - [36mverbose[39m: Rendering page: /Users/damithch/Repos/nus-cs2103/cs2103-website-base/book/processModels/exampleProcessModels/index.md
2026-08-05T15:28:18.717Z - [36mverbose[39m: Rendering page: /Users/damithch/Repos/nus-cs2103/cs2103-website-base/book/principles/yagniPrinciple/index.md
2026-08-05T15:28:18.725Z - [36mverbose[39m: Rendering page: /Users/damithch/Repos/nus-cs2103/cs2103-website-base/book/principles/solidPrinciples/index.md
2026-08-05T15:28:19.007Z - [36mverbose[39m: Rendering page: /Users/damithch/Repos/nus-cs2103/cs2103-website-base/book/principles/singleResponsibilityPrinciple/index.md
2026-08-05T15:28:19.017Z - [36mverbose[39m: Rendering page: /Users/damithch/Repos/nus-cs2103/cs2103-website-base/book/principles/separationOfConcernsPrinciple/index.md
2026-08-05T15:28:19.056Z - [36mverbose[39m: Rendering page: /Users/damithch/Repos/nus-cs2103/cs2103-website-base/book/principles/openClosedPrinciple/index.md
2026-08-05T15:28:19.142Z - [36mverbose[39m: Rendering page: /Users/damithch/Repos/nus-cs2103/cs2103-website-base/book/principles/review/index.md
2026-08-05T15:28:19.150Z - [36mverbose[39m: Rendering page: /Users/damithch/Repos/nus-cs2103/cs2103-website-base/book/principles/liskovSubstitutionPrinciple/index.md
2026-08-05T15:28:19.157Z - [36mverbose[39m: Rendering page: /Users/damithch/Repos/nus-cs2103/cs2103-website-base/book/principles/lawOfDemeter/index.md
2026-08-05T15:28:19.164Z - [36mverbose[39m: Rendering page: /Users/damithch/Repos/nus-cs2103/cs2103-website-base/book/principles/interfaceSegregationPrinciple/index.md
2026-08-05T15:28:19.444Z - [36mverbose[39m: Rendering page: /Users/damithch/Repos/nus-cs2103/cs2103-website-base/book/principles/index.md
2026-08-05T15:28:19.464Z - [36mverbose[39m: Rendering page: /Users/damithch/Repos/nus-cs2103/cs2103-website-base/book/principles/dryPrinciple/index.md
2026-08-05T15:28:19.469Z - [36mverbose[39m: Rendering page: /Users/damithch/Repos/nus-cs2103/cs2103-website-base/book/principles/dependencyInversionPrinciple/index.md
2026-08-05T15:28:19.476Z - [36mverbose[39m: Rendering page: /Users/damithch/Repos/nus-cs2103/cs2103-website-base/book/principles/brooksLaw/index.md
2026-08-05T15:28:19.574Z - [36mverbose[39m: Rendering page: /Users/damithch/Repos/nus-cs2103/cs2103-website-base/book/oop/polymorphism/index.md
2026-08-05T15:28:19.582Z - [36mverbose[39m: Rendering page: /Users/damithch/Repos/nus-cs2103/cs2103-website-base/book/oop/polymorphism/how/index.md
2026-08-05T15:28:19.588Z - [36mverbose[39m: Rendering page: /Users/damithch/Repos/nus-cs2103/cs2103-website-base/book/oop/polymorphism/what/index.md
2026-08-05T15:28:19.594Z - [36mverbose[39m: Rendering page: /Users/damithch/Repos/nus-cs2103/cs2103-website-base/book/oop/objects/what/index.md
2026-08-05T15:28:19.684Z - [36mverbose[39m: Rendering page: /Users/damithch/Repos/nus-cs2103/cs2103-website-base/book/oop/objects/index.md
2026-08-05T15:28:19.714Z - [36mverbose[39m: Rendering page: /Users/damithch/Repos/nus-cs2103/cs2103-website-base/book/oop/objects/encapsulation/index.md
2026-08-05T15:28:19.737Z - [36mverbose[39m: Rendering page: /Users/damithch/Repos/nus-cs2103/cs2103-website-base/book/oop/objects/abstraction/index.md
2026-08-05T15:28:19.742Z - [36mverbose[39m: Rendering page: /Users/damithch/Repos/nus-cs2103/cs2103-website-base/book/oop/more/review/index.md
2026-08-05T15:28:19.811Z - [36mverbose[39m: Rendering page: /Users/damithch/Repos/nus-cs2103/cs2103-website-base/book/oop/more/miscellaneous/index.md
2026-08-05T15:28:19.818Z - [36mverbose[39m: Rendering page: /Users/damithch/Repos/nus-cs2103/cs2103-website-base/book/oop/more/index.md
2026-08-05T15:28:19.859Z - [36mverbose[39m: Rendering page: /Users/damithch/Repos/nus-cs2103/cs2103-website-base/book/oop/introduction/what/index.md
2026-08-05T15:28:19.867Z - [36mverbose[39m: Rendering page: /Users/damithch/Repos/nus-cs2103/cs2103-website-base/book/oop/introduction/index.md
2026-08-05T15:28:19.874Z - [36mverbose[39m: Rendering page: /Users/damithch/Repos/nus-cs2103/cs2103-website-base/book/oop/inheritance/what/index.md
2026-08-05T15:28:19.880Z - [36mverbose[39m: Rendering page: /Users/damithch/Repos/nus-cs2103/cs2103-website-base/book/oop/inheritance/substitutability/index.md
2026-08-05T15:28:20.043Z - [36mverbose[39m: Rendering page: /Users/damithch/Repos/nus-cs2103/cs2103-website-base/book/oop/inheritance/overriding/index.md
2026-08-05T15:28:20.052Z - [36mverbose[39m: Rendering page: /Users/damithch/Repos/nus-cs2103/cs2103-website-base/book/oop/inheritance/overloading/index.md
2026-08-05T15:28:20.060Z - [36mverbose[39m: Rendering page: /Users/damithch/Repos/nus-cs2103/cs2103-website-base/book/oop/inheritance/interfaces/index.md
2026-08-05T15:28:20.124Z - [36mverbose[39m: Rendering page: /Users/damithch/Repos/nus-cs2103/cs2103-website-base/book/oop/inheritance/index.md
2026-08-05T15:28:20.484Z - [36mverbose[39m: Rendering page: /Users/damithch/Repos/nus-cs2103/cs2103-website-base/book/oop/inheritance/abstractClasses/index.md
2026-08-05T15:28:20.490Z - [36mverbose[39m: Rendering page: /Users/damithch/Repos/nus-cs2103/cs2103-website-base/book/oop/inheritance/dynamicAndStaticBinding/index.md
2026-08-05T15:28:20.501Z - [36mverbose[39m: Rendering page: /Users/damithch/Repos/nus-cs2103/cs2103-website-base/book/oop/index.md
2026-08-05T15:28:20.570Z - [36mverbose[39m: Rendering page: /Users/damithch/Repos/nus-cs2103/cs2103-website-base/book/oop/classes/what/index.md
2026-08-05T15:28:20.622Z - [36mverbose[39m: Rendering page: /Users/damithch/Repos/nus-cs2103/cs2103-website-base/book/oop/classes/index.md
2026-08-05T15:28:20.631Z - [36mverbose[39m: Rendering page: /Users/damithch/Repos/nus-cs2103/cs2103-website-base/book/oop/classes/enumerations/index.md
2026-08-05T15:28:20.660Z - [36mverbose[39m: Rendering page: /Users/damithch/Repos/nus-cs2103/cs2103-website-base/book/oop/associations/what/index.md
2026-08-05T15:28:20.688Z - [36mverbose[39m: Rendering page: /Users/damithch/Repos/nus-cs2103/cs2103-website-base/book/oop/classes/classLevelMembers/index.md
2026-08-05T15:28:20.773Z - [36mverbose[39m: Rendering page: /Users/damithch/Repos/nus-cs2103/cs2103-website-base/book/oop/associations/navigability/index.md
2026-08-05T15:28:20.796Z - [36mverbose[39m: Rendering page: /Users/damithch/Repos/nus-cs2103/cs2103-website-base/book/oop/associations/multiplicity/index.md
2026-08-05T15:28:20.826Z - [36mverbose[39m: Rendering page: /Users/damithch/Repos/nus-cs2103/cs2103-website-base/book/oop/associations/index.md
2026-08-05T15:28:20.858Z - [36mverbose[39m: Rendering page: /Users/damithch/Repos/nus-cs2103/cs2103-website-base/book/oop/associations/dependencies/index.md
2026-08-05T15:28:20.865Z - [36mverbose[39m: Rendering page: /Users/damithch/Repos/nus-cs2103/cs2103-website-base/book/oop/associations/composition/index.md
2026-08-05T15:28:20.903Z - [36mverbose[39m: Rendering page: /Users/damithch/Repos/nus-cs2103/cs2103-website-base/book/oop/associations/associationClasses/index.md
2026-08-05T15:28:20.945Z - [36mverbose[39m: Rendering page: /Users/damithch/Repos/nus-cs2103/cs2103-website-base/book/modeling/modelingStructures/packageDiagrams/index.md
2026-08-05T15:28:20.951Z - [36mverbose[39m: Rendering page: /Users/damithch/Repos/nus-cs2103/cs2103-website-base/book/oop/associations/aggregation/index.md
2026-08-05T15:28:20.959Z - [36mverbose[39m: Rendering page: /Users/damithch/Repos/nus-cs2103/cs2103-website-base/book/modeling/modelingStructures/ooStructures/index.md
2026-08-05T15:28:22.486Z - [34mdebug[39m: 
2026-08-05T15:28:22.493Z - [36mverbose[39m: Rendering page: /Users/damithch/Repos/nus-cs2103/cs2103-website-base/book/modeling/modelingStructures/index.md
2026-08-05T15:28:22.525Z - [36mverbose[39m: Rendering page: /Users/damithch/Repos/nus-cs2103/cs2103-website-base/book/modeling/modelingStructures/objectDiagrams/index.md
2026-08-05T15:28:22.532Z - [36mverbose[39m: Rendering page: /Users/damithch/Repos/nus-cs2103/cs2103-website-base/book/modeling/modelingStructures/deploymentDiagrams/index.md
2026-08-05T15:28:22.588Z - [36mverbose[39m: Rendering page: /Users/damithch/Repos/nus-cs2103/cs2103-website-base/book/modeling/modelingStructures/objectOrientedDomainModels/index.md
2026-08-05T15:28:22.596Z - [36mverbose[39m: Rendering page: /Users/damithch/Repos/nus-cs2103/cs2103-website-base/book/modeling/modelingStructures/compositeStructureDiagrams/index.md
2026-08-05T15:28:22.601Z - [36mverbose[39m: Rendering page: /Users/damithch/Repos/nus-cs2103/cs2103-website-base/book/modeling/modelingStructures/componentDiagrams/index.md
2026-08-05T15:28:22.660Z - [36mverbose[39m: Rendering page: /Users/damithch/Repos/nus-cs2103/cs2103-website-base/book/modeling/modelingStructures/customisingUml/index.md
2026-08-05T15:28:22.746Z - [36mverbose[39m: Rendering page: /Users/damithch/Repos/nus-cs2103/cs2103-website-base/book/modeling/modelingStructures/classDiagramsIntermediate/index.md
2026-08-05T15:28:22.773Z - [36mverbose[39m: Rendering page: /Users/damithch/Repos/nus-cs2103/cs2103-website-base/book/modeling/modelingStructures/classDiagramsBasic/index.md
2026-08-05T15:28:22.782Z - [36mverbose[39m: Rendering page: /Users/damithch/Repos/nus-cs2103/cs2103-website-base/book/modeling/modelingStructures/classDiagramsAdvanced/index.md
2026-08-05T15:28:22.802Z - [36mverbose[39m: Rendering page: /Users/damithch/Repos/nus-cs2103/cs2103-website-base/book/modeling/modelingStructures/addingMoreInfo/index.md
2026-08-05T15:28:22.863Z - [36mverbose[39m: Rendering page: /Users/damithch/Repos/nus-cs2103/cs2103-website-base/book/modeling/modelingBehaviors/useCaseDiagrams/index.md
2026-08-05T15:28:22.872Z - [36mverbose[39m: Rendering page: /Users/damithch/Repos/nus-cs2103/cs2103-website-base/book/modeling/modelingBehaviors/timingDiagrams/index.md
2026-08-05T15:28:22.877Z - [36mverbose[39m: Rendering page: /Users/damithch/Repos/nus-cs2103/cs2103-website-base/book/modeling/modelingBehaviors/stateMachineDiagrams/index.md
2026-08-05T15:28:22.910Z - [36mverbose[39m: Rendering page: /Users/damithch/Repos/nus-cs2103/cs2103-website-base/book/modeling/modelingBehaviors/sequenceDiagramsIntermediate/index.md
2026-08-05T15:28:23.036Z - [36mverbose[39m: Rendering page: /Users/damithch/Repos/nus-cs2103/cs2103-website-base/book/modeling/modelingBehaviors/sequenceDiagramsBasic/index.md
2026-08-05T15:28:23.046Z - [36mverbose[39m: Rendering page: /Users/damithch/Repos/nus-cs2103/cs2103-website-base/book/modeling/modelingBehaviors/sequenceDiagramsAdvanced/index.md
2026-08-05T15:28:23.051Z - [36mverbose[39m: Rendering page: /Users/damithch/Repos/nus-cs2103/cs2103-website-base/book/modeling/modelingBehaviors/interactionOverviewDiagrams/index.md
2026-08-05T15:28:23.056Z - [36mverbose[39m: Rendering page: /Users/damithch/Repos/nus-cs2103/cs2103-website-base/book/modeling/modelingBehaviors/index.md
2026-08-05T15:28:23.138Z - [36mverbose[39m: Rendering page: /Users/damithch/Repos/nus-cs2103/cs2103-website-base/book/modeling/modelingBehaviors/communicationDiagrams/index.md
2026-08-05T15:28:23.143Z - [36mverbose[39m: Rendering page: /Users/damithch/Repos/nus-cs2103/cs2103-website-base/book/modeling/modelingBehaviors/activityDiagrams/index.md
2026-08-05T15:28:23.149Z - [36mverbose[39m: Rendering page: /Users/damithch/Repos/nus-cs2103/cs2103-website-base/book/modeling/modelingASolution/introduction/index.md
2026-08-05T15:28:23.154Z - [36mverbose[39m: Rendering page: /Users/damithch/Repos/nus-cs2103/cs2103-website-base/book/modeling/modelingBehaviors/activityDiagramsIntermediate/index.md
2026-08-05T15:28:23.258Z - [36mverbose[39m: Rendering page: /Users/damithch/Repos/nus-cs2103/cs2103-website-base/book/modeling/modelingASolution/intermediate/index.md
2026-08-05T15:28:23.265Z - [36mverbose[39m: Rendering page: /Users/damithch/Repos/nus-cs2103/cs2103-website-base/book/modeling/modelingASolution/index.md
2026-08-05T15:28:23.277Z - [36mverbose[39m: Rendering page: /Users/damithch/Repos/nus-cs2103/cs2103-website-base/book/modeling/modelingASolution/basic/index.md
2026-08-05T15:28:23.298Z - [36mverbose[39m: Rendering page: /Users/damithch/Repos/nus-cs2103/cs2103-website-base/book/modeling/introduction/what/index.md
2026-08-05T15:28:23.804Z - [36mverbose[39m: Rendering page: /Users/damithch/Repos/nus-cs2103/cs2103-website-base/book/modeling/introduction/umlModels/index.md
2026-08-05T15:28:23.816Z - [36mverbose[39m: Rendering page: /Users/damithch/Repos/nus-cs2103/cs2103-website-base/book/modeling/introduction/index.md
2026-08-05T15:28:23.824Z - [36mverbose[39m: Rendering page: /Users/damithch/Repos/nus-cs2103/cs2103-website-base/book/modeling/introduction/how/index.md
2026-08-05T15:28:23.844Z - [36mverbose[39m: Rendering page: /Users/damithch/Repos/nus-cs2103/cs2103-website-base/book/modeling/index.md
2026-08-05T15:28:23.934Z - [36mverbose[39m: Rendering page: /Users/damithch/Repos/nus-cs2103/cs2103-website-base/book/intellij/refactoring/index.md
2026-08-05T15:28:23.939Z - [36mverbose[39m: Rendering page: /Users/damithch/Repos/nus-cs2103/cs2103-website-base/book/intellij/projectSetup/index.md
2026-08-05T15:28:23.943Z - [36mverbose[39m: Rendering page: /Users/damithch/Repos/nus-cs2103/cs2103-website-base/book/intellij/index.md
2026-08-05T15:28:23.949Z - [36mverbose[39m: Rendering page: /Users/damithch/Repos/nus-cs2103/cs2103-website-base/book/intellij/productivityShortcuts/index.md
2026-08-05T15:28:24.009Z - [36mverbose[39m: Rendering page: /Users/damithch/Repos/nus-cs2103/cs2103-website-base/book/intellij/debuggingBasic/index.md
2026-08-05T15:28:24.015Z - [36mverbose[39m: Rendering page: /Users/damithch/Repos/nus-cs2103/cs2103-website-base/book/intellij/codeNavigation/index.md
2026-08-05T15:28:24.077Z - [36mverbose[39m: Rendering page: /Users/damithch/Repos/nus-cs2103/cs2103-website-base/book/integration/more/index.md
2026-08-05T15:28:24.087Z - [36mverbose[39m: Rendering page: /Users/damithch/Repos/nus-cs2103/cs2103-website-base/book/integration/more/review/index.md
2026-08-05T15:28:24.094Z - [36mverbose[39m: Rendering page: /Users/damithch/Repos/nus-cs2103/cs2103-website-base/book/integration/introduction/index.md
2026-08-05T15:28:24.100Z - [36mverbose[39m: Rendering page: /Users/damithch/Repos/nus-cs2103/cs2103-website-base/book/integration/introduction/what/index.md
2026-08-05T15:28:24.230Z - [36mverbose[39m: Rendering page: /Users/damithch/Repos/nus-cs2103/cs2103-website-base/book/integration/index.md
2026-08-05T15:28:24.242Z - [36mverbose[39m: Rendering page: /Users/damithch/Repos/nus-cs2103/cs2103-website-base/book/integration/buildAutomation/index.md
2026-08-05T15:28:24.247Z - [36mverbose[39m: Rendering page: /Users/damithch/Repos/nus-cs2103/cs2103-website-base/book/integration/buildAutomation/what/index.md
2026-08-05T15:28:24.252Z - [36mverbose[39m: Rendering page: /Users/damithch/Repos/nus-cs2103/cs2103-website-base/book/integration/buildAutomation/continuousIntegrationDeployment/index.md
2026-08-05T15:28:24.342Z - [36mverbose[39m: Rendering page: /Users/damithch/Repos/nus-cs2103/cs2103-website-base/book/integration/approaches/lateVsEarly/index.md
2026-08-05T15:28:24.347Z - [36mverbose[39m: Rendering page: /Users/damithch/Repos/nus-cs2103/cs2103-website-base/book/integration/approaches/topDownVsBottomUp/index.md
2026-08-05T15:28:24.352Z - [36mverbose[39m: Rendering page: /Users/damithch/Repos/nus-cs2103/cs2103-website-base/book/integration/approaches/index.md
2026-08-05T15:28:24.359Z - [36mverbose[39m: Rendering page: /Users/damithch/Repos/nus-cs2103/cs2103-website-base/book/integration/approaches/bigBangVsIncremental/index.md
2026-08-05T15:28:24.449Z - [36mverbose[39m: Rendering page: /Users/damithch/Repos/nus-cs2103/cs2103-website-base/book/index.md
2026-08-05T15:28:24.456Z - [36mverbose[39m: Rendering page: /Users/damithch/Repos/nus-cs2103/cs2103-website-base/book/ides/index.md
2026-08-05T15:28:24.462Z - [36mverbose[39m: Rendering page: /Users/damithch/Repos/nus-cs2103/cs2103-website-base/book/ides/introduction/index.md
2026-08-05T15:28:24.480Z - [36mverbose[39m: Rendering page: /Users/damithch/Repos/nus-cs2103/cs2103-website-base/book/ides/introduction/what/index.md
2026-08-05T15:28:24.523Z - [36mverbose[39m: Rendering page: /Users/damithch/Repos/nus-cs2103/cs2103-website-base/book/ides/debugging/index.md
2026-08-05T15:28:24.528Z - [36mverbose[39m: Rendering page: /Users/damithch/Repos/nus-cs2103/cs2103-website-base/book/ides/debugging/what/index.md
2026-08-05T15:28:24.533Z - [36mverbose[39m: Rendering page: /Users/damithch/Repos/nus-cs2103/cs2103-website-base/book/gitAndGithub/trail/workingWithRemotes/index.md
2026-08-05T15:28:24.550Z - [36mverbose[39m: Rendering page: /Users/damithch/Repos/nus-cs2103/cs2103-website-base/book/gitAndGithub/trail/usingRevisionHistory/index.md
2026-08-05T15:28:24.592Z - [36mverbose[39m: Rendering page: /Users/damithch/Repos/nus-cs2103/cs2103-website-base/book/gitAndGithub/trail/syncingBranches/index.md
2026-08-05T15:28:24.599Z - [36mverbose[39m: Rendering page: /Users/damithch/Repos/nus-cs2103/cs2103-website-base/book/gitAndGithub/trail/remoteBranches/index.md
2026-08-05T15:28:24.603Z - [36mverbose[39m: Rendering page: /Users/damithch/Repos/nus-cs2103/cs2103-website-base/book/gitAndGithub/trail/recordingFolderHistory/index.md
2026-08-05T15:28:24.608Z - [36mverbose[39m: Rendering page: /Users/damithch/Repos/nus-cs2103/cs2103-website-base/book/gitAndGithub/trail/index.md
2026-08-05T15:28:24.662Z - [36mverbose[39m: Rendering page: /Users/damithch/Repos/nus-cs2103/cs2103-website-base/book/gitAndGithub/trail/branchingLocally/index.md
2026-08-05T15:28:24.666Z - [36mverbose[39m: Rendering page: /Users/damithch/Repos/nus-cs2103/cs2103-website-base/book/gitAndGithub/trail/fineTuningHistory/index.md
2026-08-05T15:28:24.671Z - [36mverbose[39m: Rendering page: /Users/damithch/Repos/nus-cs2103/cs2103-website-base/book/gitAndGithub/trail/backingUpOnCloud/index.md
2026-08-05T15:28:24.675Z - [36mverbose[39m: Rendering page: /Users/damithch/Repos/nus-cs2103/cs2103-website-base/book/gitAndGithub/reviewPRs/index.md
2026-08-05T15:28:24.731Z - [36mverbose[39m: Rendering page: /Users/damithch/Repos/nus-cs2103/cs2103-website-base/book/gitAndGithub/index.md
2026-08-05T15:28:24.738Z - [36mverbose[39m: Rendering page: /Users/damithch/Repos/nus-cs2103/cs2103-website-base/book/gitAndGithub/managePRs/index.md
2026-08-05T15:28:24.743Z - [36mverbose[39m: Rendering page: /Users/damithch/Repos/nus-cs2103/cs2103-website-base/book/gitAndGithub/forkingWorkflow/index.md
2026-08-05T15:28:24.759Z - [36mverbose[39m: Rendering page: /Users/damithch/Repos/nus-cs2103/cs2103-website-base/book/gitAndGithub/createPRs/index.md
2026-08-05T15:28:24.808Z - [36mverbose[39m: Rendering page: /Users/damithch/Repos/nus-cs2103/cs2103-website-base/book/gatheringRequirements/userSurveys/index.md
2026-08-05T15:28:24.813Z - [36mverbose[39m: Rendering page: /Users/damithch/Repos/nus-cs2103/cs2103-website-base/book/gatheringRequirements/prototyping/index.md
2026-08-05T15:28:24.834Z - [36mverbose[39m: Rendering page: /Users/damithch/Repos/nus-cs2103/cs2103-website-base/book/gatheringRequirements/productSurveys/index.md
2026-08-05T15:28:24.882Z - [36mverbose[39m: Rendering page: /Users/damithch/Repos/nus-cs2103/cs2103-website-base/book/gatheringRequirements/observation/index.md
2026-08-05T15:28:24.889Z - [36mverbose[39m: Rendering page: /Users/damithch/Repos/nus-cs2103/cs2103-website-base/book/gatheringRequirements/interviews/index.md
2026-08-05T15:28:24.924Z - [36mverbose[39m: Rendering page: /Users/damithch/Repos/nus-cs2103/cs2103-website-base/book/gatheringRequirements/index.md
2026-08-05T15:28:24.947Z - [36mverbose[39m: Rendering page: /Users/damithch/Repos/nus-cs2103/cs2103-website-base/book/gatheringRequirements/focusGroups/index.md
2026-08-05T15:28:24.981Z - [36mverbose[39m: Rendering page: /Users/damithch/Repos/nus-cs2103/cs2103-website-base/book/gatheringRequirements/brainstorming/index.md
2026-08-05T15:28:25.005Z - [36mverbose[39m: Rendering page: /Users/damithch/Repos/nus-cs2103/cs2103-website-base/book/errorHandling/logging/index.md
2026-08-05T15:28:25.011Z - [36mverbose[39m: Rendering page: /Users/damithch/Repos/nus-cs2103/cs2103-website-base/book/errorHandling/logging/what/index.md
2026-08-05T15:28:25.042Z - [36mverbose[39m: Rendering page: /Users/damithch/Repos/nus-cs2103/cs2103-website-base/book/errorHandling/logging/how/index.md
2026-08-05T15:28:25.258Z - [36mverbose[39m: Rendering page: /Users/damithch/Repos/nus-cs2103/cs2103-website-base/book/errorHandling/introduction/index.md
2026-08-05T15:28:25.263Z - [36mverbose[39m: Rendering page: /Users/damithch/Repos/nus-cs2103/cs2103-website-base/book/errorHandling/introduction/what/index.md
2026-08-05T15:28:25.270Z - [36mverbose[39m: Rendering page: /Users/damithch/Repos/nus-cs2103/cs2103-website-base/book/errorHandling/index.md
2026-08-05T15:28:25.334Z - [36mverbose[39m: Rendering page: /Users/damithch/Repos/nus-cs2103/cs2103-website-base/book/errorHandling/exceptions/when/index.md
2026-08-05T15:28:25.355Z - [36mverbose[39m: Rendering page: /Users/damithch/Repos/nus-cs2103/cs2103-website-base/book/errorHandling/exceptions/index.md
2026-08-05T15:28:25.363Z - [36mverbose[39m: Rendering page: /Users/damithch/Repos/nus-cs2103/cs2103-website-base/book/errorHandling/exceptions/what/index.md
2026-08-05T15:28:25.382Z - [36mverbose[39m: Rendering page: /Users/damithch/Repos/nus-cs2103/cs2103-website-base/book/errorHandling/exceptions/how/index.md
2026-08-05T15:28:25.434Z - [36mverbose[39m: Rendering page: /Users/damithch/Repos/nus-cs2103/cs2103-website-base/book/errorHandling/designByContract/what/index.md
2026-08-05T15:28:25.439Z - [36mverbose[39m: Rendering page: /Users/damithch/Repos/nus-cs2103/cs2103-website-base/book/errorHandling/designByContract/index.md
2026-08-05T15:28:25.444Z - [36mverbose[39m: Rendering page: /Users/damithch/Repos/nus-cs2103/cs2103-website-base/book/errorHandling/defensiveProgramming/when/index.md
2026-08-05T15:28:25.450Z - [36mverbose[39m: Rendering page: /Users/damithch/Repos/nus-cs2103/cs2103-website-base/book/errorHandling/defensiveProgramming/what/index.md
2026-08-05T15:28:25.661Z - [36mverbose[39m: Rendering page: /Users/damithch/Repos/nus-cs2103/cs2103-website-base/book/errorHandling/defensiveProgramming/referentialIntegrity/index.md
2026-08-05T15:28:25.673Z - [36mverbose[39m: Rendering page: /Users/damithch/Repos/nus-cs2103/cs2103-website-base/book/errorHandling/defensiveProgramming/index.md
2026-08-05T15:28:25.688Z - [36mverbose[39m: Rendering page: /Users/damithch/Repos/nus-cs2103/cs2103-website-base/book/errorHandling/defensiveProgramming/compulsoryAssociations/index.md
2026-08-05T15:28:25.716Z - [36mverbose[39m: Rendering page: /Users/damithch/Repos/nus-cs2103/cs2103-website-base/book/errorHandling/defensiveProgramming/1to1Associations/index.md
2026-08-05T15:28:25.783Z - [36mverbose[39m: Rendering page: /Users/damithch/Repos/nus-cs2103/cs2103-website-base/book/errorHandling/assertions/when/index.md
2026-08-05T15:28:25.790Z - [36mverbose[39m: Rendering page: /Users/damithch/Repos/nus-cs2103/cs2103-website-base/book/errorHandling/assertions/what/index.md
2026-08-05T15:28:25.794Z - [36mverbose[39m: Rendering page: /Users/damithch/Repos/nus-cs2103/cs2103-website-base/book/errorHandling/assertions/index.md
2026-08-05T15:28:25.815Z - [36mverbose[39m: Rendering page: /Users/damithch/Repos/nus-cs2103/cs2103-website-base/book/errorHandling/assertions/how/index.md
2026-08-05T15:28:25.862Z - [36mverbose[39m: Rendering page: /Users/damithch/Repos/nus-cs2103/cs2103-website-base/book/documentation/tools/markdown/what/index.md
2026-08-05T15:28:25.868Z - [36mverbose[39m: Rendering page: /Users/damithch/Repos/nus-cs2103/cs2103-website-base/book/documentation/tools/markdown/index.md
2026-08-05T15:28:25.873Z - [36mverbose[39m: Rendering page: /Users/damithch/Repos/nus-cs2103/cs2103-website-base/book/documentation/tools/markdown/how/index.md
2026-08-05T15:28:25.880Z - [36mverbose[39m: Rendering page: /Users/damithch/Repos/nus-cs2103/cs2103-website-base/book/documentation/tools/javaDoc/what/index.md
2026-08-05T15:28:25.975Z - [36mverbose[39m: Rendering page: /Users/damithch/Repos/nus-cs2103/cs2103-website-base/book/documentation/tools/javaDoc/index.md
2026-08-05T15:28:25.983Z - [36mverbose[39m: Rendering page: /Users/damithch/Repos/nus-cs2103/cs2103-website-base/book/documentation/tools/javaDoc/how/index.md
2026-08-05T15:28:25.989Z - [36mverbose[39m: Rendering page: /Users/damithch/Repos/nus-cs2103/cs2103-website-base/book/documentation/tools/index.md
2026-08-05T15:28:26.032Z - [36mverbose[39m: Rendering page: /Users/damithch/Repos/nus-cs2103/cs2103-website-base/book/documentation/tools/asciiDoc/what/index.md
2026-08-05T15:28:26.058Z - [36mverbose[39m: Rendering page: /Users/damithch/Repos/nus-cs2103/cs2103-website-base/book/documentation/tools/asciiDoc/index.md
2026-08-05T15:28:26.188Z - [36mverbose[39m: Rendering page: /Users/damithch/Repos/nus-cs2103/cs2103-website-base/book/documentation/introduction/index.md
2026-08-05T15:28:26.195Z - [36mverbose[39m: Rendering page: /Users/damithch/Repos/nus-cs2103/cs2103-website-base/book/documentation/introduction/what/index.md
2026-08-05T15:28:26.201Z - [36mverbose[39m: Rendering page: /Users/damithch/Repos/nus-cs2103/cs2103-website-base/book/documentation/index.md
2026-08-05T15:28:26.228Z - [36mverbose[39m: Rendering page: /Users/damithch/Repos/nus-cs2103/cs2103-website-base/book/documentation/guidelines/index.md
2026-08-05T15:28:26.285Z - [36mverbose[39m: Rendering page: /Users/damithch/Repos/nus-cs2103/cs2103-website-base/book/documentation/guidelines/goTopDown/index.md
2026-08-05T15:28:26.291Z - [36mverbose[39m: Rendering page: /Users/damithch/Repos/nus-cs2103/cs2103-website-base/book/documentation/guidelines/goTopDown/why/index.md
2026-08-05T15:28:26.296Z - [36mverbose[39m: Rendering page: /Users/damithch/Repos/nus-cs2103/cs2103-website-base/book/documentation/guidelines/goTopDown/what/index.md
2026-08-05T15:28:26.300Z - [36mverbose[39m: Rendering page: /Users/damithch/Repos/nus-cs2103/cs2103-website-base/book/documentation/guidelines/goTopDown/how/index.md
2026-08-05T15:28:26.361Z - [36mverbose[39m: Rendering page: /Users/damithch/Repos/nus-cs2103/cs2103-website-base/book/documentation/guidelines/documentMinimally/how/index.md
2026-08-05T15:28:26.365Z - [36mverbose[39m: Rendering page: /Users/damithch/Repos/nus-cs2103/cs2103-website-base/book/documentation/guidelines/documentMinimally/index.md
2026-08-05T15:28:26.370Z - [36mverbose[39m: Rendering page: /Users/damithch/Repos/nus-cs2103/cs2103-website-base/book/documentation/guidelines/documentMinimally/what/index.md
2026-08-05T15:28:26.399Z - [36mverbose[39m: Rendering page: /Users/damithch/Repos/nus-cs2103/cs2103-website-base/book/documentation/guidelines/aimForComprehensibility/what/index.md
2026-08-05T15:28:26.437Z - [36mverbose[39m: Rendering page: /Users/damithch/Repos/nus-cs2103/cs2103-website-base/book/documentation/guidelines/aimForComprehensibility/index.md
2026-08-05T15:28:26.472Z - [36mverbose[39m: Rendering page: /Users/damithch/Repos/nus-cs2103/cs2103-website-base/book/designPatterns/singleton/what/index.md
2026-08-05T15:28:26.479Z - [36mverbose[39m: Rendering page: /Users/damithch/Repos/nus-cs2103/cs2103-website-base/book/documentation/guidelines/aimForComprehensibility/how/index.md
2026-08-05T15:28:26.502Z - [36mverbose[39m: Rendering page: /Users/damithch/Repos/nus-cs2103/cs2103-website-base/book/designPatterns/singleton/index.md
2026-08-05T15:28:26.583Z - [36mverbose[39m: Rendering page: /Users/damithch/Repos/nus-cs2103/cs2103-website-base/book/designPatterns/singleton/implementation/index.md
2026-08-05T15:28:26.593Z - [36mverbose[39m: Rendering page: /Users/damithch/Repos/nus-cs2103/cs2103-website-base/book/designPatterns/singleton/evaluation/index.md
2026-08-05T15:28:26.599Z - [36mverbose[39m: Rendering page: /Users/damithch/Repos/nus-cs2103/cs2103-website-base/book/designPatterns/observer/what/index.md
2026-08-05T15:28:26.617Z - [36mverbose[39m: Rendering page: /Users/damithch/Repos/nus-cs2103/cs2103-website-base/book/designPatterns/observer/index.md
2026-08-05T15:28:26.683Z - [36mverbose[39m: Rendering page: /Users/damithch/Repos/nus-cs2103/cs2103-website-base/book/designPatterns/more/vsPrinciples/index.md
2026-08-05T15:28:26.689Z - [36mverbose[39m: Rendering page: /Users/damithch/Repos/nus-cs2103/cs2103-website-base/book/designPatterns/more/usingDesignPatterns/index.md
2026-08-05T15:28:26.694Z - [36mverbose[39m: Rendering page: /Users/damithch/Repos/nus-cs2103/cs2103-website-base/book/designPatterns/more/otherTypesOfPatterns/index.md
2026-08-05T15:28:26.699Z - [36mverbose[39m: Rendering page: /Users/damithch/Repos/nus-cs2103/cs2103-website-base/book/designPatterns/more/otherDesignPatterns/index.md
2026-08-05T15:28:26.787Z - [36mverbose[39m: Rendering page: /Users/damithch/Repos/nus-cs2103/cs2103-website-base/book/designPatterns/more/index.md
2026-08-05T15:28:26.794Z - [36mverbose[39m: Rendering page: /Users/damithch/Repos/nus-cs2103/cs2103-website-base/book/designPatterns/more/combiningDesignPatterns/index.md
2026-08-05T15:28:26.802Z - [36mverbose[39m: Rendering page: /Users/damithch/Repos/nus-cs2103/cs2103-website-base/book/designPatterns/modelViewController/what/index.md
2026-08-05T15:28:26.827Z - [36mverbose[39m: Rendering page: /Users/damithch/Repos/nus-cs2103/cs2103-website-base/book/designPatterns/modelViewController/index.md
2026-08-05T15:28:27.016Z - [36mverbose[39m: Rendering page: /Users/damithch/Repos/nus-cs2103/cs2103-website-base/book/designPatterns/introduction/what/index.md
2026-08-05T15:28:27.022Z - [36mverbose[39m: Rendering page: /Users/damithch/Repos/nus-cs2103/cs2103-website-base/book/designPatterns/introduction/index.md
2026-08-05T15:28:27.029Z - [36mverbose[39m: Rendering page: /Users/damithch/Repos/nus-cs2103/cs2103-website-base/book/designPatterns/introduction/format/index.md
2026-08-05T15:28:27.034Z - [36mverbose[39m: Rendering page: /Users/damithch/Repos/nus-cs2103/cs2103-website-base/book/designPatterns/index.md
2026-08-05T15:28:27.120Z - [36mverbose[39m: Rendering page: /Users/damithch/Repos/nus-cs2103/cs2103-website-base/book/designPatterns/facade/what/index.md
2026-08-05T15:28:27.126Z - [36mverbose[39m: Rendering page: /Users/damithch/Repos/nus-cs2103/cs2103-website-base/book/designPatterns/facade/index.md
2026-08-05T15:28:27.133Z - [36mverbose[39m: Rendering page: /Users/damithch/Repos/nus-cs2103/cs2103-website-base/book/designPatterns/command/what/index.md
2026-08-05T15:28:27.138Z - [36mverbose[39m: Rendering page: /Users/damithch/Repos/nus-cs2103/cs2103-website-base/book/designPatterns/command/index.md
2026-08-05T15:28:27.279Z - [36mverbose[39m: Rendering page: /Users/damithch/Repos/nus-cs2103/cs2103-website-base/book/designPatterns/abstractionOccurrence/what/index.md
2026-08-05T15:28:27.286Z - [36mverbose[39m: Rendering page: /Users/damithch/Repos/nus-cs2103/cs2103-website-base/book/designPatterns/abstractionOccurrence/index.md
2026-08-05T15:28:27.294Z - [36mverbose[39m: Rendering page: /Users/damithch/Repos/nus-cs2103/cs2103-website-base/book/designFundamentals/index.md
2026-08-05T15:28:27.318Z - [36mverbose[39m: Rendering page: /Users/damithch/Repos/nus-cs2103/cs2103-website-base/book/designFundamentals/coupling/what/index.md
2026-08-05T15:28:27.398Z - [36mverbose[39m: Rendering page: /Users/damithch/Repos/nus-cs2103/cs2103-website-base/book/designFundamentals/coupling/types/index.md
2026-08-05T15:28:27.403Z - [36mverbose[39m: Rendering page: /Users/damithch/Repos/nus-cs2103/cs2103-website-base/book/designFundamentals/coupling/index.md
2026-08-05T15:28:27.410Z - [36mverbose[39m: Rendering page: /Users/damithch/Repos/nus-cs2103/cs2103-website-base/book/designFundamentals/coupling/how/index.md
2026-08-05T15:28:27.441Z - [36mverbose[39m: Rendering page: /Users/damithch/Repos/nus-cs2103/cs2103-website-base/book/designFundamentals/cohesion/what/index.md
2026-08-05T15:28:27.481Z - [36mverbose[39m: Rendering page: /Users/damithch/Repos/nus-cs2103/cs2103-website-base/book/designFundamentals/cohesion/index.md
2026-08-05T15:28:27.508Z - [36mverbose[39m: Rendering page: /Users/damithch/Repos/nus-cs2103/cs2103-website-base/book/designFundamentals/cohesion/how/index.md
2026-08-05T15:28:27.531Z - [36mverbose[39m: Rendering page: /Users/damithch/Repos/nus-cs2103/cs2103-website-base/book/designFundamentals/abstraction/index.md
2026-08-05T15:28:27.537Z - [36mverbose[39m: Rendering page: /Users/damithch/Repos/nus-cs2103/cs2103-website-base/book/designFundamentals/abstraction/what/index.md
2026-08-05T15:28:27.587Z - [36mverbose[39m: Rendering page: /Users/damithch/Repos/nus-cs2103/cs2103-website-base/book/designApproaches/topDownBottomUp/what/index.md
2026-08-05T15:28:27.593Z - [36mverbose[39m: Rendering page: /Users/damithch/Repos/nus-cs2103/cs2103-website-base/book/designApproaches/topDownBottomUp/index.md
2026-08-05T15:28:27.599Z - [36mverbose[39m: Rendering page: /Users/damithch/Repos/nus-cs2103/cs2103-website-base/book/designApproaches/multilevelDesign/index.md
2026-08-05T15:28:27.653Z - [36mverbose[39m: Rendering page: /Users/damithch/Repos/nus-cs2103/cs2103-website-base/book/designApproaches/multilevelDesign/what/index.md
2026-08-05T15:28:27.674Z - [36mverbose[39m: Rendering page: /Users/damithch/Repos/nus-cs2103/cs2103-website-base/book/designApproaches/index.md
2026-08-05T15:28:27.710Z - [36mverbose[39m: Rendering page: /Users/damithch/Repos/nus-cs2103/cs2103-website-base/book/designApproaches/agileDesign/what/index.md
2026-08-05T15:28:27.716Z - [36mverbose[39m: Rendering page: /Users/damithch/Repos/nus-cs2103/cs2103-website-base/book/designApproaches/agileDesign/index.md
2026-08-05T15:28:27.721Z - [36mverbose[39m: Rendering page: /Users/damithch/Repos/nus-cs2103/cs2103-website-base/book/design/introduction/index.md
2026-08-05T15:28:27.789Z - [36mverbose[39m: Rendering page: /Users/damithch/Repos/nus-cs2103/cs2103-website-base/book/design/introduction/what/index.md
2026-08-05T15:28:27.794Z - [36mverbose[39m: Rendering page: /Users/damithch/Repos/nus-cs2103/cs2103-website-base/book/design/index.md
2026-08-05T15:28:27.896Z - [36mverbose[39m: Rendering page: /Users/damithch/Repos/nus-cs2103/cs2103-website-base/book/debugging/what/index.md
2026-08-05T15:28:27.903Z - [36mverbose[39m: Rendering page: /Users/damithch/Repos/nus-cs2103/cs2103-website-base/book/debugging/tools/index.md
2026-08-05T15:28:27.910Z - [36mverbose[39m: Rendering page: /Users/damithch/Repos/nus-cs2103/cs2103-website-base/book/debugging/index.md
2026-08-05T15:28:27.936Z - [36mverbose[39m: Rendering page: /Users/damithch/Repos/nus-cs2103/cs2103-website-base/book/debugging/how/index.md
2026-08-05T15:28:28.039Z - [36mverbose[39m: Rendering page: /Users/damithch/Repos/nus-cs2103/cs2103-website-base/book/debugging/fixing/index.md
2026-08-05T15:28:28.047Z - [36mverbose[39m: Rendering page: /Users/damithch/Repos/nus-cs2103/cs2103-website-base/book/debugging/advanced/index.md
2026-08-05T15:28:28.052Z - [36mverbose[39m: Rendering page: /Users/damithch/Repos/nus-cs2103/cs2103-website-base/book/cppToJava/usefulClasses/wrapperClasses/index.md
2026-08-05T15:28:28.219Z - [36mverbose[39m: Rendering page: /Users/damithch/Repos/nus-cs2103/cs2103-website-base/book/cppToJava/usefulClasses/stringClass/index.md
2026-08-05T15:28:28.260Z - [36mverbose[39m: Rendering page: /Users/damithch/Repos/nus-cs2103/cs2103-website-base/book/cppToJava/usefulClasses/scannerClass/index.md
2026-08-05T15:28:28.280Z - [36mverbose[39m: Rendering page: /Users/damithch/Repos/nus-cs2103/cs2103-website-base/book/cppToJava/usefulClasses/index.md
2026-08-05T15:28:28.301Z - [36mverbose[39m: Rendering page: /Users/damithch/Repos/nus-cs2103/cs2103-website-base/book/cppToJava/usefulClasses/arraysClass/index.md
2026-08-05T15:28:28.375Z - [36mverbose[39m: Rendering page: /Users/damithch/Repos/nus-cs2103/cs2103-website-base/book/cppToJava/usefulClasses/api/index.md
2026-08-05T15:28:28.407Z - [36mverbose[39m: Rendering page: /Users/damithch/Repos/nus-cs2103/cs2103-website-base/book/cppToJava/objects/usingObjects/index.md
2026-08-05T15:28:28.414Z - [36mverbose[39m: Rendering page: /Users/damithch/Repos/nus-cs2103/cs2103-website-base/book/cppToJava/objects/passingObjects/index.md
2026-08-05T15:28:28.507Z - [36mverbose[39m: Rendering page: /Users/damithch/Repos/nus-cs2103/cs2103-website-base/book/cppToJava/objects/instanceMembers/index.md
2026-08-05T15:28:28.543Z - [36mverbose[39m: Rendering page: /Users/damithch/Repos/nus-cs2103/cs2103-website-base/book/cppToJava/objects/index.md
2026-08-05T15:28:28.575Z - [36mverbose[39m: Rendering page: /Users/damithch/Repos/nus-cs2103/cs2103-website-base/book/cppToJava/misc/varargs/index.md
2026-08-05T15:28:28.580Z - [36mverbose[39m: Rendering page: /Users/damithch/Repos/nus-cs2103/cs2103-website-base/book/cppToJava/objects/garbageCollection/index.md
2026-08-05T15:28:28.612Z - [36mverbose[39m: Rendering page: /Users/damithch/Repos/nus-cs2103/cs2103-website-base/book/cppToJava/misc/streams/index.md
2026-08-05T15:28:28.690Z - [36mverbose[39m: Rendering page: /Users/damithch/Repos/nus-cs2103/cs2103-website-base/book/cppToJava/misc/packages/index.md
2026-08-05T15:28:28.712Z - [36mverbose[39m: Rendering page: /Users/damithch/Repos/nus-cs2103/cs2103-website-base/book/cppToJava/misc/javaFX/part02/index.md
2026-08-05T15:28:28.722Z - [36mverbose[39m: Rendering page: /Users/damithch/Repos/nus-cs2103/cs2103-website-base/book/cppToJava/misc/javaFX/part01/index.md
2026-08-05T15:28:28.751Z - [36mverbose[39m: Rendering page: /Users/damithch/Repos/nus-cs2103/cs2103-website-base/book/cppToJava/misc/javaFX/index.md
2026-08-05T15:28:28.938Z - [36mverbose[39m: Rendering page: /Users/damithch/Repos/nus-cs2103/cs2103-website-base/book/cppToJava/misc/jar/index.md
2026-08-05T15:28:28.944Z - [36mverbose[39m: Rendering page: /Users/damithch/Repos/nus-cs2103/cs2103-website-base/book/cppToJava/misc/index.md
2026-08-05T15:28:28.963Z - [36mverbose[39m: Rendering page: /Users/damithch/Repos/nus-cs2103/cs2103-website-base/book/cppToJava/misc/fileAccess/index.md
2026-08-05T15:28:28.987Z - [36mverbose[39m: Rendering page: /Users/damithch/Repos/nus-cs2103/cs2103-website-base/book/cppToJava/misc/enums/index.md
2026-08-05T15:28:29.054Z - [36mverbose[39m: Rendering page: /Users/damithch/Repos/nus-cs2103/cs2103-website-base/book/cppToJava/misc/constants/index.md
2026-08-05T15:28:29.061Z - [36mverbose[39m: Rendering page: /Users/damithch/Repos/nus-cs2103/cs2103-website-base/book/cppToJava/misc/casting/index.md
2026-08-05T15:28:29.069Z - [36mverbose[39m: Rendering page: /Users/damithch/Repos/nus-cs2103/cs2103-website-base/book/cppToJava/misc/accessModifiers/index.md
2026-08-05T15:28:29.074Z - [36mverbose[39m: Rendering page: /Users/damithch/Repos/nus-cs2103/cs2103-website-base/book/cppToJava/junit/intermediate/index.md
2026-08-05T15:28:29.161Z - [36mverbose[39m: Rendering page: /Users/damithch/Repos/nus-cs2103/cs2103-website-base/book/cppToJava/junit/index.md
2026-08-05T15:28:29.168Z - [36mverbose[39m: Rendering page: /Users/damithch/Repos/nus-cs2103/cs2103-website-base/book/cppToJava/junit/basic/index.md
2026-08-05T15:28:29.175Z - [36mverbose[39m: Rendering page: /Users/damithch/Repos/nus-cs2103/cs2103-website-base/book/cppToJava/javaWorld/what/index.md
2026-08-05T15:28:29.193Z - [36mverbose[39m: Rendering page: /Users/damithch/Repos/nus-cs2103/cs2103-website-base/book/cppToJava/javaWorld/index.md
2026-08-05T15:28:29.309Z - [36mverbose[39m: Rendering page: /Users/damithch/Repos/nus-cs2103/cs2103-website-base/book/cppToJava/javaWorld/how/index.md
2026-08-05T15:28:29.315Z - [36mverbose[39m: Rendering page: /Users/damithch/Repos/nus-cs2103/cs2103-website-base/book/cppToJava/javaWorld/editions/index.md
2026-08-05T15:28:29.319Z - [36mverbose[39m: Rendering page: /Users/damithch/Repos/nus-cs2103/cs2103-website-base/book/cppToJava/inheritance/polymorphism/index.md
2026-08-05T15:28:29.377Z - [36mverbose[39m: Rendering page: /Users/damithch/Repos/nus-cs2103/cs2103-website-base/book/cppToJava/inheritance/objectClass/index.md
2026-08-05T15:28:29.714Z - [36mverbose[39m: Rendering page: /Users/damithch/Repos/nus-cs2103/cs2103-website-base/book/cppToJava/inheritance/interfaces/index.md
2026-08-05T15:28:29.725Z - [36mverbose[39m: Rendering page: /Users/damithch/Repos/nus-cs2103/cs2103-website-base/book/cppToJava/inheritance/index.md
2026-08-05T15:28:29.758Z - [36mverbose[39m: Rendering page: /Users/damithch/Repos/nus-cs2103/cs2103-website-base/book/cppToJava/inheritance/basic/index.md
2026-08-05T15:28:31.262Z - [36mverbose[39m: Rendering page: /Users/damithch/Repos/nus-cs2103/cs2103-website-base/book/cppToJava/inheritance/abstractClassesAndMethods/index.md
2026-08-05T15:28:31.311Z - [36mverbose[39m: Rendering page: /Users/damithch/Repos/nus-cs2103/cs2103-website-base/book/cppToJava/index.md
2026-08-05T15:28:31.482Z - [36mverbose[39m: Rendering page: /Users/damithch/Repos/nus-cs2103/cs2103-website-base/book/cppToJava/gettingStarted/installation/index.md
2026-08-05T15:28:31.487Z - [36mverbose[39m: Rendering page: /Users/damithch/Repos/nus-cs2103/cs2103-website-base/book/cppToJava/gettingStarted/running/index.md
2026-08-05T15:28:31.515Z - [36mverbose[39m: Rendering page: /Users/damithch/Repos/nus-cs2103/cs2103-website-base/book/cppToJava/gettingStarted/index.md
2026-08-05T15:28:31.599Z - [36mverbose[39m: Rendering page: /Users/damithch/Repos/nus-cs2103/cs2103-website-base/book/cppToJava/gettingStarted/helloWorld/index.md
2026-08-05T15:28:31.605Z - [36mverbose[39m: Rendering page: /Users/damithch/Repos/nus-cs2103/cs2103-website-base/book/cppToJava/gettingStarted/compiling/index.md
2026-08-05T15:28:31.609Z - [36mverbose[39m: Rendering page: /Users/damithch/Repos/nus-cs2103/cs2103-website-base/book/cppToJava/generics/what/index.md
2026-08-05T15:28:31.615Z - [36mverbose[39m: Rendering page: /Users/damithch/Repos/nus-cs2103/cs2103-website-base/book/cppToJava/generics/index.md
2026-08-05T15:28:31.761Z - [36mverbose[39m: Rendering page: /Users/damithch/Repos/nus-cs2103/cs2103-website-base/book/cppToJava/exceptions/what/index.md
2026-08-05T15:28:31.766Z - [36mverbose[39m: Rendering page: /Users/damithch/Repos/nus-cs2103/cs2103-website-base/book/cppToJava/generics/how/index.md
2026-08-05T15:28:31.775Z - [36mverbose[39m: Rendering page: /Users/damithch/Repos/nus-cs2103/cs2103-website-base/book/cppToJava/exceptions/index.md
2026-08-05T15:28:31.785Z - [36mverbose[39m: Rendering page: /Users/damithch/Repos/nus-cs2103/cs2103-website-base/book/cppToJava/exceptions/how/index.md
2026-08-05T15:28:31.926Z - [36mverbose[39m: Rendering page: /Users/damithch/Repos/nus-cs2103/cs2103-website-base/book/cppToJava/dataTypes/primitiveTypes/index.md
2026-08-05T15:28:31.931Z - [36mverbose[39m: Rendering page: /Users/damithch/Repos/nus-cs2103/cs2103-website-base/book/cppToJava/dataTypes/variables/index.md
2026-08-05T15:28:31.938Z - [36mverbose[39m: Rendering page: /Users/damithch/Repos/nus-cs2103/cs2103-website-base/book/cppToJava/dataTypes/operators/index.md
2026-08-05T15:28:31.944Z - [36mverbose[39m: Rendering page: /Users/damithch/Repos/nus-cs2103/cs2103-website-base/book/cppToJava/dataTypes/index.md
2026-08-05T15:28:32.190Z - [36mverbose[39m: Rendering page: /Users/damithch/Repos/nus-cs2103/cs2103-website-base/book/cppToJava/controlFlow/methods/index.md
2026-08-05T15:28:32.201Z - [36mverbose[39m: Rendering page: /Users/damithch/Repos/nus-cs2103/cs2103-website-base/book/cppToJava/dataTypes/arrays/index.md
2026-08-05T15:28:32.209Z - [36mverbose[39m: Rendering page: /Users/damithch/Repos/nus-cs2103/cs2103-website-base/book/cppToJava/controlFlow/loops/index.md
2026-08-05T15:28:32.220Z - [36mverbose[39m: Rendering page: /Users/damithch/Repos/nus-cs2103/cs2103-website-base/book/cppToJava/controlFlow/index.md
2026-08-05T15:28:32.383Z - [36mverbose[39m: Rendering page: /Users/damithch/Repos/nus-cs2103/cs2103-website-base/book/cppToJava/collections/what/index.md
2026-08-05T15:28:32.389Z - [36mverbose[39m: Rendering page: /Users/damithch/Repos/nus-cs2103/cs2103-website-base/book/cppToJava/controlFlow/branching/index.md
2026-08-05T15:28:32.400Z - [36mverbose[39m: Rendering page: /Users/damithch/Repos/nus-cs2103/cs2103-website-base/book/cppToJava/collections/index.md
2026-08-05T15:28:32.412Z - [36mverbose[39m: Rendering page: /Users/damithch/Repos/nus-cs2103/cs2103-website-base/book/cppToJava/collections/hashMapClass/index.md
2026-08-05T15:28:32.606Z - [36mverbose[39m: Rendering page: /Users/damithch/Repos/nus-cs2103/cs2103-website-base/book/cppToJava/collections/arrayListClass/index.md
2026-08-05T15:28:32.613Z - [36mverbose[39m: Rendering page: /Users/damithch/Repos/nus-cs2103/cs2103-website-base/book/cppToJava/classes/index.md
2026-08-05T15:28:32.630Z - [36mverbose[39m: Rendering page: /Users/damithch/Repos/nus-cs2103/cs2103-website-base/book/cppToJava/classes/gettersAndSetters/index.md
2026-08-05T15:28:32.640Z - [36mverbose[39m: Rendering page: /Users/damithch/Repos/nus-cs2103/cs2103-website-base/book/cppToJava/classes/definingClasses/index.md
2026-08-05T15:28:32.725Z - [36mverbose[39m: Rendering page: /Users/damithch/Repos/nus-cs2103/cs2103-website-base/book/cppToJava/classes/classLevelMembers/index.md
2026-08-05T15:28:32.735Z - [36mverbose[39m: Rendering page: /Users/damithch/Repos/nus-cs2103/cs2103-website-base/book/cppToJava/about/index.md
2026-08-05T15:28:32.740Z - [36mverbose[39m: Rendering page: /Users/damithch/Repos/nus-cs2103/cs2103-website-base/book/codeQuality/nameWell/introduction/index.md
2026-08-05T15:28:32.803Z - [36mverbose[39m: Rendering page: /Users/damithch/Repos/nus-cs2103/cs2103-website-base/book/codeQuality/nameWell/intermediate/useNameExplain/index.md
2026-08-05T15:28:32.812Z - [36mverbose[39m: Rendering page: /Users/damithch/Repos/nus-cs2103/cs2103-website-base/book/codeQuality/nameWell/intermediate/index.md
2026-08-05T15:28:32.818Z - [36mverbose[39m: Rendering page: /Users/damithch/Repos/nus-cs2103/cs2103-website-base/book/codeQuality/nameWell/intermediate/notTooLongNorShort/index.md
2026-08-05T15:28:32.871Z - [36mverbose[39m: Rendering page: /Users/damithch/Repos/nus-cs2103/cs2103-website-base/book/codeQuality/nameWell/intermediate/avoidMisleadingNames/index.md
2026-08-05T15:28:32.906Z - [36mverbose[39m: Rendering page: /Users/damithch/Repos/nus-cs2103/cs2103-website-base/book/codeQuality/nameWell/index.md
2026-08-05T15:28:32.939Z - [36mverbose[39m: Rendering page: /Users/damithch/Repos/nus-cs2103/cs2103-website-base/book/codeQuality/nameWell/basic/index.md
2026-08-05T15:28:32.966Z - [36mverbose[39m: Rendering page: /Users/damithch/Repos/nus-cs2103/cs2103-website-base/book/codeQuality/nameWell/basic/useStandardWords/index.md
2026-08-05T15:28:32.982Z - [36mverbose[39m: Rendering page: /Users/damithch/Repos/nus-cs2103/cs2103-website-base/book/codeQuality/nameWell/basic/nounsAndVerbsAsNames/index.md
2026-08-05T15:28:33.037Z - [36mverbose[39m: Rendering page: /Users/damithch/Repos/nus-cs2103/cs2103-website-base/book/codeQuality/maximizeReadability/introduction/index.md
2026-08-05T15:28:33.103Z - [36mverbose[39m: Rendering page: /Users/damithch/Repos/nus-cs2103/cs2103-website-base/book/codeQuality/maximizeReadability/intermediate/structureCodeLogically/index.md
2026-08-05T15:28:33.108Z - [36mverbose[39m: Rendering page: /Users/damithch/Repos/nus-cs2103/cs2103-website-base/book/codeQuality/maximizeReadability/intermediate/slapHard/index.md
2026-08-05T15:28:33.117Z - [36mverbose[39m: Rendering page: /Users/damithch/Repos/nus-cs2103/cs2103-website-base/book/codeQuality/maximizeReadability/intermediate/practiceKISSing/index.md
2026-08-05T15:28:33.122Z - [36mverbose[39m: Rendering page: /Users/damithch/Repos/nus-cs2103/cs2103-website-base/book/codeQuality/maximizeReadability/intermediate/index.md
2026-08-05T15:28:33.356Z - [36mverbose[39m: Rendering page: /Users/damithch/Repos/nus-cs2103/cs2103-website-base/book/codeQuality/maximizeReadability/intermediate/avoidPrematureOptimizations/index.md
2026-08-05T15:28:33.366Z - [36mverbose[39m: Rendering page: /Users/damithch/Repos/nus-cs2103/cs2103-website-base/book/codeQuality/maximizeReadability/intermediate/dontTripReader/index.md
2026-08-05T15:28:33.377Z - [36mverbose[39m: Rendering page: /Users/damithch/Repos/nus-cs2103/cs2103-website-base/book/codeQuality/maximizeReadability/index.md
2026-08-05T15:28:33.416Z - [36mverbose[39m: Rendering page: /Users/damithch/Repos/nus-cs2103/cs2103-website-base/book/codeQuality/maximizeReadability/basic/makeCodeObvious/index.md
2026-08-05T15:28:33.689Z - [36mverbose[39m: Rendering page: /Users/damithch/Repos/nus-cs2103/cs2103-website-base/book/codeQuality/maximizeReadability/basic/index.md
2026-08-05T15:28:33.719Z - [36mverbose[39m: Rendering page: /Users/damithch/Repos/nus-cs2103/cs2103-website-base/book/codeQuality/maximizeReadability/basic/avoidLongMethods/index.md
2026-08-05T15:28:33.726Z - [36mverbose[39m: Rendering page: /Users/damithch/Repos/nus-cs2103/cs2103-website-base/book/codeQuality/maximizeReadability/basic/avoidMagicNumbers/index.md
2026-08-05T15:28:33.736Z - [36mverbose[39m: Rendering page: /Users/damithch/Repos/nus-cs2103/cs2103-website-base/book/codeQuality/maximizeReadability/basic/avoidDeepNesting/index.md
2026-08-05T15:28:33.858Z - [36mverbose[39m: Rendering page: /Users/damithch/Repos/nus-cs2103/cs2103-website-base/book/codeQuality/maximizeReadability/basic/avoidComplicatedExpressions/index.md
2026-08-05T15:28:33.866Z - [36mverbose[39m: Rendering page: /Users/damithch/Repos/nus-cs2103/cs2103-website-base/book/codeQuality/maximizeReadability/advanced/index.md
2026-08-05T15:28:33.881Z - [36mverbose[39m: Rendering page: /Users/damithch/Repos/nus-cs2103/cs2103-website-base/book/codeQuality/introduction/index.md
2026-08-05T15:28:33.890Z - [36mverbose[39m: Rendering page: /Users/damithch/Repos/nus-cs2103/cs2103-website-base/book/codeQuality/maximizeReadability/advanced/makeHappyPathProminent/index.md
2026-08-05T15:28:34.380Z - [36mverbose[39m: Rendering page: /Users/damithch/Repos/nus-cs2103/cs2103-website-base/book/codeQuality/introduction/basic/index.md
2026-08-05T15:28:34.387Z - [36mverbose[39m: Rendering page: /Users/damithch/Repos/nus-cs2103/cs2103-website-base/book/codeQuality/index.md
2026-08-05T15:28:34.434Z - [36mverbose[39m: Rendering page: /Users/damithch/Repos/nus-cs2103/cs2103-website-base/book/codeQuality/followStandard/introduction/index.md
2026-08-05T15:28:34.444Z - [36mverbose[39m: Rendering page: /Users/damithch/Repos/nus-cs2103/cs2103-website-base/book/codeQuality/followStandard/intermediate/index.md
2026-08-05T15:28:34.551Z - [36mverbose[39m: Rendering page: /Users/damithch/Repos/nus-cs2103/cs2103-website-base/book/codeQuality/followStandard/index.md
2026-08-05T15:28:34.562Z - [36mverbose[39m: Rendering page: /Users/damithch/Repos/nus-cs2103/cs2103-website-base/book/codeQuality/followStandard/basic/index.md
2026-08-05T15:28:34.568Z - [36mverbose[39m: Rendering page: /Users/damithch/Repos/nus-cs2103/cs2103-website-base/book/codeQuality/commentMinimally/introduction/index.md
2026-08-05T15:28:34.573Z - [36mverbose[39m: Rendering page: /Users/damithch/Repos/nus-cs2103/cs2103-website-base/book/codeQuality/commentMinimally/intermediate/index.md
2026-08-05T15:28:34.705Z - [36mverbose[39m: Rendering page: /Users/damithch/Repos/nus-cs2103/cs2103-website-base/book/codeQuality/commentMinimally/intermediate/explainWhatWhyNotHow/index.md
2026-08-05T15:28:34.712Z - [36mverbose[39m: Rendering page: /Users/damithch/Repos/nus-cs2103/cs2103-website-base/book/codeQuality/commentMinimally/index.md
2026-08-05T15:28:34.723Z - [36mverbose[39m: Rendering page: /Users/damithch/Repos/nus-cs2103/cs2103-website-base/book/codeQuality/commentMinimally/basic/index.md
2026-08-05T15:28:34.730Z - [36mverbose[39m: Rendering page: /Users/damithch/Repos/nus-cs2103/cs2103-website-base/book/codeQuality/commentMinimally/basic/writeToReader/index.md
2026-08-05T15:28:34.808Z - [36mverbose[39m: Rendering page: /Users/damithch/Repos/nus-cs2103/cs2103-website-base/book/codeQuality/commentMinimally/basic/dontRepeatObvious/index.md
2026-08-05T15:28:34.814Z - [36mverbose[39m: Rendering page: /Users/damithch/Repos/nus-cs2103/cs2103-website-base/book/codeQuality/avoidShortcuts/introduction/index.md
2026-08-05T15:28:34.819Z - [36mverbose[39m: Rendering page: /Users/damithch/Repos/nus-cs2103/cs2103-website-base/book/codeQuality/avoidShortcuts/intermediate/minimiseVariableScope/index.md
2026-08-05T15:28:34.824Z - [36mverbose[39m: Rendering page: /Users/damithch/Repos/nus-cs2103/cs2103-website-base/book/codeQuality/avoidShortcuts/intermediate/minimiseCodeDuplication/index.md
2026-08-05T15:28:34.965Z - [36mverbose[39m: Rendering page: /Users/damithch/Repos/nus-cs2103/cs2103-website-base/book/codeQuality/avoidShortcuts/intermediate/index.md
2026-08-05T15:28:34.973Z - [36mverbose[39m: Rendering page: /Users/damithch/Repos/nus-cs2103/cs2103-website-base/book/codeQuality/avoidShortcuts/index.md
2026-08-05T15:28:35.003Z - [36mverbose[39m: Rendering page: /Users/damithch/Repos/nus-cs2103/cs2103-website-base/book/codeQuality/avoidShortcuts/basic/index.md
2026-08-05T15:28:35.023Z - [36mverbose[39m: Rendering page: /Users/damithch/Repos/nus-cs2103/cs2103-website-base/book/codeQuality/avoidShortcuts/basic/useDefaultBranch/index.md
2026-08-05T15:28:35.041Z - [36mverbose[39m: Rendering page: /Users/damithch/Repos/nus-cs2103/cs2103-website-base/book/codeQuality/avoidShortcuts/basic/dontRecycleVarsOrParams/index.md
2026-08-05T15:28:35.065Z - [36mverbose[39m: Rendering page: /Users/damithch/Repos/nus-cs2103/cs2103-website-base/book/codeQuality/avoidShortcuts/basic/deleteDeadCode/index.md
2026-08-05T15:28:35.095Z - [36mverbose[39m: Rendering page: /Users/damithch/Repos/nus-cs2103/cs2103-website-base/book/codeQuality/avoidShortcuts/basic/avoidEmptyCatchBlocks/index.md
2026-08-05T15:28:35.149Z - [36mverbose[39m: Rendering page: /Users/damithch/Repos/nus-cs2103/cs2103-website-base/book/architecture/introduction/why/index.md
2026-08-05T15:28:35.166Z - [36mverbose[39m: Rendering page: /Users/damithch/Repos/nus-cs2103/cs2103-website-base/book/architecture/introduction/what/index.md
2026-08-05T15:28:35.364Z - [36mverbose[39m: Rendering page: /Users/damithch/Repos/nus-cs2103/cs2103-website-base/book/architecture/introduction/index.md
2026-08-05T15:28:35.396Z - [36mverbose[39m: Rendering page: /Users/damithch/Repos/nus-cs2103/cs2103-website-base/book/architecture/introduction/components/index.md
2026-08-05T15:28:35.418Z - [36mverbose[39m: Rendering page: /Users/damithch/Repos/nus-cs2103/cs2103-website-base/book/architecture/index.md
2026-08-05T15:28:35.441Z - [36mverbose[39m: Rendering page: /Users/damithch/Repos/nus-cs2103/cs2103-website-base/book/architecture/architectureDiagrams/views/index.md
2026-08-05T15:28:35.497Z - [36mverbose[39m: Rendering page: /Users/damithch/Repos/nus-cs2103/cs2103-website-base/book/architecture/architectureDiagrams/reading/index.md
2026-08-05T15:28:35.524Z - [36mverbose[39m: Rendering page: /Users/damithch/Repos/nus-cs2103/cs2103-website-base/book/architecture/architectureDiagrams/drawing/index.md
2026-08-05T15:28:35.532Z - [36mverbose[39m: Rendering page: /Users/damithch/Repos/nus-cs2103/cs2103-website-base/book/architecture/architectureDiagrams/index.md
2026-08-05T15:28:35.566Z - [36mverbose[39m: Rendering page: /Users/damithch/Repos/nus-cs2103/cs2103-website-base/book/architecture/architecturalStyles/serviceOriented/what/index.md
2026-08-05T15:28:35.608Z - [36mverbose[39m: Rendering page: /Users/damithch/Repos/nus-cs2103/cs2103-website-base/book/architecture/architecturalStyles/serviceOriented/index.md
2026-08-05T15:28:35.645Z - [36mverbose[39m: Rendering page: /Users/damithch/Repos/nus-cs2103/cs2103-website-base/book/architecture/architecturalStyles/more/usingStyles/index.md
2026-08-05T15:28:35.668Z - [36mverbose[39m: Rendering page: /Users/damithch/Repos/nus-cs2103/cs2103-website-base/book/architecture/architecturalStyles/more/moreStyles/index.md
2026-08-05T15:28:35.673Z - [36mverbose[39m: Rendering page: /Users/damithch/Repos/nus-cs2103/cs2103-website-base/book/architecture/architecturalStyles/more/index.md
2026-08-05T15:28:35.699Z - [36mverbose[39m: Rendering page: /Users/damithch/Repos/nus-cs2103/cs2103-website-base/book/architecture/architecturalStyles/monolith/what/index.md
2026-08-05T15:28:35.737Z - [36mverbose[39m: Rendering page: /Users/damithch/Repos/nus-cs2103/cs2103-website-base/book/architecture/architecturalStyles/monolith/index.md
2026-08-05T15:28:35.758Z - [36mverbose[39m: Rendering page: /Users/damithch/Repos/nus-cs2103/cs2103-website-base/book/architecture/architecturalStyles/layered/what/index.md
2026-08-05T15:28:35.763Z - [36mverbose[39m: Rendering page: /Users/damithch/Repos/nus-cs2103/cs2103-website-base/book/architecture/architecturalStyles/layered/index.md
2026-08-05T15:28:35.886Z - [36mverbose[39m: Rendering page: /Users/damithch/Repos/nus-cs2103/cs2103-website-base/book/architecture/architecturalStyles/introduction/index.md
2026-08-05T15:28:35.892Z - [36mverbose[39m: Rendering page: /Users/damithch/Repos/nus-cs2103/cs2103-website-base/book/architecture/architecturalStyles/introduction/what/index.md
2026-08-05T15:28:35.897Z - [36mverbose[39m: Rendering page: /Users/damithch/Repos/nus-cs2103/cs2103-website-base/book/architecture/architecturalStyles/eventDriven/what/index.md
2026-08-05T15:28:35.902Z - [36mverbose[39m: Rendering page: /Users/damithch/Repos/nus-cs2103/cs2103-website-base/book/architecture/architecturalStyles/index.md
2026-08-05T15:28:36.082Z - [36mverbose[39m: Rendering page: /Users/damithch/Repos/nus-cs2103/cs2103-website-base/book/architecture/architecturalStyles/eventDriven/index.md
2026-08-05T15:28:36.089Z - [36mverbose[39m: Rendering page: /Users/damithch/Repos/nus-cs2103/cs2103-website-base/book/architecture/architecturalStyles/clientServer/what/index.md
2026-08-05T15:28:36.096Z - [36mverbose[39m: Rendering page: /Users/damithch/Repos/nus-cs2103/cs2103-website-base/book/architecture/architecturalStyles/clientServer/index.md
2026-08-05T15:28:36.517Z - [36mverbose[39m: Rendering page: /Users/damithch/Repos/nus-cs2103/cs2103-website-base/book/combined/exercises.md
2026-08-05T15:28:36.525Z - [36mverbose[39m: Rendering page: /Users/damithch/Repos/nus-cs2103/cs2103-website-base/se-book-adapted/git-trail/index.md
2026-08-05T15:28:36.530Z - [36mverbose[39m: Rendering page: /Users/damithch/Repos/nus-cs2103/cs2103-website-base/se-book-adapted/common/exercises.md
2026-08-05T15:28:36.694Z - [36mverbose[39m: Rendering page: /Users/damithch/Repos/nus-cs2103/cs2103-website-base/se-book-adapted/common/definitions.md
2026-08-05T15:28:37.019Z - [36mverbose[39m: Rendering page: /Users/damithch/Repos/nus-cs2103/cs2103-website-base/se-book-adapted/chapters-printable/uml-printable.md
2026-08-05T15:28:37.044Z - [36mverbose[39m: Rendering page: /Users/damithch/Repos/nus-cs2103/cs2103-website-base/se-book-adapted/chapters-printable/testing-printable.md
2026-08-05T15:28:37.067Z - [36mverbose[39m: Rendering page: /Users/damithch/Repos/nus-cs2103/cs2103-website-base/se-book-adapted/chapters-printable/teamwork-printable.md
2026-08-05T15:28:37.072Z - [36mverbose[39m: Rendering page: /Users/damithch/Repos/nus-cs2103/cs2103-website-base/se-book-adapted/chapters-printable/testCaseDesign-printable.md
2026-08-05T15:28:37.330Z - [36mverbose[39m: Rendering page: /Users/damithch/Repos/nus-cs2103/cs2103-website-base/se-book-adapted/chapters-printable/specifyingRequirements-printable.md
2026-08-05T15:28:37.347Z - [36mverbose[39m: Rendering page: /Users/damithch/Repos/nus-cs2103/cs2103-website-base/se-book-adapted/chapters-printable/softwareEngineering-printable.md
2026-08-05T15:28:37.353Z - [36mverbose[39m: Rendering page: /Users/damithch/Repos/nus-cs2103/cs2103-website-base/se-book-adapted/chapters-printable/requirements-printable.md
2026-08-05T15:28:37.358Z - [36mverbose[39m: Rendering page: /Users/damithch/Repos/nus-cs2103/cs2103-website-base/se-book-adapted/chapters-printable/reuse-printable.md
2026-08-05T15:28:37.539Z - [36mverbose[39m: Rendering page: /Users/damithch/Repos/nus-cs2103/cs2103-website-base/se-book-adapted/chapters-printable/refactoring-printable.md
2026-08-05T15:28:37.547Z - [36mverbose[39m: Rendering page: /Users/damithch/Repos/nus-cs2103/cs2103-website-base/se-book-adapted/chapters-printable/qualityAssurance-printable.md
2026-08-05T15:28:37.552Z - [36mverbose[39m: Rendering page: /Users/damithch/Repos/nus-cs2103/cs2103-website-base/se-book-adapted/chapters-printable/projectPlanning-printable.md
2026-08-05T15:28:37.562Z - [36mverbose[39m: Rendering page: /Users/damithch/Repos/nus-cs2103/cs2103-website-base/se-book-adapted/chapters-printable/processModels-printable.md
2026-08-05T15:28:38.177Z - [36mverbose[39m: Rendering page: /Users/damithch/Repos/nus-cs2103/cs2103-website-base/se-book-adapted/chapters-printable/principles-printable.md
2026-08-05T15:28:38.190Z - [36mverbose[39m: Rendering page: /Users/damithch/Repos/nus-cs2103/cs2103-website-base/se-book-adapted/chapters-printable/oop-printable.md
2026-08-05T15:28:38.218Z - [36mverbose[39m: Rendering page: /Users/damithch/Repos/nus-cs2103/cs2103-website-base/se-book-adapted/chapters-printable/modeling-printable.md
2026-08-05T15:28:38.243Z - [36mverbose[39m: Rendering page: /Users/damithch/Repos/nus-cs2103/cs2103-website-base/se-book-adapted/chapters-printable/intellij-printable.md
2026-08-05T15:28:38.476Z - [36mverbose[39m: Rendering page: /Users/damithch/Repos/nus-cs2103/cs2103-website-base/se-book-adapted/chapters-printable/integration-printable.md
2026-08-05T15:28:38.484Z - [36mverbose[39m: Rendering page: /Users/damithch/Repos/nus-cs2103/cs2103-website-base/se-book-adapted/chapters-printable/gatheringRequirements-printable.md
2026-08-05T15:28:38.494Z - [36mverbose[39m: Rendering page: /Users/damithch/Repos/nus-cs2103/cs2103-website-base/se-book-adapted/chapters-printable/ides-printable.md
2026-08-05T15:28:38.505Z - [36mverbose[39m: Rendering page: /Users/damithch/Repos/nus-cs2103/cs2103-website-base/se-book-adapted/chapters-printable/errorHandling-printable.md
2026-08-05T15:28:38.728Z - [36mverbose[39m: Rendering page: /Users/damithch/Repos/nus-cs2103/cs2103-website-base/se-book-adapted/chapters-printable/documentation-printable.md
2026-08-05T15:28:38.736Z - [36mverbose[39m: Rendering page: /Users/damithch/Repos/nus-cs2103/cs2103-website-base/se-book-adapted/chapters-printable/designPatterns-printable.md
2026-08-05T15:28:38.746Z - [36mverbose[39m: Rendering page: /Users/damithch/Repos/nus-cs2103/cs2103-website-base/se-book-adapted/chapters-printable/designFundamentals-printable.md
2026-08-05T15:28:38.755Z - [36mverbose[39m: Rendering page: /Users/damithch/Repos/nus-cs2103/cs2103-website-base/se-book-adapted/chapters-printable/designApproaches-printable.md
2026-08-05T15:28:39.663Z - [36mverbose[39m: Rendering page: /Users/damithch/Repos/nus-cs2103/cs2103-website-base/se-book-adapted/chapters-printable/design-printable.md
2026-08-05T15:28:39.668Z - [36mverbose[39m: Rendering page: /Users/damithch/Repos/nus-cs2103/cs2103-website-base/se-book-adapted/chapters-printable/cppToJava-printable.md
2026-08-05T15:28:39.744Z - [36mverbose[39m: Rendering page: /Users/damithch/Repos/nus-cs2103/cs2103-website-base/se-book-adapted/chapters-printable/codeQuality-printable.md
2026-08-05T15:28:39.769Z - [36mverbose[39m: Rendering page: /Users/damithch/Repos/nus-cs2103/cs2103-website-base/se-book-adapted/chapters-printable/architecture-printable.md
2026-08-05T15:28:40.706Z - [36mverbose[39m: Rendering page: /Users/damithch/Repos/nus-cs2103/cs2103-website-base/se-book-adapted/chapters/uml.md
2026-08-05T15:28:40.751Z - [36mverbose[39m: Rendering page: /Users/damithch/Repos/nus-cs2103/cs2103-website-base/se-book-adapted/chapters/testCaseDesign.md
2026-08-05T15:28:40.778Z - [36mverbose[39m: Rendering page: /Users/damithch/Repos/nus-cs2103/cs2103-website-base/se-book-adapted/chapters/testing.md
2026-08-05T15:28:40.818Z - [36mverbose[39m: Rendering page: /Users/damithch/Repos/nus-cs2103/cs2103-website-base/se-book-adapted/chapters/test.md
2026-08-05T15:28:41.207Z - [36mverbose[39m: Rendering page: /Users/damithch/Repos/nus-cs2103/cs2103-website-base/se-book-adapted/chapters/teamwork.md
2026-08-05T15:28:41.214Z - [36mverbose[39m: Rendering page: /Users/damithch/Repos/nus-cs2103/cs2103-website-base/se-book-adapted/chapters/specifyingRequirements.md
2026-08-05T15:28:41.241Z - [36mverbose[39m: Rendering page: /Users/damithch/Repos/nus-cs2103/cs2103-website-base/se-book-adapted/chapters/softwareEngineering.md
2026-08-05T15:28:41.249Z - [36mverbose[39m: Rendering page: /Users/damithch/Repos/nus-cs2103/cs2103-website-base/se-book-adapted/chapters/security.md
2026-08-05T15:28:41.508Z - [36mverbose[39m: Rendering page: /Users/damithch/Repos/nus-cs2103/cs2103-website-base/se-book-adapted/chapters/reuse.md
2026-08-05T15:28:41.522Z - [36mverbose[39m: Rendering page: /Users/damithch/Repos/nus-cs2103/cs2103-website-base/se-book-adapted/chapters/requirements.md
2026-08-05T15:28:41.533Z - [36mverbose[39m: Rendering page: /Users/damithch/Repos/nus-cs2103/cs2103-website-base/se-book-adapted/chapters/refactoring.md
2026-08-05T15:28:41.543Z - [36mverbose[39m: Rendering page: /Users/damithch/Repos/nus-cs2103/cs2103-website-base/se-book-adapted/chapters/qualityAssurance.md
2026-08-05T15:28:42.232Z - [36mverbose[39m: Rendering page: /Users/damithch/Repos/nus-cs2103/cs2103-website-base/se-book-adapted/chapters/projectPlanning.md
2026-08-05T15:28:42.248Z - [36mverbose[39m: Rendering page: /Users/damithch/Repos/nus-cs2103/cs2103-website-base/se-book-adapted/chapters/processModels.md
2026-08-05T15:28:42.625Z - [36mverbose[39m: Rendering page: /Users/damithch/Repos/nus-cs2103/cs2103-website-base/se-book-adapted/chapters/principles.md
2026-08-05T15:28:42.647Z - [36mverbose[39m: Rendering page: /Users/damithch/Repos/nus-cs2103/cs2103-website-base/se-book-adapted/chapters/oop.md
2026-08-05T15:28:42.777Z - [36mverbose[39m: Rendering page: /Users/damithch/Repos/nus-cs2103/cs2103-website-base/se-book-adapted/chapters/modeling.md
2026-08-05T15:28:42.848Z - [36mverbose[39m: Rendering page: /Users/damithch/Repos/nus-cs2103/cs2103-website-base/se-book-adapted/chapters/integration.md
2026-08-05T15:28:42.860Z - [36mverbose[39m: Rendering page: /Users/damithch/Repos/nus-cs2103/cs2103-website-base/se-book-adapted/chapters/intellij.md
2026-08-05T15:28:42.868Z - [36mverbose[39m: Rendering page: /Users/damithch/Repos/nus-cs2103/cs2103-website-base/se-book-adapted/chapters/ides.md
2026-08-05T15:28:43.377Z - [36mverbose[39m: Rendering page: /Users/damithch/Repos/nus-cs2103/cs2103-website-base/se-book-adapted/chapters/gatheringRequirements.md
2026-08-05T15:28:43.391Z - [36mverbose[39m: Rendering page: /Users/damithch/Repos/nus-cs2103/cs2103-website-base/se-book-adapted/chapters/errorHandling.md
2026-08-05T15:28:43.522Z - [36mverbose[39m: Rendering page: /Users/damithch/Repos/nus-cs2103/cs2103-website-base/se-book-adapted/chapters/documentation.md
2026-08-05T15:28:43.537Z - [36mverbose[39m: Rendering page: /Users/damithch/Repos/nus-cs2103/cs2103-website-base/se-book-adapted/chapters/designPatterns.md
2026-08-05T15:28:43.689Z - [36mverbose[39m: Rendering page: /Users/damithch/Repos/nus-cs2103/cs2103-website-base/se-book-adapted/chapters/designFundamentals.md
2026-08-05T15:28:43.704Z - [36mverbose[39m: Rendering page: /Users/damithch/Repos/nus-cs2103/cs2103-website-base/se-book-adapted/chapters/designApproaches.md
2026-08-05T15:28:43.712Z - [36mverbose[39m: Rendering page: /Users/damithch/Repos/nus-cs2103/cs2103-website-base/se-book-adapted/chapters/design.md
2026-08-05T15:28:45.291Z - [36mverbose[39m: Rendering page: /Users/damithch/Repos/nus-cs2103/cs2103-website-base/se-book-adapted/chapters/debugging.md
2026-08-05T15:28:45.797Z - [36mverbose[39m: Rendering page: /Users/damithch/Repos/nus-cs2103/cs2103-website-base/se-book-adapted/chapters/cppToJava.md
2026-08-05T15:28:45.941Z - [36mverbose[39m: Rendering page: /Users/damithch/Repos/nus-cs2103/cs2103-website-base/se-book-adapted/chapters/architecture.md
2026-08-05T15:28:45.961Z - [36mverbose[39m: Rendering page: /Users/damithch/Repos/nus-cs2103/cs2103-website-base/se-book-adapted/chapters/codeQuality.md
2026-08-05T15:28:45.999Z - [36mverbose[39m: Rendering page: /Users/damithch/Repos/nus-cs2103/cs2103-website-base/se-book-adapted/index.md
2026-08-05T15:28:46.258Z - [36mverbose[39m: Rendering page: /Users/damithch/Repos/nus-cs2103/cs2103-website-base/book/about/acknowledgements.md
2026-08-05T15:28:46.264Z - [36mverbose[39m: Rendering page: /Users/damithch/Repos/nus-cs2103/cs2103-website-base/schedule/week7/tutorial.md
2026-08-05T15:28:46.271Z - [36mverbose[39m: Rendering page: /Users/damithch/Repos/nus-cs2103/cs2103-website-base/schedule/week8/tutorial.md
2026-08-05T15:28:46.281Z - [36mverbose[39m: Rendering page: /Users/damithch/Repos/nus-cs2103/cs2103-website-base/schedule/week9/tutorial.md
2026-08-05T15:28:47.240Z - [36mverbose[39m: Rendering page: /Users/damithch/Repos/nus-cs2103/cs2103-website-base/schedule/week6/tutorial.md
2026-08-05T15:28:47.248Z - [36mverbose[39m: Rendering page: /Users/damithch/Repos/nus-cs2103/cs2103-website-base/schedule/week4/tutorial.md
2026-08-05T15:28:47.270Z - [36mverbose[39m: Rendering page: /Users/damithch/Repos/nus-cs2103/cs2103-website-base/schedule/week5/tutorial.md
2026-08-05T15:28:47.286Z - [36mverbose[39m: Rendering page: /Users/damithch/Repos/nus-cs2103/cs2103-website-base/schedule/week3/tutorial.md
2026-08-05T15:28:47.366Z - [36mverbose[39m: Rendering page: /Users/damithch/Repos/nus-cs2103/cs2103-website-base/schedule/week2/tutorial.md
2026-08-05T15:28:47.374Z - [36mverbose[39m: Rendering page: /Users/damithch/Repos/nus-cs2103/cs2103-website-base/schedule/week13/tutorial.md
2026-08-05T15:28:47.379Z - [36mverbose[39m: Rendering page: /Users/damithch/Repos/nus-cs2103/cs2103-website-base/schedule/week12/tutorial.md
2026-08-05T15:28:47.384Z - [36mverbose[39m: Rendering page: /Users/damithch/Repos/nus-cs2103/cs2103-website-base/schedule/week11/tutorial.md
2026-08-05T15:28:49.406Z - [36mverbose[39m: Rendering page: /Users/damithch/Repos/nus-cs2103/cs2103-website-base/schedule/week10/tutorial.md
2026-08-05T15:28:49.425Z - [36mverbose[39m: Rendering page: /Users/damithch/Repos/nus-cs2103/cs2103-website-base/schedule/week1/tutorial.md
2026-08-05T15:28:49.430Z - [36mverbose[39m: Rendering page: /Users/damithch/Repos/nus-cs2103/cs2103-website-base/schedule/week9/topics.md
2026-08-05T15:28:49.525Z - [36mverbose[39m: Rendering page: /Users/damithch/Repos/nus-cs2103/cs2103-website-base/schedule/week8/topics.md
2026-08-05T15:28:51.459Z - [36mverbose[39m: Rendering page: /Users/damithch/Repos/nus-cs2103/cs2103-website-base/schedule/week7/topics.md
2026-08-05T15:28:51.525Z - [36mverbose[39m: Rendering page: /Users/damithch/Repos/nus-cs2103/cs2103-website-base/schedule/week6/topics.md
2026-08-05T15:28:51.590Z - [36mverbose[39m: Rendering page: /Users/damithch/Repos/nus-cs2103/cs2103-website-base/schedule/week5/topics.md
2026-08-05T15:28:51.664Z - [36mverbose[39m: Rendering page: /Users/damithch/Repos/nus-cs2103/cs2103-website-base/schedule/week4/topics.md
2026-08-05T15:28:52.361Z - [36mverbose[39m: Rendering page: /Users/damithch/Repos/nus-cs2103/cs2103-website-base/schedule/week13/topics.md
2026-08-05T15:28:52.366Z - [36mverbose[39m: Rendering page: /Users/damithch/Repos/nus-cs2103/cs2103-website-base/schedule/week2/topics.md
2026-08-05T15:28:52.385Z - [36mverbose[39m: Rendering page: /Users/damithch/Repos/nus-cs2103/cs2103-website-base/schedule/week3/topics.md
2026-08-05T15:28:52.429Z - [36mverbose[39m: Rendering page: /Users/damithch/Repos/nus-cs2103/cs2103-website-base/schedule/week12/topics.md
2026-08-05T15:28:55.443Z - [36mverbose[39m: Rendering page: /Users/damithch/Repos/nus-cs2103/cs2103-website-base/schedule/week11/topics.md
2026-08-05T15:28:55.491Z - [36mverbose[39m: Rendering page: /Users/damithch/Repos/nus-cs2103/cs2103-website-base/schedule/week10/topics.md
2026-08-05T15:28:55.530Z - [36mverbose[39m: Rendering page: /Users/damithch/Repos/nus-cs2103/cs2103-website-base/schedule/week1/topics.md
2026-08-05T15:28:55.611Z - [36mverbose[39m: Rendering page: /Users/damithch/Repos/nus-cs2103/cs2103-website-base/schedule/week9/project.md
2026-08-05T15:28:59.684Z - [36mverbose[39m: Rendering page: /Users/damithch/Repos/nus-cs2103/cs2103-website-base/schedule/week6/project.md
2026-08-05T15:28:59.708Z - [36mverbose[39m: Rendering page: /Users/damithch/Repos/nus-cs2103/cs2103-website-base/schedule/week5/project.md
2026-08-05T15:28:59.722Z - [36mverbose[39m: Rendering page: /Users/damithch/Repos/nus-cs2103/cs2103-website-base/schedule/week7/project.md
2026-08-05T15:28:59.741Z - [36mverbose[39m: Rendering page: /Users/damithch/Repos/nus-cs2103/cs2103-website-base/schedule/week8/project.md
2026-08-05T15:29:03.127Z - [36mverbose[39m: Rendering page: /Users/damithch/Repos/nus-cs2103/cs2103-website-base/schedule/week3/project.md
2026-08-05T15:29:03.146Z - [36mverbose[39m: Rendering page: /Users/damithch/Repos/nus-cs2103/cs2103-website-base/schedule/week13/project.md
2026-08-05T15:29:03.151Z - [36mverbose[39m: Rendering page: /Users/damithch/Repos/nus-cs2103/cs2103-website-base/schedule/week4/project.md
2026-08-05T15:29:03.171Z - [36mverbose[39m: Rendering page: /Users/damithch/Repos/nus-cs2103/cs2103-website-base/schedule/week2/project.md
2026-08-05T15:29:09.101Z - [34mdebug[39m: 
2026-08-05T15:29:09.101Z - [34mdebug[39m: 
2026-08-05T15:29:09.102Z - [36mverbose[39m: Rendering page: /Users/damithch/Repos/nus-cs2103/cs2103-website-base/schedule/week12/project.md
2026-08-05T15:29:09.162Z - [36mverbose[39m: Rendering page: /Users/damithch/Repos/nus-cs2103/cs2103-website-base/schedule/week11/project.md
2026-08-05T15:29:09.204Z - [36mverbose[39m: Rendering page: /Users/damithch/Repos/nus-cs2103/cs2103-website-base/schedule/week1/project.md
2026-08-05T15:29:09.210Z - [36mverbose[39m: Rendering page: /Users/damithch/Repos/nus-cs2103/cs2103-website-base/schedule/week10/project.md
2026-08-05T15:29:10.206Z - [36mverbose[39m: Rendering page: /Users/damithch/Repos/nus-cs2103/cs2103-website-base/schedule/week9/index.md
2026-08-05T15:29:10.215Z - [36mverbose[39m: Rendering page: /Users/damithch/Repos/nus-cs2103/cs2103-website-base/schedule/week7/index.md
2026-08-05T15:29:10.221Z - [36mverbose[39m: Rendering page: /Users/damithch/Repos/nus-cs2103/cs2103-website-base/schedule/week8/index.md
2026-08-05T15:29:10.469Z - [36mverbose[39m: Rendering page: /Users/damithch/Repos/nus-cs2103/cs2103-website-base/schedule/week6/index.md
2026-08-05T15:29:11.118Z - [36mverbose[39m: Rendering page: /Users/damithch/Repos/nus-cs2103/cs2103-website-base/schedule/week5/index.md
2026-08-05T15:29:11.126Z - [36mverbose[39m: Rendering page: /Users/damithch/Repos/nus-cs2103/cs2103-website-base/schedule/week4/index.md
2026-08-05T15:29:11.134Z - [36mverbose[39m: Rendering page: /Users/damithch/Repos/nus-cs2103/cs2103-website-base/schedule/week3/index.md
2026-08-05T15:29:11.221Z - [36mverbose[39m: Rendering page: /Users/damithch/Repos/nus-cs2103/cs2103-website-base/schedule/week2/index.md
2026-08-05T15:29:11.956Z - [36mverbose[39m: Rendering page: /Users/damithch/Repos/nus-cs2103/cs2103-website-base/schedule/week13/index.md
2026-08-05T15:29:11.962Z - [36mverbose[39m: Rendering page: /Users/damithch/Repos/nus-cs2103/cs2103-website-base/schedule/week12/index.md
2026-08-05T15:29:11.967Z - [36mverbose[39m: Rendering page: /Users/damithch/Repos/nus-cs2103/cs2103-website-base/schedule/week10/index.md
2026-08-05T15:29:11.972Z - [36mverbose[39m: Rendering page: /Users/damithch/Repos/nus-cs2103/cs2103-website-base/schedule/week11/index.md
2026-08-05T15:29:12.270Z - [36mverbose[39m: Rendering page: /Users/damithch/Repos/nus-cs2103/cs2103-website-base/schedule/week1/index.md
2026-08-05T15:29:12.277Z - [36mverbose[39m: Rendering page: /Users/damithch/Repos/nus-cs2103/cs2103-website-base/schedule/week9/admin.md
2026-08-05T15:29:12.282Z - [36mverbose[39m: Rendering page: /Users/damithch/Repos/nus-cs2103/cs2103-website-base/schedule/week8/admin.md
2026-08-05T15:29:12.293Z - [36mverbose[39m: Rendering page: /Users/damithch/Repos/nus-cs2103/cs2103-website-base/schedule/week7/admin.md
2026-08-05T15:29:13.254Z - [36mverbose[39m: Rendering page: /Users/damithch/Repos/nus-cs2103/cs2103-website-base/schedule/week6/admin.md
2026-08-05T15:29:13.263Z - [36mverbose[39m: Rendering page: /Users/damithch/Repos/nus-cs2103/cs2103-website-base/schedule/week5/admin.md
2026-08-05T15:29:13.273Z - [36mverbose[39m: Rendering page: /Users/damithch/Repos/nus-cs2103/cs2103-website-base/schedule/week4/admin.md
2026-08-05T15:29:13.279Z - [36mverbose[39m: Rendering page: /Users/damithch/Repos/nus-cs2103/cs2103-website-base/schedule/week3/admin.md
2026-08-05T15:29:13.962Z - [36mverbose[39m: Rendering page: /Users/damithch/Repos/nus-cs2103/cs2103-website-base/schedule/week13/admin.md
2026-08-05T15:29:13.967Z - [36mverbose[39m: Rendering page: /Users/damithch/Repos/nus-cs2103/cs2103-website-base/schedule/week2/admin.md
2026-08-05T15:29:13.980Z - [36mverbose[39m: Rendering page: /Users/damithch/Repos/nus-cs2103/cs2103-website-base/schedule/week12/admin.md
2026-08-05T15:29:13.990Z - [36mverbose[39m: Rendering page: /Users/damithch/Repos/nus-cs2103/cs2103-website-base/schedule/week11/admin.md
2026-08-05T15:29:17.712Z - [34mdebug[39m: 
2026-08-05T15:29:17.713Z - [36mverbose[39m: Rendering page: /Users/damithch/Repos/nus-cs2103/cs2103-website-base/schedule/week10/admin.md
2026-08-05T15:29:17.718Z - [36mverbose[39m: Rendering page: /Users/damithch/Repos/nus-cs2103/cs2103-website-base/schedule/week1/admin.md
2026-08-05T15:29:17.924Z - [36mverbose[39m: Rendering page: /Users/damithch/Repos/nus-cs2103/cs2103-website-base/schedule/index.md
2026-08-05T15:29:17.934Z - [36mverbose[39m: Rendering page: /Users/damithch/Repos/nus-cs2103/cs2103-website-base/schedule/timeline.md
2026-08-05T15:29:18.181Z - [36mverbose[39m: Rendering page: /Users/damithch/Repos/nus-cs2103/cs2103-website-base/projectDuke/text.md
2026-08-05T15:29:18.212Z - [36mverbose[39m: Rendering page: /Users/damithch/Repos/nus-cs2103/cs2103-website-base/projectDuke/print.md
2026-08-05T15:29:18.217Z - [36mverbose[39m: Rendering page: /Users/damithch/Repos/nus-cs2103/cs2103-website-base/projectDuke/path.md
2026-08-05T15:29:18.241Z - [36mverbose[39m: Rendering page: /Users/damithch/Repos/nus-cs2103/cs2103-website-base/projectDuke/index.md
2026-08-05T15:29:18.358Z - [36mverbose[39m: Rendering page: /Users/damithch/Repos/nus-cs2103/cs2103-website-base/admin/weeklySchedule.md
2026-08-05T15:29:18.378Z - [36mverbose[39m: Rendering page: /Users/damithch/Repos/nus-cs2103/cs2103-website-base/admin/usingThisWebsite.md
2026-08-05T15:29:18.393Z - [36mverbose[39m: Rendering page: /Users/damithch/Repos/nus-cs2103/cs2103-website-base/admin/tutors-info.md
2026-08-05T15:29:18.922Z - [36mverbose[39m: Rendering page: /Users/damithch/Repos/nus-cs2103/cs2103-website-base/admin/uml-reference-sheet.md
2026-08-05T15:29:21.755Z - [36mverbose[39m: Rendering page: /Users/damithch/Repos/nus-cs2103/cs2103-website-base/admin/tutorials.md
2026-08-05T15:29:21.772Z - [36mverbose[39m: Rendering page: /Users/damithch/Repos/nus-cs2103/cs2103-website-base/admin/tp-w9.md
2026-08-05T15:29:23.007Z - [36mverbose[39m: Rendering page: /Users/damithch/Repos/nus-cs2103/cs2103-website-base/admin/tp-w7.md
2026-08-05T15:29:23.024Z - [36mverbose[39m: Rendering page: /Users/damithch/Repos/nus-cs2103/cs2103-website-base/admin/tp-w8.md
2026-08-05T15:29:24.223Z - [36mverbose[39m: Rendering page: /Users/damithch/Repos/nus-cs2103/cs2103-website-base/admin/tp-w5.md
2026-08-05T15:29:24.236Z - [36mverbose[39m: Rendering page: /Users/damithch/Repos/nus-cs2103/cs2103-website-base/admin/tp-w6.md
2026-08-05T15:29:24.255Z - [36mverbose[39m: Rendering page: /Users/damithch/Repos/nus-cs2103/cs2103-website-base/admin/tp-w3.md
2026-08-05T15:29:24.524Z - [36mverbose[39m: Rendering page: /Users/damithch/Repos/nus-cs2103/cs2103-website-base/admin/tp-w4.md
2026-08-05T15:29:26.521Z - [36mverbose[39m: Rendering page: /Users/damithch/Repos/nus-cs2103/cs2103-website-base/admin/tp-w2.md
2026-08-05T15:29:28.897Z - [36mverbose[39m: Rendering page: /Users/damithch/Repos/nus-cs2103/cs2103-website-base/admin/tp-w13.md
2026-08-05T15:29:31.367Z - [34mdebug[39m: 
2026-08-05T15:29:31.392Z - [34mdebug[39m: 
2026-08-05T15:29:31.493Z - [36mverbose[39m: Rendering page: /Users/damithch/Repos/nus-cs2103/cs2103-website-base/admin/tp-w12.md
2026-08-05T15:29:31.565Z - [36mverbose[39m: Rendering page: /Users/damithch/Repos/nus-cs2103/cs2103-website-base/admin/tp-w11.md
2026-08-05T15:29:31.610Z - [36mverbose[39m: Rendering page: /Users/damithch/Repos/nus-cs2103/cs2103-website-base/admin/tp-timeline.md
2026-08-05T15:29:31.622Z - [36mverbose[39m: Rendering page: /Users/damithch/Repos/nus-cs2103/cs2103-website-base/admin/tp-w10.md
2026-08-05T15:29:33.710Z - [36mverbose[39m: Rendering page: /Users/damithch/Repos/nus-cs2103/cs2103-website-base/admin/tp-teams.md
2026-08-05T15:29:33.726Z - [36mverbose[39m: Rendering page: /Users/damithch/Repos/nus-cs2103/cs2103-website-base/admin/tp-supervision.md
2026-08-05T15:29:33.743Z - [36mverbose[39m: Rendering page: /Users/damithch/Repos/nus-cs2103/cs2103-website-base/admin/tp-ped.md
2026-08-05T15:29:33.822Z - [36mverbose[39m: Rendering page: /Users/damithch/Repos/nus-cs2103/cs2103-website-base/admin/tp-pe.md
2026-08-05T15:29:34.786Z - [36mverbose[39m: Rendering page: /Users/damithch/Repos/nus-cs2103/cs2103-website-base/admin/tp-grading.md
2026-08-05T15:29:34.798Z - [36mverbose[39m: Rendering page: /Users/damithch/Repos/nus-cs2103/cs2103-website-base/admin/tp-deliverables.md
2026-08-05T15:29:34.814Z - [36mverbose[39m: Rendering page: /Users/damithch/Repos/nus-cs2103/cs2103-website-base/admin/tp-overview.md
2026-08-05T15:29:34.822Z - [36mverbose[39m: Rendering page: /Users/damithch/Repos/nus-cs2103/cs2103-website-base/admin/tp-expectations.md
2026-08-05T15:29:35.014Z - [36mverbose[39m: Rendering page: /Users/damithch/Repos/nus-cs2103/cs2103-website-base/admin/tp-common-fragments.md
2026-08-05T15:29:35.020Z - [36mverbose[39m: Rendering page: /Users/damithch/Repos/nus-cs2103/cs2103-website-base/admin/tools.md
2026-08-05T15:29:35.029Z - [36mverbose[39m: Rendering page: /Users/damithch/Repos/nus-cs2103/cs2103-website-base/admin/tp-constraints.md
2026-08-05T15:29:35.039Z - [36mverbose[39m: Rendering page: /Users/damithch/Repos/nus-cs2103/cs2103-website-base/admin/textbooks.md
2026-08-05T15:29:35.144Z - [36mverbose[39m: Rendering page: /Users/damithch/Repos/nus-cs2103/cs2103-website-base/admin/teamList.md
2026-08-05T15:29:35.152Z - [36mverbose[39m: Rendering page: /Users/damithch/Repos/nus-cs2103/cs2103-website-base/admin/syllabus.md
2026-08-05T15:29:35.158Z - [36mverbose[39m: Rendering page: /Users/damithch/Repos/nus-cs2103/cs2103-website-base/admin/standardsAndConventions.md
2026-08-05T15:29:35.165Z - [36mverbose[39m: Rendering page: /Users/damithch/Repos/nus-cs2103/cs2103-website-base/admin/reposenseAuthorAnnotation.md
2026-08-05T15:29:35.372Z - [36mverbose[39m: Rendering page: /Users/damithch/Repos/nus-cs2103/cs2103-website-base/admin/programmingLanguages.md
2026-08-05T15:29:35.381Z - [36mverbose[39m: Rendering page: /Users/damithch/Repos/nus-cs2103/cs2103-website-base/admin/peerEvaluations.md
2026-08-05T15:29:35.395Z - [36mverbose[39m: Rendering page: /Users/damithch/Repos/nus-cs2103/cs2103-website-base/admin/participation.md
2026-08-05T15:29:35.403Z - [36mverbose[39m: Rendering page: /Users/damithch/Repos/nus-cs2103/cs2103-website-base/admin/overview-for-teachers.md
2026-08-05T15:29:35.665Z - [36mverbose[39m: Rendering page: /Users/damithch/Repos/nus-cs2103/cs2103-website-base/admin/mid-semester-survey-results.md
2026-08-05T15:29:35.670Z - [36mverbose[39m: Rendering page: /Users/damithch/Repos/nus-cs2103/cs2103-website-base/admin/lectures.md
2026-08-05T15:29:35.678Z - [36mverbose[39m: Rendering page: /Users/damithch/Repos/nus-cs2103/cs2103-website-base/admin/ip-w8.md
2026-08-05T15:29:35.691Z - [36mverbose[39m: Rendering page: /Users/damithch/Repos/nus-cs2103/cs2103-website-base/admin/ip-w7.md
2026-08-05T15:29:37.645Z - [36mverbose[39m: Rendering page: /Users/damithch/Repos/nus-cs2103/cs2103-website-base/admin/ip-w6.md
2026-08-05T15:29:37.661Z - [36mverbose[39m: Rendering page: /Users/damithch/Repos/nus-cs2103/cs2103-website-base/admin/ip-w4.md
2026-08-05T15:29:37.677Z - [36mverbose[39m: Rendering page: /Users/damithch/Repos/nus-cs2103/cs2103-website-base/admin/ip-w5.md
2026-08-05T15:29:38.672Z - [36mverbose[39m: Rendering page: /Users/damithch/Repos/nus-cs2103/cs2103-website-base/admin/ip-w3.md
2026-08-05T15:29:38.754Z - [36mverbose[39m: Rendering page: /Users/damithch/Repos/nus-cs2103/cs2103-website-base/admin/ip-w2.md
2026-08-05T15:29:38.782Z - [36mverbose[39m: Rendering page: /Users/damithch/Repos/nus-cs2103/cs2103-website-base/admin/ip-showcase.md
2026-08-05T15:29:38.786Z - [36mverbose[39m: Rendering page: /Users/damithch/Repos/nus-cs2103/cs2103-website-base/admin/ip-overview.md
2026-08-05T15:29:38.819Z - [36mverbose[39m: Rendering page: /Users/damithch/Repos/nus-cs2103/cs2103-website-base/admin/ip-grading.md
2026-08-05T15:29:39.509Z - [36mverbose[39m: Rendering page: /Users/damithch/Repos/nus-cs2103/cs2103-website-base/admin/instructors.md
2026-08-05T15:29:39.517Z - [36mverbose[39m: Rendering page: /Users/damithch/Repos/nus-cs2103/cs2103-website-base/admin/index.md
2026-08-05T15:29:39.547Z - [36mverbose[39m: Rendering page: /Users/damithch/Repos/nus-cs2103/cs2103-website-base/admin/exams.md
2026-08-05T15:29:39.558Z - [36mverbose[39m: Rendering page: /Users/damithch/Repos/nus-cs2103/cs2103-website-base/admin/gradeBreakdown.md
2026-08-05T15:29:39.587Z - [36mverbose[39m: Rendering page: /Users/damithch/Repos/nus-cs2103/cs2103-website-base/admin/exams-f2f.md
2026-08-05T15:29:39.658Z - [36mverbose[39m: Rendering page: /Users/damithch/Repos/nus-cs2103/cs2103-website-base/admin/exam-reference-sheet.md
2026-08-05T15:29:39.709Z - [36mverbose[39m: Rendering page: /Users/damithch/Repos/nus-cs2103/cs2103-website-base/admin/exam-pen-and-paper.md
2026-08-05T15:29:39.715Z - [36mverbose[39m: Rendering page: /Users/damithch/Repos/nus-cs2103/cs2103-website-base/admin/courseOverview.md
2026-08-05T15:29:39.756Z - [36mverbose[39m: Rendering page: /Users/damithch/Repos/nus-cs2103/cs2103-website-base/admin/courseExpectations.md
2026-08-05T15:29:39.838Z - [36mverbose[39m: Rendering page: /Users/damithch/Repos/nus-cs2103/cs2103-website-base/admin/courseBriefings.md
2026-08-05T15:29:39.864Z - [36mverbose[39m: Rendering page: /Users/damithch/Repos/nus-cs2103/cs2103-website-base/admin/appendixH-tipsFromStudents.md
2026-08-05T15:29:39.924Z - [36mverbose[39m: Rendering page: /Users/damithch/Repos/nus-cs2103/cs2103-website-base/admin/appendixG-troubleshooting.md
2026-08-05T15:29:39.934Z - [36mverbose[39m: Rendering page: /Users/damithch/Repos/nus-cs2103/cs2103-website-base/admin/appendixG-CS2103R.md
2026-08-05T15:29:40.118Z - [36mverbose[39m: Rendering page: /Users/damithch/Repos/nus-cs2103/cs2103-website-base/admin/appendixF-teamworkIssues.md
2026-08-05T15:29:40.203Z - [36mverbose[39m: Rendering page: /Users/damithch/Repos/nus-cs2103/cs2103-website-base/admin/appendixE-gitHub.md
2026-08-05T15:29:40.224Z - [36mverbose[39m: Rendering page: /Users/damithch/Repos/nus-cs2103/cs2103-website-base/admin/appendixD-help.md
2026-08-05T15:29:40.235Z - [32minfo[39m: Pages built
2026-08-05T15:29:40.330Z - [32minfo[39m: Site data built
2026-08-05T15:29:40.330Z - [32minfo[39m: Website generation complete! Total build time: 107.052s
2026-08-05T15:29:40.330Z - [32minfo[39m: Build success!
2026-08-05T15:30:11.595Z - [32minfo[39m: GitHub Actions deployment initiated. Check status at: https://github.com/NUS-CS2103-AY2627-S1/website/actions
2026-08-05T15:30:11.596Z - [32minfo[39m: The website will be deployed at: https://NUS-CS2103-AY2627-S1.github.io/website
2026-08-05T15:39:16.032Z - [32minfo[39m: Website generation (lazy) started at 23:39:15
2026-08-05T15:39:16.555Z - [32minfo[39m: Building assets...
2026-08-05T15:39:16.935Z - [32minfo[39m: Assets built
2026-08-05T15:39:16.936Z - [32minfo[39m: Generating landing page...
2026-08-05T15:39:17.160Z - [36mverbose[39m: Rendering page: /Users/damithch/Repos/nus-cs2103/cs2103-website-base/index.md
2026-08-05T15:39:17.191Z - [32minfo[39m: Landing page built, other pages will be built as you navigate to them!
2026-08-05T15:39:17.269Z - [32minfo[39m: Site data built
2026-08-05T15:39:17.269Z - [32minfo[39m: Website generation (lazy) complete! Total build time: 1.626s
2026-08-05T15:39:17.282Z - [32minfo[39m: Serving "/Users/damithch/Repos/nus-cs2103/cs2103-website-base/_site" at http://127.0.0.1:8080
2026-08-05T15:39:17.282Z - [32minfo[39m: Press CTRL+C to stop ...
2026-08-05T15:39:43.507Z - [32minfo[39m: Building /Users/damithch/Repos/nus-cs2103/cs2103-website-base/admin/ip-overview as some of its dependencies were changed since the last visit
2026-08-05T15:39:43.656Z - [36mverbose[39m: Rendering page: /Users/damithch/Repos/nus-cs2103/cs2103-website-base/admin/ip-overview.md
2026-08-05T15:39:43.679Z - [32minfo[39m: Site data built
2026-08-05T15:39:43.679Z - [32minfo[39m: Lazy website regeneration complete! Total build time: 0.173s
2026-08-05T15:39:46.385Z - [32minfo[39m: Building /Users/damithch/Repos/nus-cs2103/cs2103-website-base/projectDuke/index as some of its dependencies were changed since the last visit
2026-08-05T15:39:46.702Z - [36mverbose[39m: Rendering page: /Users/damithch/Repos/nus-cs2103/cs2103-website-base/projectDuke/index.md
2026-08-05T15:39:46.761Z - [32minfo[39m: Site data built
2026-08-05T15:39:46.761Z - [32minfo[39m: Lazy website regeneration complete! Total build time: 0.377s
2026-08-05T15:51:47.584Z - [32minfo[39m: [23:51:47] Reload for file add: /Users/damithch/Repos/nus-cs2103/cs2103-website-base/projectDuke/Level-7-fragment.md
2026-08-05T15:51:47.591Z - [32minfo[39m: Synchronizing opened pages list before reload
2026-08-05T15:51:47.594Z - [32minfo[39m: Current opened pages, from most-to-least recent:
2026-08-05T15:51:47.594Z - [32minfo[39m: 1. projectDuke/index
2026-08-05T15:51:48.896Z - [32minfo[39m: Assets built
2026-08-05T15:54:25.424Z - [32minfo[39m: [23:54:25] Reload for file change: /Users/damithch/Repos/nus-cs2103/cs2103-website-base/projectDuke/text.md
2026-08-05T15:54:25.425Z - [32minfo[39m: Synchronizing opened pages list before reload
2026-08-05T15:54:25.427Z - [32minfo[39m: Current opened pages, from most-to-least recent:
2026-08-05T15:54:25.427Z - [32minfo[39m: 1. projectDuke/index
2026-08-05T15:54:25.446Z - [32minfo[39m: [23:54:25] Reload for file change: /Users/damithch/Repos/nus-cs2103/cs2103-website-base/projectDuke/Level-7-fragment.md
2026-08-05T15:54:25.446Z - [32minfo[39m: Synchronizing opened pages list before reload
2026-08-05T15:54:25.447Z - [32minfo[39m: Current opened pages, from most-to-least recent:
2026-08-05T15:54:25.447Z - [32minfo[39m: 1. projectDuke/index
2026-08-05T15:54:26.456Z - [32minfo[39m: Rebuilding 1 pages
2026-08-05T15:54:26.821Z - [32minfo[39m: Assets built
2026-08-05T15:54:26.834Z - [36mverbose[39m: Rendering page: /Users/damithch/Repos/nus-cs2103/cs2103-website-base/projectDuke/index.md
2026-08-05T15:54:26.887Z - [32minfo[39m: Site data built
2026-08-05T15:54:26.887Z - [32minfo[39m: Pages rebuilt
2026-08-05T15:54:26.887Z - [32minfo[39m: Website regeneration complete! Total build time: 0.448s
