2026-09-11T17:02:00.916Z - [32minfo[39m: Website generation started at 1:01:56 am
2026-09-11T17:02:02.002Z - [32minfo[39m: Building assets...
2026-09-11T17:02:03.655Z - [32minfo[39m: Assets built
2026-09-11T17:02:03.656Z - [32minfo[39m: Generating pages...
2026-09-11T17:02:04.283Z - [36mverbose[39m: Rendering page: D:\Workspace\CS2113\AY2627-S1\ay2627s1-website\admin\appendixA-principles.md
2026-09-11T17:02:04.314Z - [36mverbose[39m: Rendering page: D:\Workspace\CS2113\AY2627-S1\ay2627s1-website\admin\appendixB-policies.md
2026-09-11T17:02:04.363Z - [36mverbose[39m: Rendering page: D:\Workspace\CS2113\AY2627-S1\ay2627s1-website\admin\acknowledgements.md
2026-09-11T17:02:04.381Z - [36mverbose[39m: Rendering page: D:\Workspace\CS2113\AY2627-S1\ay2627s1-website\admin\CP3108A-option.md
2026-09-11T17:02:11.540Z - [34mdebug[39m: 
2026-09-11T17:02:11.560Z - [34mdebug[39m: 
2026-09-11T17:02:11.567Z - [34mdebug[39m: 
2026-09-11T17:02:11.595Z - [34mdebug[39m: 
2026-09-11T17:02:11.604Z - [34mdebug[39m: 
2026-09-11T17:02:11.623Z - [34mdebug[39m: 
2026-09-11T17:02:11.624Z - [34mdebug[39m: 
2026-09-11T17:02:11.653Z - [34mdebug[39m: 
2026-09-11T17:02:11.700Z - [34mdebug[39m: 
2026-09-11T17:02:11.707Z - [34mdebug[39m: 
2026-09-11T17:02:11.716Z - [34mdebug[39m: 
2026-09-11T17:02:11.717Z - [34mdebug[39m: 
2026-09-11T17:02:11.730Z - [34mdebug[39m: 
2026-09-11T17:02:11.740Z - [34mdebug[39m: 
2026-09-11T17:02:11.748Z - [34mdebug[39m: 
2026-09-11T17:02:11.765Z - [34mdebug[39m: 
2026-09-11T17:02:11.848Z - [34mdebug[39m: 
2026-09-11T17:02:11.896Z - [36mverbose[39m: Rendering page: D:\Workspace\CS2113\AY2627-S1\ay2627s1-website\index.md
2026-09-11T17:02:11.906Z - [36mverbose[39m: Rendering page: D:\Workspace\CS2113\AY2627-S1\ay2627s1-website\book\uml\stereotypes\what\index.md
2026-09-11T17:02:11.913Z - [36mverbose[39m: Rendering page: D:\Workspace\CS2113\AY2627-S1\ay2627s1-website\book\uml\stereotypes\index.md
2026-09-11T17:02:11.921Z - [36mverbose[39m: Rendering page: D:\Workspace\CS2113\AY2627-S1\ay2627s1-website\se-book-adapted\print.md
2026-09-11T17:02:12.187Z - [36mverbose[39m: Rendering page: D:\Workspace\CS2113\AY2627-S1\ay2627s1-website\book\uml\sequenceDiagrams\staticMethods\index.md
2026-09-11T17:02:12.195Z - [36mverbose[39m: Rendering page: D:\Workspace\CS2113\AY2627-S1\ay2627s1-website\book\uml\sequenceDiagrams\referenceFrames\index.md
2026-09-11T17:02:12.201Z - [36mverbose[39m: Rendering page: D:\Workspace\CS2113\AY2627-S1\ay2627s1-website\book\uml\sequenceDiagrams\selfInvocation\index.md
2026-09-11T17:02:12.207Z - [36mverbose[39m: Rendering page: D:\Workspace\CS2113\AY2627-S1\ay2627s1-website\book\uml\sequenceDiagrams\parallelPaths\index.md
2026-09-11T17:02:12.304Z - [36mverbose[39m: Rendering page: D:\Workspace\CS2113\AY2627-S1\ay2627s1-website\book\uml\sequenceDiagrams\optionalPaths\index.md
2026-09-11T17:02:12.310Z - [36mverbose[39m: Rendering page: D:\Workspace\CS2113\AY2627-S1\ay2627s1-website\book\uml\sequenceDiagrams\objectCreation\index.md
2026-09-11T17:02:12.315Z - [36mverbose[39m: Rendering page: D:\Workspace\CS2113\AY2627-S1\ay2627s1-website\book\uml\sequenceDiagrams\objectDeletion\index.md
2026-09-11T17:02:12.321Z - [36mverbose[39m: Rendering page: D:\Workspace\CS2113\AY2627-S1\ay2627s1-website\book\uml\sequenceDiagrams\minimalNotation\index.md
2026-09-11T17:02:12.463Z - [36mverbose[39m: Rendering page: D:\Workspace\CS2113\AY2627-S1\ay2627s1-website\book\uml\sequenceDiagrams\loops\index.md
2026-09-11T17:02:12.469Z - [36mverbose[39m: Rendering page: D:\Workspace\CS2113\AY2627-S1\ay2627s1-website\book\uml\sequenceDiagrams\basic\index.md
2026-09-11T17:02:12.474Z - [36mverbose[39m: Rendering page: D:\Workspace\CS2113\AY2627-S1\ay2627s1-website\book\uml\sequenceDiagrams\introduction\index.md
2026-09-11T17:02:12.480Z - [36mverbose[39m: Rendering page: D:\Workspace\CS2113\AY2627-S1\ay2627s1-website\book\uml\sequenceDiagrams\index.md
2026-09-11T17:02:12.602Z - [36mverbose[39m: Rendering page: D:\Workspace\CS2113\AY2627-S1\ay2627s1-website\book\uml\objectDiagrams\objects\index.md
2026-09-11T17:02:12.608Z - [36mverbose[39m: Rendering page: D:\Workspace\CS2113\AY2627-S1\ay2627s1-website\book\uml\objectDiagrams\introduction\index.md
2026-09-11T17:02:12.613Z - [36mverbose[39m: Rendering page: D:\Workspace\CS2113\AY2627-S1\ay2627s1-website\book\uml\objectDiagrams\index.md
2026-09-11T17:02:12.619Z - [36mverbose[39m: Rendering page: D:\Workspace\CS2113\AY2627-S1\ay2627s1-website\book\uml\sequenceDiagrams\alternativePaths\index.md
2026-09-11T17:02:12.724Z - [36mverbose[39m: Rendering page: D:\Workspace\CS2113\AY2627-S1\ay2627s1-website\book\uml\notes\notes\index.md
2026-09-11T17:02:12.730Z - [36mverbose[39m: Rendering page: D:\Workspace\CS2113\AY2627-S1\ay2627s1-website\book\uml\objectDiagrams\associations\index.md
2026-09-11T17:02:12.735Z - [36mverbose[39m: Rendering page: D:\Workspace\CS2113\AY2627-S1\ay2627s1-website\book\uml\notes\constraints\index.md
2026-09-11T17:02:12.739Z - [36mverbose[39m: Rendering page: D:\Workspace\CS2113\AY2627-S1\ay2627s1-website\book\uml\notes\index.md
2026-09-11T17:02:14.376Z - [34mdebug[39m: 
2026-09-11T17:02:14.393Z - [34mdebug[39m: 
2026-09-11T17:02:14.592Z - [34mdebug[39m: 
2026-09-11T17:02:14.593Z - [34mdebug[39m: 
2026-09-11T17:02:14.620Z - [34mdebug[39m: 
2026-09-11T17:02:14.645Z - [34mdebug[39m: 
2026-09-11T17:02:14.937Z - [34mdebug[39m: 
2026-09-11T17:02:15.030Z - [36mverbose[39m: Rendering page: D:\Workspace\CS2113\AY2627-S1\ay2627s1-website\book\uml\miscellaneous\objectVsClassDiagrams\index.md
2026-09-11T17:02:15.037Z - [36mverbose[39m: Rendering page: D:\Workspace\CS2113\AY2627-S1\ay2627s1-website\book\uml\miscellaneous\index.md
2026-09-11T17:02:15.043Z - [36mverbose[39m: Rendering page: D:\Workspace\CS2113\AY2627-S1\ay2627s1-website\book\uml\classDiagrams\introduction\what\index.md
2026-09-11T17:02:15.048Z - [36mverbose[39m: Rendering page: D:\Workspace\CS2113\AY2627-S1\ay2627s1-website\book\uml\index.md
2026-09-11T17:02:15.346Z - [36mverbose[39m: Rendering page: D:\Workspace\CS2113\AY2627-S1\ay2627s1-website\book\uml\classDiagrams\introduction\index.md
2026-09-11T17:02:15.352Z - [36mverbose[39m: Rendering page: D:\Workspace\CS2113\AY2627-S1\ay2627s1-website\book\uml\classDiagrams\interfaces\what\index.md
2026-09-11T17:02:15.357Z - [36mverbose[39m: Rendering page: D:\Workspace\CS2113\AY2627-S1\ay2627s1-website\book\uml\classDiagrams\interfaces\index.md
2026-09-11T17:02:15.363Z - [36mverbose[39m: Rendering page: D:\Workspace\CS2113\AY2627-S1\ay2627s1-website\book\uml\classDiagrams\index.md
2026-09-11T17:02:15.482Z - [36mverbose[39m: Rendering page: D:\Workspace\CS2113\AY2627-S1\ay2627s1-website\book\uml\classDiagrams\enumerations\what\index.md
2026-09-11T17:02:15.488Z - [36mverbose[39m: Rendering page: D:\Workspace\CS2113\AY2627-S1\ay2627s1-website\book\uml\classDiagrams\enumerations\index.md
2026-09-11T17:02:15.494Z - [36mverbose[39m: Rendering page: D:\Workspace\CS2113\AY2627-S1\ay2627s1-website\book\uml\classDiagrams\dependencies\what\index.md
2026-09-11T17:02:15.499Z - [36mverbose[39m: Rendering page: D:\Workspace\CS2113\AY2627-S1\ay2627s1-website\book\uml\classDiagrams\dependencies\index.md
2026-09-11T17:02:15.621Z - [36mverbose[39m: Rendering page: D:\Workspace\CS2113\AY2627-S1\ay2627s1-website\book\uml\classDiagrams\composition\index.md
2026-09-11T17:02:15.626Z - [36mverbose[39m: Rendering page: D:\Workspace\CS2113\AY2627-S1\ay2627s1-website\book\uml\classDiagrams\combine\basic\index.md
2026-09-11T17:02:15.632Z - [36mverbose[39m: Rendering page: D:\Workspace\CS2113\AY2627-S1\ay2627s1-website\book\uml\classDiagrams\composition\what\index.md
2026-09-11T17:02:15.637Z - [36mverbose[39m: Rendering page: D:\Workspace\CS2113\AY2627-S1\ay2627s1-website\book\uml\classDiagrams\combine\index.md
2026-09-11T17:02:15.772Z - [36mverbose[39m: Rendering page: D:\Workspace\CS2113\AY2627-S1\ay2627s1-website\book\uml\classDiagrams\classLevelMembers\index.md
2026-09-11T17:02:15.779Z - [36mverbose[39m: Rendering page: D:\Workspace\CS2113\AY2627-S1\ay2627s1-website\book\uml\classDiagrams\classLevelMembers\what\index.md
2026-09-11T17:02:15.783Z - [36mverbose[39m: Rendering page: D:\Workspace\CS2113\AY2627-S1\ay2627s1-website\book\uml\classDiagrams\classes\index.md
2026-09-11T17:02:15.790Z - [36mverbose[39m: Rendering page: D:\Workspace\CS2113\AY2627-S1\ay2627s1-website\book\uml\classDiagrams\classes\what\index.md
2026-09-11T17:02:15.906Z - [36mverbose[39m: Rendering page: D:\Workspace\CS2113\AY2627-S1\ay2627s1-website\book\uml\classDiagrams\associationsAsAttributes\index.md
2026-09-11T17:02:15.912Z - [36mverbose[39m: Rendering page: D:\Workspace\CS2113\AY2627-S1\ay2627s1-website\book\uml\classDiagrams\classInheritance\index.md
2026-09-11T17:02:15.917Z - [36mverbose[39m: Rendering page: D:\Workspace\CS2113\AY2627-S1\ay2627s1-website\book\uml\classDiagrams\classInheritance\what\index.md
2026-09-11T17:02:15.922Z - [36mverbose[39m: Rendering page: D:\Workspace\CS2113\AY2627-S1\ay2627s1-website\book\uml\classDiagrams\associationsAsAttributes\what\index.md
2026-09-11T17:02:16.028Z - [36mverbose[39m: Rendering page: D:\Workspace\CS2113\AY2627-S1\ay2627s1-website\book\uml\classDiagrams\associations\what\index.md
2026-09-11T17:02:16.034Z - [36mverbose[39m: Rendering page: D:\Workspace\CS2113\AY2627-S1\ay2627s1-website\book\uml\classDiagrams\associations\multiplicity\index.md
2026-09-11T17:02:16.039Z - [36mverbose[39m: Rendering page: D:\Workspace\CS2113\AY2627-S1\ay2627s1-website\book\uml\classDiagrams\associations\roles\index.md
2026-09-11T17:02:16.045Z - [36mverbose[39m: Rendering page: D:\Workspace\CS2113\AY2627-S1\ay2627s1-website\book\uml\classDiagrams\associations\navigability\index.md
2026-09-11T17:02:16.170Z - [36mverbose[39m: Rendering page: D:\Workspace\CS2113\AY2627-S1\ay2627s1-website\book\uml\classDiagrams\associationClasses\what\index.md
2026-09-11T17:02:16.176Z - [36mverbose[39m: Rendering page: D:\Workspace\CS2113\AY2627-S1\ay2627s1-website\book\uml\classDiagrams\associationClasses\index.md
2026-09-11T17:02:16.181Z - [36mverbose[39m: Rendering page: D:\Workspace\CS2113\AY2627-S1\ay2627s1-website\book\uml\classDiagrams\associations\index.md
2026-09-11T17:02:16.191Z - [36mverbose[39m: Rendering page: D:\Workspace\CS2113\AY2627-S1\ay2627s1-website\book\uml\classDiagrams\associations\labels\index.md
2026-09-11T17:02:16.282Z - [36mverbose[39m: Rendering page: D:\Workspace\CS2113\AY2627-S1\ay2627s1-website\book\uml\classDiagrams\aggregation\what\index.md
2026-09-11T17:02:16.287Z - [36mverbose[39m: Rendering page: D:\Workspace\CS2113\AY2627-S1\ay2627s1-website\book\uml\classDiagrams\aggregation\index.md
2026-09-11T17:02:16.292Z - [36mverbose[39m: Rendering page: D:\Workspace\CS2113\AY2627-S1\ay2627s1-website\book\uml\classDiagrams\abstractClasses\index.md
2026-09-11T17:02:16.296Z - [36mverbose[39m: Rendering page: D:\Workspace\CS2113\AY2627-S1\ay2627s1-website\book\uml\classDiagrams\abstractClasses\what\index.md
2026-09-11T17:02:16.430Z - [36mverbose[39m: Rendering page: D:\Workspace\CS2113\AY2627-S1\ay2627s1-website\book\uml\activityDiagrams\basicNotations\swimlanes\index.md
2026-09-11T17:02:16.436Z - [36mverbose[39m: Rendering page: D:\Workspace\CS2113\AY2627-S1\ay2627s1-website\book\uml\activityDiagrams\introduction\index.md
2026-09-11T17:02:16.441Z - [36mverbose[39m: Rendering page: D:\Workspace\CS2113\AY2627-S1\ay2627s1-website\book\uml\activityDiagrams\index.md
2026-09-11T17:02:16.449Z - [36mverbose[39m: Rendering page: D:\Workspace\CS2113\AY2627-S1\ay2627s1-website\book\uml\activityDiagrams\introduction\what\index.md
2026-09-11T17:02:16.571Z - [36mverbose[39m: Rendering page: D:\Workspace\CS2113\AY2627-S1\ay2627s1-website\book\uml\activityDiagrams\basicNotations\linearPaths\index.md
2026-09-11T17:02:16.577Z - [36mverbose[39m: Rendering page: D:\Workspace\CS2113\AY2627-S1\ay2627s1-website\book\uml\activityDiagrams\basicNotations\rakes\index.md
2026-09-11T17:02:16.581Z - [36mverbose[39m: Rendering page: D:\Workspace\CS2113\AY2627-S1\ay2627s1-website\book\uml\activityDiagrams\basicNotations\index.md
2026-09-11T17:02:16.590Z - [36mverbose[39m: Rendering page: D:\Workspace\CS2113\AY2627-S1\ay2627s1-website\book\uml\activityDiagrams\basicNotations\parallelPaths\index.md
2026-09-11T17:02:16.753Z - [36mverbose[39m: Rendering page: D:\Workspace\CS2113\AY2627-S1\ay2627s1-website\book\uml\activityDiagrams\basicNotations\alternatePaths\index.md
2026-09-11T17:02:16.759Z - [36mverbose[39m: Rendering page: D:\Workspace\CS2113\AY2627-S1\ay2627s1-website\book\testing\testingTypes\unitTesting\stubs\index.md
2026-09-11T17:02:16.766Z - [36mverbose[39m: Rendering page: D:\Workspace\CS2113\AY2627-S1\ay2627s1-website\book\testing\testingTypes\unitTesting\index.md
2026-09-11T17:02:16.775Z - [36mverbose[39m: Rendering page: D:\Workspace\CS2113\AY2627-S1\ay2627s1-website\book\testing\testingTypes\unitTesting\what\index.md
2026-09-11T17:02:16.881Z - [36mverbose[39m: Rendering page: D:\Workspace\CS2113\AY2627-S1\ay2627s1-website\book\testing\testingTypes\systemTesting\index.md
2026-09-11T17:02:16.888Z - [36mverbose[39m: Rendering page: D:\Workspace\CS2113\AY2627-S1\ay2627s1-website\book\testing\testingTypes\regressionTesting\what\index.md
2026-09-11T17:02:16.893Z - [36mverbose[39m: Rendering page: D:\Workspace\CS2113\AY2627-S1\ay2627s1-website\book\testing\testingTypes\systemTesting\what\index.md
2026-09-11T17:02:16.898Z - [36mverbose[39m: Rendering page: D:\Workspace\CS2113\AY2627-S1\ay2627s1-website\book\testing\testingTypes\regressionTesting\index.md
2026-09-11T17:02:17.136Z - [36mverbose[39m: Rendering page: D:\Workspace\CS2113\AY2627-S1\ay2627s1-website\book\testing\testingTypes\integrationTesting\index.md
2026-09-11T17:02:17.142Z - [36mverbose[39m: Rendering page: D:\Workspace\CS2113\AY2627-S1\ay2627s1-website\book\testing\testingTypes\integrationTesting\how\index.md
2026-09-11T17:02:17.149Z - [36mverbose[39m: Rendering page: D:\Workspace\CS2113\AY2627-S1\ay2627s1-website\book\testing\testingTypes\integrationTesting\what\index.md
2026-09-11T17:02:17.154Z - [36mverbose[39m: Rendering page: D:\Workspace\CS2113\AY2627-S1\ay2627s1-website\book\testing\testingTypes\index.md
2026-09-11T17:02:17.287Z - [36mverbose[39m: Rendering page: D:\Workspace\CS2113\AY2627-S1\ay2627s1-website\book\testing\testingTypes\exploratoryVsScriptedTesting\index.md
2026-09-11T17:02:17.293Z - [36mverbose[39m: Rendering page: D:\Workspace\CS2113\AY2627-S1\ay2627s1-website\book\testing\testingTypes\exploratoryVsScriptedTesting\what\index.md
2026-09-11T17:02:17.298Z - [36mverbose[39m: Rendering page: D:\Workspace\CS2113\AY2627-S1\ay2627s1-website\book\testing\testingTypes\dogfooding\what\index.md
2026-09-11T17:02:17.303Z - [36mverbose[39m: Rendering page: D:\Workspace\CS2113\AY2627-S1\ay2627s1-website\book\testing\testingTypes\exploratoryVsScriptedTesting\when\index.md
2026-09-11T17:02:17.403Z - [36mverbose[39m: Rendering page: D:\Workspace\CS2113\AY2627-S1\ay2627s1-website\book\testing\testingTypes\dogfooding\index.md
2026-09-11T17:02:17.409Z - [36mverbose[39m: Rendering page: D:\Workspace\CS2113\AY2627-S1\ay2627s1-website\book\testing\testingTypes\developerTesting\why\index.md
2026-09-11T17:02:17.414Z - [36mverbose[39m: Rendering page: D:\Workspace\CS2113\AY2627-S1\ay2627s1-website\book\testing\testingTypes\developerTesting\index.md
2026-09-11T17:02:17.419Z - [36mverbose[39m: Rendering page: D:\Workspace\CS2113\AY2627-S1\ay2627s1-website\book\testing\testingTypes\developerTesting\what\index.md
2026-09-11T17:02:17.516Z - [36mverbose[39m: Rendering page: D:\Workspace\CS2113\AY2627-S1\ay2627s1-website\book\testing\testingTypes\alphaBetaTesting\index.md
2026-09-11T17:02:17.522Z - [36mverbose[39m: Rendering page: D:\Workspace\CS2113\AY2627-S1\ay2627s1-website\book\testing\testingTypes\acceptanceTesting\what\index.md
2026-09-11T17:02:17.527Z - [36mverbose[39m: Rendering page: D:\Workspace\CS2113\AY2627-S1\ay2627s1-website\book\testing\testingTypes\alphaBetaTesting\what\index.md
2026-09-11T17:02:17.531Z - [36mverbose[39m: Rendering page: D:\Workspace\CS2113\AY2627-S1\ay2627s1-website\book\testing\testingTypes\acceptanceTesting\index.md
2026-09-11T17:02:17.653Z - [36mverbose[39m: Rendering page: D:\Workspace\CS2113\AY2627-S1\ay2627s1-website\book\testing\testingTypes\acceptanceTesting\acceptanceVsSystemTesting\index.md
2026-09-11T17:02:17.660Z - [36mverbose[39m: Rendering page: D:\Workspace\CS2113\AY2627-S1\ay2627s1-website\book\testing\testCoverage\how\index.md
2026-09-11T17:02:17.664Z - [36mverbose[39m: Rendering page: D:\Workspace\CS2113\AY2627-S1\ay2627s1-website\book\testing\testCoverage\index.md
2026-09-11T17:02:17.672Z - [36mverbose[39m: Rendering page: D:\Workspace\CS2113\AY2627-S1\ay2627s1-website\book\testing\testCoverage\what\index.md
2026-09-11T17:02:17.785Z - [36mverbose[39m: Rendering page: D:\Workspace\CS2113\AY2627-S1\ay2627s1-website\book\testing\testAutomation\what\index.md
2026-09-11T17:02:17.791Z - [36mverbose[39m: Rendering page: D:\Workspace\CS2113\AY2627-S1\ay2627s1-website\book\testing\testAutomation\tools\index.md
2026-09-11T17:02:17.796Z - [36mverbose[39m: Rendering page: D:\Workspace\CS2113\AY2627-S1\ay2627s1-website\book\testing\testAutomation\usingTestDrivers\index.md
2026-09-11T17:02:17.802Z - [36mverbose[39m: Rendering page: D:\Workspace\CS2113\AY2627-S1\ay2627s1-website\book\testing\testAutomation\testingTextUis\index.md
2026-09-11T17:02:17.969Z - [36mverbose[39m: Rendering page: D:\Workspace\CS2113\AY2627-S1\ay2627s1-website\book\testing\tdd\index.md
2026-09-11T17:02:17.975Z - [36mverbose[39m: Rendering page: D:\Workspace\CS2113\AY2627-S1\ay2627s1-website\book\testing\testAutomation\testingGuis\index.md
2026-09-11T17:02:17.981Z - [36mverbose[39m: Rendering page: D:\Workspace\CS2113\AY2627-S1\ay2627s1-website\book\testing\testAutomation\index.md
2026-09-11T17:02:17.990Z - [36mverbose[39m: Rendering page: D:\Workspace\CS2113\AY2627-S1\ay2627s1-website\book\testing\tdd\what\index.md
2026-09-11T17:02:18.101Z - [36mverbose[39m: Rendering page: D:\Workspace\CS2113\AY2627-S1\ay2627s1-website\book\testing\tdd\how\index.md
2026-09-11T17:02:18.107Z - [36mverbose[39m: Rendering page: D:\Workspace\CS2113\AY2627-S1\ay2627s1-website\book\testing\introduction\index.md
2026-09-11T17:02:18.114Z - [36mverbose[39m: Rendering page: D:\Workspace\CS2113\AY2627-S1\ay2627s1-website\book\testing\introduction\testability\index.md
2026-09-11T17:02:18.123Z - [36mverbose[39m: Rendering page: D:\Workspace\CS2113\AY2627-S1\ay2627s1-website\book\testing\introduction\what\index.md
2026-09-11T17:02:18.655Z - [36mverbose[39m: Rendering page: D:\Workspace\CS2113\AY2627-S1\ay2627s1-website\book\testing\dependencyInjection\what\index.md
2026-09-11T17:02:18.663Z - [36mverbose[39m: Rendering page: D:\Workspace\CS2113\AY2627-S1\ay2627s1-website\book\testing\dependencyInjection\index.md
2026-09-11T17:02:18.673Z - [36mverbose[39m: Rendering page: D:\Workspace\CS2113\AY2627-S1\ay2627s1-website\book\testing\dependencyInjection\how\index.md
2026-09-11T17:02:18.681Z - [36mverbose[39m: Rendering page: D:\Workspace\CS2113\AY2627-S1\ay2627s1-website\book\testing\index.md
2026-09-11T17:02:18.884Z - [36mverbose[39m: Rendering page: D:\Workspace\CS2113\AY2627-S1\ay2627s1-website\book\testCaseDesign\summary\recap\index.md
2026-09-11T17:02:18.889Z - [36mverbose[39m: Rendering page: D:\Workspace\CS2113\AY2627-S1\ay2627s1-website\book\testCaseDesign\summary\index.md
2026-09-11T17:02:18.897Z - [36mverbose[39m: Rendering page: D:\Workspace\CS2113\AY2627-S1\ay2627s1-website\book\testCaseDesign\more\testingUseCases\index.md
2026-09-11T17:02:18.902Z - [36mverbose[39m: Rendering page: D:\Workspace\CS2113\AY2627-S1\ay2627s1-website\book\testCaseDesign\summary\exercises\index.md
2026-09-11T17:02:19.044Z - [36mverbose[39m: Rendering page: D:\Workspace\CS2113\AY2627-S1\ay2627s1-website\book\testCaseDesign\more\index.md
2026-09-11T17:02:19.050Z - [36mverbose[39m: Rendering page: D:\Workspace\CS2113\AY2627-S1\ay2627s1-website\book\testCaseDesign\introduction\positiveVsNegative\index.md
2026-09-11T17:02:19.054Z - [36mverbose[39m: Rendering page: D:\Workspace\CS2113\AY2627-S1\ay2627s1-website\book\testCaseDesign\introduction\index.md
2026-09-11T17:02:19.061Z - [36mverbose[39m: Rendering page: D:\Workspace\CS2113\AY2627-S1\ay2627s1-website\book\testCaseDesign\introduction\what\index.md
2026-09-11T17:02:19.424Z - [36mverbose[39m: Rendering page: D:\Workspace\CS2113\AY2627-S1\ay2627s1-website\book\testCaseDesign\introduction\blackVsGlass\index.md
2026-09-11T17:02:19.430Z - [36mverbose[39m: Rendering page: D:\Workspace\CS2113\AY2627-S1\ay2627s1-website\book\testCaseDesign\equivalencePartitions\what\index.md
2026-09-11T17:02:19.435Z - [36mverbose[39m: Rendering page: D:\Workspace\CS2113\AY2627-S1\ay2627s1-website\book\testCaseDesign\equivalencePartitions\intermediate\index.md
2026-09-11T17:02:19.441Z - [36mverbose[39m: Rendering page: D:\Workspace\CS2113\AY2627-S1\ay2627s1-website\book\testCaseDesign\index.md
2026-09-11T17:02:19.806Z - [36mverbose[39m: Rendering page: D:\Workspace\CS2113\AY2627-S1\ay2627s1-website\book\testCaseDesign\equivalencePartitions\index.md
2026-09-11T17:02:19.880Z - [36mverbose[39m: Rendering page: D:\Workspace\CS2113\AY2627-S1\ay2627s1-website\book\testCaseDesign\equivalencePartitions\basic\index.md
2026-09-11T17:02:19.923Z - [36mverbose[39m: Rendering page: D:\Workspace\CS2113\AY2627-S1\ay2627s1-website\book\testCaseDesign\combiningTestInputs\mix\index.md
2026-09-11T17:02:19.933Z - [36mverbose[39m: Rendering page: D:\Workspace\CS2113\AY2627-S1\ay2627s1-website\book\testCaseDesign\combiningTestInputs\why\index.md
2026-09-11T17:02:20.344Z - [36mverbose[39m: Rendering page: D:\Workspace\CS2113\AY2627-S1\ay2627s1-website\book\testCaseDesign\combiningTestInputs\heuristicValid\index.md
2026-09-11T17:02:20.392Z - [36mverbose[39m: Rendering page: D:\Workspace\CS2113\AY2627-S1\ay2627s1-website\book\testCaseDesign\combiningTestInputs\index.md
2026-09-11T17:02:20.679Z - [36mverbose[39m: Rendering page: D:\Workspace\CS2113\AY2627-S1\ay2627s1-website\book\testCaseDesign\combiningTestInputs\heuristicInvalid\index.md
2026-09-11T17:02:20.741Z - [36mverbose[39m: Rendering page: D:\Workspace\CS2113\AY2627-S1\ay2627s1-website\book\testCaseDesign\combiningTestInputs\combinationStrategies\index.md
2026-09-11T17:02:21.079Z - [36mverbose[39m: Rendering page: D:\Workspace\CS2113\AY2627-S1\ay2627s1-website\book\testCaseDesign\boundaryValueAnalysis\index.md
2026-09-11T17:02:21.136Z - [36mverbose[39m: Rendering page: D:\Workspace\CS2113\AY2627-S1\ay2627s1-website\book\testCaseDesign\boundaryValueAnalysis\what\index.md
2026-09-11T17:02:21.491Z - [36mverbose[39m: Rendering page: D:\Workspace\CS2113\AY2627-S1\ay2627s1-website\book\teamwork\teamStructures\index.md
2026-09-11T17:02:21.525Z - [36mverbose[39m: Rendering page: D:\Workspace\CS2113\AY2627-S1\ay2627s1-website\book\testCaseDesign\boundaryValueAnalysis\how\index.md
2026-09-11T17:02:21.569Z - [36mverbose[39m: Rendering page: D:\Workspace\CS2113\AY2627-S1\ay2627s1-website\book\teamwork\index.md
2026-09-11T17:02:21.802Z - [36mverbose[39m: Rendering page: D:\Workspace\CS2113\AY2627-S1\ay2627s1-website\book\specifyingRequirements\userStories\usage\index.md
2026-09-11T17:02:21.936Z - [36mverbose[39m: Rendering page: D:\Workspace\CS2113\AY2627-S1\ay2627s1-website\book\specifyingRequirements\userStories\introduction\index.md
2026-09-11T17:02:22.023Z - [36mverbose[39m: Rendering page: D:\Workspace\CS2113\AY2627-S1\ay2627s1-website\book\specifyingRequirements\useCases\usage\index.md
2026-09-11T17:02:22.030Z - [36mverbose[39m: Rendering page: D:\Workspace\CS2113\AY2627-S1\ay2627s1-website\book\specifyingRequirements\userStories\details\index.md
2026-09-11T17:02:22.036Z - [36mverbose[39m: Rendering page: D:\Workspace\CS2113\AY2627-S1\ay2627s1-website\book\specifyingRequirements\userStories\index.md
2026-09-11T17:02:22.260Z - [36mverbose[39m: Rendering page: D:\Workspace\CS2113\AY2627-S1\ay2627s1-website\book\specifyingRequirements\useCases\introduction\index.md
2026-09-11T17:02:22.352Z - [36mverbose[39m: Rendering page: D:\Workspace\CS2113\AY2627-S1\ay2627s1-website\book\specifyingRequirements\useCases\identifying\index.md
2026-09-11T17:02:22.359Z - [36mverbose[39m: Rendering page: D:\Workspace\CS2113\AY2627-S1\ay2627s1-website\book\specifyingRequirements\useCases\details\index.md
2026-09-11T17:02:22.368Z - [36mverbose[39m: Rendering page: D:\Workspace\CS2113\AY2627-S1\ay2627s1-website\book\specifyingRequirements\useCases\index.md
2026-09-11T17:02:22.499Z - [36mverbose[39m: Rendering page: D:\Workspace\CS2113\AY2627-S1\ay2627s1-website\book\specifyingRequirements\supplementaryRequirements\what\index.md
2026-09-11T17:02:22.543Z - [36mverbose[39m: Rendering page: D:\Workspace\CS2113\AY2627-S1\ay2627s1-website\book\specifyingRequirements\supplementaryRequirements\index.md
2026-09-11T17:02:22.551Z - [36mverbose[39m: Rendering page: D:\Workspace\CS2113\AY2627-S1\ay2627s1-website\book\specifyingRequirements\requirementsDocument\index.md
2026-09-11T17:02:22.557Z - [36mverbose[39m: Rendering page: D:\Workspace\CS2113\AY2627-S1\ay2627s1-website\book\specifyingRequirements\requirementsDocument\what\index.md
2026-09-11T17:02:22.843Z - [36mverbose[39m: Rendering page: D:\Workspace\CS2113\AY2627-S1\ay2627s1-website\book\specifyingRequirements\prose\what\index.md
2026-09-11T17:02:22.871Z - [36mverbose[39m: Rendering page: D:\Workspace\CS2113\AY2627-S1\ay2627s1-website\book\specifyingRequirements\prose\index.md
2026-09-11T17:02:22.896Z - [36mverbose[39m: Rendering page: D:\Workspace\CS2113\AY2627-S1\ay2627s1-website\book\specifyingRequirements\glossary\what\index.md
2026-09-11T17:02:22.903Z - [36mverbose[39m: Rendering page: D:\Workspace\CS2113\AY2627-S1\ay2627s1-website\book\specifyingRequirements\index.md
2026-09-11T17:02:22.942Z - [36mverbose[39m: Rendering page: D:\Workspace\CS2113\AY2627-S1\ay2627s1-website\book\specifyingRequirements\glossary\index.md
2026-09-11T17:02:23.062Z - [36mverbose[39m: Rendering page: D:\Workspace\CS2113\AY2627-S1\ay2627s1-website\book\specifyingRequirements\featureList\index.md
2026-09-11T17:02:23.068Z - [36mverbose[39m: Rendering page: D:\Workspace\CS2113\AY2627-S1\ay2627s1-website\book\specifyingRequirements\featureList\what\index.md
2026-09-11T17:02:23.074Z - [36mverbose[39m: Rendering page: D:\Workspace\CS2113\AY2627-S1\ay2627s1-website\book\softwareEngineering\introduction\prosAndCons\index.md
2026-09-11T17:02:23.092Z - [36mverbose[39m: Rendering page: D:\Workspace\CS2113\AY2627-S1\ay2627s1-website\book\softwareEngineering\introduction\index.md
2026-09-11T17:02:23.212Z - [36mverbose[39m: Rendering page: D:\Workspace\CS2113\AY2627-S1\ay2627s1-website\book\softwareEngineering\index.md
2026-09-11T17:02:23.222Z - [36mverbose[39m: Rendering page: D:\Workspace\CS2113\AY2627-S1\ay2627s1-website\book\security\wrapUp\index.md
2026-09-11T17:02:23.230Z - [36mverbose[39m: Rendering page: D:\Workspace\CS2113\AY2627-S1\ay2627s1-website\book\security\why\index.md
2026-09-11T17:02:23.445Z - [36mverbose[39m: Rendering page: D:\Workspace\CS2113\AY2627-S1\ay2627s1-website\book\security\when\index.md
2026-09-11T17:02:23.487Z - [36mverbose[39m: Rendering page: D:\Workspace\CS2113\AY2627-S1\ay2627s1-website\book\security\what\index.md
2026-09-11T17:02:23.493Z - [36mverbose[39m: Rendering page: D:\Workspace\CS2113\AY2627-S1\ay2627s1-website\book\security\how\index.md
2026-09-11T17:02:23.505Z - [36mverbose[39m: Rendering page: D:\Workspace\CS2113\AY2627-S1\ay2627s1-website\book\security\index.md
2026-09-11T17:02:23.553Z - [36mverbose[39m: Rendering page: D:\Workspace\CS2113\AY2627-S1\ay2627s1-website\book\security\ai\index.md
2026-09-11T17:02:23.643Z - [36mverbose[39m: Rendering page: D:\Workspace\CS2113\AY2627-S1\ay2627s1-website\book\reuse\platforms\index.md
2026-09-11T17:02:23.648Z - [36mverbose[39m: Rendering page: D:\Workspace\CS2113\AY2627-S1\ay2627s1-website\book\reuse\platforms\what\index.md
2026-09-11T17:02:23.658Z - [36mverbose[39m: Rendering page: D:\Workspace\CS2113\AY2627-S1\ay2627s1-website\book\reuse\libraries\what\index.md
2026-09-11T17:02:23.686Z - [36mverbose[39m: Rendering page: D:\Workspace\CS2113\AY2627-S1\ay2627s1-website\book\reuse\libraries\index.md
2026-09-11T17:02:23.742Z - [36mverbose[39m: Rendering page: D:\Workspace\CS2113\AY2627-S1\ay2627s1-website\book\reuse\libraries\how\index.md
2026-09-11T17:02:23.748Z - [36mverbose[39m: Rendering page: D:\Workspace\CS2113\AY2627-S1\ay2627s1-website\book\reuse\introduction\what\index.md
2026-09-11T17:02:23.752Z - [36mverbose[39m: Rendering page: D:\Workspace\CS2113\AY2627-S1\ay2627s1-website\book\reuse\introduction\when\index.md
2026-09-11T17:02:23.952Z - [36mverbose[39m: Rendering page: D:\Workspace\CS2113\AY2627-S1\ay2627s1-website\book\reuse\introduction\index.md
2026-09-11T17:02:23.992Z - [36mverbose[39m: Rendering page: D:\Workspace\CS2113\AY2627-S1\ay2627s1-website\book\reuse\frameworks\index.md
2026-09-11T17:02:23.998Z - [36mverbose[39m: Rendering page: D:\Workspace\CS2113\AY2627-S1\ay2627s1-website\book\reuse\index.md
2026-09-11T17:02:24.010Z - [36mverbose[39m: Rendering page: D:\Workspace\CS2113\AY2627-S1\ay2627s1-website\book\reuse\frameworks\what\index.md
2026-09-11T17:02:24.040Z - [36mverbose[39m: Rendering page: D:\Workspace\CS2113\AY2627-S1\ay2627s1-website\book\reuse\frameworks\frameworksVsLibraries\index.md
2026-09-11T17:02:24.119Z - [36mverbose[39m: Rendering page: D:\Workspace\CS2113\AY2627-S1\ay2627s1-website\book\reuse\cloudComputing\what\index.md
2026-09-11T17:02:24.123Z - [36mverbose[39m: Rendering page: D:\Workspace\CS2113\AY2627-S1\ay2627s1-website\book\reuse\cloudComputing\services\index.md
2026-09-11T17:02:24.128Z - [36mverbose[39m: Rendering page: D:\Workspace\CS2113\AY2627-S1\ay2627s1-website\book\reuse\cloudComputing\index.md
2026-09-11T17:02:24.209Z - [36mverbose[39m: Rendering page: D:\Workspace\CS2113\AY2627-S1\ay2627s1-website\book\reuse\apis\what\index.md
2026-09-11T17:02:24.249Z - [36mverbose[39m: Rendering page: D:\Workspace\CS2113\AY2627-S1\ay2627s1-website\book\reuse\apis\index.md
2026-09-11T17:02:24.255Z - [36mverbose[39m: Rendering page: D:\Workspace\CS2113\AY2627-S1\ay2627s1-website\book\reuse\apis\designingAPIs\index.md
2026-09-11T17:02:24.259Z - [36mverbose[39m: Rendering page: D:\Workspace\CS2113\AY2627-S1\ay2627s1-website\book\requirements\quality\index.md
2026-09-11T17:02:24.364Z - [36mverbose[39m: Rendering page: D:\Workspace\CS2113\AY2627-S1\ay2627s1-website\book\requirements\prioritizing\index.md
2026-09-11T17:02:24.402Z - [36mverbose[39m: Rendering page: D:\Workspace\CS2113\AY2627-S1\ay2627s1-website\book\requirements\index.md
2026-09-11T17:02:24.410Z - [36mverbose[39m: Rendering page: D:\Workspace\CS2113\AY2627-S1\ay2627s1-website\book\requirements\nonFunctionalRequirements\index.md
2026-09-11T17:02:24.416Z - [36mverbose[39m: Rendering page: D:\Workspace\CS2113\AY2627-S1\ay2627s1-website\book\requirements\introduction\index.md
2026-09-11T17:02:24.499Z - [36mverbose[39m: Rendering page: D:\Workspace\CS2113\AY2627-S1\ay2627s1-website\book\requirements\changing\index.md
2026-09-11T17:02:24.585Z - [36mverbose[39m: Rendering page: D:\Workspace\CS2113\AY2627-S1\ay2627s1-website\book\refactoring\when\index.md
2026-09-11T17:02:24.591Z - [36mverbose[39m: Rendering page: D:\Workspace\CS2113\AY2627-S1\ay2627s1-website\book\refactoring\what\index.md
2026-09-11T17:02:24.598Z - [36mverbose[39m: Rendering page: D:\Workspace\CS2113\AY2627-S1\ay2627s1-website\book\refactoring\index.md
2026-09-11T17:02:24.633Z - [36mverbose[39m: Rendering page: D:\Workspace\CS2113\AY2627-S1\ay2627s1-website\book\refactoring\how\index.md
2026-09-11T17:02:24.709Z - [36mverbose[39m: Rendering page: D:\Workspace\CS2113\AY2627-S1\ay2627s1-website\book\qualityAssurance\introduction\what\index.md
2026-09-11T17:02:24.714Z - [36mverbose[39m: Rendering page: D:\Workspace\CS2113\AY2627-S1\ay2627s1-website\book\qualityAssurance\staticAnalysis\index.md
2026-09-11T17:02:24.719Z - [36mverbose[39m: Rendering page: D:\Workspace\CS2113\AY2627-S1\ay2627s1-website\book\qualityAssurance\staticAnalysis\what\index.md
2026-09-11T17:02:24.737Z - [36mverbose[39m: Rendering page: D:\Workspace\CS2113\AY2627-S1\ay2627s1-website\book\qualityAssurance\introduction\validationVsVerification\index.md
2026-09-11T17:02:24.871Z - [36mverbose[39m: Rendering page: D:\Workspace\CS2113\AY2627-S1\ay2627s1-website\book\qualityAssurance\introduction\index.md
2026-09-11T17:02:24.877Z - [36mverbose[39m: Rendering page: D:\Workspace\CS2113\AY2627-S1\ay2627s1-website\book\qualityAssurance\index.md
2026-09-11T17:02:24.885Z - [36mverbose[39m: Rendering page: D:\Workspace\CS2113\AY2627-S1\ay2627s1-website\book\qualityAssurance\formalVerification\what\index.md
2026-09-11T17:02:24.935Z - [36mverbose[39m: Rendering page: D:\Workspace\CS2113\AY2627-S1\ay2627s1-website\book\qualityAssurance\formalVerification\index.md
2026-09-11T17:02:25.027Z - [36mverbose[39m: Rendering page: D:\Workspace\CS2113\AY2627-S1\ay2627s1-website\book\qualityAssurance\codeReviews\what\index.md
2026-09-11T17:02:25.033Z - [36mverbose[39m: Rendering page: D:\Workspace\CS2113\AY2627-S1\ay2627s1-website\book\projectPlanning\workBreakdownStructure\index.md
2026-09-11T17:02:25.039Z - [36mverbose[39m: Rendering page: D:\Workspace\CS2113\AY2627-S1\ay2627s1-website\book\qualityAssurance\codeReviews\index.md
2026-09-11T17:02:25.068Z - [36mverbose[39m: Rendering page: D:\Workspace\CS2113\AY2627-S1\ay2627s1-website\book\projectPlanning\pertCharts\index.md
2026-09-11T17:02:25.167Z - [36mverbose[39m: Rendering page: D:\Workspace\CS2113\AY2627-S1\ay2627s1-website\book\projectPlanning\index.md
2026-09-11T17:02:25.176Z - [36mverbose[39m: Rendering page: D:\Workspace\CS2113\AY2627-S1\ay2627s1-website\book\projectPlanning\issueTrackers\index.md
2026-09-11T17:02:25.181Z - [36mverbose[39m: Rendering page: D:\Workspace\CS2113\AY2627-S1\ay2627s1-website\book\projectPlanning\milestones\index.md
2026-09-11T17:02:25.199Z - [36mverbose[39m: Rendering page: D:\Workspace\CS2113\AY2627-S1\ay2627s1-website\book\projectPlanning\ganttCharts\index.md
2026-09-11T17:02:25.329Z - [36mverbose[39m: Rendering page: D:\Workspace\CS2113\AY2627-S1\ay2627s1-website\book\projectPlanning\buffers\index.md
2026-09-11T17:02:25.335Z - [36mverbose[39m: Rendering page: D:\Workspace\CS2113\AY2627-S1\ay2627s1-website\book\processModels\summary\recap\index.md
2026-09-11T17:02:25.341Z - [36mverbose[39m: Rendering page: D:\Workspace\CS2113\AY2627-S1\ay2627s1-website\book\processModels\summary\index.md
2026-09-11T17:02:25.363Z - [36mverbose[39m: Rendering page: D:\Workspace\CS2113\AY2627-S1\ay2627s1-website\book\processModels\more\index.md
2026-09-11T17:02:25.431Z - [36mverbose[39m: Rendering page: D:\Workspace\CS2113\AY2627-S1\ay2627s1-website\book\processModels\more\cmmi\index.md
2026-09-11T17:02:25.436Z - [36mverbose[39m: Rendering page: D:\Workspace\CS2113\AY2627-S1\ay2627s1-website\book\processModels\more\continuousApproaches\index.md
2026-09-11T17:02:25.440Z - [36mverbose[39m: Rendering page: D:\Workspace\CS2113\AY2627-S1\ay2627s1-website\book\processModels\introduction\what\index.md
2026-09-11T17:02:25.480Z - [36mverbose[39m: Rendering page: D:\Workspace\CS2113\AY2627-S1\ay2627s1-website\book\processModels\introduction\sequentialModels\index.md
2026-09-11T17:02:25.663Z - [36mverbose[39m: Rendering page: D:\Workspace\CS2113\AY2627-S1\ay2627s1-website\book\processModels\introduction\iterativeModels\index.md
2026-09-11T17:02:25.669Z - [36mverbose[39m: Rendering page: D:\Workspace\CS2113\AY2627-S1\ay2627s1-website\book\processModels\introduction\agileModels\index.md
2026-09-11T17:02:25.679Z - [36mverbose[39m: Rendering page: D:\Workspace\CS2113\AY2627-S1\ay2627s1-website\book\processModels\introduction\index.md
2026-09-11T17:02:25.745Z - [36mverbose[39m: Rendering page: D:\Workspace\CS2113\AY2627-S1\ay2627s1-website\book\processModels\index.md
2026-09-11T17:02:25.774Z - [36mverbose[39m: Rendering page: D:\Workspace\CS2113\AY2627-S1\ay2627s1-website\book\processModels\exampleProcessModels\scrum\index.md
2026-09-11T17:02:25.779Z - [36mverbose[39m: Rendering page: D:\Workspace\CS2113\AY2627-S1\ay2627s1-website\book\processModels\exampleProcessModels\xp\index.md
2026-09-11T17:02:25.783Z - [36mverbose[39m: Rendering page: D:\Workspace\CS2113\AY2627-S1\ay2627s1-website\book\processModels\exampleProcessModels\unifiedProcess\index.md
2026-09-11T17:02:25.834Z - [36mverbose[39m: Rendering page: D:\Workspace\CS2113\AY2627-S1\ay2627s1-website\book\processModels\exampleProcessModels\index.md
2026-09-11T17:02:25.990Z - [36mverbose[39m: Rendering page: D:\Workspace\CS2113\AY2627-S1\ay2627s1-website\book\processModels\exampleProcessModels\choosing\index.md
2026-09-11T17:02:26.011Z - [36mverbose[39m: Rendering page: D:\Workspace\CS2113\AY2627-S1\ay2627s1-website\book\principles\yagniPrinciple\index.md
2026-09-11T17:02:26.017Z - [36mverbose[39m: Rendering page: D:\Workspace\CS2113\AY2627-S1\ay2627s1-website\book\principles\solidPrinciples\index.md
2026-09-11T17:02:26.158Z - [36mverbose[39m: Rendering page: D:\Workspace\CS2113\AY2627-S1\ay2627s1-website\book\principles\singleResponsibilityPrinciple\index.md
2026-09-11T17:02:26.231Z - [36mverbose[39m: Rendering page: D:\Workspace\CS2113\AY2627-S1\ay2627s1-website\book\principles\openClosedPrinciple\index.md
2026-09-11T17:02:26.254Z - [36mverbose[39m: Rendering page: D:\Workspace\CS2113\AY2627-S1\ay2627s1-website\book\principles\separationOfConcernsPrinciple\index.md
2026-09-11T17:02:26.308Z - [36mverbose[39m: Rendering page: D:\Workspace\CS2113\AY2627-S1\ay2627s1-website\book\principles\liskovSubstitutionPrinciple\index.md
2026-09-11T17:02:26.320Z - [36mverbose[39m: Rendering page: D:\Workspace\CS2113\AY2627-S1\ay2627s1-website\book\principles\review\index.md
2026-09-11T17:02:26.586Z - [36mverbose[39m: Rendering page: D:\Workspace\CS2113\AY2627-S1\ay2627s1-website\book\principles\lawOfDemeter\index.md
2026-09-11T17:02:26.592Z - [36mverbose[39m: Rendering page: D:\Workspace\CS2113\AY2627-S1\ay2627s1-website\book\principles\interfaceSegregationPrinciple\index.md
2026-09-11T17:02:26.667Z - [36mverbose[39m: Rendering page: D:\Workspace\CS2113\AY2627-S1\ay2627s1-website\book\principles\dryPrinciple\index.md
2026-09-11T17:02:26.672Z - [36mverbose[39m: Rendering page: D:\Workspace\CS2113\AY2627-S1\ay2627s1-website\book\principles\index.md
2026-09-11T17:02:26.702Z - [36mverbose[39m: Rendering page: D:\Workspace\CS2113\AY2627-S1\ay2627s1-website\book\principles\dependencyInversionPrinciple\index.md
2026-09-11T17:02:26.726Z - [36mverbose[39m: Rendering page: D:\Workspace\CS2113\AY2627-S1\ay2627s1-website\book\principles\brooksLaw\index.md
2026-09-11T17:02:26.790Z - [36mverbose[39m: Rendering page: D:\Workspace\CS2113\AY2627-S1\ay2627s1-website\book\oop\polymorphism\index.md
2026-09-11T17:02:26.797Z - [36mverbose[39m: Rendering page: D:\Workspace\CS2113\AY2627-S1\ay2627s1-website\book\oop\polymorphism\what\index.md
2026-09-11T17:02:26.915Z - [36mverbose[39m: Rendering page: D:\Workspace\CS2113\AY2627-S1\ay2627s1-website\book\oop\polymorphism\how\index.md
2026-09-11T17:02:26.920Z - [36mverbose[39m: Rendering page: D:\Workspace\CS2113\AY2627-S1\ay2627s1-website\book\oop\objects\what\index.md
2026-09-11T17:02:26.978Z - [36mverbose[39m: Rendering page: D:\Workspace\CS2113\AY2627-S1\ay2627s1-website\book\oop\objects\encapsulation\index.md
2026-09-11T17:02:26.984Z - [36mverbose[39m: Rendering page: D:\Workspace\CS2113\AY2627-S1\ay2627s1-website\book\oop\objects\index.md
2026-09-11T17:02:27.038Z - [36mverbose[39m: Rendering page: D:\Workspace\CS2113\AY2627-S1\ay2627s1-website\book\oop\objects\abstraction\index.md
2026-09-11T17:02:27.043Z - [36mverbose[39m: Rendering page: D:\Workspace\CS2113\AY2627-S1\ay2627s1-website\book\oop\more\review\index.md
2026-09-11T17:02:27.086Z - [36mverbose[39m: Rendering page: D:\Workspace\CS2113\AY2627-S1\ay2627s1-website\book\oop\more\index.md
2026-09-11T17:02:27.117Z - [36mverbose[39m: Rendering page: D:\Workspace\CS2113\AY2627-S1\ay2627s1-website\book\oop\more\miscellaneous\index.md
2026-09-11T17:02:27.174Z - [36mverbose[39m: Rendering page: D:\Workspace\CS2113\AY2627-S1\ay2627s1-website\book\oop\introduction\index.md
2026-09-11T17:02:27.179Z - [36mverbose[39m: Rendering page: D:\Workspace\CS2113\AY2627-S1\ay2627s1-website\book\oop\introduction\what\index.md
2026-09-11T17:02:27.197Z - [36mverbose[39m: Rendering page: D:\Workspace\CS2113\AY2627-S1\ay2627s1-website\book\oop\inheritance\what\index.md
2026-09-11T17:02:27.243Z - [36mverbose[39m: Rendering page: D:\Workspace\CS2113\AY2627-S1\ay2627s1-website\book\oop\inheritance\substitutability\index.md
2026-09-11T17:02:27.264Z - [36mverbose[39m: Rendering page: D:\Workspace\CS2113\AY2627-S1\ay2627s1-website\book\oop\inheritance\overriding\index.md
2026-09-11T17:02:27.385Z - [36mverbose[39m: Rendering page: D:\Workspace\CS2113\AY2627-S1\ay2627s1-website\book\oop\inheritance\overloading\index.md
2026-09-11T17:02:27.406Z - [36mverbose[39m: Rendering page: D:\Workspace\CS2113\AY2627-S1\ay2627s1-website\book\oop\inheritance\interfaces\index.md
2026-09-11T17:02:27.477Z - [36mverbose[39m: Rendering page: D:\Workspace\CS2113\AY2627-S1\ay2627s1-website\book\oop\inheritance\index.md
2026-09-11T17:02:27.502Z - [36mverbose[39m: Rendering page: D:\Workspace\CS2113\AY2627-S1\ay2627s1-website\book\oop\inheritance\abstractClasses\index.md
2026-09-11T17:02:27.819Z - [36mverbose[39m: Rendering page: D:\Workspace\CS2113\AY2627-S1\ay2627s1-website\book\oop\inheritance\dynamicAndStaticBinding\index.md
2026-09-11T17:02:27.916Z - [36mverbose[39m: Rendering page: D:\Workspace\CS2113\AY2627-S1\ay2627s1-website\book\oop\classes\what\index.md
2026-09-11T17:02:27.922Z - [36mverbose[39m: Rendering page: D:\Workspace\CS2113\AY2627-S1\ay2627s1-website\book\oop\index.md
2026-09-11T17:02:27.997Z - [36mverbose[39m: Rendering page: D:\Workspace\CS2113\AY2627-S1\ay2627s1-website\book\oop\classes\enumerations\index.md
2026-09-11T17:02:28.002Z - [36mverbose[39m: Rendering page: D:\Workspace\CS2113\AY2627-S1\ay2627s1-website\book\oop\classes\index.md
2026-09-11T17:02:28.038Z - [36mverbose[39m: Rendering page: D:\Workspace\CS2113\AY2627-S1\ay2627s1-website\book\oop\associations\what\index.md
2026-09-11T17:02:28.063Z - [36mverbose[39m: Rendering page: D:\Workspace\CS2113\AY2627-S1\ay2627s1-website\book\oop\classes\classLevelMembers\index.md
2026-09-11T17:02:28.202Z - [36mverbose[39m: Rendering page: D:\Workspace\CS2113\AY2627-S1\ay2627s1-website\book\oop\associations\navigability\index.md
2026-09-11T17:02:28.207Z - [36mverbose[39m: Rendering page: D:\Workspace\CS2113\AY2627-S1\ay2627s1-website\book\oop\associations\multiplicity\index.md
2026-09-11T17:02:28.230Z - [36mverbose[39m: Rendering page: D:\Workspace\CS2113\AY2627-S1\ay2627s1-website\book\oop\associations\dependencies\index.md
2026-09-11T17:02:28.272Z - [36mverbose[39m: Rendering page: D:\Workspace\CS2113\AY2627-S1\ay2627s1-website\book\oop\associations\index.md
2026-09-11T17:02:28.303Z - [36mverbose[39m: Rendering page: D:\Workspace\CS2113\AY2627-S1\ay2627s1-website\book\oop\associations\composition\index.md
2026-09-11T17:02:28.324Z - [36mverbose[39m: Rendering page: D:\Workspace\CS2113\AY2627-S1\ay2627s1-website\book\oop\associations\associationClasses\index.md
2026-09-11T17:02:28.361Z - [36mverbose[39m: Rendering page: D:\Workspace\CS2113\AY2627-S1\ay2627s1-website\book\oop\associations\aggregation\index.md
2026-09-11T17:02:28.418Z - [36mverbose[39m: Rendering page: D:\Workspace\CS2113\AY2627-S1\ay2627s1-website\book\modeling\modelingStructures\packageDiagrams\index.md
2026-09-11T17:02:28.436Z - [36mverbose[39m: Rendering page: D:\Workspace\CS2113\AY2627-S1\ay2627s1-website\book\modeling\modelingStructures\ooStructures\index.md
2026-09-11T17:02:29.739Z - [34mdebug[39m: 
2026-09-11T17:02:29.740Z - [36mverbose[39m: Rendering page: D:\Workspace\CS2113\AY2627-S1\ay2627s1-website\book\modeling\modelingStructures\objectDiagrams\index.md
2026-09-11T17:02:29.747Z - [36mverbose[39m: Rendering page: D:\Workspace\CS2113\AY2627-S1\ay2627s1-website\book\modeling\modelingStructures\index.md
2026-09-11T17:02:29.769Z - [36mverbose[39m: Rendering page: D:\Workspace\CS2113\AY2627-S1\ay2627s1-website\book\modeling\modelingStructures\deploymentDiagrams\index.md
2026-09-11T17:02:29.821Z - [36mverbose[39m: Rendering page: D:\Workspace\CS2113\AY2627-S1\ay2627s1-website\book\modeling\modelingStructures\objectOrientedDomainModels\index.md
2026-09-11T17:02:29.897Z - [36mverbose[39m: Rendering page: D:\Workspace\CS2113\AY2627-S1\ay2627s1-website\book\modeling\modelingStructures\componentDiagrams\index.md
2026-09-11T17:02:29.902Z - [36mverbose[39m: Rendering page: D:\Workspace\CS2113\AY2627-S1\ay2627s1-website\book\modeling\modelingStructures\customisingUml\index.md
2026-09-11T17:02:29.907Z - [36mverbose[39m: Rendering page: D:\Workspace\CS2113\AY2627-S1\ay2627s1-website\book\modeling\modelingStructures\compositeStructureDiagrams\index.md
2026-09-11T17:02:30.022Z - [36mverbose[39m: Rendering page: D:\Workspace\CS2113\AY2627-S1\ay2627s1-website\book\modeling\modelingStructures\classDiagramsIntermediate\index.md
2026-09-11T17:02:30.048Z - [36mverbose[39m: Rendering page: D:\Workspace\CS2113\AY2627-S1\ay2627s1-website\book\modeling\modelingStructures\classDiagramsAdvanced\index.md
2026-09-11T17:02:30.054Z - [36mverbose[39m: Rendering page: D:\Workspace\CS2113\AY2627-S1\ay2627s1-website\book\modeling\modelingStructures\addingMoreInfo\index.md
2026-09-11T17:02:31.155Z - [34mdebug[39m: 
2026-09-11T17:02:31.178Z - [36mverbose[39m: Rendering page: D:\Workspace\CS2113\AY2627-S1\ay2627s1-website\book\modeling\modelingStructures\classDiagramsBasic\index.md
2026-09-11T17:02:31.233Z - [36mverbose[39m: Rendering page: D:\Workspace\CS2113\AY2627-S1\ay2627s1-website\book\modeling\modelingBehaviors\useCaseDiagrams\index.md
2026-09-11T17:02:31.245Z - [36mverbose[39m: Rendering page: D:\Workspace\CS2113\AY2627-S1\ay2627s1-website\book\modeling\modelingBehaviors\sequenceDiagramsIntermediate\index.md
2026-09-11T17:02:31.252Z - [36mverbose[39m: Rendering page: D:\Workspace\CS2113\AY2627-S1\ay2627s1-website\book\modeling\modelingBehaviors\stateMachineDiagrams\index.md
2026-09-11T17:02:31.257Z - [36mverbose[39m: Rendering page: D:\Workspace\CS2113\AY2627-S1\ay2627s1-website\book\modeling\modelingBehaviors\timingDiagrams\index.md
2026-09-11T17:02:31.453Z - [36mverbose[39m: Rendering page: D:\Workspace\CS2113\AY2627-S1\ay2627s1-website\book\modeling\modelingBehaviors\sequenceDiagramsBasic\index.md
2026-09-11T17:02:31.536Z - [36mverbose[39m: Rendering page: D:\Workspace\CS2113\AY2627-S1\ay2627s1-website\book\modeling\modelingBehaviors\interactionOverviewDiagrams\index.md
2026-09-11T17:02:31.582Z - [36mverbose[39m: Rendering page: D:\Workspace\CS2113\AY2627-S1\ay2627s1-website\book\modeling\modelingBehaviors\communicationDiagrams\index.md
2026-09-11T17:02:31.587Z - [36mverbose[39m: Rendering page: D:\Workspace\CS2113\AY2627-S1\ay2627s1-website\book\modeling\modelingBehaviors\sequenceDiagramsAdvanced\index.md
2026-09-11T17:02:31.592Z - [36mverbose[39m: Rendering page: D:\Workspace\CS2113\AY2627-S1\ay2627s1-website\book\modeling\modelingBehaviors\index.md
2026-09-11T17:02:31.667Z - [36mverbose[39m: Rendering page: D:\Workspace\CS2113\AY2627-S1\ay2627s1-website\book\modeling\modelingBehaviors\activityDiagramsIntermediate\index.md
2026-09-11T17:02:31.762Z - [36mverbose[39m: Rendering page: D:\Workspace\CS2113\AY2627-S1\ay2627s1-website\book\modeling\modelingBehaviors\activityDiagrams\index.md
2026-09-11T17:02:31.768Z - [36mverbose[39m: Rendering page: D:\Workspace\CS2113\AY2627-S1\ay2627s1-website\book\modeling\modelingASolution\introduction\index.md
2026-09-11T17:02:31.772Z - [36mverbose[39m: Rendering page: D:\Workspace\CS2113\AY2627-S1\ay2627s1-website\book\modeling\modelingASolution\intermediate\index.md
2026-09-11T17:02:31.808Z - [36mverbose[39m: Rendering page: D:\Workspace\CS2113\AY2627-S1\ay2627s1-website\book\modeling\modelingASolution\index.md
2026-09-11T17:02:31.875Z - [36mverbose[39m: Rendering page: D:\Workspace\CS2113\AY2627-S1\ay2627s1-website\book\modeling\modelingASolution\basic\index.md
2026-09-11T17:02:31.881Z - [36mverbose[39m: Rendering page: D:\Workspace\CS2113\AY2627-S1\ay2627s1-website\book\modeling\introduction\what\index.md
2026-09-11T17:02:31.933Z - [36mverbose[39m: Rendering page: D:\Workspace\CS2113\AY2627-S1\ay2627s1-website\book\modeling\introduction\umlModels\index.md
2026-09-11T17:02:32.339Z - [36mverbose[39m: Rendering page: D:\Workspace\CS2113\AY2627-S1\ay2627s1-website\book\modeling\introduction\index.md
2026-09-11T17:02:32.367Z - [36mverbose[39m: Rendering page: D:\Workspace\CS2113\AY2627-S1\ay2627s1-website\book\modeling\introduction\how\index.md
2026-09-11T17:02:32.392Z - [36mverbose[39m: Rendering page: D:\Workspace\CS2113\AY2627-S1\ay2627s1-website\book\intellij\refactoring\index.md
2026-09-11T17:02:32.397Z - [36mverbose[39m: Rendering page: D:\Workspace\CS2113\AY2627-S1\ay2627s1-website\book\modeling\index.md
2026-09-11T17:02:32.490Z - [36mverbose[39m: Rendering page: D:\Workspace\CS2113\AY2627-S1\ay2627s1-website\book\intellij\projectSetup\index.md
2026-09-11T17:02:32.535Z - [36mverbose[39m: Rendering page: D:\Workspace\CS2113\AY2627-S1\ay2627s1-website\book\intellij\index.md
2026-09-11T17:02:32.543Z - [36mverbose[39m: Rendering page: D:\Workspace\CS2113\AY2627-S1\ay2627s1-website\book\intellij\productivityShortcuts\index.md
2026-09-11T17:02:32.547Z - [36mverbose[39m: Rendering page: D:\Workspace\CS2113\AY2627-S1\ay2627s1-website\book\intellij\debuggingBasic\index.md
2026-09-11T17:02:32.637Z - [36mverbose[39m: Rendering page: D:\Workspace\CS2113\AY2627-S1\ay2627s1-website\book\intellij\codeNavigation\index.md
2026-09-11T17:02:32.703Z - [36mverbose[39m: Rendering page: D:\Workspace\CS2113\AY2627-S1\ay2627s1-website\book\integration\introduction\what\index.md
2026-09-11T17:02:32.708Z - [36mverbose[39m: Rendering page: D:\Workspace\CS2113\AY2627-S1\ay2627s1-website\book\integration\introduction\index.md
2026-09-11T17:02:32.713Z - [36mverbose[39m: Rendering page: D:\Workspace\CS2113\AY2627-S1\ay2627s1-website\book\integration\more\index.md
2026-09-11T17:02:32.718Z - [36mverbose[39m: Rendering page: D:\Workspace\CS2113\AY2627-S1\ay2627s1-website\book\integration\more\review\index.md
2026-09-11T17:02:32.876Z - [36mverbose[39m: Rendering page: D:\Workspace\CS2113\AY2627-S1\ay2627s1-website\book\integration\index.md
2026-09-11T17:02:32.886Z - [36mverbose[39m: Rendering page: D:\Workspace\CS2113\AY2627-S1\ay2627s1-website\book\integration\buildAutomation\index.md
2026-09-11T17:02:32.892Z - [36mverbose[39m: Rendering page: D:\Workspace\CS2113\AY2627-S1\ay2627s1-website\book\integration\buildAutomation\what\index.md
2026-09-11T17:02:32.896Z - [36mverbose[39m: Rendering page: D:\Workspace\CS2113\AY2627-S1\ay2627s1-website\book\integration\buildAutomation\continuousIntegrationDeployment\index.md
2026-09-11T17:02:33.021Z - [36mverbose[39m: Rendering page: D:\Workspace\CS2113\AY2627-S1\ay2627s1-website\book\integration\approaches\bigBangVsIncremental\index.md
2026-09-11T17:02:33.027Z - [36mverbose[39m: Rendering page: D:\Workspace\CS2113\AY2627-S1\ay2627s1-website\book\integration\approaches\lateVsEarly\index.md
2026-09-11T17:02:33.032Z - [36mverbose[39m: Rendering page: D:\Workspace\CS2113\AY2627-S1\ay2627s1-website\book\integration\approaches\topDownVsBottomUp\index.md
2026-09-11T17:02:33.038Z - [36mverbose[39m: Rendering page: D:\Workspace\CS2113\AY2627-S1\ay2627s1-website\book\integration\approaches\index.md
2026-09-11T17:02:33.160Z - [36mverbose[39m: Rendering page: D:\Workspace\CS2113\AY2627-S1\ay2627s1-website\book\index.md
2026-09-11T17:02:33.166Z - [36mverbose[39m: Rendering page: D:\Workspace\CS2113\AY2627-S1\ay2627s1-website\book\ides\index.md
2026-09-11T17:02:33.172Z - [36mverbose[39m: Rendering page: D:\Workspace\CS2113\AY2627-S1\ay2627s1-website\book\ides\introduction\what\index.md
2026-09-11T17:02:33.177Z - [36mverbose[39m: Rendering page: D:\Workspace\CS2113\AY2627-S1\ay2627s1-website\book\ides\introduction\index.md
2026-09-11T17:02:33.277Z - [36mverbose[39m: Rendering page: D:\Workspace\CS2113\AY2627-S1\ay2627s1-website\book\ides\debugging\index.md
2026-09-11T17:02:33.283Z - [36mverbose[39m: Rendering page: D:\Workspace\CS2113\AY2627-S1\ay2627s1-website\book\gitAndGithub\trail\usingRevisionHistory\index.md
2026-09-11T17:02:33.287Z - [36mverbose[39m: Rendering page: D:\Workspace\CS2113\AY2627-S1\ay2627s1-website\book\gitAndGithub\trail\workingWithRemotes\index.md
2026-09-11T17:02:33.291Z - [36mverbose[39m: Rendering page: D:\Workspace\CS2113\AY2627-S1\ay2627s1-website\book\ides\debugging\what\index.md
2026-09-11T17:02:33.379Z - [36mverbose[39m: Rendering page: D:\Workspace\CS2113\AY2627-S1\ay2627s1-website\book\gitAndGithub\trail\recordingFolderHistory\index.md
2026-09-11T17:02:33.384Z - [36mverbose[39m: Rendering page: D:\Workspace\CS2113\AY2627-S1\ay2627s1-website\book\gitAndGithub\trail\remoteBranches\index.md
2026-09-11T17:02:33.389Z - [36mverbose[39m: Rendering page: D:\Workspace\CS2113\AY2627-S1\ay2627s1-website\book\gitAndGithub\trail\index.md
2026-09-11T17:02:33.393Z - [36mverbose[39m: Rendering page: D:\Workspace\CS2113\AY2627-S1\ay2627s1-website\book\gitAndGithub\trail\syncingBranches\index.md
2026-09-11T17:02:33.485Z - [36mverbose[39m: Rendering page: D:\Workspace\CS2113\AY2627-S1\ay2627s1-website\book\gitAndGithub\trail\fineTuningHistory\index.md
2026-09-11T17:02:33.501Z - [36mverbose[39m: Rendering page: D:\Workspace\CS2113\AY2627-S1\ay2627s1-website\book\gitAndGithub\trail\backingUpOnCloud\index.md
2026-09-11T17:02:33.506Z - [36mverbose[39m: Rendering page: D:\Workspace\CS2113\AY2627-S1\ay2627s1-website\book\gitAndGithub\trail\branchingLocally\index.md
2026-09-11T17:02:33.511Z - [36mverbose[39m: Rendering page: D:\Workspace\CS2113\AY2627-S1\ay2627s1-website\book\gitAndGithub\reviewPRs\index.md
2026-09-11T17:02:33.602Z - [36mverbose[39m: Rendering page: D:\Workspace\CS2113\AY2627-S1\ay2627s1-website\book\gitAndGithub\index.md
2026-09-11T17:02:33.607Z - [36mverbose[39m: Rendering page: D:\Workspace\CS2113\AY2627-S1\ay2627s1-website\book\gitAndGithub\managePRs\index.md
2026-09-11T17:02:33.612Z - [36mverbose[39m: Rendering page: D:\Workspace\CS2113\AY2627-S1\ay2627s1-website\book\gitAndGithub\mergeConflicts\index.md
2026-09-11T17:02:33.617Z - [36mverbose[39m: Rendering page: D:\Workspace\CS2113\AY2627-S1\ay2627s1-website\book\gitAndGithub\forkingWorkflow\index.md
2026-09-11T17:02:33.713Z - [36mverbose[39m: Rendering page: D:\Workspace\CS2113\AY2627-S1\ay2627s1-website\book\gatheringRequirements\prototyping\index.md
2026-09-11T17:02:33.718Z - [36mverbose[39m: Rendering page: D:\Workspace\CS2113\AY2627-S1\ay2627s1-website\book\gatheringRequirements\validation\index.md
2026-09-11T17:02:33.722Z - [36mverbose[39m: Rendering page: D:\Workspace\CS2113\AY2627-S1\ay2627s1-website\book\gitAndGithub\createPRs\index.md
2026-09-11T17:02:33.727Z - [36mverbose[39m: Rendering page: D:\Workspace\CS2113\AY2627-S1\ay2627s1-website\book\gatheringRequirements\userSurveys\index.md
2026-09-11T17:02:33.868Z - [36mverbose[39m: Rendering page: D:\Workspace\CS2113\AY2627-S1\ay2627s1-website\book\gatheringRequirements\productSurveys\index.md
2026-09-11T17:02:33.873Z - [36mverbose[39m: Rendering page: D:\Workspace\CS2113\AY2627-S1\ay2627s1-website\book\gatheringRequirements\observation\index.md
2026-09-11T17:02:33.877Z - [36mverbose[39m: Rendering page: D:\Workspace\CS2113\AY2627-S1\ay2627s1-website\book\gatheringRequirements\index.md
2026-09-11T17:02:33.886Z - [36mverbose[39m: Rendering page: D:\Workspace\CS2113\AY2627-S1\ay2627s1-website\book\gatheringRequirements\interviews\index.md
2026-09-11T17:02:34.009Z - [36mverbose[39m: Rendering page: D:\Workspace\CS2113\AY2627-S1\ay2627s1-website\book\gatheringRequirements\focusGroups\index.md
2026-09-11T17:02:34.014Z - [36mverbose[39m: Rendering page: D:\Workspace\CS2113\AY2627-S1\ay2627s1-website\book\gatheringRequirements\brainstorming\index.md
2026-09-11T17:02:34.019Z - [36mverbose[39m: Rendering page: D:\Workspace\CS2113\AY2627-S1\ay2627s1-website\book\errorHandling\logging\what\index.md
2026-09-11T17:02:34.025Z - [36mverbose[39m: Rendering page: D:\Workspace\CS2113\AY2627-S1\ay2627s1-website\book\errorHandling\logging\index.md
2026-09-11T17:02:34.442Z - [36mverbose[39m: Rendering page: D:\Workspace\CS2113\AY2627-S1\ay2627s1-website\book\errorHandling\logging\how\index.md
2026-09-11T17:02:34.448Z - [36mverbose[39m: Rendering page: D:\Workspace\CS2113\AY2627-S1\ay2627s1-website\book\errorHandling\introduction\index.md
2026-09-11T17:02:34.453Z - [36mverbose[39m: Rendering page: D:\Workspace\CS2113\AY2627-S1\ay2627s1-website\book\errorHandling\introduction\what\index.md
2026-09-11T17:02:34.458Z - [36mverbose[39m: Rendering page: D:\Workspace\CS2113\AY2627-S1\ay2627s1-website\book\errorHandling\index.md
2026-09-11T17:02:34.612Z - [36mverbose[39m: Rendering page: D:\Workspace\CS2113\AY2627-S1\ay2627s1-website\book\errorHandling\exceptions\when\index.md
2026-09-11T17:02:34.618Z - [36mverbose[39m: Rendering page: D:\Workspace\CS2113\AY2627-S1\ay2627s1-website\book\errorHandling\exceptions\index.md
2026-09-11T17:02:34.624Z - [36mverbose[39m: Rendering page: D:\Workspace\CS2113\AY2627-S1\ay2627s1-website\book\errorHandling\exceptions\how\index.md
2026-09-11T17:02:34.630Z - [36mverbose[39m: Rendering page: D:\Workspace\CS2113\AY2627-S1\ay2627s1-website\book\errorHandling\exceptions\what\index.md
2026-09-11T17:02:34.903Z - [36mverbose[39m: Rendering page: D:\Workspace\CS2113\AY2627-S1\ay2627s1-website\book\errorHandling\designByContract\what\index.md
2026-09-11T17:02:34.919Z - [36mverbose[39m: Rendering page: D:\Workspace\CS2113\AY2627-S1\ay2627s1-website\book\errorHandling\defensiveProgramming\when\index.md
2026-09-11T17:02:34.927Z - [36mverbose[39m: Rendering page: D:\Workspace\CS2113\AY2627-S1\ay2627s1-website\book\errorHandling\designByContract\index.md
2026-09-11T17:02:34.986Z - [36mverbose[39m: Rendering page: D:\Workspace\CS2113\AY2627-S1\ay2627s1-website\book\errorHandling\defensiveProgramming\what\index.md
2026-09-11T17:02:35.658Z - [36mverbose[39m: Rendering page: D:\Workspace\CS2113\AY2627-S1\ay2627s1-website\book\errorHandling\defensiveProgramming\index.md
2026-09-11T17:02:35.716Z - [36mverbose[39m: Rendering page: D:\Workspace\CS2113\AY2627-S1\ay2627s1-website\book\errorHandling\defensiveProgramming\compulsoryAssociations\index.md
2026-09-11T17:02:35.743Z - [36mverbose[39m: Rendering page: D:\Workspace\CS2113\AY2627-S1\ay2627s1-website\book\errorHandling\defensiveProgramming\referentialIntegrity\index.md
2026-09-11T17:02:36.084Z - [36mverbose[39m: Rendering page: D:\Workspace\CS2113\AY2627-S1\ay2627s1-website\book\errorHandling\defensiveProgramming\1to1Associations\index.md
2026-09-11T17:02:36.195Z - [36mverbose[39m: Rendering page: D:\Workspace\CS2113\AY2627-S1\ay2627s1-website\book\errorHandling\assertions\when\index.md
2026-09-11T17:02:36.219Z - [36mverbose[39m: Rendering page: D:\Workspace\CS2113\AY2627-S1\ay2627s1-website\book\errorHandling\assertions\what\index.md
2026-09-11T17:02:36.246Z - [36mverbose[39m: Rendering page: D:\Workspace\CS2113\AY2627-S1\ay2627s1-website\book\errorHandling\assertions\index.md
2026-09-11T17:02:36.294Z - [36mverbose[39m: Rendering page: D:\Workspace\CS2113\AY2627-S1\ay2627s1-website\book\errorHandling\assertions\how\index.md
2026-09-11T17:02:36.527Z - [36mverbose[39m: Rendering page: D:\Workspace\CS2113\AY2627-S1\ay2627s1-website\book\documentation\tools\markdown\what\index.md
2026-09-11T17:02:36.533Z - [36mverbose[39m: Rendering page: D:\Workspace\CS2113\AY2627-S1\ay2627s1-website\book\documentation\tools\markdown\index.md
2026-09-11T17:02:36.539Z - [36mverbose[39m: Rendering page: D:\Workspace\CS2113\AY2627-S1\ay2627s1-website\book\documentation\tools\markdown\how\index.md
2026-09-11T17:02:36.624Z - [36mverbose[39m: Rendering page: D:\Workspace\CS2113\AY2627-S1\ay2627s1-website\book\documentation\tools\javaDoc\what\index.md
2026-09-11T17:02:36.717Z - [36mverbose[39m: Rendering page: D:\Workspace\CS2113\AY2627-S1\ay2627s1-website\book\documentation\tools\javaDoc\index.md
2026-09-11T17:02:36.723Z - [36mverbose[39m: Rendering page: D:\Workspace\CS2113\AY2627-S1\ay2627s1-website\book\documentation\tools\javaDoc\how\index.md
2026-09-11T17:02:36.729Z - [36mverbose[39m: Rendering page: D:\Workspace\CS2113\AY2627-S1\ay2627s1-website\book\documentation\tools\index.md
2026-09-11T17:02:36.763Z - [36mverbose[39m: Rendering page: D:\Workspace\CS2113\AY2627-S1\ay2627s1-website\book\documentation\tools\asciiDoc\what\index.md
2026-09-11T17:02:36.848Z - [36mverbose[39m: Rendering page: D:\Workspace\CS2113\AY2627-S1\ay2627s1-website\book\documentation\tools\asciiDoc\index.md
2026-09-11T17:02:37.010Z - [36mverbose[39m: Rendering page: D:\Workspace\CS2113\AY2627-S1\ay2627s1-website\book\documentation\introduction\index.md
2026-09-11T17:02:37.021Z - [36mverbose[39m: Rendering page: D:\Workspace\CS2113\AY2627-S1\ay2627s1-website\book\documentation\introduction\what\index.md
2026-09-11T17:02:37.128Z - [36mverbose[39m: Rendering page: D:\Workspace\CS2113\AY2627-S1\ay2627s1-website\book\documentation\index.md
2026-09-11T17:02:37.164Z - [36mverbose[39m: Rendering page: D:\Workspace\CS2113\AY2627-S1\ay2627s1-website\book\documentation\guidelines\index.md
2026-09-11T17:02:37.173Z - [36mverbose[39m: Rendering page: D:\Workspace\CS2113\AY2627-S1\ay2627s1-website\book\documentation\guidelines\goTopDown\why\index.md
2026-09-11T17:02:37.178Z - [36mverbose[39m: Rendering page: D:\Workspace\CS2113\AY2627-S1\ay2627s1-website\book\documentation\guidelines\goTopDown\what\index.md
2026-09-11T17:02:37.253Z - [36mverbose[39m: Rendering page: D:\Workspace\CS2113\AY2627-S1\ay2627s1-website\book\documentation\guidelines\goTopDown\index.md
2026-09-11T17:02:37.296Z - [36mverbose[39m: Rendering page: D:\Workspace\CS2113\AY2627-S1\ay2627s1-website\book\documentation\guidelines\goTopDown\how\index.md
2026-09-11T17:02:37.317Z - [36mverbose[39m: Rendering page: D:\Workspace\CS2113\AY2627-S1\ay2627s1-website\book\documentation\guidelines\documentMinimally\what\index.md
2026-09-11T17:02:37.322Z - [36mverbose[39m: Rendering page: D:\Workspace\CS2113\AY2627-S1\ay2627s1-website\book\documentation\guidelines\documentMinimally\index.md
2026-09-11T17:02:37.388Z - [36mverbose[39m: Rendering page: D:\Workspace\CS2113\AY2627-S1\ay2627s1-website\book\documentation\guidelines\documentMinimally\how\index.md
2026-09-11T17:02:37.465Z - [36mverbose[39m: Rendering page: D:\Workspace\CS2113\AY2627-S1\ay2627s1-website\book\documentation\guidelines\aimForComprehensibility\what\index.md
2026-09-11T17:02:37.470Z - [36mverbose[39m: Rendering page: D:\Workspace\CS2113\AY2627-S1\ay2627s1-website\book\documentation\guidelines\aimForComprehensibility\how\index.md
2026-09-11T17:02:37.477Z - [36mverbose[39m: Rendering page: D:\Workspace\CS2113\AY2627-S1\ay2627s1-website\book\documentation\guidelines\aimForComprehensibility\index.md
2026-09-11T17:02:37.495Z - [36mverbose[39m: Rendering page: D:\Workspace\CS2113\AY2627-S1\ay2627s1-website\book\designPatterns\singleton\what\index.md
2026-09-11T17:02:37.650Z - [36mverbose[39m: Rendering page: D:\Workspace\CS2113\AY2627-S1\ay2627s1-website\book\designPatterns\singleton\index.md
2026-09-11T17:02:37.657Z - [36mverbose[39m: Rendering page: D:\Workspace\CS2113\AY2627-S1\ay2627s1-website\book\designPatterns\singleton\evaluation\index.md
2026-09-11T17:02:37.662Z - [36mverbose[39m: Rendering page: D:\Workspace\CS2113\AY2627-S1\ay2627s1-website\book\designPatterns\singleton\implementation\index.md
2026-09-11T17:02:37.720Z - [36mverbose[39m: Rendering page: D:\Workspace\CS2113\AY2627-S1\ay2627s1-website\book\designPatterns\observer\what\index.md
2026-09-11T17:02:37.787Z - [36mverbose[39m: Rendering page: D:\Workspace\CS2113\AY2627-S1\ay2627s1-website\book\designPatterns\observer\index.md
2026-09-11T17:02:37.820Z - [36mverbose[39m: Rendering page: D:\Workspace\CS2113\AY2627-S1\ay2627s1-website\book\designPatterns\more\usingDesignPatterns\index.md
2026-09-11T17:02:37.826Z - [36mverbose[39m: Rendering page: D:\Workspace\CS2113\AY2627-S1\ay2627s1-website\book\designPatterns\more\vsPrinciples\index.md
2026-09-11T17:02:37.861Z - [36mverbose[39m: Rendering page: D:\Workspace\CS2113\AY2627-S1\ay2627s1-website\book\designPatterns\more\otherTypesOfPatterns\index.md
2026-09-11T17:02:37.967Z - [36mverbose[39m: Rendering page: D:\Workspace\CS2113\AY2627-S1\ay2627s1-website\book\designPatterns\more\combiningDesignPatterns\index.md
2026-09-11T17:02:37.973Z - [36mverbose[39m: Rendering page: D:\Workspace\CS2113\AY2627-S1\ay2627s1-website\book\designPatterns\more\otherDesignPatterns\index.md
2026-09-11T17:02:37.978Z - [36mverbose[39m: Rendering page: D:\Workspace\CS2113\AY2627-S1\ay2627s1-website\book\designPatterns\more\index.md
2026-09-11T17:02:38.022Z - [36mverbose[39m: Rendering page: D:\Workspace\CS2113\AY2627-S1\ay2627s1-website\book\designPatterns\modelViewController\what\index.md
2026-09-11T17:02:38.132Z - [36mverbose[39m: Rendering page: D:\Workspace\CS2113\AY2627-S1\ay2627s1-website\book\designPatterns\modelViewController\index.md
2026-09-11T17:02:38.138Z - [36mverbose[39m: Rendering page: D:\Workspace\CS2113\AY2627-S1\ay2627s1-website\book\designPatterns\introduction\index.md
2026-09-11T17:02:38.145Z - [36mverbose[39m: Rendering page: D:\Workspace\CS2113\AY2627-S1\ay2627s1-website\book\designPatterns\introduction\what\index.md
2026-09-11T17:02:38.379Z - [36mverbose[39m: Rendering page: D:\Workspace\CS2113\AY2627-S1\ay2627s1-website\book\designPatterns\introduction\format\index.md
2026-09-11T17:02:38.418Z - [36mverbose[39m: Rendering page: D:\Workspace\CS2113\AY2627-S1\ay2627s1-website\book\designPatterns\facade\what\index.md
2026-09-11T17:02:38.424Z - [36mverbose[39m: Rendering page: D:\Workspace\CS2113\AY2627-S1\ay2627s1-website\book\designPatterns\facade\index.md
2026-09-11T17:02:38.430Z - [36mverbose[39m: Rendering page: D:\Workspace\CS2113\AY2627-S1\ay2627s1-website\book\designPatterns\index.md
2026-09-11T17:02:38.460Z - [36mverbose[39m: Rendering page: D:\Workspace\CS2113\AY2627-S1\ay2627s1-website\book\designPatterns\command\what\index.md
2026-09-11T17:02:38.639Z - [36mverbose[39m: Rendering page: D:\Workspace\CS2113\AY2627-S1\ay2627s1-website\book\designPatterns\abstractionOccurrence\what\index.md
2026-09-11T17:02:38.645Z - [36mverbose[39m: Rendering page: D:\Workspace\CS2113\AY2627-S1\ay2627s1-website\book\designPatterns\command\index.md
2026-09-11T17:02:38.653Z - [36mverbose[39m: Rendering page: D:\Workspace\CS2113\AY2627-S1\ay2627s1-website\book\designPatterns\abstractionOccurrence\index.md
2026-09-11T17:02:38.717Z - [36mverbose[39m: Rendering page: D:\Workspace\CS2113\AY2627-S1\ay2627s1-website\book\designFundamentals\index.md
2026-09-11T17:02:38.789Z - [36mverbose[39m: Rendering page: D:\Workspace\CS2113\AY2627-S1\ay2627s1-website\book\designFundamentals\coupling\what\index.md
2026-09-11T17:02:38.795Z - [36mverbose[39m: Rendering page: D:\Workspace\CS2113\AY2627-S1\ay2627s1-website\book\designFundamentals\coupling\types\index.md
2026-09-11T17:02:38.800Z - [36mverbose[39m: Rendering page: D:\Workspace\CS2113\AY2627-S1\ay2627s1-website\book\designFundamentals\coupling\index.md
2026-09-11T17:02:38.881Z - [36mverbose[39m: Rendering page: D:\Workspace\CS2113\AY2627-S1\ay2627s1-website\book\designFundamentals\coupling\how\index.md
2026-09-11T17:02:38.940Z - [36mverbose[39m: Rendering page: D:\Workspace\CS2113\AY2627-S1\ay2627s1-website\book\designFundamentals\cohesion\how\index.md
2026-09-11T17:02:38.945Z - [36mverbose[39m: Rendering page: D:\Workspace\CS2113\AY2627-S1\ay2627s1-website\book\designFundamentals\cohesion\index.md
2026-09-11T17:02:38.951Z - [36mverbose[39m: Rendering page: D:\Workspace\CS2113\AY2627-S1\ay2627s1-website\book\designFundamentals\cohesion\what\index.md
2026-09-11T17:02:39.055Z - [36mverbose[39m: Rendering page: D:\Workspace\CS2113\AY2627-S1\ay2627s1-website\book\designFundamentals\abstraction\what\index.md
2026-09-11T17:02:39.078Z - [36mverbose[39m: Rendering page: D:\Workspace\CS2113\AY2627-S1\ay2627s1-website\book\designFundamentals\abstraction\index.md
2026-09-11T17:02:39.102Z - [36mverbose[39m: Rendering page: D:\Workspace\CS2113\AY2627-S1\ay2627s1-website\book\designApproaches\topDownBottomUp\index.md
2026-09-11T17:02:39.107Z - [36mverbose[39m: Rendering page: D:\Workspace\CS2113\AY2627-S1\ay2627s1-website\book\designApproaches\topDownBottomUp\what\index.md
2026-09-11T17:02:39.190Z - [36mverbose[39m: Rendering page: D:\Workspace\CS2113\AY2627-S1\ay2627s1-website\book\designApproaches\multilevelDesign\what\index.md
2026-09-11T17:02:39.229Z - [36mverbose[39m: Rendering page: D:\Workspace\CS2113\AY2627-S1\ay2627s1-website\book\designApproaches\multilevelDesign\index.md
2026-09-11T17:02:39.254Z - [36mverbose[39m: Rendering page: D:\Workspace\CS2113\AY2627-S1\ay2627s1-website\book\designApproaches\index.md
2026-09-11T17:02:39.262Z - [36mverbose[39m: Rendering page: D:\Workspace\CS2113\AY2627-S1\ay2627s1-website\book\designApproaches\agileDesign\what\index.md
2026-09-11T17:02:39.297Z - [36mverbose[39m: Rendering page: D:\Workspace\CS2113\AY2627-S1\ay2627s1-website\book\designApproaches\agileDesign\index.md
2026-09-11T17:02:39.377Z - [36mverbose[39m: Rendering page: D:\Workspace\CS2113\AY2627-S1\ay2627s1-website\book\design\index.md
2026-09-11T17:02:39.382Z - [36mverbose[39m: Rendering page: D:\Workspace\CS2113\AY2627-S1\ay2627s1-website\book\design\introduction\what\index.md
2026-09-11T17:02:39.387Z - [36mverbose[39m: Rendering page: D:\Workspace\CS2113\AY2627-S1\ay2627s1-website\book\design\introduction\index.md
2026-09-11T17:02:39.534Z - [36mverbose[39m: Rendering page: D:\Workspace\CS2113\AY2627-S1\ay2627s1-website\book\debugging\what\index.md
2026-09-11T17:02:39.585Z - [36mverbose[39m: Rendering page: D:\Workspace\CS2113\AY2627-S1\ay2627s1-website\book\debugging\tools\index.md
2026-09-11T17:02:39.591Z - [36mverbose[39m: Rendering page: D:\Workspace\CS2113\AY2627-S1\ay2627s1-website\book\debugging\index.md
2026-09-11T17:02:39.606Z - [36mverbose[39m: Rendering page: D:\Workspace\CS2113\AY2627-S1\ay2627s1-website\book\debugging\how\index.md
2026-09-11T17:02:39.673Z - [36mverbose[39m: Rendering page: D:\Workspace\CS2113\AY2627-S1\ay2627s1-website\book\debugging\fixing\index.md
2026-09-11T17:02:39.797Z - [36mverbose[39m: Rendering page: D:\Workspace\CS2113\AY2627-S1\ay2627s1-website\book\debugging\advanced\index.md
2026-09-11T17:02:39.802Z - [36mverbose[39m: Rendering page: D:\Workspace\CS2113\AY2627-S1\ay2627s1-website\book\cppToJava\usefulClasses\wrapperClasses\index.md
2026-09-11T17:02:39.809Z - [36mverbose[39m: Rendering page: D:\Workspace\CS2113\AY2627-S1\ay2627s1-website\book\cppToJava\usefulClasses\stringClass\index.md
2026-09-11T17:02:39.990Z - [36mverbose[39m: Rendering page: D:\Workspace\CS2113\AY2627-S1\ay2627s1-website\book\cppToJava\usefulClasses\scannerClass\index.md
2026-09-11T17:02:40.031Z - [36mverbose[39m: Rendering page: D:\Workspace\CS2113\AY2627-S1\ay2627s1-website\book\cppToJava\usefulClasses\arraysClass\index.md
2026-09-11T17:02:40.038Z - [36mverbose[39m: Rendering page: D:\Workspace\CS2113\AY2627-S1\ay2627s1-website\book\cppToJava\usefulClasses\api\index.md
2026-09-11T17:02:40.075Z - [36mverbose[39m: Rendering page: D:\Workspace\CS2113\AY2627-S1\ay2627s1-website\book\cppToJava\usefulClasses\index.md
2026-09-11T17:02:40.195Z - [36mverbose[39m: Rendering page: D:\Workspace\CS2113\AY2627-S1\ay2627s1-website\book\cppToJava\objects\usingObjects\index.md
2026-09-11T17:02:40.321Z - [36mverbose[39m: Rendering page: D:\Workspace\CS2113\AY2627-S1\ay2627s1-website\book\cppToJava\objects\passingObjects\index.md
2026-09-11T17:02:40.331Z - [36mverbose[39m: Rendering page: D:\Workspace\CS2113\AY2627-S1\ay2627s1-website\book\cppToJava\objects\instanceMembers\index.md
2026-09-11T17:02:40.337Z - [36mverbose[39m: Rendering page: D:\Workspace\CS2113\AY2627-S1\ay2627s1-website\book\cppToJava\objects\index.md
2026-09-11T17:02:40.384Z - [36mverbose[39m: Rendering page: D:\Workspace\CS2113\AY2627-S1\ay2627s1-website\book\cppToJava\objects\garbageCollection\index.md
2026-09-11T17:02:40.493Z - [36mverbose[39m: Rendering page: D:\Workspace\CS2113\AY2627-S1\ay2627s1-website\book\cppToJava\misc\streams\index.md
2026-09-11T17:02:40.499Z - [36mverbose[39m: Rendering page: D:\Workspace\CS2113\AY2627-S1\ay2627s1-website\book\cppToJava\misc\varargs\index.md
2026-09-11T17:02:40.504Z - [36mverbose[39m: Rendering page: D:\Workspace\CS2113\AY2627-S1\ay2627s1-website\book\cppToJava\misc\packages\index.md
2026-09-11T17:02:40.585Z - [36mverbose[39m: Rendering page: D:\Workspace\CS2113\AY2627-S1\ay2627s1-website\book\cppToJava\misc\javaFX\part02\index.md
2026-09-11T17:02:40.615Z - [36mverbose[39m: Rendering page: D:\Workspace\CS2113\AY2627-S1\ay2627s1-website\book\cppToJava\misc\javaFX\index.md
2026-09-11T17:02:40.621Z - [36mverbose[39m: Rendering page: D:\Workspace\CS2113\AY2627-S1\ay2627s1-website\book\cppToJava\misc\javaFX\part01\index.md
2026-09-11T17:02:40.630Z - [36mverbose[39m: Rendering page: D:\Workspace\CS2113\AY2627-S1\ay2627s1-website\book\cppToJava\misc\jar\index.md
2026-09-11T17:02:40.848Z - [36mverbose[39m: Rendering page: D:\Workspace\CS2113\AY2627-S1\ay2627s1-website\book\cppToJava\misc\index.md
2026-09-11T17:02:40.898Z - [36mverbose[39m: Rendering page: D:\Workspace\CS2113\AY2627-S1\ay2627s1-website\book\cppToJava\misc\constants\index.md
2026-09-11T17:02:40.904Z - [36mverbose[39m: Rendering page: D:\Workspace\CS2113\AY2627-S1\ay2627s1-website\book\cppToJava\misc\enums\index.md
2026-09-11T17:02:40.910Z - [36mverbose[39m: Rendering page: D:\Workspace\CS2113\AY2627-S1\ay2627s1-website\book\cppToJava\misc\fileAccess\index.md
2026-09-11T17:02:41.031Z - [36mverbose[39m: Rendering page: D:\Workspace\CS2113\AY2627-S1\ay2627s1-website\book\cppToJava\misc\casting\index.md
2026-09-11T17:02:41.058Z - [36mverbose[39m: Rendering page: D:\Workspace\CS2113\AY2627-S1\ay2627s1-website\book\cppToJava\misc\accessModifiers\index.md
2026-09-11T17:02:41.083Z - [36mverbose[39m: Rendering page: D:\Workspace\CS2113\AY2627-S1\ay2627s1-website\book\cppToJava\junit\intermediate\index.md
2026-09-11T17:02:41.088Z - [36mverbose[39m: Rendering page: D:\Workspace\CS2113\AY2627-S1\ay2627s1-website\book\cppToJava\junit\index.md
2026-09-11T17:02:41.166Z - [36mverbose[39m: Rendering page: D:\Workspace\CS2113\AY2627-S1\ay2627s1-website\book\cppToJava\junit\basic\index.md
2026-09-11T17:02:41.204Z - [36mverbose[39m: Rendering page: D:\Workspace\CS2113\AY2627-S1\ay2627s1-website\book\cppToJava\javaWorld\index.md
2026-09-11T17:02:41.210Z - [36mverbose[39m: Rendering page: D:\Workspace\CS2113\AY2627-S1\ay2627s1-website\book\cppToJava\javaWorld\how\index.md
2026-09-11T17:02:41.214Z - [36mverbose[39m: Rendering page: D:\Workspace\CS2113\AY2627-S1\ay2627s1-website\book\cppToJava\javaWorld\what\index.md
2026-09-11T17:02:41.406Z - [36mverbose[39m: Rendering page: D:\Workspace\CS2113\AY2627-S1\ay2627s1-website\book\cppToJava\javaWorld\editions\index.md
2026-09-11T17:02:41.676Z - [36mverbose[39m: Rendering page: D:\Workspace\CS2113\AY2627-S1\ay2627s1-website\book\cppToJava\inheritance\objectClass\index.md
2026-09-11T17:02:41.689Z - [36mverbose[39m: Rendering page: D:\Workspace\CS2113\AY2627-S1\ay2627s1-website\book\cppToJava\inheritance\interfaces\index.md
2026-09-11T17:02:41.699Z - [36mverbose[39m: Rendering page: D:\Workspace\CS2113\AY2627-S1\ay2627s1-website\book\cppToJava\inheritance\polymorphism\index.md
2026-09-11T17:02:41.724Z - [36mverbose[39m: Rendering page: D:\Workspace\CS2113\AY2627-S1\ay2627s1-website\book\cppToJava\inheritance\index.md
2026-09-11T17:02:43.494Z - [36mverbose[39m: Rendering page: D:\Workspace\CS2113\AY2627-S1\ay2627s1-website\book\cppToJava\inheritance\basic\index.md
2026-09-11T17:02:43.505Z - [36mverbose[39m: Rendering page: D:\Workspace\CS2113\AY2627-S1\ay2627s1-website\book\cppToJava\inheritance\abstractClassesAndMethods\index.md
2026-09-11T17:02:43.520Z - [36mverbose[39m: Rendering page: D:\Workspace\CS2113\AY2627-S1\ay2627s1-website\book\cppToJava\index.md
2026-09-11T17:02:43.757Z - [36mverbose[39m: Rendering page: D:\Workspace\CS2113\AY2627-S1\ay2627s1-website\book\cppToJava\gettingStarted\running\index.md
2026-09-11T17:02:43.809Z - [36mverbose[39m: Rendering page: D:\Workspace\CS2113\AY2627-S1\ay2627s1-website\book\cppToJava\gettingStarted\installation\index.md
2026-09-11T17:02:43.827Z - [36mverbose[39m: Rendering page: D:\Workspace\CS2113\AY2627-S1\ay2627s1-website\book\cppToJava\gettingStarted\index.md
2026-09-11T17:02:43.836Z - [36mverbose[39m: Rendering page: D:\Workspace\CS2113\AY2627-S1\ay2627s1-website\book\cppToJava\gettingStarted\helloWorld\index.md
2026-09-11T17:02:43.917Z - [36mverbose[39m: Rendering page: D:\Workspace\CS2113\AY2627-S1\ay2627s1-website\book\cppToJava\gettingStarted\compiling\index.md
2026-09-11T17:02:43.984Z - [36mverbose[39m: Rendering page: D:\Workspace\CS2113\AY2627-S1\ay2627s1-website\book\cppToJava\generics\what\index.md
2026-09-11T17:02:43.990Z - [36mverbose[39m: Rendering page: D:\Workspace\CS2113\AY2627-S1\ay2627s1-website\book\cppToJava\generics\how\index.md
2026-09-11T17:02:43.996Z - [36mverbose[39m: Rendering page: D:\Workspace\CS2113\AY2627-S1\ay2627s1-website\book\cppToJava\generics\index.md
2026-09-11T17:02:44.131Z - [36mverbose[39m: Rendering page: D:\Workspace\CS2113\AY2627-S1\ay2627s1-website\book\cppToJava\exceptions\what\index.md
2026-09-11T17:02:44.173Z - [36mverbose[39m: Rendering page: D:\Workspace\CS2113\AY2627-S1\ay2627s1-website\book\cppToJava\exceptions\index.md
2026-09-11T17:02:44.182Z - [36mverbose[39m: Rendering page: D:\Workspace\CS2113\AY2627-S1\ay2627s1-website\book\cppToJava\dataTypes\variables\index.md
2026-09-11T17:02:44.187Z - [36mverbose[39m: Rendering page: D:\Workspace\CS2113\AY2627-S1\ay2627s1-website\book\cppToJava\exceptions\how\index.md
2026-09-11T17:02:44.206Z - [36mverbose[39m: Rendering page: D:\Workspace\CS2113\AY2627-S1\ay2627s1-website\book\cppToJava\dataTypes\primitiveTypes\index.md
2026-09-11T17:02:44.416Z - [36mverbose[39m: Rendering page: D:\Workspace\CS2113\AY2627-S1\ay2627s1-website\book\cppToJava\dataTypes\index.md
2026-09-11T17:02:44.428Z - [36mverbose[39m: Rendering page: D:\Workspace\CS2113\AY2627-S1\ay2627s1-website\book\cppToJava\dataTypes\arrays\index.md
2026-09-11T17:02:44.436Z - [36mverbose[39m: Rendering page: D:\Workspace\CS2113\AY2627-S1\ay2627s1-website\book\cppToJava\dataTypes\operators\index.md
2026-09-11T17:02:44.614Z - [36mverbose[39m: Rendering page: D:\Workspace\CS2113\AY2627-S1\ay2627s1-website\book\cppToJava\controlFlow\methods\index.md
2026-09-11T17:02:44.678Z - [36mverbose[39m: Rendering page: D:\Workspace\CS2113\AY2627-S1\ay2627s1-website\book\cppToJava\controlFlow\loops\index.md
2026-09-11T17:02:44.704Z - [36mverbose[39m: Rendering page: D:\Workspace\CS2113\AY2627-S1\ay2627s1-website\book\cppToJava\controlFlow\index.md
2026-09-11T17:02:44.722Z - [36mverbose[39m: Rendering page: D:\Workspace\CS2113\AY2627-S1\ay2627s1-website\book\cppToJava\controlFlow\branching\index.md
2026-09-11T17:02:44.840Z - [36mverbose[39m: Rendering page: D:\Workspace\CS2113\AY2627-S1\ay2627s1-website\book\cppToJava\collections\what\index.md
2026-09-11T17:02:44.986Z - [36mverbose[39m: Rendering page: D:\Workspace\CS2113\AY2627-S1\ay2627s1-website\book\cppToJava\collections\index.md
2026-09-11T17:02:44.996Z - [36mverbose[39m: Rendering page: D:\Workspace\CS2113\AY2627-S1\ay2627s1-website\book\cppToJava\collections\arrayListClass\index.md
2026-09-11T17:02:45.002Z - [36mverbose[39m: Rendering page: D:\Workspace\CS2113\AY2627-S1\ay2627s1-website\book\cppToJava\collections\hashMapClass\index.md
2026-09-11T17:02:45.122Z - [36mverbose[39m: Rendering page: D:\Workspace\CS2113\AY2627-S1\ay2627s1-website\book\cppToJava\classes\index.md
2026-09-11T17:02:45.158Z - [36mverbose[39m: Rendering page: D:\Workspace\CS2113\AY2627-S1\ay2627s1-website\book\cppToJava\classes\classLevelMembers\index.md
2026-09-11T17:02:45.166Z - [36mverbose[39m: Rendering page: D:\Workspace\CS2113\AY2627-S1\ay2627s1-website\book\cppToJava\classes\definingClasses\index.md
2026-09-11T17:02:45.174Z - [36mverbose[39m: Rendering page: D:\Workspace\CS2113\AY2627-S1\ay2627s1-website\book\cppToJava\classes\gettersAndSetters\index.md
2026-09-11T17:02:45.223Z - [36mverbose[39m: Rendering page: D:\Workspace\CS2113\AY2627-S1\ay2627s1-website\book\cppToJava\about\index.md
2026-09-11T17:02:45.313Z - [36mverbose[39m: Rendering page: D:\Workspace\CS2113\AY2627-S1\ay2627s1-website\book\codeQuality\nameWell\introduction\index.md
2026-09-11T17:02:45.318Z - [36mverbose[39m: Rendering page: D:\Workspace\CS2113\AY2627-S1\ay2627s1-website\book\codeQuality\nameWell\intermediate\notTooLongNorShort\index.md
2026-09-11T17:02:45.322Z - [36mverbose[39m: Rendering page: D:\Workspace\CS2113\AY2627-S1\ay2627s1-website\book\codeQuality\nameWell\intermediate\useNameExplain\index.md
2026-09-11T17:02:45.338Z - [36mverbose[39m: Rendering page: D:\Workspace\CS2113\AY2627-S1\ay2627s1-website\book\codeQuality\nameWell\intermediate\index.md
2026-09-11T17:02:45.445Z - [36mverbose[39m: Rendering page: D:\Workspace\CS2113\AY2627-S1\ay2627s1-website\book\codeQuality\nameWell\intermediate\avoidMisleadingNames\index.md
2026-09-11T17:02:45.467Z - [36mverbose[39m: Rendering page: D:\Workspace\CS2113\AY2627-S1\ay2627s1-website\book\codeQuality\nameWell\index.md
2026-09-11T17:02:45.476Z - [36mverbose[39m: Rendering page: D:\Workspace\CS2113\AY2627-S1\ay2627s1-website\book\codeQuality\nameWell\basic\useStandardWords\index.md
2026-09-11T17:02:45.512Z - [36mverbose[39m: Rendering page: D:\Workspace\CS2113\AY2627-S1\ay2627s1-website\book\codeQuality\nameWell\basic\nounsAndVerbsAsNames\index.md
2026-09-11T17:02:45.570Z - [36mverbose[39m: Rendering page: D:\Workspace\CS2113\AY2627-S1\ay2627s1-website\book\codeQuality\nameWell\basic\index.md
2026-09-11T17:02:45.606Z - [36mverbose[39m: Rendering page: D:\Workspace\CS2113\AY2627-S1\ay2627s1-website\book\codeQuality\maximizeReadability\introduction\index.md
2026-09-11T17:02:45.615Z - [36mverbose[39m: Rendering page: D:\Workspace\CS2113\AY2627-S1\ay2627s1-website\book\codeQuality\maximizeReadability\intermediate\structureCodeLogically\index.md
2026-09-11T17:02:45.714Z - [36mverbose[39m: Rendering page: D:\Workspace\CS2113\AY2627-S1\ay2627s1-website\book\codeQuality\maximizeReadability\intermediate\slapHard\index.md
2026-09-11T17:02:45.747Z - [36mverbose[39m: Rendering page: D:\Workspace\CS2113\AY2627-S1\ay2627s1-website\book\codeQuality\maximizeReadability\intermediate\practiceKISSing\index.md
2026-09-11T17:02:45.766Z - [36mverbose[39m: Rendering page: D:\Workspace\CS2113\AY2627-S1\ay2627s1-website\book\codeQuality\maximizeReadability\intermediate\index.md
2026-09-11T17:02:45.774Z - [36mverbose[39m: Rendering page: D:\Workspace\CS2113\AY2627-S1\ay2627s1-website\book\codeQuality\maximizeReadability\intermediate\dontTripReader\index.md
2026-09-11T17:02:45.991Z - [36mverbose[39m: Rendering page: D:\Workspace\CS2113\AY2627-S1\ay2627s1-website\book\codeQuality\maximizeReadability\intermediate\avoidPrematureOptimizations\index.md
2026-09-11T17:02:46.037Z - [36mverbose[39m: Rendering page: D:\Workspace\CS2113\AY2627-S1\ay2627s1-website\book\codeQuality\maximizeReadability\basic\index.md
2026-09-11T17:02:46.047Z - [36mverbose[39m: Rendering page: D:\Workspace\CS2113\AY2627-S1\ay2627s1-website\book\codeQuality\maximizeReadability\basic\makeCodeObvious\index.md
2026-09-11T17:02:46.051Z - [36mverbose[39m: Rendering page: D:\Workspace\CS2113\AY2627-S1\ay2627s1-website\book\codeQuality\maximizeReadability\index.md
2026-09-11T17:02:46.088Z - [36mverbose[39m: Rendering page: D:\Workspace\CS2113\AY2627-S1\ay2627s1-website\book\codeQuality\maximizeReadability\basic\avoidMagicNumbers\index.md
2026-09-11T17:02:46.175Z - [36mverbose[39m: Rendering page: D:\Workspace\CS2113\AY2627-S1\ay2627s1-website\book\codeQuality\maximizeReadability\basic\avoidDeepNesting\index.md
2026-09-11T17:02:46.181Z - [36mverbose[39m: Rendering page: D:\Workspace\CS2113\AY2627-S1\ay2627s1-website\book\codeQuality\maximizeReadability\basic\avoidComplicatedExpressions\index.md
2026-09-11T17:02:46.186Z - [36mverbose[39m: Rendering page: D:\Workspace\CS2113\AY2627-S1\ay2627s1-website\book\codeQuality\maximizeReadability\basic\avoidLongMethods\index.md
2026-09-11T17:02:46.258Z - [36mverbose[39m: Rendering page: D:\Workspace\CS2113\AY2627-S1\ay2627s1-website\book\codeQuality\maximizeReadability\advanced\makeHappyPathProminent\index.md
2026-09-11T17:02:46.282Z - [36mverbose[39m: Rendering page: D:\Workspace\CS2113\AY2627-S1\ay2627s1-website\book\codeQuality\maximizeReadability\advanced\index.md
2026-09-11T17:02:46.635Z - [36mverbose[39m: Rendering page: D:\Workspace\CS2113\AY2627-S1\ay2627s1-website\book\codeQuality\introduction\basic\index.md
2026-09-11T17:02:46.640Z - [36mverbose[39m: Rendering page: D:\Workspace\CS2113\AY2627-S1\ay2627s1-website\book\codeQuality\introduction\index.md
2026-09-11T17:02:46.700Z - [36mverbose[39m: Rendering page: D:\Workspace\CS2113\AY2627-S1\ay2627s1-website\book\codeQuality\index.md
2026-09-11T17:02:46.791Z - [36mverbose[39m: Rendering page: D:\Workspace\CS2113\AY2627-S1\ay2627s1-website\book\codeQuality\followStandard\index.md
2026-09-11T17:02:46.799Z - [36mverbose[39m: Rendering page: D:\Workspace\CS2113\AY2627-S1\ay2627s1-website\book\codeQuality\followStandard\introduction\index.md
2026-09-11T17:02:46.804Z - [36mverbose[39m: Rendering page: D:\Workspace\CS2113\AY2627-S1\ay2627s1-website\book\codeQuality\followStandard\intermediate\index.md
2026-09-11T17:02:46.895Z - [36mverbose[39m: Rendering page: D:\Workspace\CS2113\AY2627-S1\ay2627s1-website\book\codeQuality\followStandard\basic\index.md
2026-09-11T17:02:46.965Z - [36mverbose[39m: Rendering page: D:\Workspace\CS2113\AY2627-S1\ay2627s1-website\book\codeQuality\commentMinimally\intermediate\index.md
2026-09-11T17:02:46.970Z - [36mverbose[39m: Rendering page: D:\Workspace\CS2113\AY2627-S1\ay2627s1-website\book\codeQuality\commentMinimally\introduction\index.md
2026-09-11T17:02:46.974Z - [36mverbose[39m: Rendering page: D:\Workspace\CS2113\AY2627-S1\ay2627s1-website\book\codeQuality\commentMinimally\intermediate\explainWhatWhyNotHow\index.md
2026-09-11T17:02:47.012Z - [36mverbose[39m: Rendering page: D:\Workspace\CS2113\AY2627-S1\ay2627s1-website\book\codeQuality\commentMinimally\index.md
2026-09-11T17:02:47.086Z - [36mverbose[39m: Rendering page: D:\Workspace\CS2113\AY2627-S1\ay2627s1-website\book\codeQuality\commentMinimally\basic\writeToReader\index.md
2026-09-11T17:02:47.092Z - [36mverbose[39m: Rendering page: D:\Workspace\CS2113\AY2627-S1\ay2627s1-website\book\codeQuality\commentMinimally\basic\dontRepeatObvious\index.md
2026-09-11T17:02:47.097Z - [36mverbose[39m: Rendering page: D:\Workspace\CS2113\AY2627-S1\ay2627s1-website\book\codeQuality\commentMinimally\basic\index.md
2026-09-11T17:02:47.189Z - [36mverbose[39m: Rendering page: D:\Workspace\CS2113\AY2627-S1\ay2627s1-website\book\codeQuality\avoidShortcuts\introduction\index.md
2026-09-11T17:02:47.269Z - [36mverbose[39m: Rendering page: D:\Workspace\CS2113\AY2627-S1\ay2627s1-website\book\codeQuality\avoidShortcuts\intermediate\minimiseCodeDuplication\index.md
2026-09-11T17:02:47.275Z - [36mverbose[39m: Rendering page: D:\Workspace\CS2113\AY2627-S1\ay2627s1-website\book\codeQuality\avoidShortcuts\intermediate\minimiseVariableScope\index.md
2026-09-11T17:02:47.279Z - [36mverbose[39m: Rendering page: D:\Workspace\CS2113\AY2627-S1\ay2627s1-website\book\codeQuality\avoidShortcuts\intermediate\index.md
2026-09-11T17:02:47.366Z - [36mverbose[39m: Rendering page: D:\Workspace\CS2113\AY2627-S1\ay2627s1-website\book\codeQuality\avoidShortcuts\index.md
2026-09-11T17:02:47.407Z - [36mverbose[39m: Rendering page: D:\Workspace\CS2113\AY2627-S1\ay2627s1-website\book\codeQuality\avoidShortcuts\basic\dontRecycleVarsOrParams\index.md
2026-09-11T17:02:47.414Z - [36mverbose[39m: Rendering page: D:\Workspace\CS2113\AY2627-S1\ay2627s1-website\book\codeQuality\avoidShortcuts\basic\index.md
2026-09-11T17:02:47.426Z - [36mverbose[39m: Rendering page: D:\Workspace\CS2113\AY2627-S1\ay2627s1-website\book\codeQuality\avoidShortcuts\basic\useDefaultBranch\index.md
2026-09-11T17:02:47.477Z - [36mverbose[39m: Rendering page: D:\Workspace\CS2113\AY2627-S1\ay2627s1-website\book\codeQuality\avoidShortcuts\basic\deleteDeadCode\index.md
2026-09-11T17:02:47.594Z - [36mverbose[39m: Rendering page: D:\Workspace\CS2113\AY2627-S1\ay2627s1-website\book\architecture\introduction\what\index.md
2026-09-11T17:02:47.600Z - [36mverbose[39m: Rendering page: D:\Workspace\CS2113\AY2627-S1\ay2627s1-website\book\architecture\introduction\why\index.md
2026-09-11T17:02:47.605Z - [36mverbose[39m: Rendering page: D:\Workspace\CS2113\AY2627-S1\ay2627s1-website\book\codeQuality\avoidShortcuts\basic\avoidEmptyCatchBlocks\index.md
2026-09-11T17:02:49.454Z - [34mdebug[39m: 
2026-09-11T17:02:49.638Z - [34mdebug[39m: 
2026-09-11T17:02:49.679Z - [34mdebug[39m: 
2026-09-11T17:02:49.731Z - [34mdebug[39m: 
2026-09-11T17:02:49.777Z - [34mdebug[39m: 
2026-09-11T17:02:49.839Z - [34mdebug[39m: 
2026-09-11T17:02:49.856Z - [36mverbose[39m: Rendering page: D:\Workspace\CS2113\AY2627-S1\ay2627s1-website\book\architecture\introduction\index.md
2026-09-11T17:02:49.897Z - [36mverbose[39m: Rendering page: D:\Workspace\CS2113\AY2627-S1\ay2627s1-website\book\architecture\introduction\components\index.md
2026-09-11T17:02:49.905Z - [36mverbose[39m: Rendering page: D:\Workspace\CS2113\AY2627-S1\ay2627s1-website\book\architecture\architectureDiagrams\views\index.md
2026-09-11T17:02:49.922Z - [36mverbose[39m: Rendering page: D:\Workspace\CS2113\AY2627-S1\ay2627s1-website\book\architecture\index.md
2026-09-11T17:02:49.994Z - [36mverbose[39m: Rendering page: D:\Workspace\CS2113\AY2627-S1\ay2627s1-website\book\architecture\architectureDiagrams\reading\index.md
2026-09-11T17:02:50.356Z - [36mverbose[39m: Rendering page: D:\Workspace\CS2113\AY2627-S1\ay2627s1-website\book\architecture\architectureDiagrams\drawing\index.md
2026-09-11T17:02:50.459Z - [36mverbose[39m: Rendering page: D:\Workspace\CS2113\AY2627-S1\ay2627s1-website\book\architecture\architectureDiagrams\index.md
2026-09-11T17:02:50.474Z - [36mverbose[39m: Rendering page: D:\Workspace\CS2113\AY2627-S1\ay2627s1-website\book\architecture\architecturalStyles\serviceOriented\what\index.md
2026-09-11T17:02:50.492Z - [36mverbose[39m: Rendering page: D:\Workspace\CS2113\AY2627-S1\ay2627s1-website\book\architecture\architecturalStyles\serviceOriented\index.md
2026-09-11T17:02:50.538Z - [36mverbose[39m: Rendering page: D:\Workspace\CS2113\AY2627-S1\ay2627s1-website\book\architecture\architecturalStyles\more\usingStyles\index.md
2026-09-11T17:02:50.854Z - [36mverbose[39m: Rendering page: D:\Workspace\CS2113\AY2627-S1\ay2627s1-website\book\architecture\architecturalStyles\more\index.md
2026-09-11T17:02:50.877Z - [36mverbose[39m: Rendering page: D:\Workspace\CS2113\AY2627-S1\ay2627s1-website\book\architecture\architecturalStyles\monolith\what\index.md
2026-09-11T17:02:50.914Z - [36mverbose[39m: Rendering page: D:\Workspace\CS2113\AY2627-S1\ay2627s1-website\book\architecture\architecturalStyles\more\moreStyles\index.md
2026-09-11T17:02:50.983Z - [36mverbose[39m: Rendering page: D:\Workspace\CS2113\AY2627-S1\ay2627s1-website\book\architecture\architecturalStyles\monolith\index.md
2026-09-11T17:02:51.120Z - [36mverbose[39m: Rendering page: D:\Workspace\CS2113\AY2627-S1\ay2627s1-website\book\architecture\architecturalStyles\layered\what\index.md
2026-09-11T17:02:51.202Z - [36mverbose[39m: Rendering page: D:\Workspace\CS2113\AY2627-S1\ay2627s1-website\book\architecture\architecturalStyles\layered\index.md
2026-09-11T17:02:51.610Z - [36mverbose[39m: Rendering page: D:\Workspace\CS2113\AY2627-S1\ay2627s1-website\book\architecture\architecturalStyles\introduction\index.md
2026-09-11T17:02:51.628Z - [36mverbose[39m: Rendering page: D:\Workspace\CS2113\AY2627-S1\ay2627s1-website\book\architecture\architecturalStyles\introduction\what\index.md
2026-09-11T17:02:51.670Z - [36mverbose[39m: Rendering page: D:\Workspace\CS2113\AY2627-S1\ay2627s1-website\book\architecture\architecturalStyles\eventDriven\what\index.md
2026-09-11T17:02:51.676Z - [36mverbose[39m: Rendering page: D:\Workspace\CS2113\AY2627-S1\ay2627s1-website\book\architecture\architecturalStyles\index.md
2026-09-11T17:02:51.768Z - [36mverbose[39m: Rendering page: D:\Workspace\CS2113\AY2627-S1\ay2627s1-website\book\architecture\architecturalStyles\clientServer\what\index.md
2026-09-11T17:02:51.774Z - [36mverbose[39m: Rendering page: D:\Workspace\CS2113\AY2627-S1\ay2627s1-website\book\architecture\architecturalStyles\eventDriven\index.md
2026-09-11T17:02:52.055Z - [36mverbose[39m: Rendering page: D:\Workspace\CS2113\AY2627-S1\ay2627s1-website\book\architecture\architecturalStyles\clientServer\index.md
2026-09-11T17:02:52.542Z - [36mverbose[39m: Rendering page: D:\Workspace\CS2113\AY2627-S1\ay2627s1-website\se-book-adapted\git-trail\index.md
2026-09-11T17:02:52.548Z - [36mverbose[39m: Rendering page: D:\Workspace\CS2113\AY2627-S1\ay2627s1-website\book\combined\exercises.md
2026-09-11T17:02:52.559Z - [36mverbose[39m: Rendering page: D:\Workspace\CS2113\AY2627-S1\ay2627s1-website\se-book-adapted\common\exercises.md
2026-09-11T17:02:52.902Z - [36mverbose[39m: Rendering page: D:\Workspace\CS2113\AY2627-S1\ay2627s1-website\se-book-adapted\common\definitions.md
2026-09-11T17:02:53.065Z - [36mverbose[39m: Rendering page: D:\Workspace\CS2113\AY2627-S1\ay2627s1-website\se-book-adapted\chapters-printable\testCaseDesign-printable.md
2026-09-11T17:02:53.078Z - [36mverbose[39m: Rendering page: D:\Workspace\CS2113\AY2627-S1\ay2627s1-website\se-book-adapted\chapters-printable\testing-printable.md
2026-09-11T17:02:53.094Z - [36mverbose[39m: Rendering page: D:\Workspace\CS2113\AY2627-S1\ay2627s1-website\se-book-adapted\chapters-printable\uml-printable.md
2026-09-11T17:02:53.132Z - [36mverbose[39m: Rendering page: D:\Workspace\CS2113\AY2627-S1\ay2627s1-website\se-book-adapted\chapters-printable\teamwork-printable.md
2026-09-11T17:02:53.363Z - [36mverbose[39m: Rendering page: D:\Workspace\CS2113\AY2627-S1\ay2627s1-website\se-book-adapted\chapters-printable\softwareEngineering-printable.md
2026-09-11T17:02:53.369Z - [36mverbose[39m: Rendering page: D:\Workspace\CS2113\AY2627-S1\ay2627s1-website\se-book-adapted\chapters-printable\security-printable.md
2026-09-11T17:02:53.376Z - [36mverbose[39m: Rendering page: D:\Workspace\CS2113\AY2627-S1\ay2627s1-website\se-book-adapted\chapters-printable\specifyingRequirements-printable.md
2026-09-11T17:02:53.442Z - [36mverbose[39m: Rendering page: D:\Workspace\CS2113\AY2627-S1\ay2627s1-website\se-book-adapted\chapters-printable\reuse-printable.md
2026-09-11T17:02:53.581Z - [36mverbose[39m: Rendering page: D:\Workspace\CS2113\AY2627-S1\ay2627s1-website\se-book-adapted\chapters-printable\qualityAssurance-printable.md
2026-09-11T17:02:53.588Z - [36mverbose[39m: Rendering page: D:\Workspace\CS2113\AY2627-S1\ay2627s1-website\se-book-adapted\chapters-printable\requirements-printable.md
2026-09-11T17:02:53.598Z - [36mverbose[39m: Rendering page: D:\Workspace\CS2113\AY2627-S1\ay2627s1-website\se-book-adapted\chapters-printable\refactoring-printable.md
2026-09-11T17:02:53.654Z - [36mverbose[39m: Rendering page: D:\Workspace\CS2113\AY2627-S1\ay2627s1-website\se-book-adapted\chapters-printable\projectPlanning-printable.md
2026-09-11T17:02:54.104Z - [36mverbose[39m: Rendering page: D:\Workspace\CS2113\AY2627-S1\ay2627s1-website\se-book-adapted\chapters-printable\processModels-printable.md
2026-09-11T17:02:54.111Z - [36mverbose[39m: Rendering page: D:\Workspace\CS2113\AY2627-S1\ay2627s1-website\se-book-adapted\chapters-printable\principles-printable.md
2026-09-11T17:02:54.119Z - [36mverbose[39m: Rendering page: D:\Workspace\CS2113\AY2627-S1\ay2627s1-website\se-book-adapted\chapters-printable\oop-printable.md
2026-09-11T17:02:54.175Z - [36mverbose[39m: Rendering page: D:\Workspace\CS2113\AY2627-S1\ay2627s1-website\se-book-adapted\chapters-printable\modeling-printable.md
2026-09-11T17:02:54.263Z - [36mverbose[39m: Rendering page: D:\Workspace\CS2113\AY2627-S1\ay2627s1-website\se-book-adapted\chapters-printable\intellij-printable.md
2026-09-11T17:02:54.268Z - [36mverbose[39m: Rendering page: D:\Workspace\CS2113\AY2627-S1\ay2627s1-website\se-book-adapted\chapters-printable\integration-printable.md
2026-09-11T17:02:54.279Z - [36mverbose[39m: Rendering page: D:\Workspace\CS2113\AY2627-S1\ay2627s1-website\se-book-adapted\chapters-printable\ides-printable.md
2026-09-11T17:02:54.346Z - [36mverbose[39m: Rendering page: D:\Workspace\CS2113\AY2627-S1\ay2627s1-website\se-book-adapted\chapters-printable\gatheringRequirements-printable.md
2026-09-11T17:02:54.542Z - [36mverbose[39m: Rendering page: D:\Workspace\CS2113\AY2627-S1\ay2627s1-website\se-book-adapted\chapters-printable\documentation-printable.md
2026-09-11T17:02:54.549Z - [36mverbose[39m: Rendering page: D:\Workspace\CS2113\AY2627-S1\ay2627s1-website\se-book-adapted\chapters-printable\designPatterns-printable.md
2026-09-11T17:02:54.556Z - [36mverbose[39m: Rendering page: D:\Workspace\CS2113\AY2627-S1\ay2627s1-website\se-book-adapted\chapters-printable\errorHandling-printable.md
2026-09-11T17:02:54.600Z - [36mverbose[39m: Rendering page: D:\Workspace\CS2113\AY2627-S1\ay2627s1-website\se-book-adapted\chapters-printable\designFundamentals-printable.md
2026-09-11T17:02:54.675Z - [36mverbose[39m: Rendering page: D:\Workspace\CS2113\AY2627-S1\ay2627s1-website\se-book-adapted\chapters-printable\designApproaches-printable.md
2026-09-11T17:02:54.681Z - [36mverbose[39m: Rendering page: D:\Workspace\CS2113\AY2627-S1\ay2627s1-website\se-book-adapted\chapters-printable\debugging-printable.md
2026-09-11T17:02:55.310Z - [36mverbose[39m: Rendering page: D:\Workspace\CS2113\AY2627-S1\ay2627s1-website\se-book-adapted\chapters-printable\design-printable.md
2026-09-11T17:02:55.944Z - [36mverbose[39m: Rendering page: D:\Workspace\CS2113\AY2627-S1\ay2627s1-website\se-book-adapted\chapters-printable\cppToJava-printable.md
2026-09-11T17:02:56.033Z - [36mverbose[39m: Rendering page: D:\Workspace\CS2113\AY2627-S1\ay2627s1-website\se-book-adapted\chapters-printable\architecture-printable.md
2026-09-11T17:02:56.041Z - [36mverbose[39m: Rendering page: D:\Workspace\CS2113\AY2627-S1\ay2627s1-website\se-book-adapted\chapters-printable\codeQuality-printable.md
2026-09-11T17:02:56.063Z - [36mverbose[39m: Rendering page: D:\Workspace\CS2113\AY2627-S1\ay2627s1-website\se-book-adapted\chapters\uml.md
2026-09-11T17:02:56.665Z - [36mverbose[39m: Rendering page: D:\Workspace\CS2113\AY2627-S1\ay2627s1-website\se-book-adapted\chapters\testing.md
2026-09-11T17:02:56.751Z - [36mverbose[39m: Rendering page: D:\Workspace\CS2113\AY2627-S1\ay2627s1-website\se-book-adapted\chapters\test.md
2026-09-11T17:02:56.756Z - [36mverbose[39m: Rendering page: D:\Workspace\CS2113\AY2627-S1\ay2627s1-website\se-book-adapted\chapters\teamwork.md
2026-09-11T17:02:56.762Z - [36mverbose[39m: Rendering page: D:\Workspace\CS2113\AY2627-S1\ay2627s1-website\se-book-adapted\chapters\testCaseDesign.md
2026-09-11T17:02:57.193Z - [36mverbose[39m: Rendering page: D:\Workspace\CS2113\AY2627-S1\ay2627s1-website\se-book-adapted\chapters\specifyingRequirements.md
2026-09-11T17:02:57.319Z - [36mverbose[39m: Rendering page: D:\Workspace\CS2113\AY2627-S1\ay2627s1-website\se-book-adapted\chapters\softwareEngineering.md
2026-09-11T17:02:57.327Z - [36mverbose[39m: Rendering page: D:\Workspace\CS2113\AY2627-S1\ay2627s1-website\se-book-adapted\chapters\reuse.md
2026-09-11T17:02:57.337Z - [36mverbose[39m: Rendering page: D:\Workspace\CS2113\AY2627-S1\ay2627s1-website\se-book-adapted\chapters\security.md
2026-09-11T17:02:57.497Z - [36mverbose[39m: Rendering page: D:\Workspace\CS2113\AY2627-S1\ay2627s1-website\se-book-adapted\chapters\requirements.md
2026-09-11T17:02:57.647Z - [36mverbose[39m: Rendering page: D:\Workspace\CS2113\AY2627-S1\ay2627s1-website\se-book-adapted\chapters\qualityAssurance.md
2026-09-11T17:02:57.657Z - [36mverbose[39m: Rendering page: D:\Workspace\CS2113\AY2627-S1\ay2627s1-website\se-book-adapted\chapters\projectPlanning.md
2026-09-11T17:02:57.666Z - [36mverbose[39m: Rendering page: D:\Workspace\CS2113\AY2627-S1\ay2627s1-website\se-book-adapted\chapters\refactoring.md
2026-09-11T17:02:57.756Z - [36mverbose[39m: Rendering page: D:\Workspace\CS2113\AY2627-S1\ay2627s1-website\se-book-adapted\chapters\processModels.md
2026-09-11T17:02:58.579Z - [36mverbose[39m: Rendering page: D:\Workspace\CS2113\AY2627-S1\ay2627s1-website\se-book-adapted\chapters\principles.md
2026-09-11T17:02:58.619Z - [36mverbose[39m: Rendering page: D:\Workspace\CS2113\AY2627-S1\ay2627s1-website\se-book-adapted\chapters\oop.md
2026-09-11T17:02:58.648Z - [36mverbose[39m: Rendering page: D:\Workspace\CS2113\AY2627-S1\ay2627s1-website\se-book-adapted\chapters\modeling.md
2026-09-11T17:02:58.698Z - [36mverbose[39m: Rendering page: D:\Workspace\CS2113\AY2627-S1\ay2627s1-website\se-book-adapted\chapters\intellij.md
2026-09-11T17:02:58.946Z - [36mverbose[39m: Rendering page: D:\Workspace\CS2113\AY2627-S1\ay2627s1-website\se-book-adapted\chapters\integration.md
2026-09-11T17:02:58.953Z - [36mverbose[39m: Rendering page: D:\Workspace\CS2113\AY2627-S1\ay2627s1-website\se-book-adapted\chapters\gatheringRequirements.md
2026-09-11T17:02:58.966Z - [36mverbose[39m: Rendering page: D:\Workspace\CS2113\AY2627-S1\ay2627s1-website\se-book-adapted\chapters\ides.md
2026-09-11T17:02:58.988Z - [36mverbose[39m: Rendering page: D:\Workspace\CS2113\AY2627-S1\ay2627s1-website\se-book-adapted\chapters\errorHandling.md
2026-09-11T17:02:59.138Z - [36mverbose[39m: Rendering page: D:\Workspace\CS2113\AY2627-S1\ay2627s1-website\se-book-adapted\chapters\documentation.md
2026-09-11T17:02:59.147Z - [36mverbose[39m: Rendering page: D:\Workspace\CS2113\AY2627-S1\ay2627s1-website\se-book-adapted\chapters\designPatterns.md
2026-09-11T17:02:59.246Z - [36mverbose[39m: Rendering page: D:\Workspace\CS2113\AY2627-S1\ay2627s1-website\se-book-adapted\chapters\designFundamentals.md
2026-09-11T17:02:59.401Z - [36mverbose[39m: Rendering page: D:\Workspace\CS2113\AY2627-S1\ay2627s1-website\se-book-adapted\chapters\design.md
2026-09-11T17:02:59.409Z - [36mverbose[39m: Rendering page: D:\Workspace\CS2113\AY2627-S1\ay2627s1-website\se-book-adapted\chapters\designApproaches.md
2026-09-11T17:02:59.417Z - [36mverbose[39m: Rendering page: D:\Workspace\CS2113\AY2627-S1\ay2627s1-website\se-book-adapted\chapters\debugging.md
2026-09-11T17:03:01.421Z - [36mverbose[39m: Rendering page: D:\Workspace\CS2113\AY2627-S1\ay2627s1-website\se-book-adapted\chapters\cppToJava.md
2026-09-11T17:03:01.575Z - [36mverbose[39m: Rendering page: D:\Workspace\CS2113\AY2627-S1\ay2627s1-website\se-book-adapted\index.md
2026-09-11T17:03:01.582Z - [36mverbose[39m: Rendering page: D:\Workspace\CS2113\AY2627-S1\ay2627s1-website\se-book-adapted\chapters\architecture.md
2026-09-11T17:03:01.599Z - [36mverbose[39m: Rendering page: D:\Workspace\CS2113\AY2627-S1\ay2627s1-website\se-book-adapted\chapters\codeQuality.md
2026-09-11T17:03:01.657Z - [36mverbose[39m: Rendering page: D:\Workspace\CS2113\AY2627-S1\ay2627s1-website\book\about\acknowledgements.md
2026-09-11T17:03:01.858Z - [36mverbose[39m: Rendering page: D:\Workspace\CS2113\AY2627-S1\ay2627s1-website\schedule\week9\tutorial.md
2026-09-11T17:03:01.865Z - [36mverbose[39m: Rendering page: D:\Workspace\CS2113\AY2627-S1\ay2627s1-website\schedule\week8\tutorial.md
2026-09-11T17:03:01.871Z - [36mverbose[39m: Rendering page: D:\Workspace\CS2113\AY2627-S1\ay2627s1-website\schedule\week7\tutorial.md
2026-09-11T17:03:01.918Z - [36mverbose[39m: Rendering page: D:\Workspace\CS2113\AY2627-S1\ay2627s1-website\schedule\week6\tutorial.md
2026-09-11T17:03:02.585Z - [36mverbose[39m: Rendering page: D:\Workspace\CS2113\AY2627-S1\ay2627s1-website\schedule\week5\tutorial.md
2026-09-11T17:03:02.591Z - [36mverbose[39m: Rendering page: D:\Workspace\CS2113\AY2627-S1\ay2627s1-website\schedule\week3\tutorial.md
2026-09-11T17:03:02.600Z - [36mverbose[39m: Rendering page: D:\Workspace\CS2113\AY2627-S1\ay2627s1-website\schedule\week4\tutorial.md
2026-09-11T17:03:02.820Z - [36mverbose[39m: Rendering page: D:\Workspace\CS2113\AY2627-S1\ay2627s1-website\schedule\week2\tutorial.md
2026-09-11T17:03:02.905Z - [36mverbose[39m: Rendering page: D:\Workspace\CS2113\AY2627-S1\ay2627s1-website\schedule\week11\tutorial.md
2026-09-11T17:03:02.913Z - [36mverbose[39m: Rendering page: D:\Workspace\CS2113\AY2627-S1\ay2627s1-website\schedule\week13\tutorial.md
2026-09-11T17:03:02.917Z - [36mverbose[39m: Rendering page: D:\Workspace\CS2113\AY2627-S1\ay2627s1-website\schedule\week12\tutorial.md
2026-09-11T17:03:03.926Z - [36mverbose[39m: Rendering page: D:\Workspace\CS2113\AY2627-S1\ay2627s1-website\schedule\week10\tutorial.md
2026-09-11T17:03:04.194Z - [36mverbose[39m: Rendering page: D:\Workspace\CS2113\AY2627-S1\ay2627s1-website\schedule\week1\tutorial.md
2026-09-11T17:03:04.199Z - [36mverbose[39m: Rendering page: D:\Workspace\CS2113\AY2627-S1\ay2627s1-website\schedule\week9\topics.md
2026-09-11T17:03:04.226Z - [36mverbose[39m: Rendering page: D:\Workspace\CS2113\AY2627-S1\ay2627s1-website\schedule\week8\topics.md
2026-09-11T17:03:05.248Z - [36mverbose[39m: Rendering page: D:\Workspace\CS2113\AY2627-S1\ay2627s1-website\schedule\week7\topics.md
2026-09-11T17:03:07.181Z - [36mverbose[39m: Rendering page: D:\Workspace\CS2113\AY2627-S1\ay2627s1-website\schedule\week5\topics.md
2026-09-11T17:03:07.977Z - [36mverbose[39m: Rendering page: D:\Workspace\CS2113\AY2627-S1\ay2627s1-website\schedule\week6\topics.md
2026-09-11T17:03:08.030Z - [36mverbose[39m: Rendering page: D:\Workspace\CS2113\AY2627-S1\ay2627s1-website\schedule\week4\topics.md
2026-09-11T17:03:08.123Z - [36mverbose[39m: Rendering page: D:\Workspace\CS2113\AY2627-S1\ay2627s1-website\schedule\week3\topics.md
2026-09-11T17:03:09.186Z - [36mverbose[39m: Rendering page: D:\Workspace\CS2113\AY2627-S1\ay2627s1-website\schedule\week13\topics.md
2026-09-11T17:03:09.192Z - [36mverbose[39m: Rendering page: D:\Workspace\CS2113\AY2627-S1\ay2627s1-website\schedule\week2\topics.md
2026-09-11T17:03:09.232Z - [36mverbose[39m: Rendering page: D:\Workspace\CS2113\AY2627-S1\ay2627s1-website\schedule\week12\topics.md
2026-09-11T17:03:10.144Z - [36mverbose[39m: Rendering page: D:\Workspace\CS2113\AY2627-S1\ay2627s1-website\schedule\week11\topics.md
2026-09-11T17:03:10.771Z - [36mverbose[39m: Rendering page: D:\Workspace\CS2113\AY2627-S1\ay2627s1-website\schedule\week1\topics.md
2026-09-11T17:03:10.776Z - [36mverbose[39m: Rendering page: D:\Workspace\CS2113\AY2627-S1\ay2627s1-website\schedule\week9\project.md
2026-09-11T17:03:10.784Z - [36mverbose[39m: Rendering page: D:\Workspace\CS2113\AY2627-S1\ay2627s1-website\schedule\week10\topics.md
2026-09-11T17:03:12.668Z - [36mverbose[39m: Rendering page: D:\Workspace\CS2113\AY2627-S1\ay2627s1-website\schedule\week8\project.md
2026-09-11T17:03:14.029Z - [36mverbose[39m: Rendering page: D:\Workspace\CS2113\AY2627-S1\ay2627s1-website\schedule\week6\project.md
2026-09-11T17:03:14.068Z - [36mverbose[39m: Rendering page: D:\Workspace\CS2113\AY2627-S1\ay2627s1-website\schedule\week7\project.md
2026-09-11T17:03:14.083Z - [36mverbose[39m: Rendering page: D:\Workspace\CS2113\AY2627-S1\ay2627s1-website\schedule\week5\project.md
2026-09-11T17:03:15.059Z - [36mverbose[39m: Rendering page: D:\Workspace\CS2113\AY2627-S1\ay2627s1-website\schedule\week4\project.md
2026-09-11T17:03:15.095Z - [36mverbose[39m: Rendering page: D:\Workspace\CS2113\AY2627-S1\ay2627s1-website\schedule\week13\project.md
2026-09-11T17:03:18.144Z - [34mdebug[39m: 
2026-09-11T17:03:18.145Z - [34mdebug[39m: 
2026-09-11T17:03:18.240Z - [36mverbose[39m: Rendering page: D:\Workspace\CS2113\AY2627-S1\ay2627s1-website\schedule\week3\project.md
2026-09-11T17:03:18.251Z - [36mverbose[39m: Rendering page: D:\Workspace\CS2113\AY2627-S1\ay2627s1-website\schedule\week2\project.md
2026-09-11T17:03:18.263Z - [36mverbose[39m: Rendering page: D:\Workspace\CS2113\AY2627-S1\ay2627s1-website\schedule\week12\project.md
2026-09-11T17:03:18.290Z - [36mverbose[39m: Rendering page: D:\Workspace\CS2113\AY2627-S1\ay2627s1-website\schedule\week11\project.md
2026-09-11T17:03:19.116Z - [36mverbose[39m: Rendering page: D:\Workspace\CS2113\AY2627-S1\ay2627s1-website\schedule\week1\project.md
2026-09-11T17:03:19.123Z - [36mverbose[39m: Rendering page: D:\Workspace\CS2113\AY2627-S1\ay2627s1-website\schedule\week9\index.md
2026-09-11T17:03:19.130Z - [36mverbose[39m: Rendering page: D:\Workspace\CS2113\AY2627-S1\ay2627s1-website\schedule\week8\index.md
2026-09-11T17:03:19.136Z - [36mverbose[39m: Rendering page: D:\Workspace\CS2113\AY2627-S1\ay2627s1-website\schedule\week10\project.md
2026-09-11T17:03:20.212Z - [36mverbose[39m: Rendering page: D:\Workspace\CS2113\AY2627-S1\ay2627s1-website\schedule\week5\index.md
2026-09-11T17:03:20.219Z - [36mverbose[39m: Rendering page: D:\Workspace\CS2113\AY2627-S1\ay2627s1-website\schedule\week7\index.md
2026-09-11T17:03:20.226Z - [36mverbose[39m: Rendering page: D:\Workspace\CS2113\AY2627-S1\ay2627s1-website\schedule\week4\index.md
2026-09-11T17:03:20.235Z - [36mverbose[39m: Rendering page: D:\Workspace\CS2113\AY2627-S1\ay2627s1-website\schedule\week6\index.md
2026-09-11T17:03:20.839Z - [36mverbose[39m: Rendering page: D:\Workspace\CS2113\AY2627-S1\ay2627s1-website\schedule\week13\index.md
2026-09-11T17:03:20.846Z - [36mverbose[39m: Rendering page: D:\Workspace\CS2113\AY2627-S1\ay2627s1-website\schedule\week12\index.md
2026-09-11T17:03:20.853Z - [36mverbose[39m: Rendering page: D:\Workspace\CS2113\AY2627-S1\ay2627s1-website\schedule\week3\index.md
2026-09-11T17:03:20.860Z - [36mverbose[39m: Rendering page: D:\Workspace\CS2113\AY2627-S1\ay2627s1-website\schedule\week2\index.md
2026-09-11T17:03:21.412Z - [36mverbose[39m: Rendering page: D:\Workspace\CS2113\AY2627-S1\ay2627s1-website\schedule\week1\index.md
2026-09-11T17:03:21.418Z - [36mverbose[39m: Rendering page: D:\Workspace\CS2113\AY2627-S1\ay2627s1-website\schedule\week10\index.md
2026-09-11T17:03:21.423Z - [36mverbose[39m: Rendering page: D:\Workspace\CS2113\AY2627-S1\ay2627s1-website\schedule\week11\index.md
2026-09-11T17:03:21.430Z - [36mverbose[39m: Rendering page: D:\Workspace\CS2113\AY2627-S1\ay2627s1-website\schedule\week9\admin.md
2026-09-11T17:03:22.036Z - [36mverbose[39m: Rendering page: D:\Workspace\CS2113\AY2627-S1\ay2627s1-website\schedule\week8\admin.md
2026-09-11T17:03:22.041Z - [36mverbose[39m: Rendering page: D:\Workspace\CS2113\AY2627-S1\ay2627s1-website\schedule\week7\admin.md
2026-09-11T17:03:22.046Z - [36mverbose[39m: Rendering page: D:\Workspace\CS2113\AY2627-S1\ay2627s1-website\schedule\week6\admin.md
2026-09-11T17:03:22.052Z - [36mverbose[39m: Rendering page: D:\Workspace\CS2113\AY2627-S1\ay2627s1-website\schedule\week5\admin.md
2026-09-11T17:03:22.898Z - [36mverbose[39m: Rendering page: D:\Workspace\CS2113\AY2627-S1\ay2627s1-website\schedule\week13\admin.md
2026-09-11T17:03:22.903Z - [36mverbose[39m: Rendering page: D:\Workspace\CS2113\AY2627-S1\ay2627s1-website\schedule\week4\admin.md
2026-09-11T17:03:22.909Z - [36mverbose[39m: Rendering page: D:\Workspace\CS2113\AY2627-S1\ay2627s1-website\schedule\week2\admin.md
2026-09-11T17:03:22.919Z - [36mverbose[39m: Rendering page: D:\Workspace\CS2113\AY2627-S1\ay2627s1-website\schedule\week3\admin.md
2026-09-11T17:03:24.180Z - [34mdebug[39m: 
2026-09-11T17:03:24.240Z - [36mverbose[39m: Rendering page: D:\Workspace\CS2113\AY2627-S1\ay2627s1-website\schedule\week10\admin.md
2026-09-11T17:03:24.245Z - [36mverbose[39m: Rendering page: D:\Workspace\CS2113\AY2627-S1\ay2627s1-website\schedule\week11\admin.md
2026-09-11T17:03:24.250Z - [36mverbose[39m: Rendering page: D:\Workspace\CS2113\AY2627-S1\ay2627s1-website\schedule\week12\admin.md
2026-09-11T17:03:24.256Z - [36mverbose[39m: Rendering page: D:\Workspace\CS2113\AY2627-S1\ay2627s1-website\schedule\week1\admin.md
2026-09-11T17:03:26.517Z - [36mverbose[39m: Rendering page: D:\Workspace\CS2113\AY2627-S1\ay2627s1-website\projectDuke\print.md
2026-09-11T17:03:26.522Z - [36mverbose[39m: Rendering page: D:\Workspace\CS2113\AY2627-S1\ay2627s1-website\schedule\index.md
2026-09-11T17:03:26.529Z - [36mverbose[39m: Rendering page: D:\Workspace\CS2113\AY2627-S1\ay2627s1-website\schedule\timeline.md
2026-09-11T17:03:26.550Z - [36mverbose[39m: Rendering page: D:\Workspace\CS2113\AY2627-S1\ay2627s1-website\projectDuke\text.md
2026-09-11T17:03:27.024Z - [36mverbose[39m: Rendering page: D:\Workspace\CS2113\AY2627-S1\ay2627s1-website\projectDuke\path.md
2026-09-11T17:03:27.029Z - [36mverbose[39m: Rendering page: D:\Workspace\CS2113\AY2627-S1\ay2627s1-website\admin\weeklySchedule.md
2026-09-11T17:03:27.036Z - [36mverbose[39m: Rendering page: D:\Workspace\CS2113\AY2627-S1\ay2627s1-website\projectDuke\index.md
2026-09-11T17:03:27.067Z - [36mverbose[39m: Rendering page: D:\Workspace\CS2113\AY2627-S1\ay2627s1-website\projectDuke\cs3227.md
2026-09-11T17:03:27.509Z - [36mverbose[39m: Rendering page: D:\Workspace\CS2113\AY2627-S1\ay2627s1-website\admin\tutors-info.md
2026-09-11T17:03:27.515Z - [36mverbose[39m: Rendering page: D:\Workspace\CS2113\AY2627-S1\ay2627s1-website\admin\uml-reference-sheet.md
2026-09-11T17:03:27.520Z - [36mverbose[39m: Rendering page: D:\Workspace\CS2113\AY2627-S1\ay2627s1-website\admin\usingThisWebsite.md
2026-09-11T17:03:27.531Z - [36mverbose[39m: Rendering page: D:\Workspace\CS2113\AY2627-S1\ay2627s1-website\admin\tutorials.md
2026-09-11T17:03:29.460Z - [36mverbose[39m: Rendering page: D:\Workspace\CS2113\AY2627-S1\ay2627s1-website\admin\tp-w8.md
2026-09-11T17:03:29.472Z - [36mverbose[39m: Rendering page: D:\Workspace\CS2113\AY2627-S1\ay2627s1-website\admin\tp-w6.md
2026-09-11T17:03:29.483Z - [36mverbose[39m: Rendering page: D:\Workspace\CS2113\AY2627-S1\ay2627s1-website\admin\tp-w7.md
2026-09-11T17:03:29.493Z - [36mverbose[39m: Rendering page: D:\Workspace\CS2113\AY2627-S1\ay2627s1-website\admin\tp-w9.md
2026-09-11T17:03:30.647Z - [36mverbose[39m: Rendering page: D:\Workspace\CS2113\AY2627-S1\ay2627s1-website\admin\tp-w2.md
2026-09-11T17:03:30.652Z - [36mverbose[39m: Rendering page: D:\Workspace\CS2113\AY2627-S1\ay2627s1-website\admin\tp-w3.md
2026-09-11T17:03:30.660Z - [36mverbose[39m: Rendering page: D:\Workspace\CS2113\AY2627-S1\ay2627s1-website\admin\tp-w4.md
2026-09-11T17:03:30.671Z - [36mverbose[39m: Rendering page: D:\Workspace\CS2113\AY2627-S1\ay2627s1-website\admin\tp-w5.md
2026-09-11T17:03:33.059Z - [36mverbose[39m: Rendering page: D:\Workspace\CS2113\AY2627-S1\ay2627s1-website\admin\tp-w13.md
2026-09-11T17:03:33.066Z - [36mverbose[39m: Rendering page: D:\Workspace\CS2113\AY2627-S1\ay2627s1-website\admin\tp-w10.md
2026-09-11T17:03:33.076Z - [36mverbose[39m: Rendering page: D:\Workspace\CS2113\AY2627-S1\ay2627s1-website\admin\tp-w11.md
2026-09-11T17:03:33.090Z - [36mverbose[39m: Rendering page: D:\Workspace\CS2113\AY2627-S1\ay2627s1-website\admin\tp-w12.md
2026-09-11T17:03:34.383Z - [34mdebug[39m: 
2026-09-11T17:03:34.383Z - [34mdebug[39m: 
2026-09-11T17:03:34.431Z - [36mverbose[39m: Rendering page: D:\Workspace\CS2113\AY2627-S1\ay2627s1-website\admin\tp-supervision.md
2026-09-11T17:03:34.439Z - [36mverbose[39m: Rendering page: D:\Workspace\CS2113\AY2627-S1\ay2627s1-website\admin\tp-timeline.md
2026-09-11T17:03:34.446Z - [36mverbose[39m: Rendering page: D:\Workspace\CS2113\AY2627-S1\ay2627s1-website\admin\tp-teams.md
2026-09-11T17:03:34.455Z - [36mverbose[39m: Rendering page: D:\Workspace\CS2113\AY2627-S1\ay2627s1-website\admin\tp-ped.md
2026-09-11T17:03:35.926Z - [36mverbose[39m: Rendering page: D:\Workspace\CS2113\AY2627-S1\ay2627s1-website\admin\tp-expectations.md
2026-09-11T17:03:35.936Z - [36mverbose[39m: Rendering page: D:\Workspace\CS2113\AY2627-S1\ay2627s1-website\admin\tp-grading.md
2026-09-11T17:03:35.948Z - [36mverbose[39m: Rendering page: D:\Workspace\CS2113\AY2627-S1\ay2627s1-website\admin\tp-overview.md
2026-09-11T17:03:35.957Z - [36mverbose[39m: Rendering page: D:\Workspace\CS2113\AY2627-S1\ay2627s1-website\admin\tp-pe.md
2026-09-11T17:03:36.318Z - [36mverbose[39m: Rendering page: D:\Workspace\CS2113\AY2627-S1\ay2627s1-website\admin\tp-common-fragments.md
2026-09-11T17:03:36.324Z - [36mverbose[39m: Rendering page: D:\Workspace\CS2113\AY2627-S1\ay2627s1-website\admin\tp-constraints.md
2026-09-11T17:03:36.332Z - [36mverbose[39m: Rendering page: D:\Workspace\CS2113\AY2627-S1\ay2627s1-website\admin\tp-deliverables.md
2026-09-11T17:03:36.342Z - [36mverbose[39m: Rendering page: D:\Workspace\CS2113\AY2627-S1\ay2627s1-website\admin\tools.md
2026-09-11T17:03:36.534Z - [36mverbose[39m: Rendering page: D:\Workspace\CS2113\AY2627-S1\ay2627s1-website\admin\textbooks.md
2026-09-11T17:03:36.541Z - [36mverbose[39m: Rendering page: D:\Workspace\CS2113\AY2627-S1\ay2627s1-website\admin\syllabus.md
2026-09-11T17:03:36.547Z - [36mverbose[39m: Rendering page: D:\Workspace\CS2113\AY2627-S1\ay2627s1-website\admin\standardsAndConventions.md
2026-09-11T17:03:36.554Z - [36mverbose[39m: Rendering page: D:\Workspace\CS2113\AY2627-S1\ay2627s1-website\admin\teamList.md
2026-09-11T17:03:36.740Z - [36mverbose[39m: Rendering page: D:\Workspace\CS2113\AY2627-S1\ay2627s1-website\admin\reposenseAuthorAnnotation.md
2026-09-11T17:03:36.746Z - [36mverbose[39m: Rendering page: D:\Workspace\CS2113\AY2627-S1\ay2627s1-website\admin\programmingLanguages.md
2026-09-11T17:03:36.752Z - [36mverbose[39m: Rendering page: D:\Workspace\CS2113\AY2627-S1\ay2627s1-website\admin\participation.md
2026-09-11T17:03:36.759Z - [36mverbose[39m: Rendering page: D:\Workspace\CS2113\AY2627-S1\ay2627s1-website\admin\peerEvaluations.md
2026-09-11T17:03:36.939Z - [36mverbose[39m: Rendering page: D:\Workspace\CS2113\AY2627-S1\ay2627s1-website\admin\mid-semester-survey-results.md
2026-09-11T17:03:36.943Z - [36mverbose[39m: Rendering page: D:\Workspace\CS2113\AY2627-S1\ay2627s1-website\admin\ip-w8.md
2026-09-11T17:03:36.950Z - [36mverbose[39m: Rendering page: D:\Workspace\CS2113\AY2627-S1\ay2627s1-website\admin\overview-for-teachers.md
2026-09-11T17:03:36.958Z - [36mverbose[39m: Rendering page: D:\Workspace\CS2113\AY2627-S1\ay2627s1-website\admin\lectures.md
2026-09-11T17:03:37.856Z - [36mverbose[39m: Rendering page: D:\Workspace\CS2113\AY2627-S1\ay2627s1-website\admin\ip-w7.md
2026-09-11T17:03:37.866Z - [36mverbose[39m: Rendering page: D:\Workspace\CS2113\AY2627-S1\ay2627s1-website\admin\ip-w6.md
2026-09-11T17:03:37.876Z - [36mverbose[39m: Rendering page: D:\Workspace\CS2113\AY2627-S1\ay2627s1-website\admin\ip-w5.md
2026-09-11T17:03:37.887Z - [36mverbose[39m: Rendering page: D:\Workspace\CS2113\AY2627-S1\ay2627s1-website\admin\ip-w4.md
2026-09-11T17:03:38.654Z - [36mverbose[39m: Rendering page: D:\Workspace\CS2113\AY2627-S1\ay2627s1-website\admin\ip-overview.md
2026-09-11T17:03:38.662Z - [36mverbose[39m: Rendering page: D:\Workspace\CS2113\AY2627-S1\ay2627s1-website\admin\ip-w3.md
2026-09-11T17:03:38.672Z - [36mverbose[39m: Rendering page: D:\Workspace\CS2113\AY2627-S1\ay2627s1-website\admin\ip-showcase.md
2026-09-11T17:03:38.684Z - [36mverbose[39m: Rendering page: D:\Workspace\CS2113\AY2627-S1\ay2627s1-website\admin\ip-w2.md
2026-09-11T17:03:39.140Z - [36mverbose[39m: Rendering page: D:\Workspace\CS2113\AY2627-S1\ay2627s1-website\admin\index.md
2026-09-11T17:03:39.147Z - [36mverbose[39m: Rendering page: D:\Workspace\CS2113\AY2627-S1\ay2627s1-website\admin\instructors.md
2026-09-11T17:03:39.153Z - [36mverbose[39m: Rendering page: D:\Workspace\CS2113\AY2627-S1\ay2627s1-website\admin\ip-grading.md
2026-09-11T17:03:39.159Z - [36mverbose[39m: Rendering page: D:\Workspace\CS2113\AY2627-S1\ay2627s1-website\admin\gradeBreakdown.md
2026-09-11T17:03:39.414Z - [36mverbose[39m: Rendering page: D:\Workspace\CS2113\AY2627-S1\ay2627s1-website\admin\exams-f2f.md
2026-09-11T17:03:39.421Z - [36mverbose[39m: Rendering page: D:\Workspace\CS2113\AY2627-S1\ay2627s1-website\admin\exam-pen-and-paper.md
2026-09-11T17:03:39.429Z - [36mverbose[39m: Rendering page: D:\Workspace\CS2113\AY2627-S1\ay2627s1-website\admin\exam-reference-sheet.md
2026-09-11T17:03:39.434Z - [36mverbose[39m: Rendering page: D:\Workspace\CS2113\AY2627-S1\ay2627s1-website\admin\exams.md
2026-09-11T17:03:39.589Z - [36mverbose[39m: Rendering page: D:\Workspace\CS2113\AY2627-S1\ay2627s1-website\admin\appendixH-tipsFromStudents.md
2026-09-11T17:03:39.597Z - [36mverbose[39m: Rendering page: D:\Workspace\CS2113\AY2627-S1\ay2627s1-website\admin\courseExpectations.md
2026-09-11T17:03:39.605Z - [36mverbose[39m: Rendering page: D:\Workspace\CS2113\AY2627-S1\ay2627s1-website\admin\courseBriefings.md
2026-09-11T17:03:39.612Z - [36mverbose[39m: Rendering page: D:\Workspace\CS2113\AY2627-S1\ay2627s1-website\admin\courseOverview.md
2026-09-11T17:03:39.848Z - [36mverbose[39m: Rendering page: D:\Workspace\CS2113\AY2627-S1\ay2627s1-website\admin\appendixG-troubleshooting.md
2026-09-11T17:03:39.853Z - [36mverbose[39m: Rendering page: D:\Workspace\CS2113\AY2627-S1\ay2627s1-website\admin\appendixG-CS2103R.md
2026-09-11T17:03:39.857Z - [36mverbose[39m: Rendering page: D:\Workspace\CS2113\AY2627-S1\ay2627s1-website\admin\appendixF-teamworkIssues.md
2026-09-11T17:03:39.865Z - [36mverbose[39m: Rendering page: D:\Workspace\CS2113\AY2627-S1\ay2627s1-website\admin\appendixE-gitHub.md
2026-09-11T17:03:41.533Z - [36mverbose[39m: Rendering page: D:\Workspace\CS2113\AY2627-S1\ay2627s1-website\admin\appendixD-help.md
2026-09-11T17:03:41.542Z - [36mverbose[39m: Rendering page: D:\Workspace\CS2113\AY2627-S1\ay2627s1-website\admin\appendixC-faq.md
2026-09-11T17:03:41.606Z - [32minfo[39m: Pages built
2026-09-11T17:03:42.344Z - [32minfo[39m: Site data built
2026-09-11T17:03:42.344Z - [32minfo[39m: Website generation complete! Total build time: 106.05s
2026-09-11T17:03:42.344Z - [32minfo[39m: Build success!
